-16.367000 -46.791400 21.333400 0.000576 0.000629 1.000000 -0.000028 -17.363070 -47.803022 23.834581 -0.000363 -0.000001 0.999999 0.001179 -15.362933 -47.800404 23.832275 -0.000372 -0.000001 0.999999 0.001179 -15.365371 -45.800446 23.832163 -0.000369 -0.000001 0.999999 0.001179 -17.365508 -45.803064 23.834468 -0.000361 -0.000001 0.999999 0.001179
-4.644340 -42.687800 16.164200 0.004028 0.184067 0.982905 0.000439 -5.227075 -43.966225 18.669470 0.000324 -0.000001 1.000000 -0.000611 -3.362643 -43.242456 18.653954 0.000304 -0.000002 1.000000 -0.000626 -4.086298 -41.377920 18.658644 0.000342 -0.000002 1.000000 -0.000595 -5.950630 -42.101749 18.674162 0.000362 -0.000001 1.000000 -0.000580
-4.806660 -32.987800 12.426700 0.003170 0.155702 0.987795 0.002827 -5.439364 -34.234490 14.925424 0.000880 -0.000000 1.000000 -0.000476 -3.536737 -33.619488 14.914662 0.000869 -0.000000 1.000000 -0.000453 -4.152288 -31.717032 14.927811 0.000859 -0.000000 1.000000 -0.000431 -6.054895 -32.332055 14.938573 0.000869 -0.000000 1.000000 -0.000453
-12.768500 -49.933800 25.450900 0.004491 -0.025160 0.999662 0.004790 -13.818757 -50.884522 27.950718 -0.000542 0.000002 1.000000 0.000832 -11.821150 -50.984941 27.932277 -0.000553 0.000002 0.999999 0.000838 -11.720219 -48.987705 27.950978 -0.000559 0.000002 0.999999 0.000842 -13.717826 -48.887306 27.969419 -0.000548 0.000002 1.000000 0.000836
-15.969600 -47.061700 22.693200 0.000138 0.001627 0.999998 0.001091 -16.974369 -48.077109 25.191243 -0.000236 -0.000001 0.999999 0.001165 -14.974579 -48.070762 25.190695 -0.000244 -0.000001 0.999999 0.001171 -14.981245 -46.070897 25.195057 -0.000251 -0.000001 0.999999 0.001175 -16.981015 -46.077224 25.195605 -0.000243 -0.000001 0.999999 0.001170
-14.031100 -34.206600 18.012100 -0.004261 -0.000830 0.999990 -0.000917 -15.025918 -35.201497 20.505352 0.000290 0.000002 1.000000 -0.000367 -13.026193 -35.204821 20.522400 0.000288 0.000002 1.000000 -0.000365 -13.022937 -33.204848 20.518747 0.000285 0.000002 1.000000 -0.000363 -15.022662 -33.201523 20.501699 0.000288 0.000002 1.000000 -0.000365
8.429090 -45.422900 19.565200 0.002763 0.152725 0.988258 0.003678 7.775643 -46.678172 22.061394 0.001535 -0.000000 0.999999 0.000710 9.681752 -46.074365 22.052718 0.001512 -0.000000 0.999999 0.000702 9.077946 -44.167778 22.068943 0.001528 -0.000000 0.999999 0.000707 7.171876 -44.771626 22.077619 0.001551 -0.000000 0.999999 0.000715
-17.140200 -7.497110 13.195800 -0.004094 -0.134607 0.990891 -0.000316 -18.364854 -8.183002 15.687057 0.000206 -0.000001 1.000000 -0.000968 -16.437338 -8.716539 15.703454 0.000205 -0.000001 1.000000 -0.000967 -15.903829 -6.788856 15.704407 0.000201 -0.000001 1.000000 -0.000962 -17.831346 -6.255298 15.688010 0.000202 -0.000001 1.000000 -0.000963
-3.432310 -37.617800 12.135700 -0.003452 0.307247 0.951621 -0.002096 -3.646370 -39.015149 14.636444 -0.000457 -0.000001 0.999999 -0.001131 -2.024501 -37.845588 14.647012 -0.000468 -0.000001 0.999999 -0.001141 -3.193403 -36.223529 14.634787 -0.000429 -0.000001 0.999999 -0.001107 -4.815452 -37.392969 14.624220 -0.000417 -0.000001 0.999999 -0.001097
8.474930 -19.557300 20.336500 0.002330 0.111476 0.993756 -0.004153 7.723478 -20.749198 22.849769 0.000086 0.000004 0.999999 -0.001130 9.673969 -20.306097 22.838657 0.000085 0.000004 0.999999 -0.001131 9.230851 -18.356013 22.823185 0.000086 0.000004 0.999999 -0.001130 7.280360 -18.799114 22.834298 0.000087 0.000004 0.999999 -0.001128
-9.614220 -11.766400 16.004800 0.000255 0.069290 0.997595 -0.001757 -10.458785 -12.870780 18.508880 0.000570 -0.000001 0.999999 -0.001302 -8.477830 -12.594428 18.507375 0.000564 -0.000001 0.999999 -0.001282 -8.754345 -10.614225 18.500441 0.000551 -0.000001 0.999999 -0.001242 -10.735260 -10.890597 18.501945 0.000557 -0.000001 0.999999 -0.001261
-16.686000 -7.962180 15.892900 0.000202 0.262496 0.964930 -0.002406 -17.046334 -9.319637 18.399060 -0.000447 0.000000 0.999999 -0.001183 -15.321911 -8.306178 18.395754 -0.000447 0.000000 0.999999 -0.001183 -16.335034 -6.581878 18.386678 -0.000445 0.000000 0.999999 -0.001179 -18.059478 -7.595317 18.389984 -0.000445 0.000000 0.999999 -0.001179
-7.060440 -21.274300 15.674500 -0.000534 -0.047666 0.998863 0.000009 -8.128561 -22.172628 18.173232 0.000435 -0.000001 1.000000 -0.000070 -6.137990 -22.363276 18.175366 0.000368 -0.000001 1.000000 -0.000071 -5.947642 -20.372604 18.175505 0.000363 -0.000001 1.000000 -0.000071 -7.938233 -20.181956 18.173371 0.000430 -0.000001 1.000000 -0.000070
-5.291110 -35.191600 12.808000 0.002420 0.136250 0.990654 -0.005906 -5.991183 -36.422999 15.325381 -0.000262 0.000000 1.000000 -0.000143 -4.065902 -35.883090 15.312569 -0.000268 0.000000 1.000000 -0.000149 -4.605446 -33.957666 15.290487 -0.000257 -0.000000 1.000000 -0.000138 -6.530826 -34.497715 15.303298 -0.000251 0.000000 1.000000 -0.000132
8.598600 -26.722200 13.317400 0.002333 0.022495 0.999744 -0.000992 7.641570 -27.776669 15.823942 0.001106 0.000001 0.999999 -0.000269 9.639764 -27.686620 15.814523 0.001079 0.000001 0.999999 -0.000244 9.550197 -25.688308 15.810768 0.001054 0.000001 0.999999 -0.000222 7.552022 -25.778317 15.820188 0.001081 0.000001 0.999999 -0.000246
-15.527900 -11.603700 23.195900 0.001161 0.280699 0.959793 0.002037 -15.837153 -12.976580 25.692379 -0.000937 0.000001 0.999999 -0.000622 -14.152046 -11.899319 25.690211 -0.000941 0.000001 0.999999 -0.000620 -15.229989 -10.214644 25.699336 -0.000941 0.000001 0.999999 -0.000620 -16.915056 -11.291905 25.701503 -0.000938 0.000001 0.999999 -0.000622
7.133870 -47.018100 16.034500 0.006996 0.160828 0.986952 0.003428 6.504739 -48.283463 18.538119 -0.000018 -0.000001 1.000000 0.000055 8.400800 -47.648389 18.512705 -0.000025 -0.000001 1.000000 0.000054 7.765838 -45.751979 18.530738 -0.000021 -0.000001 1.000000 0.000055 5.870137 -46.387172 18.556153 -0.000014 -0.000001 1.000000 0.000056
-18.253200 -4.577260 13.666300 -0.000344 -0.142600 0.989771 -0.004322 -19.491047 -5.258499 16.172804 -0.000187 0.000001 1.000000 -0.000515 -17.572727 -5.823138 16.176631 -0.000198 0.000001 1.000000 -0.000529 -17.008136 -3.905212 16.159713 -0.000190 0.000001 1.000000 -0.000519 -18.926456 -3.340593 16.155886 -0.000179 0.000001 1.000000 -0.000504
1.666720 -31.485000 18.184000 0.000468 0.046079 0.998938 0.000430 0.759928 -32.561935 20.683958 0.000006 0.000004 1.000000 -0.000752 2.751094 -32.377632 20.682165 0.000002 0.000004 1.000000 -0.000756 2.567033 -30.386306 20.683970 0.000008 0.000004 1.000000 -0.000751 0.575867 -30.570609 20.685764 0.000012 0.000004 1.000000 -0.000747
-5.815340 -27.748100 16.255800 0.000934 0.032335 0.999477 -0.000494 -6.728740 -28.793273 18.758463 0.001105 0.000001 0.999999 -0.000541 -4.733466 -28.664401 18.754675 0.001080 0.000001 0.999999 -0.000501 -4.863162 -26.669265 18.752831 0.001048 0.000001 0.999999 -0.000451 -6.858476 -26.798177 18.756620 0.001073 0.000001 0.999999 -0.000490
-0.804265 -45.102000 19.899700 -0.006639 0.097448 0.995215 -0.002745 -1.587720 -46.272280 22.393699 -0.000007 -0.000000 1.000000 -0.000102 0.373940 -45.884201 22.419057 -0.000009 -0.000000 1.000000 -0.000105 -0.013574 -43.922395 22.405540 -0.000004 -0.000000 1.000000 -0.000095 -1.975373 -44.310415 22.380182 -0.000002 -0.000000 1.000000 -0.000092
27.665700 -20.084400 11.088000 -0.003107 0.065684 0.997832 -0.002774 26.814585 -21.209066 13.588046 0.000648 0.000004 1.000000 -0.000456 28.797229 -20.946884 13.599718 0.000648 0.000004 1.000000 -0.000456 28.535316 -18.963872 13.587830 0.000647 0.000004 1.000000 -0.000455 26.552652 -19.225994 13.576159 0.000648 0.000004 1.000000 -0.000456
-9.270800 -36.253000 18.899200 0.001336 0.003904 0.999990 -0.001620 -10.265371 -37.255636 21.405103 0.000508 0.000004 1.000000 -0.000503 -8.265359 -37.240087 21.399736 0.000500 0.000004 1.000000 -0.000505 -8.281025 -35.240179 21.393275 0.000503 0.000004 1.000000 -0.000504 -10.281057 -35.255707 21.398643 0.000510 0.000004 1.000000 -0.000502
-6.961610 -22.284600 16.249200 0.000275 -0.030681 0.999529 -0.001098 -8.008419 -23.215944 18.751850 -0.000043 0.000001 1.000000 -0.000366 -6.012365 -23.338793 18.750887 -0.000077 0.000001 1.000000 -0.000362 -5.889679 -21.342863 18.746464 -0.000084 0.000001 1.000000 -0.000361 -7.885733 -21.220015 18.747427 -0.000050 0.000001 1.000000 -0.000365
-4.737970 -46.010000 21.734800 0.003001 0.038859 0.999240 0.000566 -5.655503 -47.088663 24.239377 0.000622 0.000000 0.999999 0.000817 -3.661659 -46.933139 24.227468 0.000622 0.000000 0.999999 0.000817 -3.816670 -44.939140 24.230198 0.000623 0.000000 0.999999 0.000819 -5.810533 -45.094665 24.242106 0.000623 0.000000 0.999999 0.000819
-17.446300 -7.106010 18.225500 -0.004369 0.172014 0.985081 -0.002687 -18.038805 -8.374874 20.724519 -0.000015 -0.000000 0.999999 -0.001368 -16.157277 -7.696936 20.739883 -0.000025 -0.000000 0.999999 -0.001367 -16.834781 -5.815380 20.726287 -0.000025 -0.000000 0.999999 -0.001367 -18.716330 -6.493298 20.710922 -0.000014 -0.000000 0.999999 -0.001368
9.726700 -32.103400 17.890700 0.000545 0.080554 0.996749 -0.001253 8.908859 -33.250982 20.394379 0.000740 0.000003 1.000000 -0.000349 10.883082 -32.929957 20.391801 0.000738 0.000003 1.000000 -0.000345 10.561911 -30.955719 20.386982 0.000736 0.000003 1.000000 -0.000341 8.587668 -31.276724 20.389561 0.000738 0.000003 1.000000 -0.000344
-8.266830 -42.827700 20.855400 -0.006629 0.015654 0.999855 -0.000165 -9.228248 -43.864627 23.342590 -0.000090 -0.000001 1.000000 0.000243 -7.229944 -43.801955 23.369093 -0.000103 -0.000001 1.000000 0.000245 -7.292568 -41.802915 23.368018 -0.000104 -0.000001 1.000000 0.000245 -9.290892 -41.865588 23.341515 -0.000091 -0.000001 1.000000 0.000243
2.797630 -44.853000 19.706900 0.002665 0.122317 0.992485 0.002405 2.080721 -46.067487 22.206149 0.000125 0.000000 1.000000 -0.000186 4.020447 -45.581771 22.196748 0.000108 0.000000 1.000000 -0.000195 3.534822 -43.641520 22.207599 0.000122 0.000000 1.000000 -0.000188 1.595236 -44.127296 22.217000 0.000139 0.000001 1.000000 -0.000179
0.355077 -35.498300 18.413500 0.000824 0.008992 0.999955 -0.003033 -0.619363 -36.512629 20.921233 0.000663 0.000003 1.000000 0.000592 1.380451 -36.476975 20.917827 0.000663 0.000003 1.000000 0.000594 1.344176 -34.477255 20.905725 0.000662 0.000003 1.000000 0.000598 -0.655658 -34.512889 20.909132 0.000662 0.000003 1.000000 0.000596
4.940040 -31.705200 18.169200 -0.000226 0.058973 0.998259 -0.001271 4.068369 -32.818080 20.671456 -0.000036 0.000003 1.000000 -0.000612 6.054278 -32.582456 20.672058 -0.000037 0.000003 1.000000 -0.000614 5.818955 -30.596594 20.666927 -0.000035 0.000003 1.000000 -0.000609 3.833047 -30.832218 20.666325 -0.000034 0.000003 1.000000 -0.000608
-10.151000 -24.757800 16.306600 -0.002160 -0.020157 0.999793 -0.001942 -11.174161 -25.704309 18.805878 0.000313 0.000000 0.999999 -0.000994 -9.176105 -25.785065 18.814677 0.000270 0.000000 0.999999 -0.000977 -9.095476 -23.787126 18.807086 0.000247 0.000001 1.000000 -0.000968 -11.093552 -23.706370 18.798287 0.000290 0.000000 0.999999 -0.000985
-4.257410 -12.135100 12.114000 -0.001488 -0.109065 0.994025 0.004144 -5.445108 -12.885246 14.603307 -0.000093 -0.000001 1.000000 -0.000487 -3.492637 -13.318964 14.607415 -0.000098 -0.000001 1.000000 -0.000486 -3.059129 -11.366773 14.624543 -0.000101 -0.000001 1.000000 -0.000486 -5.011519 -10.932996 14.620434 -0.000096 -0.000001 1.000000 -0.000487
-17.274600 -25.939600 18.179300 -0.001245 0.054180 0.998528 0.002137 -18.152796 -27.044708 20.672423 -0.000770 0.000001 1.000000 -0.000128 -16.164504 -26.828680 20.677860 -0.000802 0.000001 1.000000 -0.000147 -16.381034 -24.840780 20.686126 -0.000778 0.000001 1.000000 -0.000133 -18.369306 -25.056828 20.680689 -0.000746 0.000001 1.000000 -0.000115
-4.130640 -27.894000 15.176800 0.005491 0.037269 0.999262 -0.007440 -5.052953 -28.975327 17.702620 0.000200 0.000000 1.000000 0.000051 -3.059010 -28.826622 17.679561 0.000200 0.000000 1.000000 0.000049 -3.208142 -26.832620 17.650640 0.000202 0.000000 1.000000 0.000061 -5.202205 -26.981464 17.673698 0.000202 0.000000 1.000000 0.000063
-14.760300 -33.682100 11.329300 -0.001862 -0.142691 0.989765 -0.001300 -16.002262 -34.354599 13.827278 -0.000712 0.000001 1.000000 0.000206 -14.083799 -34.919432 13.835390 -0.000713 0.000001 1.000000 0.000208 -13.519027 -33.001121 13.831307 -0.000721 0.000001 1.000000 0.000223 -15.437530 -32.436289 13.823195 -0.000720 0.000001 1.000000 0.000222
-14.064100 -28.218700 15.864400 0.000889 -0.010592 0.999942 0.001936 -15.097558 -29.194847 18.362313 -0.000173 -0.000000 0.999999 -0.001147 -13.097970 -29.237225 18.358675 -0.000193 -0.000000 0.999999 -0.001131 -13.055679 -27.237288 18.366377 -0.000206 -0.000000 0.999999 -0.001121 -15.055247 -27.194910 18.370016 -0.000186 -0.000000 0.999999 -0.001137
-6.698600 -37.597600 25.489100 -0.002728 0.086019 0.996288 0.001759 -7.506191 -38.753525 27.980295 -0.000130 0.000000 1.000000 0.000144 -5.536138 -38.410685 27.991773 -0.000136 0.000000 1.000000 0.000143 -5.878537 -36.440474 27.997842 -0.000134 0.000000 1.000000 0.000143 -7.848610 -36.783314 27.986364 -0.000127 0.000000 1.000000 0.000145
-5.872880 -24.081500 19.268400 -0.000457 0.039683 0.999204 -0.004008 -6.782635 -25.168850 21.775758 0.000171 -0.000001 1.000000 0.000232 -4.789235 -25.010298 21.776951 0.000169 -0.000001 1.000000 0.000228 -4.947652 -23.016442 21.760860 0.000175 -0.000001 1.000000 0.000243 -6.941112 -23.175033 21.759667 0.000177 -0.000001 1.000000 0.000247
-13.464800 -33.202600 16.248600 0.003003 -0.042052 0.999109 -0.002024 -14.543384 -34.125151 18.758678 0.000939 0.000002 1.000000 0.000330 -12.550593 -34.293133 18.747017 0.000937 0.000002 1.000000 0.000335 -12.382379 -32.300323 18.738422 0.000927 0.000002 1.000000 0.000360 -14.375150 -32.132360 18.750084 0.000929 0.000002 1.000000 0.000355
14.563000 -22.567100 12.834900 0.003808 0.039158 0.999221 0.003220 13.660831 -23.651334 15.335451 0.001295 0.000003 0.999999 0.000206 15.654519 -23.494494 15.320736 0.001273 0.000003 0.999999 0.000182 15.498677 -21.501029 15.334199 0.001298 0.000003 0.999999 0.000210 13.505028 -21.657929 15.348913 0.001320 0.000003 0.999999 0.000234
-5.525740 -37.612000 13.317800 0.004680 0.298824 0.954288 0.004061 -5.771822 -39.002171 15.813715 0.000609 -0.000002 1.000000 -0.000009 -4.129213 -37.861438 15.800706 0.000608 -0.000002 1.000000 -0.000010 -5.269674 -36.218647 15.821800 0.000612 -0.000002 1.000000 -0.000006 -6.911903 -37.359580 15.834809 0.000613 -0.000002 1.000000 -0.000005
-16.214100 -45.446900 21.673700 0.000349 0.001732 0.999998 0.001130 -17.217047 -46.449018 24.172119 -0.000733 -0.000000 1.000000 -0.000204 -15.217140 -46.442150 24.170729 -0.000734 -0.000000 1.000000 -0.000204 -15.224105 -44.442047 24.175252 -0.000734 -0.000000 1.000000 -0.000204 -17.224012 -44.448915 24.176642 -0.000733 -0.000000 1.000000 -0.000204
-4.400450 -19.326200 15.012900 0.007102 -0.066777 0.997742 -0.001238 -5.520624 -20.178121 17.530264 0.000720 -0.000001 1.000000 -0.000493 -3.539442 -20.444659 17.502252 0.000719 -0.000000 1.000000 -0.000493 -3.272954 -18.462682 17.495413 0.000719 -0.000000 1.000000 -0.000491 -5.254176 -18.196163 17.523425 0.000719 -0.000001 1.000000 -0.000491
-4.687270 -50.276900 19.109200 0.005928 0.112272 0.993657 0.002219 -5.459003 -51.472819 21.614526 -0.000230 0.000000 1.000000 0.000240 -3.509744 -51.026626 21.591958 -0.000268 0.000000 1.000000 0.000228 -3.955771 -49.077026 21.603443 -0.000247 0.000000 1.000000 0.000234 -5.904990 -49.523238 21.626011 -0.000209 0.000000 1.000000 0.000246
1.792250 -7.052020 21.069100 -0.002026 0.109145 0.994023 -0.001307 1.030439 -8.229717 23.568340 -0.000431 0.000002 0.999999 -0.001581 2.982392 -7.795816 23.575827 -0.000431 0.000002 0.999999 -0.001581 2.548432 -5.843313 23.569744 -0.000430 0.000002 0.999999 -0.001580 0.596499 -6.277214 23.562257 -0.000430 0.000002 0.999999 -0.001580
-14.230000 -15.508100 13.925500 0.001792 -0.070419 0.997511 0.003019 -15.370567 -16.345598 16.423625 -0.000370 0.000001 1.000000 -0.000877 -13.390255 -16.626452 16.415625 -0.000379 0.000001 1.000000 -0.000880 -13.109277 -14.646104 16.427166 -0.000375 0.000001 1.000000 -0.000879 -15.089569 -14.365270 16.435166 -0.000367 0.000001 1.000000 -0.000875
35.193300 -14.940200 7.460870 0.002257 0.075601 0.997133 -0.002451 34.363379 -16.075333 9.970269 0.001076 0.000004 0.999999 -0.000060 36.340897 -15.773977 9.960524 0.001077 0.000004 0.999999 -0.000059 36.039177 -13.796723 9.951430 0.001077 0.000004 0.999999 -0.000053 34.061639 -14.098079 9.961175 0.001077 0.000004 0.999999 -0.000054
-1.816010 -6.731520 10.490400 -0.003163 -0.154772 0.987941 0.002756 -3.066774 -7.362173 12.978453 0.000213 -0.000000 1.000000 -0.000555 -1.162592 -7.973791 12.989246 0.000213 -0.000000 1.000000 -0.000554 -0.551204 -6.069759 13.002098 0.000207 -0.000000 1.000000 -0.000538 -2.455287 -5.458041 12.991303 0.000208 -0.000000 1.000000 -0.000538
-3.885420 -9.897810 15.226800 -0.000169 -0.160033 0.987108 -0.002628 -5.142353 -10.527467 17.730739 0.000607 -0.000001 1.000000 -0.000151 -3.244835 -11.159765 17.733088 0.000605 -0.000001 1.000000 -0.000149 -2.613014 -9.262515 17.722819 0.000603 -0.000001 1.000000 -0.000147 -4.510572 -8.630237 17.720470 0.000604 -0.000001 1.000000 -0.000148
14.485200 -47.812500 15.005800 -0.004591 0.192627 0.981256 -0.003389 13.944048 -49.116722 17.506446 0.000970 -0.000000 1.000000 0.000031 15.796004 -48.360575 17.521852 0.000963 -0.000001 1.000000 0.000030 15.040341 -46.509081 17.505011 0.000968 -0.000000 1.000000 0.000031 13.188026 -47.265088 17.489607 0.000975 -0.000000 1.000000 0.000032
-15.156900 -38.336000 8.472260 -0.001492 -0.263757 0.964584 -0.002843 -16.530317 -38.694142 10.972545 -0.000682 0.000002 1.000000 0.000377 -14.808717 -39.711788 10.981303 -0.000682 0.000002 1.000000 0.000377 -13.791357 -37.990351 10.971905 -0.000682 0.000002 1.000000 0.000377 -15.512977 -36.972685 10.963147 -0.000682 0.000002 1.000000 0.000377
-4.775700 -37.324200 22.002200 -0.000531 0.047781 0.998857 -0.001513 -5.678452 -38.409871 24.504349 0.000736 -0.000004 1.000000 -0.000499 -3.687405 -38.219022 24.506182 0.000723 -0.000004 1.000000 -0.000497 -3.878448 -36.227923 24.500037 0.000723 -0.000004 1.000000 -0.000497 -5.869475 -36.418773 24.498203 0.000736 -0.000004 1.000000 -0.000499
-17.178800 -36.246400 17.400600 0.000451 0.010863 0.999929 0.004888 -18.168146 -37.269241 19.891549 -0.000853 0.000001 0.999999 0.000962 -16.168519 -37.225582 19.889957 -0.000859 0.000001 0.999999 0.000957 -16.211520 -35.226570 19.909530 -0.000856 0.000001 0.999999 0.000960 -18.211107 -35.270268 19.911123 -0.000850 0.000001 0.999999 0.000964
-7.180070 -21.385100 15.692300 -0.007041 -0.046628 0.998887 0.000088 -8.263419 -22.287410 18.177321 0.000429 -0.000001 1.000000 -0.000084 -6.272294 -22.473797 18.205438 0.000425 -0.000001 1.000000 -0.000082 -6.086251 -20.482354 18.207104 0.000422 -0.000001 1.000000 -0.000081 -8.077296 -20.295947 18.178987 0.000427 -0.000001 1.000000 -0.000083
-17.084700 -29.227900 18.292500 -0.004207 0.032963 0.999445 -0.002125 -18.028220 -30.293434 20.788717 -0.000420 0.000000 1.000000 -0.000746 -16.032958 -30.161697 20.805252 -0.000455 0.000000 1.000000 -0.000725 -16.164743 -28.166182 20.796203 -0.000470 0.000000 1.000000 -0.000717 -18.160006 -28.297898 20.779668 -0.000434 0.000000 1.000000 -0.000737
8.716830 -19.191700 20.443500 -0.001437 0.113226 0.993567 0.001534 7.967113 -20.379885 22.937530 0.000117 0.000004 1.000000 -0.000919 9.915564 -19.930023 22.943935 0.000115 0.000004 1.000000 -0.000920 9.465445 -17.981313 22.949379 0.000118 0.000004 1.000000 -0.000918 7.517014 -18.431175 22.942974 0.000119 0.000004 1.000000 -0.000918
-9.707230 -42.893000 19.267900 -0.000330 0.004655 0.999989 0.000386 -10.698772 -43.899925 21.766467 -0.000462 0.000001 1.000000 0.000023 -8.699019 -43.881307 21.767793 -0.000462 0.000001 1.000000 0.000023 -8.717619 -41.881394 21.769328 -0.000462 0.000001 1.000000 0.000024 -10.717391 -41.899993 21.768003 -0.000462 0.000001 1.000000 0.000024
12.808900 -47.551400 19.009800 0.001217 0.148552 0.988903 -0.001066 12.163866 -48.802885 21.514201 0.000478 -0.000001 1.000000 0.000141 14.075929 -48.215176 21.508751 0.000434 -0.000001 1.000000 0.000147 13.488570 -46.303431 21.505257 0.000442 -0.000001 1.000000 0.000146 11.576446 -46.891120 21.510708 0.000486 -0.000001 1.000000 0.000140
-14.359000 -46.102800 17.693000 -0.000539 -0.045696 0.998954 0.001652 -15.450339 -47.009259 20.188717 0.000081 0.000001 1.000000 -0.000574 -13.458553 -47.191755 20.190569 0.000076 0.000001 1.000000 -0.000566 -13.275883 -45.200099 20.197270 0.000066 0.000001 1.000000 -0.000552 -15.267650 -45.017582 20.195419 0.000072 0.000001 1.000000 -0.000560
-16.102500 -32.066300 18.378000 0.003680 0.020219 0.999789 -0.000158 -17.062675 -33.111491 20.885504 0.000307 0.000003 1.000000 0.000170 -15.064625 -33.030514 20.870772 0.000307 0.000003 1.000000 0.000167 -15.145386 -31.032250 20.870439 0.000310 0.000003 1.000000 0.000182 -17.143457 -31.113227 20.885170 0.000310 0.000003 1.000000 0.000185
-4.767960 -34.212600 18.674800 0.000262 0.013847 0.999902 -0.001988 -5.726838 -35.252020 21.179252 0.000641 0.000004 1.000000 0.000399 -3.727825 -35.196480 21.178097 0.000632 0.000004 1.000000 0.000389 -3.783009 -33.197323 21.170159 0.000642 0.000004 1.000000 0.000400 -5.782022 -33.252862 21.171314 0.000651 0.000004 1.000000 0.000411
-8.500990 -38.880200 21.803400 -0.002686 -0.006779 0.999973 0.000054 -9.511614 -39.864860 24.297868 -0.000192 -0.000001 1.000000 -0.000627 -7.511986 -39.891954 24.308610 -0.000195 -0.000001 1.000000 -0.000631 -7.484813 -37.892118 24.308901 -0.000191 -0.000001 1.000000 -0.000627 -9.484441 -37.865044 24.298159 -0.000188 -0.000001 1.000000 -0.000623
4.239020 -48.153000 19.140400 0.004071 0.125873 0.992035 0.002474 3.517265 -49.378896 21.641875 -0.000154 -0.000002 1.000000 0.000305 5.453663 -48.879294 21.626965 -0.000154 -0.000002 1.000000 0.000306 4.954401 -46.942774 21.638834 -0.000153 -0.000002 1.000000 0.000312 3.018144 -47.442436 21.653744 -0.000153 -0.000002 1.000000 0.000311
-5.215980 -43.768600 17.360900 -0.004564 0.138549 0.990326 -0.006138 -5.906563 -45.003213 19.866918 0.000263 -0.000001 1.000000 -0.000448 -3.983770 -44.454086 19.881598 0.000247 -0.000002 1.000000 -0.000452 -4.531933 -42.531540 19.854754 0.000257 -0.000002 1.000000 -0.000450 -6.455026 -43.080507 19.840074 0.000274 -0.000001 1.000000 -0.000446
-2.908310 -34.827800 10.529400 0.004145 0.361984 0.932174 -0.001169 -2.982063 -36.227230 13.037054 -0.000419 -0.000002 1.000000 -0.000295 -1.505982 -34.877380 13.019908 -0.000420 -0.000002 1.000000 -0.000296 -2.856090 -33.401316 13.021548 -0.000389 -0.000002 1.000000 -0.000263 -4.331951 -34.751305 13.038696 -0.000388 -0.000002 1.000000 -0.000263
35.967400 -14.628300 7.046200 0.000470 0.076973 0.997026 -0.003783 35.137312 -15.764151 9.555170 0.000282 0.000004 1.000000 -0.000594 37.114051 -15.457181 9.552132 0.000281 0.000004 1.000000 -0.000592 36.806988 -13.480998 9.537189 0.000280 0.000004 1.000000 -0.000588 34.830248 -13.787968 9.540227 0.000281 0.000004 1.000000 -0.000590
-15.556300 -4.323260 10.329000 0.004028 -0.175569 0.984457 -0.001691 -16.839650 -4.910746 12.841056 0.000174 -0.000001 0.999999 -0.001468 -14.963293 -5.602234 12.826380 0.000172 -0.000001 0.999999 -0.001475 -14.272159 -3.725584 12.816890 0.000174 -0.000001 0.999999 -0.001467 -16.148496 -3.034135 12.831566 0.000176 -0.000001 0.999999 -0.001459
-2.609130 -6.984630 15.421600 -0.001239 -0.192566 0.981268 -0.005434 -3.906632 -7.526025 17.927220 0.000244 -0.000000 1.000000 -0.000629 -2.055025 -8.282074 17.936270 0.000242 -0.000000 1.000000 -0.000628 -1.299202 -6.431019 17.915898 0.000238 -0.000000 1.000000 -0.000624 -3.150849 -5.674990 17.906847 0.000240 -0.000000 1.000000 -0.000625
-16.029500 -32.678700 18.510200 0.001256 0.020652 0.999785 0.001557 -16.988773 -33.712724 21.009460 -0.000916 0.000001 1.000000 -0.000014 -14.990385 -33.630107 21.004566 -0.000924 0.000001 1.000000 -0.000006 -15.072866 -31.631983 21.010897 -0.000933 0.000001 1.000000 0.000002 -17.071254 -31.714580 21.015791 -0.000925 0.000001 1.000000 -0.000005
-1.185530 -14.980500 14.398700 0.002595 -0.104005 0.994573 0.000496 -2.381364 -15.744503 16.903451 0.000608 -0.000001 1.000000 -0.000680 -0.424819 -16.157900 16.892918 0.000567 -0.000001 1.000000 -0.000682 -0.010951 -14.200989 16.893812 0.000563 -0.000001 1.000000 -0.000682 -1.967476 -13.787612 16.904346 0.000604 -0.000001 1.000000 -0.000681
8.127770 -45.972300 20.298500 -0.005105 0.134451 0.990906 -0.001527 7.439426 -47.201179 22.793114 0.001159 -0.000000 0.999999 0.000798 9.367074 -46.668335 22.812525 0.001160 -0.000000 0.999999 0.000800 8.834092 -44.740592 22.803728 0.001162 -0.000000 0.999999 0.000810 6.906264 -45.273337 22.784318 0.001161 -0.000000 0.999999 0.000808
28.947600 -16.885500 9.599450 0.001568 0.063865 0.997954 -0.002712 28.090525 -17.998375 12.108117 0.000764 0.000004 1.000000 -0.000171 30.074600 -17.743533 12.101163 0.000764 0.000004 1.000000 -0.000169 29.819564 -15.759778 12.090739 0.000764 0.000004 1.000000 -0.000160 27.835469 -16.014599 12.097693 0.000764 0.000004 1.000000 -0.000163
-11.621300 -34.975800 23.547800 -0.000828 -0.041380 0.999142 -0.001655 -12.685832 -35.902789 26.049128 0.000534 0.000002 1.000000 0.000553 -10.693104 -36.068121 26.052715 0.000513 0.000002 1.000000 0.000537 -10.527622 -34.075181 26.046237 0.000527 0.000002 1.000000 0.000548 -12.520410 -33.909789 26.042650 0.000548 0.000002 1.000000 0.000564
-15.624100 -33.488500 8.581800 -0.000132 -0.183455 0.983028 -0.000895 -16.921664 -34.048934 11.082889 -0.000599 0.000003 1.000000 0.000293 -15.056347 -34.770238 11.084064 -0.000597 0.000003 1.000000 0.000275 -14.335142 -32.905024 11.080644 -0.000601 0.000003 1.000000 0.000327 -16.200459 -32.183720 11.079468 -0.000603 0.000003 1.000000 0.000345
-14.642200 -13.295300 22.514700 -0.003407 0.244471 0.969647 -0.002574 -15.055701 -14.650563 25.015986 -0.000718 0.000001 1.000000 -0.000074 -13.295132 -13.701926 25.026684 -0.000722 0.000001 1.000000 -0.000074 -14.243040 -11.940857 25.013371 -0.000720 0.000001 1.000000 -0.000074 -16.003649 -12.889474 25.002672 -0.000716 0.000001 1.000000 -0.000074
-3.731400 -13.157900 12.254700 0.003744 -0.108377 0.994097 -0.003549 -4.921309 -13.925433 14.769191 0.000932 -0.000001 1.000000 -0.000340 -2.968688 -14.356515 14.755841 0.000931 -0.000001 1.000000 -0.000337 -2.537812 -12.403627 14.740105 0.000924 -0.000001 1.000000 -0.000325 -4.490494 -11.972606 14.753455 0.000925 -0.000001 1.000000 -0.000327
-5.853240 -26.708200 25.093100 -0.002663 0.105718 0.994392 -0.000802 -6.637447 -27.889178 27.590064 -0.000484 0.000001 0.999999 -0.001351 -4.682961 -27.468608 27.600311 -0.000532 0.000001 0.999999 -0.001333 -5.103453 -25.513236 27.595995 -0.000534 0.000001 0.999999 -0.001332 -7.057939 -25.933805 27.585748 -0.000487 0.000001 0.999999 -0.001350
-5.220110 -30.441000 24.502600 -0.006295 0.094837 0.995473 0.000822 -6.003135 -31.604903 26.989344 0.000360 0.000000 1.000000 0.000115 -4.039249 -31.227615 27.014724 0.000357 0.000000 1.000000 0.000120 -4.417079 -29.263333 27.015610 0.000354 0.000000 1.000000 0.000125 -6.380984 -29.640601 26.990230 0.000357 0.000000 1.000000 0.000120
-17.459600 -38.852100 20.301200 -0.001431 0.005462 0.999981 -0.002625 -18.463074 -39.864553 22.803575 -0.000751 0.000001 1.000000 0.000110 -16.463641 -39.842592 22.809240 -0.000773 0.000001 1.000000 0.000110 -16.485412 -37.842759 22.798711 -0.000773 0.000001 1.000000 0.000110 -18.484864 -37.864720 22.793046 -0.000751 0.000001 1.000000 0.000110
-13.945600 -35.824900 19.396200 -0.001709 0.000309 0.999998 0.000640 -14.940549 -36.832389 21.891481 0.000208 0.000001 1.000000 0.000072 -12.940441 -36.831116 21.898316 0.000207 0.000001 1.000000 0.000069 -12.941683 -34.831258 21.900874 0.000210 0.000001 1.000000 0.000082 -14.941791 -34.832531 21.894039 0.000211 0.000001 1.000000 0.000086
-15.462600 -49.332400 23.264000 0.002886 -0.000509 0.999996 -0.000335 -16.458621 -50.332818 25.770434 0.000785 0.000000 1.000000 -0.000422 -14.458996 -50.334839 25.758891 0.000785 0.000000 1.000000 -0.000422 -14.456981 -48.334741 25.757546 0.000785 0.000000 1.000000 -0.000418 -16.456627 -48.332699 25.769088 0.000785 0.000000 1.000000 -0.000417
-6.153330 -35.861100 21.767100 -0.002226 0.051212 0.998685 0.001000 -7.031400 -36.955423 24.260705 -0.000095 -0.000001 1.000000 -0.000140 -5.042110 -36.750792 24.269803 -0.000134 -0.000001 1.000000 -0.000145 -5.246439 -34.761447 24.273339 -0.000125 -0.000001 1.000000 -0.000144 -7.235709 -34.966078 24.264240 -0.000086 -0.000001 1.000000 -0.000138
-8.689630 -46.303300 22.025100 0.004648 0.047683 0.998850 -0.001582 -9.588548 -47.390160 24.537226 0.000215 -0.000001 1.000000 -0.000408 -7.597869 -47.199897 24.518352 0.000214 -0.000001 1.000000 -0.000408 -7.788631 -45.209102 24.512918 0.000214 -0.000001 1.000000 -0.000407 -9.779290 -45.399385 24.531792 0.000214 -0.000001 1.000000 -0.000408
-14.438700 -12.058900 13.060900 -0.001013 -0.092555 0.995692 -0.005420 -15.599183 -12.852390 15.568441 0.000045 0.000001 0.999999 -0.001409 -13.633653 -13.221112 15.574483 0.000038 0.000001 0.999999 -0.001414 -13.264966 -11.256036 15.553273 0.000040 0.000001 0.999999 -0.001413 -15.230496 -10.887313 15.547230 0.000047 0.000001 0.999999 -0.001407
-14.028400 -16.902100 14.189900 -0.001412 -0.060641 0.998151 -0.003844 -15.139213 -17.770738 16.694098 -0.000363 0.000000 1.000000 -0.000708 -13.154251 -18.012853 16.700667 -0.000367 0.000000 1.000000 -0.000709 -12.912053 -16.028101 16.685660 -0.000366 0.000000 1.000000 -0.000709 -14.897036 -15.785987 16.679091 -0.000363 0.000000 1.000000 -0.000708
-16.696300 -23.815000 12.827100 -0.005858 -0.046759 0.998884 0.003021 -17.790478 -24.715935 15.309049 -0.000335 -0.000001 1.000000 -0.000401 -15.799641 -24.903175 15.331892 -0.000347 -0.000001 1.000000 -0.000394 -15.613343 -22.912097 15.345057 -0.000354 -0.000001 1.000000 -0.000390 -17.604120 -22.724817 15.322214 -0.000342 -0.000001 1.000000 -0.000397
-16.736000 -19.489900 17.625900 -0.003301 0.086286 0.996262 -0.002474 -17.533206 -20.643814 20.125137 0.000645 -0.000000 1.000000 -0.000122 -15.563191 -20.300327 20.137437 0.000628 -0.000000 1.000000 -0.000117 -15.907112 -18.329873 20.126442 0.000626 -0.000000 1.000000 -0.000117 -17.877128 -18.673359 20.114141 0.000643 -0.000000 1.000000 -0.000122
33.205100 -14.721900 10.592000 0.004165 0.065617 0.997830 0.003633 32.359132 -15.843646 13.091979 0.001389 0.000004 0.999999 -0.000075 34.341240 -15.581447 13.076311 0.001381 0.000004 0.999999 -0.000080 34.079723 -13.598963 13.091902 0.001386 0.000004 0.999999 -0.000077 32.097634 -13.861201 13.107571 0.001394 0.000004 0.999999 -0.000072
21.566500 -14.997100 10.724300 0.002179 0.057605 0.998332 -0.003121 20.695967 -16.108760 13.234958 0.001113 0.000004 0.999999 -0.001199 22.682574 -15.878631 13.225536 0.001113 0.000004 0.999999 -0.001196 22.453031 -13.891863 13.213574 0.001110 0.000004 0.999999 -0.001167 20.466423 -14.121972 13.222996 0.001110 0.000004 0.999999 -0.001171
14.142300 -26.859800 7.673100 0.003351 -0.006534 0.999973 0.000997 13.125271 -27.844625 10.177835 0.000679 0.000002 1.000000 -0.000312 15.124696 -27.870685 10.164405 0.000665 0.000002 1.000000 -0.000309 15.150782 -25.871179 10.168307 0.000663 0.000002 1.000000 -0.000309 13.151358 -25.845119 10.181737 0.000676 0.000002 1.000000 -0.000311
-2.983870 -32.728300 18.566200 0.000050 0.026020 0.999660 0.001677 -3.928046 -33.778391 21.062852 0.000555 0.000003 0.999999 -0.000858 -1.930995 -33.674245 21.062825 0.000554 0.000003 0.999999 -0.000856 -2.034960 -31.676885 21.069537 0.000552 0.000003 0.999999 -0.000846 -4.032012 -31.781011 21.069564 0.000552 0.000003 0.999999 -0.000848
3.858130 -31.169600 19.182300 0.002114 0.054614 0.998498 -0.003761 2.985000 -32.286815 21.694087 0.000597 0.000003 1.000000 0.000017 4.973212 -32.068841 21.684822 0.000596 0.000003 1.000000 0.000013 4.755134 -30.080768 21.670262 0.000601 0.000003 1.000000 0.000037 2.766923 -30.298742 21.679527 0.000602 0.000003 1.000000 0.000041
-15.770200 -4.398810 10.341100 0.002171 -0.175396 0.984494 -0.001823 -17.058138 -4.997054 12.849056 -0.000347 0.000000 1.000000 -0.000512 -15.181232 -5.687855 12.841786 -0.000348 0.000000 1.000000 -0.000521 -14.490523 -3.811183 12.833083 -0.000346 0.000000 1.000000 -0.000500 -16.367409 -3.120443 12.840354 -0.000345 0.000000 1.000000 -0.000490
-15.561900 -32.894300 18.494800 -0.002212 0.015972 0.999870 -0.000855 -16.540876 -33.924465 20.992158 -0.000932 0.000002 1.000000 -0.000289 -14.542097 -33.860517 21.000950 -0.000942 0.000002 1.000000 -0.000287 -14.605969 -31.861440 20.997387 -0.000943 0.000002 1.000000 -0.000287 -16.604749 -31.925368 20.988595 -0.000933 0.000002 1.000000 -0.000289
12.502300 -34.747000 17.480900 0.002337 0.116988 0.993113 0.005816 11.763575 -35.940467 19.971971 0.000383 0.000003 1.000000 0.000021 13.708548 -35.475643 19.965408 0.000383 0.000003 1.000000 0.000026 13.243853 -33.530923 19.989608 0.000383 0.000003 1.000000 0.000043 11.298880 -33.995787 19.996171 0.000383 0.000003 1.000000 0.000038
12.468200 -17.810800 19.844500 0.002038 0.111734 0.993731 0.003141 11.723140 -18.995858 22.341073 0.001134 0.000001 0.999999 -0.000283 13.672925 -18.551558 22.334377 0.001134 0.000001 0.999999 -0.000281 13.228777 -16.601915 22.347775 0.001137 0.000001 0.999999 -0.000270 11.278991 -17.046215 22.354471 0.001136 0.000001 0.999999 -0.000272
-9.695410 -23.720500 15.608000 -0.006152 -0.029286 0.999551 0.001558 -10.746307 -24.650985 18.092214 0.000483 -0.000001 1.000000 -0.000038 -8.750009 -24.768254 18.116629 0.000483 -0.000001 1.000000 -0.000036 -8.633177 -22.771574 18.123579 0.000482 -0.000001 1.000000 -0.000025 -10.629435 -22.654286 18.099164 0.000482 -0.000001 1.000000 -0.000026
-16.273200 -17.711600 18.450000 -0.002368 0.115770 0.993267 -0.003593 -17.008115 -18.903665 20.953749 0.000471 -0.000001 0.999999 -0.001338 -15.061629 -18.443569 20.961494 0.000469 -0.000001 0.999999 -0.001337 -15.521356 -16.497411 20.946121 0.000467 -0.000001 0.999999 -0.001337 -17.467863 -16.957487 20.938376 0.000470 -0.000001 0.999999 -0.001338
-8.516590 -10.216900 17.377700 0.000390 0.077080 0.997008 -0.005753 -9.362586 -11.360952 19.890693 -0.000281 -0.000000 1.000000 -0.000686 -7.386652 -11.053465 19.887362 -0.000297 -0.000000 1.000000 -0.000665 -7.694177 -9.077522 19.864539 -0.000310 -0.000000 1.000000 -0.000647 -9.670152 -9.385010 19.867869 -0.000294 -0.000000 1.000000 -0.000668
-5.094980 -22.885700 22.689200 0.001891 0.073547 0.997289 -0.001429 -5.933041 -24.026016 25.195738 0.000596 -0.000000 1.000000 0.000381 -3.954572 -23.732477 25.187774 0.000595 -0.000000 1.000000 0.000379 -4.248052 -21.754521 25.182629 0.000598 0.000000 1.000000 0.000385 -6.226501 -22.048000 25.190593 0.000599 -0.000000 1.000000 0.000388
-15.802400 -29.595300 22.382000 -0.002102 -0.012804 0.999909 0.003674 -16.832709 -30.562144 24.870440 -0.000417 0.000000 1.000000 0.000216 -14.833362 -30.613585 24.878661 -0.000420 0.000000 1.000000 0.000210 -14.782364 -28.614574 24.893463 -0.000416 0.000000 1.000000 0.000218 -16.781710 -28.563114 24.885243 -0.000413 0.000000 1.000000 0.000223
-7.238120 -37.514500 25.403800 0.002133 0.085688 0.996319 -0.000849 -8.050412 -38.666840 27.909514 -0.000518 0.000001 1.000000 -0.000496 -6.080140 -38.325416 27.900722 -0.000528 0.000001 1.000000 -0.000496 -6.421598 -36.354749 27.898071 -0.000527 0.000001 1.000000 -0.000496 -8.391830 -36.696172 27.906864 -0.000517 0.000001 1.000000 -0.000496
-11.925000 -6.208730 17.154500 -0.002370 0.225326 0.974267 -0.005173 -12.384916 -7.542980 19.663325 0.000933 -0.000000 0.999999 -0.000398 -10.587966 -6.664660 19.667899 0.000916 -0.000000 1.000000 -0.000398 -11.466267 -4.867775 19.645605 0.000925 -0.000000 0.999999 -0.000398 -13.263278 -5.746094 19.641032 0.000943 -0.000000 0.999999 -0.000398
-4.502010 -11.195200 14.992200 0.001968 -0.145010 0.989425 0.002464 -5.747847 -11.868785 17.492491 0.000602 -0.000001 1.000000 -0.000657 -3.831934 -12.442252 17.483274 0.000597 -0.000001 1.000000 -0.000653 -3.257948 -10.526248 17.491886 0.000591 -0.000001 1.000000 -0.000647 -5.173801 -9.952781 17.501103 0.000595 -0.000001 1.000000 -0.000651
11.111000 -10.209800 24.117100 0.002198 0.119689 0.992806 -0.002287 10.385007 -11.421184 26.626001 0.001113 0.000002 0.999999 -0.000927 12.327986 -10.945972 26.616178 0.001112 0.000002 0.999999 -0.000924 11.852734 -9.003075 26.608149 0.001110 0.000002 0.999999 -0.000912 9.909735 -9.478307 26.617972 0.001110 0.000002 0.999999 -0.000915
10.492500 -18.515600 11.252500 0.004327 -0.004896 0.999976 -0.002156 9.486322 -19.512369 13.765444 0.000517 0.000001 1.000000 0.000126 11.485571 -19.531992 13.748178 0.000516 0.000001 1.000000 0.000124 11.505339 -17.532286 13.739469 0.000517 0.000001 1.000000 0.000128 9.505970 -17.512864 13.756734 0.000519 0.000001 1.000000 0.000130
-3.974430 -40.427000 21.301300 0.006282 0.029880 0.999532 -0.001741 -4.913931 -41.477723 23.817005 -0.000128 0.000002 1.000000 -0.000702 -2.918180 -41.358483 23.791678 -0.000131 0.000002 1.000000 -0.000705 -3.037889 -39.362226 23.785467 -0.000127 0.000002 1.000000 -0.000702 -5.033620 -39.481487 23.810795 -0.000123 0.000002 1.000000 -0.000699
4.754380 -30.949600 19.428600 0.001120 0.058329 0.998294 0.002474 3.879116 -32.065405 21.925466 0.000221 0.000003 1.000000 -0.000750 5.865362 -31.832535 21.921571 0.000221 0.000003 1.000000 -0.000744 5.632434 -29.846169 21.931712 0.000218 0.000003 1.000000 -0.000706 3.646188 -30.079039 21.935607 0.000218 0.000003 1.000000 -0.000713
-15.725400 -29.697400 14.625700 0.002976 -0.004949 0.999973 -0.004563 -16.763211 -30.689269 17.140482 -0.000786 0.000000 0.999999 -0.000881 -14.763564 -30.709178 17.128664 -0.000866 0.000000 0.999999 -0.000856 -14.743823 -28.709320 17.110353 -0.000886 0.000000 0.999999 -0.000850 -16.743470 -28.689411 17.122172 -0.000806 0.000000 0.999999 -0.000874
-15.226800 -45.168200 25.545100 -0.000798 -0.019926 0.999801 0.000170 -16.270297 -46.125188 28.043135 -0.000617 0.000004 1.000000 0.000559 -14.271908 -46.204857 28.046311 -0.000617 0.000004 1.000000 0.000559 -14.192159 -44.206286 28.047054 -0.000619 0.000004 1.000000 0.000571 -16.190549 -44.126636 28.043878 -0.000618 0.000004 1.000000 0.000570
-12.195600 -9.878810 17.462700 0.003183 0.199764 0.979839 -0.000076 -12.717519 -11.175054 19.967777 -0.000149 -0.000001 0.999999 -0.001296 -10.877322 -10.392269 19.955243 -0.000168 -0.000001 0.999999 -0.001289 -11.660309 -8.551752 19.957489 -0.000170 -0.000001 0.999999 -0.001288 -13.500466 -9.334537 19.970022 -0.000151 -0.000001 0.999999 -0.001295
-1.083020 -39.626400 12.108100 0.001546 0.305814 0.952085 0.003037 -1.308385 -41.014060 14.602420 0.000407 -0.000001 1.000000 -0.000553 0.317397 -39.849417 14.600247 0.000406 -0.000001 1.000000 -0.000547 -0.847369 -38.223322 14.613702 0.000405 -0.000001 1.000000 -0.000543 -2.472810 -39.388145 14.615875 0.000406 -0.000001 1.000000 -0.000548
-15.779600 -3.907360 9.732680 0.001884 -0.190880 0.981605 0.003709 -17.095819 -4.446752 12.231082 -0.000334 0.000001 1.000000 -0.000476 -15.241714 -5.195859 12.220850 -0.000367 0.000001 1.000000 -0.000495 -14.492252 -3.341734 12.233976 -0.000362 0.000001 1.000000 -0.000492 -16.346337 -2.592648 12.244208 -0.000329 0.000001 1.000000 -0.000474
0.565961 -25.369200 14.580500 0.002029 0.033255 0.999445 0.000630 -0.366207 -26.437438 17.083110 0.001042 0.000001 0.999999 -0.000927 1.629653 -26.304307 17.075082 0.001026 0.000001 0.999999 -0.000913 1.497033 -24.308192 17.077873 0.001014 0.000001 0.999999 -0.000903 -0.498807 -24.441283 17.085901 0.001030 0.000001 0.999999 -0.000917
-4.778890 -46.359900 17.016400 -0.004229 0.133803 0.990995 -0.002918 -5.465906 -47.596524 19.515597 -0.000606 -0.000000 1.000000 0.000403 -3.538090 -47.066002 19.530803 -0.000641 -0.000000 1.000000 0.000400 -4.068393 -45.137809 19.516971 -0.000627 -0.000000 1.000000 0.000401 -5.996328 -45.668271 19.501766 -0.000592 -0.000000 1.000000 0.000404
2.604500 -47.199800 16.927900 0.004489 0.141354 0.989935 0.005270 1.939358 -48.442168 19.423521 0.000984 -0.000001 0.999999 0.000684 3.858614 -47.882008 19.408729 0.000963 -0.000002 0.999999 0.000686 3.299444 -45.962503 19.432134 0.000969 -0.000001 0.999999 0.000685 1.380468 -46.522743 19.446924 0.000991 -0.000001 0.999999 0.000683
-0.443642 -40.408300 11.027600 0.000038 0.312483 0.949923 -0.000338 -0.650558 -41.823158 13.528426 -0.000155 -0.000003 1.000000 0.000229 0.958799 -40.636118 13.527858 -0.000151 -0.000004 1.000000 0.000239 -0.228181 -39.027441 13.526614 -0.000131 -0.000004 1.000000 0.000282 -1.837718 -40.214361 13.527183 -0.000136 -0.000003 1.000000 0.000272
-9.613390 -36.981800 19.175300 -0.002128 0.003144 0.999993 0.000095 -10.603008 -37.992183 21.670848 0.000628 0.000003 1.000000 0.000572 -8.602885 -37.979647 21.679360 0.000627 0.000003 1.000000 0.000572 -8.615543 -35.979427 21.679716 0.000627 0.000003 1.000000 0.000572 -10.615685 -35.991962 21.671204 0.000628 0.000003 1.000000 0.000572
38.756300 -7.333660 9.615120 0.000782 0.089575 0.995978 -0.001935 37.952859 -8.504426 12.120708 0.000106 0.000005 1.000000 -0.000749 39.920662 -8.147554 12.116898 0.000107 0.000005 1.000000 -0.000745 39.564338 -6.179564 12.109468 0.000111 0.000005 1.000000 -0.000702 37.596535 -6.536416 12.113278 0.000110 0.000005 1.000000 -0.000705
18.702600 -48.319900 14.184400 0.007774 0.210646 0.977522 0.004419 18.212080 -49.644803 16.685741 0.000979 -0.000001 0.999999 0.000307 20.033431 -48.820822 16.659068 0.000975 -0.000001 0.999999 0.000307 19.210165 -46.998607 16.682899 0.000978 -0.000001 0.999999 0.000307 17.389234 -47.822728 16.709571 0.000982 -0.000001 0.999999 0.000308
-12.737200 -44.556400 16.467700 -0.002267 -0.006625 0.999971 -0.003064 -13.757919 -45.538191 18.969202 -0.000828 0.000001 1.000000 -0.000359 -11.758395 -45.564542 18.978350 -0.000830 0.000001 1.000000 -0.000363 -11.731769 -43.564856 18.966153 -0.000828 0.000001 1.000000 -0.000358 -13.731312 -43.538484 18.957005 -0.000826 0.000001 1.000000 -0.000355
-2.918580 -11.139000 11.305300 -0.003923 -0.130124 0.991488 0.002000 -4.138139 -11.830645 13.792935 -0.000216 -0.000001 1.000000 -0.000668 -2.205970 -12.346742 13.807453 -0.000216 -0.000001 1.000000 -0.000667 -1.690116 -10.414667 13.817430 -0.000225 -0.000001 1.000000 -0.000644 -3.622205 -9.898530 13.802912 -0.000224 -0.000001 1.000000 -0.000645
-3.610980 -34.285400 20.884400 -0.004985 -0.016380 0.999853 -0.000305 -4.635279 -35.241038 23.374772 -0.000095 0.000002 1.000000 -0.000152 -2.636612 -35.306541 23.394732 -0.000113 0.000002 1.000000 -0.000132 -2.571076 -33.307795 23.393840 -0.000134 0.000002 1.000000 -0.000109 -4.569763 -33.242291 23.373880 -0.000116 0.000002 1.000000 -0.000128
-16.576100 -7.777050 15.832700 0.000436 0.262422 0.964952 -0.001673 -16.932005 -9.135185 18.337397 0.000308 -0.000001 0.999999 -0.001353 -15.207387 -8.121970 18.333957 0.000308 -0.000001 0.999999 -0.001353 -16.220267 -6.397422 18.327957 0.000309 -0.000001 0.999999 -0.001353 -17.944906 -7.410637 18.331396 0.000309 -0.000001 0.999999 -0.001353
-16.355900 -40.526200 23.868500 0.001697 -0.005930 0.999973 0.003920 -17.366811 -41.505474 26.364063 0.000145 -0.000000 1.000000 -0.000315 -15.366863 -41.529088 26.357181 0.000144 -0.000000 1.000000 -0.000312 -15.343096 -39.529351 26.372819 0.000142 -0.000000 1.000000 -0.000307 -17.343044 -39.505736 26.379701 0.000143 -0.000000 1.000000 -0.000309
-16.743700 -34.627800 6.681790 0.000323 -0.210899 0.977507 -0.001050 -18.067504 -35.108185 9.184089 -0.000153 0.000002 1.000000 -0.000431 -16.245458 -35.932767 9.183713 -0.000150 0.000002 1.000000 -0.000450 -15.421158 -34.111205 9.179341 -0.000164 0.000002 1.000000 -0.000377 -17.243224 -33.286623 9.179717 -0.000167 0.000002 1.000000 -0.000358
43.303800 -23.163000 8.797870 0.005916 0.123951 0.992267 0.002576 42.586895 -24.373130 11.302340 0.001716 0.000004 0.999999 0.000147 44.525040 -23.880859 11.280133 0.001713 0.000004 0.999999 0.000144 44.033270 -21.942801 11.293294 0.001721 0.000004 0.999999 0.000152 42.095206 -22.435132 11.315500 0.001724 0.000004 0.999999 0.000155
-16.317000 -48.443400 22.928600 0.003418 0.003927 0.999983 0.002533 -17.315449 -49.460620 25.430269 -0.000219 -0.000000 1.000000 0.000424 -15.315758 -49.444898 25.416636 -0.000223 -0.000000 1.000000 0.000426 -15.331370 -47.445025 25.426823 -0.000224 -0.000000 1.000000 0.000427 -17.331082 -47.460747 25.440455 -0.000221 -0.000000 1.000000 0.000425
-5.532350 -24.234800 21.450700 0.003697 0.067136 0.997736 0.001221 -6.383086 -25.348422 23.954926 0.000189 -0.000000 1.000000 -0.000393 -4.401229 -25.080488 23.940499 0.000189 -0.000000 1.000000 -0.000392 -4.669247 -23.098683 23.946366 0.000189 -0.000000 1.000000 -0.000388 -6.651064 -23.366637 23.960793 0.000189 -0.000000 1.000000 -0.000388
9.821660 -23.924400 13.472900 0.001943 0.033374 0.999423 -0.005989 8.895761 -24.977428 15.988975 0.001010 0.000004 0.999999 -0.001065 10.891611 -24.844158 15.980409 0.001008 0.000004 0.999999 -0.001069 10.758247 -22.848916 15.956726 0.001018 0.000004 0.999999 -0.001049 8.762378 -22.982187 15.965292 0.001020 0.000004 0.999999 -0.001044
3.192670 -24.238500 19.646200 -0.001513 0.069931 0.997549 0.001983 2.339182 -25.357461 22.139111 -0.000232 0.000002 1.000000 -0.000819 4.319312 -25.078515 22.145704 -0.000234 0.000002 1.000000 -0.000819 4.040182 -23.098152 22.153193 -0.000233 0.000002 1.000000 -0.000819 2.060052 -23.377118 22.146601 -0.000231 0.000002 1.000000 -0.000819
-1.758120 -31.866000 18.552900 0.001110 0.031834 0.999490 0.002403 -2.684942 -32.913902 21.050011 0.001070 0.000002 0.999999 -0.000558 -0.689120 -32.786540 21.045878 0.001071 0.000003 0.999999 -0.000556 -0.816381 -30.790817 21.055627 0.001071 0.000003 0.999999 -0.000547 -2.812202 -30.918179 21.059761 0.001071 0.000002 0.999999 -0.000549
24.896300 -19.608300 10.990000 0.001869 0.055373 0.998462 -0.002079 24.023666 -20.721219 13.497852 0.001602 0.000001 0.999999 0.000298 26.011227 -20.500085 13.489926 0.001602 0.000001 0.999999 0.000296 25.790402 -18.512307 13.482035 0.001601 0.000001 0.999999 0.000308 23.802860 -18.733441 13.489961 0.001601 0.000001 0.999999 0.000309
-2.265630 -31.320900 18.496200 -0.000194 0.031969 0.999489 -0.000274 -3.190890 -32.383647 20.996370 0.000718 0.000002 1.000000 0.000050 -1.195158 -32.255775 20.997110 0.000714 0.000002 1.000000 0.000043 -1.322870 -30.259683 20.995989 0.000721 0.000002 1.000000 0.000055 -3.318601 -30.387555 20.995249 0.000725 0.000002 1.000000 0.000062
-11.864400 -48.808200 25.127400 -0.000634 -0.023148 0.999730 0.002040 -12.901996 -49.765892 27.622094 -0.000083 0.000001 1.000000 0.000205 -10.904181 -49.858464 27.624440 -0.000098 0.000001 1.000000 0.000212 -10.811640 -47.860443 27.632659 -0.000105 0.000001 1.000000 0.000215 -12.809455 -47.767872 27.630312 -0.000090 0.000001 1.000000 0.000208
-15.210200 -11.006200 11.889600 -0.002823 -0.102411 0.994735 -0.002389 -16.394276 -11.781949 14.387652 -0.000053 0.000002 1.000000 0.000065 -14.436180 -12.189450 14.399864 -0.000054 0.000002 1.000000 0.000066 -14.028766 -10.231185 14.391515 -0.000055 0.000002 1.000000 0.000066 -15.986862 -9.823664 14.379303 -0.000054 0.000002 1.000000 0.000065
-10.842300 -30.890000 17.486300 0.002335 0.012852 0.999912 -0.002400 -11.830349 -31.927651 19.995638 -0.000152 0.000001 1.000000 -0.000348 -9.831011 -31.876430 19.986175 -0.000197 0.000001 1.000000 -0.000310 -9.882537 -29.876954 19.976695 -0.000232 0.000001 1.000000 -0.000281 -11.881874 -29.928155 19.986159 -0.000186 0.000001 1.000000 -0.000320
-15.367800 -23.179500 24.347900 0.005836 -0.129854 0.991509 -0.003745 -16.594801 -23.892459 26.867358 0.000032 0.000002 1.000000 -0.000515 -14.662926 -24.407672 26.846154 0.000027 0.000002 1.000000 -0.000510 -14.148207 -22.474996 26.828270 0.000019 0.000002 1.000000 -0.000501 -16.080083 -21.959843 26.849474 0.000024 0.000002 1.000000 -0.000506
-5.943530 -34.882300 26.927700 -0.004168 0.108633 0.994073 -0.000966 -6.708278 -36.076307 29.422430 0.000117 0.000000 1.000000 0.000327 -4.755312 -35.644295 29.438583 0.000108 0.000000 1.000000 0.000330 -5.187373 -33.691583 29.432931 0.000106 0.000000 1.000000 0.000330 -7.140379 -34.123596 29.416778 0.000116 0.000000 1.000000 0.000327
-15.273200 -33.169500 8.880720 -0.001486 -0.179172 0.983813 0.002608 -16.560803 -33.766082 11.373025 0.000152 0.000003 1.000000 -0.000069 -14.689102 -34.470885 11.377006 0.000153 0.000003 1.000000 -0.000079 -13.983711 -32.599402 11.388333 0.000147 0.000003 1.000000 -0.000036 -15.855391 -31.894579 11.384352 0.000145 0.000003 1.000000 -0.000026
45.471800 -22.990400 9.667620 0.003308 0.074391 0.997209 0.005415 44.645314 -24.130921 12.162052 0.002127 0.000000 0.999997 0.001135 46.622814 -23.833738 12.150471 0.002125 0.000001 0.999997 0.001134 46.326334 -21.856811 12.173053 0.002127 0.000001 0.999997 0.001135 44.348873 -22.154015 12.184634 0.002128 0.000001 0.999997 0.001136
-14.888200 -26.174500 11.902100 -0.002281 -0.127296 0.991861 -0.001747 -16.109356 -26.880503 14.399995 -0.000856 0.000000 0.999999 -0.000730 -14.174134 -27.385506 14.409934 -0.000860 0.000000 0.999999 -0.000728 -13.669018 -25.450775 14.404164 -0.000866 0.000000 0.999999 -0.000725 -15.604221 -24.945772 14.394225 -0.000862 0.000000 0.999999 -0.000727
4.282790 -19.750700 20.371100 0.003971 0.084095 0.996444 -0.003544 3.460276 -20.903482 22.885958 0.000012 0.000002 1.000000 -0.000374 5.432066 -20.568376 22.868937 0.000008 0.000002 1.000000 -0.000371 5.096867 -18.596754 22.856149 0.000006 0.000002 1.000000 -0.000369 3.125078 -18.931839 22.873170 0.000010 0.000002 1.000000 -0.000372
-13.598500 -16.299400 14.102200 -0.001866 -0.062164 0.998051 -0.005054 -14.706226 -17.160745 16.607646 -0.000294 -0.000001 1.000000 -0.000473 -12.721917 -17.408881 16.616355 -0.000310 -0.000001 1.000000 -0.000467 -12.473486 -15.424780 16.596643 -0.000319 -0.000001 1.000000 -0.000464 -14.457815 -15.176625 16.587934 -0.000303 -0.000001 1.000000 -0.000470
-12.939900 -10.507000 17.622800 0.004080 0.192319 0.981323 -0.001401 -13.498021 -11.795059 20.132418 0.000118 0.000001 0.999999 -0.001215 -11.646434 -11.040094 20.115324 0.000108 0.000001 0.999999 -0.001220 -12.401445 -9.188008 20.112964 0.000122 0.000001 0.999999 -0.001213 -14.253032 -9.943014 20.130059 0.000132 0.000001 0.999999 -0.001208
-8.788020 -25.791600 20.260400 0.002866 0.041753 0.999124 0.000076 -9.695745 -26.866376 22.765713 0.000553 -0.000000 1.000000 -0.000090 -7.702771 -26.699569 22.754272 0.000552 -0.000000 1.000000 -0.000089 -7.869676 -24.706662 22.755055 0.000551 -0.000000 1.000000 -0.000088 -9.862650 -24.873469 22.766496 0.000552 -0.000000 1.000000 -0.000089
-10.363900 -39.427400 19.963800 -0.000649 0.000046 0.999999 0.000816 -11.367103 -40.426878 22.460866 -0.000511 0.000000 1.000000 -0.000137 -9.367165 -40.426697 22.463464 -0.000512 0.000000 1.000000 -0.000136 -9.367330 -38.426759 22.466727 -0.000512 0.000000 1.000000 -0.000135 -11.367268 -38.426940 22.464130 -0.000512 0.000000 1.000000 -0.000136
-2.986630 -45.512300 18.513800 0.006266 0.120231 0.992714 0.004966 -3.725383 -46.716301 21.013547 0.000225 -0.000000 1.000000 0.000242 -1.783662 -46.238477 20.991052 0.000211 -0.000001 1.000000 0.000225 -2.260457 -44.296477 21.013788 0.000240 -0.000001 1.000000 0.000259 -4.202118 -44.774362 21.036284 0.000254 -0.000000 1.000000 0.000275
-2.627690 -40.301900 22.897300 0.003229 0.031465 0.999499 -0.001469 -3.557648 -41.362147 25.406568 0.000592 -0.000002 0.999999 -0.000829 -1.561929 -41.236430 25.393472 0.000592 -0.000002 0.999999 -0.000830 -1.687804 -39.240359 25.388005 0.000593 -0.000002 0.999999 -0.000826 -3.683502 -39.366055 25.401101 0.000593 -0.000002 0.999999 -0.000824
-16.235000 -12.866800 13.249300 -0.000475 -0.083541 0.996503 0.001406 -17.389115 -13.693293 15.745698 -0.001002 0.000002 0.999999 -0.000380 -15.417072 -14.026310 15.747119 -0.001011 0.000002 0.999999 -0.000398 -15.084080 -12.054794 15.752880 -0.000997 0.000002 0.999999 -0.000370 -17.056143 -11.721817 15.751458 -0.000987 0.000002 0.999999 -0.000352
11.752700 -18.185800 10.838900 0.004252 -0.015420 0.999869 -0.002525 10.727240 -19.159867 13.352467 0.000485 0.000001 1.000000 0.000167 12.725597 -19.221603 13.335615 0.000484 0.000001 1.000000 0.000166 12.787427 -17.222780 13.325252 0.000485 0.000001 1.000000 0.000167 10.788950 -17.161244 13.342103 0.000487 0.000001 1.000000 0.000169
0.003460 -40.571800 10.253900 -0.000885 0.331228 0.943550 0.000923 -0.155670 -41.969050 12.750435 0.000123 -0.000003 1.000000 0.000696 1.405599 -40.718753 12.754999 0.000128 -0.000003 1.000000 0.000709 0.155176 -39.157144 12.757308 0.000141 -0.000003 1.000000 0.000747 -1.405873 -40.407561 12.752745 0.000136 -0.000003 1.000000 0.000734
-16.690300 -7.822010 15.855000 0.001168 0.264733 0.964321 -0.000593 -17.039572 -9.189927 18.358091 0.000513 -0.000000 1.000000 -0.000254 -15.319591 -8.168760 18.352956 0.000513 -0.000000 1.000000 -0.000254 -16.340804 -6.449115 18.351904 0.000513 -0.000000 1.000000 -0.000254 -18.060784 -7.470263 18.357039 0.000513 -0.000000 1.000000 -0.000254
-15.240800 -22.077000 12.065400 0.002243 -0.074961 0.997182 0.002141 -16.390571 -22.913859 14.566200 -0.000003 -0.000000 1.000000 -0.000638 -14.412968 -23.212658 14.556610 -0.000027 -0.000000 1.000000 -0.000629 -14.114050 -21.234893 14.564476 -0.000038 -0.000000 1.000000 -0.000625 -16.091634 -20.936074 14.574066 -0.000014 -0.000000 1.000000 -0.000634
-12.075400 -40.557500 20.707600 -0.000361 -0.000655 0.999998 0.001822 -13.078958 -41.563635 23.203224 -0.000104 0.000001 1.000000 0.000543 -11.079000 -41.566279 23.204663 -0.000104 0.000001 1.000000 0.000543 -11.076382 -39.566294 23.211952 -0.000104 0.000001 1.000000 0.000546 -13.076359 -39.563670 23.210513 -0.000104 0.000001 1.000000 0.000546
24.920100 -20.277700 11.298000 -0.001431 0.058399 0.998291 -0.001448 24.050218 -21.397548 13.798316 0.000465 0.000003 1.000000 0.000329 26.036548 -21.164484 13.803692 0.000463 0.000003 1.000000 0.000334 25.803401 -19.177794 13.797577 0.000459 0.000003 1.000000 0.000342 23.817030 -19.410798 13.792202 0.000461 0.000003 1.000000 0.000338
-15.602600 -29.296500 22.056100 0.002697 -0.011470 0.999924 -0.003541 -16.627871 -30.280816 24.568499 -0.000628 0.000002 1.000000 -0.000550 -14.628567 -30.326752 24.557873 -0.000630 0.000001 1.000000 -0.000546 -14.582688 -28.327308 24.543585 -0.000633 0.000001 1.000000 -0.000538 -16.581992 -28.281393 24.554211 -0.000631 0.000001 1.000000 -0.000542
-15.009500 -25.741100 23.398600 -0.004792 -0.076528 0.997044 -0.004963 -16.140818 -26.570678 25.897351 -0.000295 0.000005 1.000000 -0.000623 -14.164616 -26.875712 25.917984 -0.000301 0.000005 1.000000 -0.000617 -13.859193 -24.899397 25.899657 -0.000310 0.000005 1.000000 -0.000608 -15.835415 -24.594363 25.879024 -0.000305 0.000005 1.000000 -0.000613
5.177060 -31.154200 19.130000 0.001370 0.060448 0.998167 0.002721 4.305044 -32.255385 21.626744 0.000190 0.000004 1.000000 -0.000413 6.290220 -32.013981 21.621930 0.000189 0.000004 1.000000 -0.000416 6.048786 -30.028967 21.633129 0.000195 0.000004 1.000000 -0.000397 4.063610 -30.270371 21.637943 0.000196 0.000004 1.000000 -0.000394
3.775680 -16.295000 20.753700 0.000881 0.091303 0.995819 -0.002660 2.973568 -17.454035 23.261065 -0.000251 0.000002 0.999999 -0.001228 4.940540 -17.090299 23.256586 -0.000252 0.000002 0.999999 -0.001229 4.576885 -15.123812 23.246313 -0.000251 0.000002 0.999999 -0.001227 2.609913 -15.487568 23.250792 -0.000250 0.000002 0.999999 -0.001226
-15.301200 -12.318000 13.684300 0.003565 -0.091255 0.995817 -0.002810 -16.464366 -13.124303 16.197101 0.000396 -0.000000 1.000000 -0.000535 -14.498007 -13.487755 16.183925 0.000396 -0.000000 1.000000 -0.000539 -14.134555 -11.521376 16.171429 0.000395 -0.000000 1.000000 -0.000520 -16.100934 -11.157924 16.184605 0.000395 -0.000000 1.000000 -0.000516
37.689200 -8.918100 9.700440 0.001876 0.084484 0.996423 -0.000736 36.873768 -10.051006 12.205345 0.000731 0.000005 0.999999 -0.001010 38.845304 -9.714385 12.197621 0.000730 0.000005 0.999999 -0.001012 38.508052 -7.743437 12.195327 0.000741 0.000005 0.999999 -0.000981 36.536516 -8.080078 12.203052 0.000741 0.000005 0.999999 -0.000979
40.336100 -4.642370 9.568940 0.001383 0.099065 0.995074 0.003421 39.557604 -5.807562 12.063857 0.000594 0.000005 0.999999 -0.001220 41.518121 -5.413336 12.059707 0.000594 0.000005 0.999999 -0.001220 41.123752 -3.452358 12.073869 0.000594 0.000005 0.999999 -0.001220 39.163255 -3.846644 12.078019 0.000594 0.000005 0.999999 -0.001220
-12.071400 -30.355700 18.708500 -0.002339 0.016948 0.999852 0.001883 -13.017969 -31.382195 21.199933 0.000246 -0.000001 1.000000 -0.000050 -11.019540 -31.314571 21.209420 0.000186 -0.000001 1.000000 -0.000034 -11.087300 -29.315814 21.216790 0.000173 -0.000001 1.000000 -0.000031 -13.085729 -29.383438 21.207303 0.000232 -0.000001 1.000000 -0.000046
-8.263600 -41.460300 20.709500 -0.003925 0.006087 0.999972 -0.002111 -9.249844 -42.477572 23.205905 -0.000458 0.000000 1.000000 0.000028 -7.250294 -42.453073 23.221555 -0.000463 0.000000 1.000000 0.000036 -7.274366 -40.453299 23.213014 -0.000469 0.000000 1.000000 0.000048 -9.273917 -40.477798 23.197365 -0.000465 0.000000 1.000000 0.000040
-0.408732 -6.333610 16.016400 0.000277 -0.222145 0.975008 -0.003155 -1.733216 -6.801442 18.521782 0.000941 -0.000001 1.000000 -0.000223 0.069350 -7.668279 18.523505 0.000940 -0.000001 1.000000 -0.000223 0.935620 -5.865993 18.510953 0.000940 -0.000001 1.000000 -0.000223 -0.866986 -4.999156 18.509230 0.000940 -0.000001 1.000000 -0.000223
-4.194010 -40.824400 14.342900 0.002779 0.258791 0.965917 0.004982 -4.563770 -42.190139 16.834575 0.000433 -0.000003 1.000000 -0.000477 -2.831172 -41.190382 16.828999 0.000429 -0.000003 1.000000 -0.000479 -3.831218 -39.458392 16.851123 0.000433 -0.000003 1.000000 -0.000477 -5.563416 -40.458369 16.856701 0.000436 -0.000003 1.000000 -0.000476
0.520562 -10.562000 10.785300 0.004431 -0.125027 0.992132 -0.004790 -0.689972 -11.288936 13.303436 0.001566 -0.000002 0.999999 -0.000268 1.246903 -11.785553 13.288247 0.001564 -0.000002 0.999999 -0.000266 1.742871 -9.848272 13.267020 0.001556 -0.000002 0.999999 -0.000257 -0.194084 -9.351714 13.282209 0.001558 -0.000002 0.999999 -0.000259
-17.277500 -39.000000 20.401300 0.003477 0.005275 0.999979 0.001642 -18.273964 -40.006757 22.904864 -0.000177 0.000001 1.000000 0.000504 -16.274303 -39.985594 22.890992 -0.000179 0.000001 1.000000 0.000500 -16.295260 -37.985676 22.897635 -0.000175 0.000001 1.000000 0.000508 -18.294921 -38.006859 22.911508 -0.000174 0.000001 1.000000 0.000512
-7.030050 -13.819500 17.208100 -0.003982 0.072395 0.997367 0.001289 -7.869082 -14.952260 19.697931 0.000559 -0.000003 1.000000 -0.000268 -5.890230 -14.663542 19.714192 0.000559 -0.000003 1.000000 -0.000268 -6.179309 -12.684733 19.718184 0.000558 -0.000003 1.000000 -0.000266 -8.158181 -12.973451 19.701923 0.000558 -0.000003 1.000000 -0.000266
-18.066300 -6.815160 13.807400 0.000840 -0.123896 0.992293 -0.001837 -19.288663 -7.546901 16.312421 -0.000637 0.000002 1.000000 -0.000533 -17.350047 -8.038652 16.309996 -0.000637 0.000002 1.000000 -0.000536 -16.858448 -6.100446 16.302284 -0.000641 0.000002 1.000000 -0.000495 -18.797085 -5.608735 16.304708 -0.000642 0.000002 1.000000 -0.000492
5.407520 -24.404600 19.233000 0.000923 0.114801 0.993387 0.001236 4.665053 -25.599079 21.731862 -0.000229 0.000001 1.000000 -0.000564 6.612273 -25.143026 21.728763 -0.000236 0.000001 1.000000 -0.000563 6.155950 -23.195850 21.734097 -0.000236 0.000001 1.000000 -0.000563 4.208750 -23.651922 21.737196 -0.000230 0.000001 1.000000 -0.000564
-17.097900 -29.795000 18.422300 0.003085 0.030885 0.999518 0.000323 -18.031950 -30.856834 20.927600 0.000238 0.000002 1.000000 -0.000154 -16.036123 -30.733250 20.915307 0.000237 0.000002 1.000000 -0.000156 -16.159459 -28.737046 20.916979 0.000238 0.000002 1.000000 -0.000153 -18.155285 -28.860630 20.929272 0.000239 0.000002 1.000000 -0.000152
-14.459000 -33.694400 10.916200 -0.003571 -0.153475 0.988145 0.001327 -15.710127 -34.338242 13.405787 -0.000028 0.000001 1.000000 -0.000086 -13.804556 -34.944983 13.419090 -0.000028 0.000001 1.000000 -0.000085 -13.198233 -33.039409 13.426527 -0.000031 0.000002 1.000000 -0.000079 -15.103824 -32.432647 13.413225 -0.000030 0.000001 1.000000 -0.000080
-14.587100 -15.281100 13.926200 -0.002381 -0.069976 0.997543 -0.002451 -15.714467 -16.118659 16.425617 -0.000255 0.000001 0.999999 -0.001273 -13.734116 -16.397853 16.435806 -0.000256 0.000001 0.999999 -0.001271 -13.454856 -14.417424 16.426694 -0.000260 0.000001 0.999999 -0.001265 -15.435207 -14.138210 16.416505 -0.000259 0.000001 0.999999 -0.001267
-8.559000 -6.778180 17.503700 0.004281 0.096520 0.995317 -0.003186 -9.349342 -7.942705 20.018310 -0.000037 -0.000001 1.000000 -0.000597 -7.386659 -7.558427 20.000036 -0.000039 -0.000001 1.000000 -0.000593 -7.770806 -5.595672 19.989005 -0.000042 -0.000001 1.000000 -0.000587 -9.733508 -5.980010 20.007280 -0.000040 -0.000001 1.000000 -0.000591
-9.978760 -19.957600 17.555200 -0.001881 0.036887 0.999317 0.001149 -10.897589 -21.027105 20.049181 0.000247 -0.000001 0.999999 -0.001117 -8.902965 -20.879606 20.056870 0.000246 -0.000001 0.999999 -0.001112 -9.050522 -18.885194 20.061185 0.000242 -0.000001 0.999999 -0.001105 -11.045145 -19.032693 20.053495 0.000244 -0.000001 0.999999 -0.001109
-7.917970 -24.453000 20.873200 -0.001742 0.052732 0.998602 0.003252 -8.802111 -25.539675 23.362975 0.000080 0.000001 1.000000 -0.000956 -6.813105 -25.329105 23.370619 0.000071 0.000001 1.000000 -0.000948 -7.023961 -23.340710 23.383247 0.000064 0.000001 1.000000 -0.000940 -9.012926 -23.551260 23.375602 0.000072 0.000001 1.000000 -0.000948
-11.906600 -38.240900 23.693000 -0.006874 -0.016752 0.999833 -0.002336 -12.933196 -39.200143 26.183518 0.000869 0.000001 1.000000 -0.000029 -10.934747 -39.267255 26.211167 0.000867 0.000001 1.000000 -0.000035 -10.867786 -37.268700 26.202285 0.000874 0.000002 1.000000 -0.000016 -12.866315 -37.201508 26.174636 0.000876 0.000002 1.000000 -0.000011
29.113400 -20.046700 11.021100 -0.000010 0.069601 0.997574 -0.000991 28.271787 -21.184759 13.523146 0.000827 0.000003 1.000000 0.000321 30.252530 -20.907189 13.522910 0.000826 0.000003 1.000000 0.000323 29.974839 -18.926210 13.518954 0.000824 0.000003 1.000000 0.000333 27.994057 -19.203721 13.519191 0.000825 0.000003 1.000000 0.000331
-1.064160 -12.314800 14.517400 0.005651 -0.180747 0.983506 -0.003867 -2.348096 -12.894467 17.036717 0.000998 0.000001 0.999999 -0.000795 -0.479661 -13.605697 17.017282 0.000998 0.000001 0.999999 -0.000800 0.231214 -11.736715 16.997983 0.000998 0.000001 0.999999 -0.000792 -1.637300 -11.025544 17.017418 0.000998 0.000001 0.999999 -0.000787
-16.340100 -35.320100 17.751500 0.004519 0.008710 0.999937 0.005438 -17.325800 -36.337587 20.249417 0.000331 0.000001 1.000000 0.000713 -15.326385 -36.302172 20.231530 0.000330 0.000001 1.000000 0.000712 -15.360503 -34.302994 20.253440 0.000331 0.000001 1.000000 0.000713 -17.359898 -34.338429 20.271327 0.000332 0.000001 1.000000 0.000714
-5.900960 -12.480800 14.976300 -0.002024 -0.126150 0.992004 0.003092 -7.112260 -13.194883 17.466371 0.000207 0.000000 1.000000 -0.000149 -5.175892 -13.695413 17.472843 0.000204 0.000000 1.000000 -0.000151 -4.675391 -11.759107 17.486134 0.000205 0.000000 1.000000 -0.000150 -6.611680 -11.258516 17.479662 0.000208 0.000000 1.000000 -0.000148
-9.834520 -14.739900 16.722400 -0.003862 0.056782 0.998373 0.003462 -10.710483 -15.844247 19.207770 -0.000199 -0.000002 1.000000 -0.000661 -8.723380 -15.617704 19.223980 -0.000203 -0.000002 1.000000 -0.000664 -8.950250 -13.630848 19.236927 -0.000199 -0.000002 1.000000 -0.000661 -10.937314 -13.857392 19.220717 -0.000195 -0.000002 1.000000 -0.000658
-4.068200 -41.049700 21.947700 -0.000218 0.033253 0.999440 -0.003648 -4.993267 -42.112447 24.454788 0.000327 -0.000002 1.000000 0.000119 -2.997750 -41.979465 24.455174 0.000324 -0.000002 1.000000 0.000123 -3.130526 -39.984241 24.440560 0.000322 -0.000002 1.000000 0.000126 -5.126042 -40.117203 24.440175 0.000325 -0.000002 1.000000 0.000123
-14.461400 -39.464600 20.695500 -0.001049 0.000871 0.999993 -0.003394 -15.455200 -40.473424 23.200152 0.000156 -0.000001 1.000000 -0.000041 -13.455148 -40.469905 23.204334 0.000155 -0.000001 1.000000 -0.000045 -13.458518 -38.470114 23.190752 0.000159 -0.000001 1.000000 -0.000029 -15.458570 -38.473633 23.186569 0.000160 -0.000001 1.000000 -0.000025
-15.233600 -23.162000 12.903200 0.003013 -0.057150 0.998359 0.002082 -16.351612 -24.047923 15.405579 0.000141 -0.000001 1.000000 0.000190 -14.364593 -24.275942 15.393072 0.000118 -0.000001 1.000000 0.000208 -14.136464 -22.289024 15.400696 0.000095 -0.000001 1.000000 0.000225 -16.123443 -22.060985 15.413204 0.000118 -0.000001 1.000000 0.000208
-16.367200 -10.813300 12.296100 -0.000149 -0.098690 0.995118 0.000268 -17.538399 -11.595569 14.795284 -0.000019 -0.000001 1.000000 -0.000652 -15.577437 -11.988321 14.795772 -0.000027 -0.000001 1.000000 -0.000658 -15.184526 -10.027479 14.796896 -0.000024 -0.000001 1.000000 -0.000656 -17.145487 -9.634748 14.796408 -0.000015 -0.000001 1.000000 -0.000649
-16.939100 -35.992800 9.076120 0.003309 -0.220253 0.975433 0.003001 -18.277740 -36.470185 11.579462 0.000400 0.000002 1.000000 0.000322 -16.471909 -37.329272 11.563906 0.000393 0.000002 1.000000 0.000325 -15.612202 -35.523154 11.572703 0.000384 0.000002 1.000000 0.000329 -17.418032 -34.664106 11.588259 0.000391 0.000002 1.000000 0.000326
5.648000 -12.906900 23.307300 0.001198 0.103750 0.994597 -0.003243 4.879845 -14.082945 25.816537 0.000385 0.000001 1.000000 -0.000711 6.836963 -13.670302 25.810426 0.000384 0.000001 1.000000 -0.000708 6.424090 -11.713680 25.798020 0.000383 0.000001 1.000000 -0.000700 4.466972 -12.126343 25.804131 0.000383 0.000001 1.000000 -0.000703
6.401570 -31.931300 18.216800 -0.001098 0.066430 0.997788 0.002369 5.560143 -33.059432 20.709623 0.001242 0.000003 0.999999 -0.000192 7.542227 -32.794012 20.714637 0.001228 0.000003 0.999999 -0.000202 7.277386 -30.812026 20.723797 0.001238 0.000003 0.999999 -0.000195 5.295302 -31.077466 20.718783 0.001252 0.000003 0.999999 -0.000185
-15.967100 -49.868500 23.283900 0.001858 -0.000258 0.999998 0.001135 -16.961183 -50.873334 25.785333 0.000292 0.000000 0.999999 0.001083 -14.961077 -50.874297 25.777901 0.000290 0.000000 0.999999 0.001086 -14.959957 -48.874202 25.782438 0.000289 0.000000 0.999999 0.001088 -16.960063 -48.873259 25.789870 0.000290 0.000000 0.999999 0.001086
-5.999030 -39.538400 11.563000 -0.005585 0.325236 0.945613 -0.002595 -6.174238 -40.937588 14.062621 -0.000744 -0.000002 1.000000 -0.000080 -4.598296 -39.707061 14.080371 -0.000744 -0.000002 1.000000 -0.000074 -5.827848 -38.130342 14.063287 -0.000745 -0.000002 1.000000 -0.000067 -7.404189 -39.360669 14.045538 -0.000745 -0.000002 1.000000 -0.000073
-5.365050 -50.281500 19.295300 0.008436 0.113732 0.993476 0.000477 -6.132577 -51.484145 21.808818 0.000634 0.000000 1.000000 0.000371 -4.185201 -51.032489 21.775500 0.000572 0.000000 1.000000 0.000366 -4.637085 -49.084150 21.781237 0.000590 0.000000 1.000000 0.000367 -6.584420 -49.535826 21.814554 0.000651 0.000000 1.000000 0.000372
16.272600 -22.569700 11.689100 0.003355 0.018854 0.999817 0.000330 15.317086 -23.608672 14.194997 0.001688 0.000001 0.999998 -0.000494 17.315899 -23.533005 14.181602 0.001679 0.000001 0.999998 -0.000488 17.240961 -21.533847 14.183175 0.001672 0.000001 0.999998 -0.000482 15.242128 -21.609514 14.196570 0.001680 0.000001 0.999998 -0.000488
0.304629 -25.341400 14.741100 0.004382 0.033053 0.999420 -0.006896 -0.619295 -26.405583 17.263725 0.001208 0.000001 0.999999 -0.000175 1.375538 -26.273868 17.245296 0.001208 0.000001 0.999999 -0.000178 1.243161 -24.278788 17.218306 0.001209 0.000001 0.999999 -0.000171 -0.751792 -24.410664 17.236734 0.001210 0.000001 0.999999 -0.000168
15.043800 -48.590400 15.208100 0.002044 0.194818 0.980836 0.001881 14.496282 -49.898101 17.706867 0.001007 -0.000002 0.999999 0.000896 16.344689 -49.133748 17.700314 0.000974 -0.000002 0.999999 0.000883 15.580147 -47.285258 17.709286 0.001003 -0.000002 0.999999 0.000894 13.731860 -48.049651 17.715840 0.001035 -0.000002 0.999999 0.000907
-16.631600 -23.954600 12.918900 0.002327 -0.045439 0.998963 -0.001838 -17.736934 -24.867373 15.427123 -0.000454 -0.000001 1.000000 -0.000223 -15.745395 -25.049059 15.418156 -0.000500 -0.000001 1.000000 -0.000196 -15.564103 -23.057152 15.410388 -0.000531 -0.000001 1.000000 -0.000177 -17.555622 -22.875486 15.419355 -0.000485 -0.000001 1.000000 -0.000205
-9.999870 -40.000200 20.000100 -0.000396 0.000000 1.000000 -0.000718 -10.998854 -41.002034 22.500740 0.000305 0.000000 1.000000 0.000553 -8.998855 -41.002033 22.502326 0.000305 0.000000 1.000000 0.000553 -8.998854 -39.002035 22.499454 0.000305 0.000000 1.000000 0.000553 -10.998853 -39.002036 22.497868 0.000306 0.000000 1.000000 0.000553
-16.390000 -21.790400 19.436100 -0.000883 0.109994 0.993929 -0.002316 -17.157613 -22.983116 21.939625 -0.000576 0.000002 1.000000 -0.000358 -15.206130 -22.545563 21.942117 -0.000593 0.000002 1.000000 -0.000361 -15.643387 -20.593819 21.932519 -0.000585 0.000002 1.000000 -0.000360 -17.594869 -21.031372 21.930027 -0.000568 0.000002 1.000000 -0.000356
-13.772700 -44.484700 15.738300 -0.003417 -0.007320 0.999967 -0.000776 -14.783113 -45.482429 18.232887 0.000093 0.000002 1.000000 0.000463 -12.783114 -45.511817 18.246577 0.000092 0.000002 1.000000 0.000459 -12.754005 -43.512293 18.243570 0.000097 0.000002 1.000000 0.000478 -14.754024 -43.482906 18.229880 0.000097 0.000002 1.000000 0.000483
-16.772000 -7.041230 15.661500 -0.000346 0.275590 0.961275 -0.000726 -17.086885 -8.417775 18.162818 0.000577 -0.000000 1.000000 -0.000219 -15.390645 -7.358423 18.163346 0.000576 -0.000000 1.000000 -0.000219 -16.450415 -5.662244 18.160173 0.000576 -0.000000 1.000000 -0.000219 -18.146635 -6.721596 18.159645 0.000577 -0.000000 1.000000 -0.000219
-5.322010 -16.297500 16.453200 0.002937 -0.068550 0.997643 -0.000438 -6.459636 -17.155278 18.960220 0.000865 -0.000002 0.999999 -0.000705 -4.478447 -17.428639 18.948619 0.000816 -0.000002 0.999999 -0.000674 -4.205057 -15.447196 18.946066 0.000775 -0.000002 0.999999 -0.000648 -6.186206 -15.173816 18.957667 0.000825 -0.000002 0.999999 -0.000680
-1.545570 -45.404700 17.984200 -0.001539 0.107059 0.994250 -0.001802 -2.284672 -46.600168 20.485240 0.000897 -0.000000 1.000000 -0.000177 -0.331208 -46.174264 20.490599 0.000847 -0.000001 1.000000 -0.000194 -0.756771 -44.220423 20.482770 0.000874 -0.000001 1.000000 -0.000185 -2.710275 -44.646308 20.477411 0.000924 -0.000000 1.000000 -0.000168
-11.558100 -19.767400 18.977900 -0.001188 0.054083 0.998524 -0.004808 -12.448547 -20.868437 21.485748 -0.000594 0.000002 0.999999 -0.001041 -10.460312 -20.652282 21.489455 -0.000594 0.000002 0.999999 -0.001039 -10.676261 -18.664074 21.469992 -0.000595 0.000002 0.999999 -0.001032 -12.664516 -18.880229 21.466286 -0.000595 0.000002 0.999999 -0.001034
-7.408050 -32.720600 14.433200 0.003388 0.077862 0.996949 -0.004332 -8.244851 -33.868227 16.948676 -0.000207 -0.000001 1.000000 0.000535 -6.269567 -33.557708 16.933816 -0.000212 -0.000001 1.000000 0.000531 -6.579843 -31.581613 16.917597 -0.000207 -0.000001 1.000000 0.000536 -8.555188 -31.892252 16.932456 -0.000202 -0.000001 1.000000 0.000540
-3.611130 -27.228100 15.510300 -0.000820 0.035167 0.999381 0.000913 -4.548358 -28.308148 18.006774 0.000025 0.000000 1.000000 -0.000227 -2.553388 -28.167850 18.010179 -0.000004 0.000000 1.000000 -0.000191 -2.693991 -26.172560 18.013716 -0.000035 0.000000 1.000000 -0.000152 -4.688942 -26.312818 18.010311 -0.000006 0.000000 1.000000 -0.000189
4.028130 -26.773500 19.481100 0.001249 0.076285 0.997083 0.001959 3.191441 -27.901895 21.979141 0.000142 0.000004 1.000000 -0.000770 5.168017 -27.597593 21.974756 0.000141 0.000004 1.000000 -0.000772 4.863755 -25.621066 21.982950 0.000145 0.000004 1.000000 -0.000765 2.887179 -25.925368 21.987335 0.000145 0.000004 1.000000 -0.000763
-12.030900 -35.228300 19.133200 0.004003 0.003399 0.999978 -0.004173 -13.020592 -36.219453 21.649487 0.000197 0.000001 1.000000 -0.000945 -11.020982 -36.206104 21.633418 0.000192 0.000001 1.000000 -0.000935 -11.034824 -34.206660 21.616784 0.000181 0.000001 1.000000 -0.000908 -13.034454 -34.220029 21.632854 0.000186 0.000001 1.000000 -0.000918
-16.919100 -8.821420 11.508500 -0.000031 -0.110459 0.993879 -0.002052 -18.120715 -9.569234 14.012032 -0.000060 -0.000001 1.000000 -0.000699 -16.169499 -10.008364 14.013062 -0.000068 -0.000001 1.000000 -0.000703 -15.730408 -8.057006 14.004917 -0.000065 -0.000001 1.000000 -0.000701 -17.681603 -7.617855 14.003888 -0.000057 -0.000001 1.000000 -0.000697
23.987200 -20.177000 11.320400 0.003931 0.056167 0.998408 0.003245 23.121310 -21.283882 13.820903 0.001202 0.000004 0.999999 -0.000537 25.108489 -21.059341 13.805933 0.001191 0.000004 0.999999 -0.000550 24.884690 -19.071922 13.819775 0.001203 0.000004 0.999999 -0.000536 22.897570 -19.296523 13.834744 0.001214 0.000004 0.999999 -0.000524
44.660600 7.715020 9.341480 0.001308 0.128852 0.991644 -0.006055 43.949905 6.506324 11.857253 0.000397 0.000005 0.999998 -0.001939 45.883727 7.017534 11.848944 0.000397 0.000005 0.999998 -0.001939 45.372734 8.950076 11.825605 0.000397 0.000005 0.999998 -0.001939 43.438892 8.438906 11.833914 0.000398 0.000005 0.999998 -0.001940
-11.120100 -28.736800 18.335500 0.002360 0.016338 0.999862 -0.002009 -12.085035 -29.757606 20.844193 -0.000404 -0.000001 1.000000 -0.000403 -10.086145 -29.692262 20.834624 -0.000404 -0.000001 1.000000 -0.000404 -10.151447 -27.693386 20.826745 -0.000404 -0.000001 1.000000 -0.000400 -12.150337 -27.758730 20.836314 -0.000404 -0.000001 1.000000 -0.000400
-13.355100 -31.345900 17.252200 -0.003016 0.000002 0.999993 0.002101 -14.360890 -32.342995 19.741943 0.000239 0.000001 1.000000 0.000132 -12.360986 -32.343195 19.754009 0.000219 0.000001 1.000000 0.000131 -12.361298 -30.343372 19.762414 0.000220 0.000001 1.000000 0.000132 -14.361181 -30.343153 19.750348 0.000240 0.000001 1.000000 0.000132
-11.712800 -28.187900 16.883700 0.006089 -0.006753 0.999956 -0.002279 -12.717236 -29.169320 19.400441 0.000730 0.000001 1.000000 -0.000599 -10.718147 -29.196447 19.376148 0.000716 0.000001 1.000000 -0.000598 -10.691230 -27.196690 19.366868 0.000714 0.000001 1.000000 -0.000598 -12.690340 -27.169583 19.391161 0.000728 0.000001 1.000000 -0.000599
-16.379300 -9.979200 13.447000 0.003605 -0.109988 0.993926 -0.001304 -17.577430 -10.735486 15.957236 -0.000072 -0.000001 1.000000 -0.000513 -15.626072 -11.172724 15.943476 -0.000073 -0.000001 1.000000 -0.000513 -15.188771 -9.221340 15.936706 -0.000073 -0.000001 1.000000 -0.000511 -17.140130 -8.784102 15.950466 -0.000073 -0.000001 1.000000 -0.000511
-16.227100 -19.903400 20.311600 0.003461 0.145434 0.989362 -0.000162 -16.887246 -21.140019 22.817772 0.000130 0.000001 1.000000 -0.000557 -14.972318 -20.564774 22.803981 0.000120 0.000001 1.000000 -0.000557 -15.547947 -18.649498 22.805354 0.000122 0.000001 1.000000 -0.000557 -17.462875 -19.224763 22.819144 0.000133 0.000001 1.000000 -0.000556
-17.084300 -7.960140 10.990600 -0.000090 -0.115054 0.993357 -0.002119 -18.291978 -8.695694 13.494097 0.000037 -0.000001 1.000000 -0.000795 -16.344908 -9.152852 13.495431 0.000029 -0.000001 1.000000 -0.000800 -15.887788 -7.205640 13.487051 0.000033 -0.000001 1.000000 -0.000798 -17.834839 -6.748482 13.485717 0.000040 -0.000001 1.000000 -0.000793
-9.124330 -46.960200 18.580000 0.002181 0.012044 0.999924 -0.001315 -10.097820 -47.984620 21.086961 0.000341 0.000002 1.000000 0.000012 -8.098560 -47.936657 21.078176 0.000340 0.000002 1.000000 0.000010 -8.146845 -45.937384 21.073023 0.000342 0.000002 1.000000 0.000014 -10.146106 -45.985367 21.081808 0.000343 0.000002 1.000000 0.000015
-7.369620 -20.213900 22.280400 0.001604 0.086116 0.996275 -0.004177 -8.188349 -21.366302 24.792333 0.000302 0.000001 0.999999 -0.001123 -6.218263 -21.023270 24.784501 0.000299 0.000001 0.999999 -0.001124 -6.561409 -19.052843 24.768406 0.000302 0.000001 0.999999 -0.001123 -8.531555 -19.395916 24.776238 0.000305 0.000001 0.999999 -0.001122
8.384980 -31.655800 19.713600 0.001478 0.066105 0.997800 0.004795 7.527753 -32.769486 22.206077 0.001339 0.000002 0.999999 0.000336 9.510085 -32.505521 22.201445 0.001337 0.000002 0.999999 0.000330 9.246256 -30.523572 22.220976 0.001351 0.000002 0.999999 0.000362 7.263924 -30.787557 22.225607 0.001354 0.000002 0.999999 0.000368
-17.009100 -37.168900 9.476360 -0.003033 -0.230397 0.973086 -0.003463 -18.342150 -37.633543 11.974016 -0.000051 0.000003 1.000000 0.000666 -16.554538 -38.529845 11.989017 -0.000079 0.000003 1.000000 0.000636 -15.657272 -36.742184 11.978329 -0.000067 0.000003 1.000000 0.000649 -17.444944 -35.845922 11.963328 -0.000039 0.000003 1.000000 0.000679
-16.304900 -7.877430 13.510500 0.000061 -0.113733 0.993504 -0.003851 -17.502006 -8.614595 16.017382 -0.000133 0.000000 1.000000 -0.000840 -15.553907 -9.066773 16.018891 -0.000135 0.000000 1.000000 -0.000838 -15.101991 -7.119033 16.003563 -0.000140 0.000000 1.000000 -0.000830 -17.050090 -6.666835 16.002053 -0.000139 0.000000 1.000000 -0.000832
-17.518400 -45.997900 15.386800 -0.000713 -0.027089 0.999621 -0.004789 -18.570487 -46.953761 17.894561 -0.000423 0.000001 1.000000 0.000437 -16.573504 -47.062023 17.897932 -0.000425 0.000001 1.000000 0.000434 -16.465194 -45.065190 17.878857 -0.000421 0.000001 1.000000 0.000439 -18.462177 -44.956928 17.875486 -0.000419 0.000001 1.000000 0.000442
-16.268400 -34.574400 17.321200 -0.002418 0.010951 0.999937 -0.000577 -17.234242 -35.602766 19.817512 -0.000250 0.000002 1.000000 -0.000290 -15.234845 -35.558837 19.827161 -0.000287 0.000002 1.000000 -0.000316 -15.278542 -33.559218 19.824746 -0.000260 0.000002 1.000000 -0.000297 -17.277919 -33.603147 19.815097 -0.000223 0.000002 1.000000 -0.000270
-12.848900 -40.272900 21.375000 -0.001506 -0.001218 0.999998 0.000771 -13.850560 -41.264600 23.870429 -0.000159 0.000000 1.000000 -0.000399 -11.850555 -41.269476 23.876449 -0.000159 0.000000 1.000000 -0.000398 -11.845668 -39.269544 23.879541 -0.000160 0.000000 1.000000 -0.000397 -13.845653 -39.264648 23.873521 -0.000159 0.000000 1.000000 -0.000398
-16.088100 -33.214300 18.203000 0.002903 0.011793 0.999926 0.000076 -17.066144 -34.233862 20.708565 0.000030 0.000000 1.000000 -0.000398 -15.066954 -34.186651 20.696958 0.000030 0.000000 1.000000 -0.000398 -15.114104 -32.187067 20.697398 0.000030 0.000000 1.000000 -0.000398 -17.113313 -32.234278 20.709006 0.000030 0.000000 1.000000 -0.000398
0.415568 -35.984600 21.585600 -0.004217 -0.020529 0.999780 -0.001089 -0.617693 -36.942592 24.079079 0.000385 0.000002 1.000000 0.000179 1.380650 -37.024752 24.096030 0.000385 0.000002 1.000000 0.000180 1.462627 -35.026483 24.092021 0.000384 0.000002 1.000000 0.000181 -0.535756 -34.944302 24.075070 0.000385 0.000002 1.000000 0.000181
6.960520 -5.612080 8.648180 0.003563 -0.148007 0.988961 -0.006077 5.714150 -6.273954 11.166449 0.001253 -0.000002 0.999999 -0.000778 7.625995 -6.859834 11.155951 0.001246 -0.000002 0.999999 -0.000775 8.211301 -4.947866 11.129800 0.001240 -0.000002 0.999999 -0.000772 6.299356 -4.362066 11.140298 0.001248 -0.000002 0.999999 -0.000775
-11.848600 -32.416900 17.620600 -0.000986 0.007041 0.999969 0.003495 -12.835779 -33.434807 20.111589 -0.000168 0.000002 1.000000 -0.000434 -10.835881 -33.407016 20.115631 -0.000168 0.000002 1.000000 -0.000434 -10.864299 -31.407363 20.129585 -0.000167 0.000002 1.000000 -0.000403 -12.864197 -31.435154 20.125542 -0.000167 0.000002 1.000000 -0.000403
7.162170 -44.878000 19.624000 0.007180 0.148094 0.988941 0.003585 6.516201 -46.124210 22.127826 0.001494 0.000002 0.999999 -0.000607 8.427088 -45.537942 22.101553 0.001481 0.000001 0.999999 -0.000612 7.841586 -43.625561 22.119988 0.001488 0.000001 0.999999 -0.000609 5.930880 -44.211908 22.146260 0.001500 0.000002 0.999999 -0.000605
13.341000 -47.747300 15.218000 -0.004069 0.187712 0.982213 -0.002441 12.790029 -49.049161 17.717167 0.001322 -0.000001 0.999999 0.000373 14.649639 -48.311729 17.731314 0.001317 -0.000001 0.999999 0.000372 13.912227 -46.452576 17.718668 0.001320 -0.000001 0.999999 0.000372 12.052236 -47.189868 17.704524 0.001324 -0.000001 0.999999 0.000373
42.144800 -8.028370 9.891630 0.002487 0.087600 0.996145 0.004006 41.345264 -9.180239 12.387399 0.001371 0.000004 0.999999 -0.000836 43.314265 -8.830932 12.378893 0.001371 0.000004 0.999999 -0.000836 42.965377 -6.861671 12.395725 0.001371 0.000004 0.999999 -0.000834 40.996397 -7.211018 12.404231 0.001371 0.000004 0.999999 -0.000834
-5.260960 -46.495600 21.781800 0.002351 0.038139 0.999270 -0.000096 -6.176139 -47.571619 24.286508 0.000413 -0.000001 1.000000 0.000554 -4.182140 -47.419156 24.277098 0.000410 -0.000001 1.000000 0.000557 -4.334485 -45.424954 24.277072 0.000408 -0.000001 1.000000 0.000558 -6.328484 -45.577438 24.286482 0.000412 -0.000001 1.000000 0.000555
-1.549080 -26.634900 14.565800 0.005732 0.039249 0.999192 -0.006446 -2.470056 -27.716604 17.090058 0.000402 -0.000000 1.000000 -0.000213 -0.476970 -27.559961 17.066133 0.000401 -0.000000 1.000000 -0.000211 -0.633949 -25.566469 17.041269 0.000399 -0.000000 1.000000 -0.000207 -2.627175 -25.723253 17.065192 0.000400 -0.000000 1.000000 -0.000210
-6.549150 -27.868300 15.846800 0.005158 0.037003 0.999298 -0.002753 -7.470972 -28.932682 18.362392 0.000292 0.000000 1.000000 -0.000582 -5.477015 -28.784793 18.341366 0.000291 0.000001 1.000000 -0.000579 -5.624878 -26.790200 18.331125 0.000290 0.000001 1.000000 -0.000563 -7.618915 -26.938209 18.352151 0.000290 0.000001 1.000000 -0.000566
3.629610 -31.584200 17.635400 0.001602 0.063318 0.997986 -0.003537 2.774793 -32.715487 20.145798 0.001034 0.000001 0.999999 0.000416 4.758986 -32.462828 20.138503 0.001033 0.000001 0.999999 0.000414 4.506302 -30.478855 20.124789 0.001036 0.000001 0.999999 0.000435 2.522089 -30.731494 20.132083 0.001036 0.000001 0.999999 0.000438
-16.444000 -18.628500 10.187300 0.001177 -0.112997 0.993590 -0.003075 -17.635290 -19.374423 12.695298 0.000537 -0.000001 1.000000 -0.000373 -15.686668 -19.823828 12.692013 0.000531 -0.000001 1.000000 -0.000372 -15.237612 -17.875359 12.679261 0.000527 -0.000001 1.000000 -0.000371 -17.186273 -17.425974 12.682547 0.000534 -0.000001 1.000000 -0.000372
-10.062000 -20.098900 17.574000 0.002447 0.036125 0.999331 -0.005162 -10.993280 -21.166078 20.089352 -0.000286 -0.000000 0.999999 -0.001443 -8.998704 -21.021826 20.078824 -0.000310 -0.000001 0.999999 -0.001428 -9.143317 -19.027353 20.058541 -0.000319 -0.000000 0.999999 -0.001422 -11.137913 -19.171624 20.069069 -0.000295 -0.000000 0.999999 -0.001437
-13.882400 -7.847880 11.746200 0.001480 -0.125104 0.992141 0.001496 -15.104785 -8.553338 14.246829 -0.000101 0.000001 1.000000 -0.000928 -13.167218 -9.049553 14.240204 -0.000104 0.000001 1.000000 -0.000931 -12.670706 -7.111926 14.245397 -0.000101 0.000001 1.000000 -0.000928 -14.608253 -6.615731 14.252022 -0.000099 0.000001 1.000000 -0.000925
-13.237100 -19.718000 14.756700 -0.001953 -0.045441 0.998953 -0.004859 -14.325625 -20.616205 17.261860 -0.000837 0.000001 0.999999 -0.001091 -12.334160 -20.797640 17.270546 -0.000838 0.000001 0.999999 -0.001092 -12.152409 -18.806534 17.251484 -0.000838 0.000001 0.999999 -0.001092 -14.143875 -18.625099 17.242798 -0.000837 0.000001 0.999999 -0.001091
-16.232200 -12.125300 17.805200 -0.005160 0.151459 0.988447 -0.002355 -16.883037 -13.372159 20.301871 -0.000583 0.000000 0.999999 -0.001317 -14.975123 -12.773093 20.320846 -0.000593 0.000000 0.999999 -0.001320 -15.573692 -10.864894 20.308408 -0.000589 0.000000 0.999999 -0.001319 -17.481626 -11.463920 20.289433 -0.000580 0.000000 0.999999 -0.001316
-11.186000 -23.740600 14.687200 0.002627 -0.059322 0.998231 -0.002892 -12.283361 -24.629758 17.198063 0.000150 0.000001 1.000000 0.000162 -10.297965 -24.866476 17.188266 0.000102 0.000001 1.000000 0.000121 -10.060768 -22.880806 17.176093 0.000134 0.000001 1.000000 0.000148 -12.046184 -22.644127 17.185889 0.000183 0.000001 1.000000 0.000189
-6.494910 -16.886000 14.665100 0.000998 -0.085577 0.996326 -0.003070 -7.637350 -17.692923 17.172798 -0.000170 0.000001 0.999999 -0.001039 -5.666867 -18.034325 17.169872 -0.000185 0.000001 0.999999 -0.001032 -5.325930 -16.064096 17.157298 -0.000198 0.000001 0.999999 -0.001025 -7.296453 -15.722715 17.160225 -0.000183 0.000001 0.999999 -0.001032
-14.257600 -15.456500 13.628000 -0.003121 -0.069600 0.997565 -0.003268 -15.390208 -16.299104 16.127375 -0.000288 0.000001 0.999999 -0.001286 -13.409624 -16.576707 16.140739 -0.000292 0.000001 0.999999 -0.001288 -13.131779 -14.596067 16.128569 -0.000290 0.000001 0.999999 -0.001287 -15.112363 -14.318424 16.115205 -0.000286 0.000001 0.999999 -0.001285
35.187000 -20.930900 9.950890 0.000016 0.091997 0.995759 -0.000564 34.388698 -22.097756 12.452145 0.001091 0.000003 0.999999 0.000069 36.354724 -21.731428 12.451873 0.001082 0.000003 0.999999 0.000061 35.987756 -19.765163 12.449633 0.001094 0.000003 0.999999 0.000071 34.021650 -20.131411 12.449905 0.001103 0.000003 0.999999 0.000078
-16.523900 -22.619800 19.118700 0.002770 0.093888 0.995579 0.000108 -17.323929 -23.784076 21.623433 -0.000188 0.000002 1.000000 -0.000021 -15.359400 -23.410105 21.612440 -0.000189 0.000002 1.000000 -0.000022 -15.733089 -21.445424 21.613912 -0.000187 0.000002 1.000000 -0.000017 -17.697618 -21.819396 21.624905 -0.000186 0.000002 1.000000 -0.000015
0.534990 -25.211100 14.686200 0.002931 0.032928 0.999453 -0.000052 -0.403384 -26.279875 17.191936 0.000198 0.000002 0.999999 -0.001101 1.592464 -26.148156 17.180213 0.000169 0.000002 0.999999 -0.001069 1.461105 -24.151893 17.180393 0.000143 0.000002 0.999999 -0.001040 -0.534704 -24.283572 17.192117 0.000172 0.000002 0.999999 -0.001073
-5.329580 -7.600230 17.617100 0.001394 0.094584 0.995516 0.000736 -6.115036 -8.750752 20.117889 0.000538 -0.000001 0.999999 -0.001272 -4.150809 -8.374108 20.112615 0.000534 -0.000001 0.999999 -0.001264 -4.527424 -6.410035 20.116073 0.000529 -0.000001 0.999999 -0.001253 -6.491632 -6.786658 20.121347 0.000533 -0.000001 0.999999 -0.001261
-16.962200 -24.146500 11.300900 -0.002851 -0.157548 0.987507 -0.000598 -18.225013 -24.776094 13.795335 -0.000996 0.000000 0.999999 -0.000501 -16.324291 -25.398406 13.806975 -0.001001 0.000000 0.999999 -0.000498 -15.701885 -23.498133 13.806412 -0.001011 0.000000 0.999999 -0.000491 -17.602607 -22.875801 13.794772 -0.001006 0.000000 0.999999 -0.000495
-15.228100 -25.342400 14.601000 -0.004542 -0.028195 0.999592 -0.000075 -16.284141 -26.279934 17.091781 -0.000359 0.000000 1.000000 -0.000462 -14.287724 -26.392786 17.109950 -0.000359 0.000000 1.000000 -0.000462 -14.175029 -24.395966 17.110164 -0.000359 0.000000 1.000000 -0.000461 -16.171427 -24.283094 17.091995 -0.000359 0.000000 1.000000 -0.000462
-9.245960 -4.188220 17.949400 -0.004521 0.116721 0.993154 0.001087 -9.989009 -5.396304 20.439038 -0.000607 0.000000 1.000000 -0.000240 -8.044086 -4.933076 20.457507 -0.000607 0.000000 1.000000 -0.000235 -8.508213 -2.987896 20.459714 -0.000607 0.000000 1.000000 -0.000219 -10.453116 -3.451064 20.441246 -0.000607 0.000000 1.000000 -0.000224
-4.196680 -5.425830 17.773300 -0.001186 0.107620 0.994187 0.002806 -4.952322 -6.614582 20.264983 0.000614 -0.000002 0.999999 -0.000818 -2.998556 -6.186577 20.270906 0.000614 -0.000002 0.999999 -0.000818 -3.426567 -4.233177 20.281554 0.000615 -0.000002 0.999999 -0.000803 -5.380333 -4.661162 20.275631 0.000615 -0.000002 0.999999 -0.000803
21.120200 -20.660400 11.647700 0.003810 0.050558 0.998702 0.004899 20.235634 -21.757976 14.144595 0.001020 0.000003 0.999999 -0.000241 22.225292 -21.555790 14.130367 0.001020 0.000003 0.999999 -0.000245 22.023815 -19.566271 14.150709 0.001022 0.000003 0.999999 -0.000225 20.034218 -19.768496 14.164936 0.001023 0.000003 0.999999 -0.000222
-15.471600 -13.403700 13.194700 -0.002875 -0.082315 0.996599 -0.002352 -16.620615 -14.225872 15.692779 0.000016 -0.000001 1.000000 -0.000582 -14.647951 -14.554006 15.705013 0.000016 -0.000001 1.000000 -0.000583 -14.319743 -12.581572 15.696582 0.000016 -0.000001 1.000000 -0.000580 -16.292406 -12.253437 15.684348 0.000016 -0.000001 1.000000 -0.000580
5.660700 -21.357400 13.140000 0.001689 0.021906 0.999758 0.001314 4.704673 -22.403413 15.640610 0.001030 0.000001 0.999999 -0.000401 6.702982 -22.315599 15.633973 0.001019 0.000001 0.999999 -0.000389 6.615726 -20.317046 15.639377 0.001007 0.000001 0.999999 -0.000376 4.617417 -20.404839 15.646014 0.001018 0.000001 0.999999 -0.000388
-15.913300 -10.500400 13.639200 -0.002906 -0.098000 0.995182 -0.000771 -17.099159 -11.283099 16.134208 -0.000344 0.000001 1.000000 -0.000504 -15.137509 -11.673283 16.146079 -0.000350 0.000001 1.000000 -0.000495 -14.747608 -9.711161 16.144145 -0.000362 0.000001 1.000000 -0.000474 -16.709238 -9.320978 16.132274 -0.000357 0.000001 1.000000 -0.000483
-9.550790 -26.406800 19.454000 0.000319 0.031390 0.999503 -0.002707 -10.482342 -27.457259 21.960173 0.000504 -0.000000 1.000000 0.000076 -8.486264 -27.331745 21.958559 0.000503 -0.000000 1.000000 0.000073 -8.611765 -25.335935 21.947778 0.000507 -0.000000 1.000000 0.000083 -10.607803 -25.461450 21.949392 0.000509 -0.000000 1.000000 0.000086
28.965300 -17.140300 10.792200 0.002105 0.058645 0.998271 0.003466 28.094636 -18.245367 13.288794 0.000516 0.000005 0.999999 -0.000937 30.080622 -18.011206 13.281201 0.000516 0.000005 0.999999 -0.000938 29.846419 -16.024971 13.295533 0.000517 0.000005 0.999999 -0.000932 27.860433 -16.259172 13.303127 0.000517 0.000005 0.999999 -0.000930
-11.362700 -37.684300 19.667300 -0.002557 0.000201 0.999992 -0.002998 -12.371965 -38.690195 22.168137 -0.000544 0.000002 1.000000 0.000286 -10.372152 -38.689360 22.178362 -0.000556 0.000002 1.000000 0.000297 -10.373005 -36.689476 22.166370 -0.000567 0.000002 1.000000 0.000307 -12.372819 -36.690311 22.156144 -0.000555 0.000002 1.000000 0.000296
-6.309560 -20.652300 15.486700 0.008536 -0.053437 0.998534 -0.001013 -7.406813 -21.537269 18.006495 0.000713 -0.000001 1.000000 -0.000346 -5.419427 -21.750719 17.972613 0.000712 -0.000001 1.000000 -0.000346 -5.205965 -19.762285 17.966741 0.000712 -0.000001 1.000000 -0.000346 -7.193392 -19.548875 18.000623 0.000713 -0.000001 1.000000 -0.000346
-9.940100 -44.818700 19.268600 0.001294 0.018954 0.999812 -0.003968 -10.901395 -45.859362 21.779191 0.000589 0.000002 1.000000 0.000657 -8.902819 -45.783880 21.773713 0.000586 0.000002 1.000000 0.000654 -8.978902 -43.785380 21.757943 0.000589 0.000002 1.000000 0.000658 -10.977458 -43.860862 21.763422 0.000592 0.000002 1.000000 0.000661
-4.418550 -39.445000 20.338200 -0.001839 0.019397 0.999808 -0.002255 -5.364261 -40.472506 22.839097 0.000435 0.000000 1.000000 -0.000697 -3.365980 -40.394875 22.846277 0.000406 -0.000000 1.000000 -0.000677 -3.443318 -38.396700 22.837114 0.000387 0.000000 1.000000 -0.000664 -5.441619 -38.474332 22.829934 0.000416 0.000000 1.000000 -0.000684
-16.398500 -20.302000 19.967200 0.005641 0.140137 0.990111 -0.003104 -17.090460 -21.533640 22.483714 -0.000334 0.000001 1.000000 -0.000010 -15.169540 -20.978905 22.459632 -0.000340 0.000001 1.000000 -0.000013 -15.724575 -19.057757 22.450500 -0.000335 0.000001 1.000000 -0.000010 -17.645495 -19.612512 22.474582 -0.000329 0.000001 1.000000 -0.000007
-6.649600 -20.842500 15.570000 -0.006631 -0.051142 0.998668 -0.001365 -7.739246 -21.728346 18.058566 0.000638 -0.000001 0.999999 -0.000806 -5.749784 -21.932465 18.085331 0.000636 -0.000001 0.999999 -0.000806 -5.545373 -19.942814 18.081233 0.000637 -0.000001 0.999999 -0.000806 -7.534795 -19.738655 18.054467 0.000639 -0.000001 0.999999 -0.000805
-17.217200 -29.724600 13.088100 -0.002594 -0.012560 0.999917 0.001525 -18.226142 -30.687160 15.579695 0.000250 -0.000001 1.000000 -0.000218 -16.227200 -30.737530 15.590000 0.000214 -0.000000 1.000000 -0.000193 -16.177221 -28.738631 15.596236 0.000188 -0.000000 1.000000 -0.000175 -18.176163 -28.688240 15.585931 0.000223 -0.000001 1.000000 -0.000200
-5.198330 -9.000140 15.384900 0.001415 -0.162043 0.986777 -0.003412 -6.474839 -9.628725 17.893731 -0.000597 0.000000 1.000000 -0.000410 -4.579899 -10.268386 17.890357 -0.000599 0.000000 1.000000 -0.000408 -3.940297 -8.373564 17.875971 -0.000602 0.000000 1.000000 -0.000406 -5.835317 -7.733944 17.879344 -0.000600 0.000000 1.000000 -0.000408
3.947000 -5.386930 24.710000 -0.001823 0.105031 0.994464 0.002429 3.171872 -6.571065 27.201393 -0.000422 0.000002 1.000000 -0.000584 5.127513 -6.153425 27.209667 -0.000425 0.000002 1.000000 -0.000578 4.709617 -4.197434 27.218563 -0.000428 0.000002 1.000000 -0.000573 2.753976 -4.615015 27.210289 -0.000425 0.000002 1.000000 -0.000579
-15.946900 -48.307200 22.947200 0.000822 0.000988 0.999997 0.002049 -16.953328 -49.312409 25.444714 -0.000258 -0.000001 1.000000 0.000379 -14.953575 -49.308571 25.441434 -0.000268 -0.000001 1.000000 0.000380 -14.957619 -47.308612 25.449631 -0.000269 -0.000001 1.000000 0.000381 -16.957373 -47.312450 25.452911 -0.000259 -0.000001 1.000000 0.000380
-3.418650 -4.088300 17.824900 -0.000176 0.115350 0.993323 0.001724 -4.153041 -5.286108 20.320730 0.000864 -0.000002 0.999999 -0.000943 -2.206124 -4.827549 20.322223 0.000864 -0.000002 0.999999 -0.000944 -2.664365 -2.880844 20.328993 0.000866 -0.000002 0.999999 -0.000932 -4.611282 -3.339342 20.327500 0.000866 -0.000002 0.999999 -0.000931
-0.745753 -5.941620 15.704100 0.001620 -0.221741 0.975100 -0.002826 -2.069801 -6.405473 18.212209 0.000987 -0.000001 0.999999 -0.000495 -0.266548 -7.270810 18.208397 0.000986 -0.000001 0.999999 -0.000494 0.598153 -5.467859 18.195937 0.000984 -0.000001 0.999999 -0.000492 -1.205120 -4.602541 18.199749 0.000985 -0.000001 0.999999 -0.000493
-16.879100 -19.535100 20.475400 0.002146 0.128364 0.991722 0.002375 -17.590478 -20.754720 22.973769 -0.000276 0.000002 1.000000 -0.000073 -15.656506 -20.245654 22.966477 -0.000276 0.000002 1.000000 -0.000073 -16.165591 -18.311846 22.977001 -0.000276 0.000002 1.000000 -0.000072 -18.099543 -18.820912 22.984294 -0.000276 0.000002 1.000000 -0.000073
11.542000 -8.383530 6.396340 0.002545 -0.176156 0.984353 -0.003549 10.256397 -8.987613 8.907897 0.000627 -0.000003 1.000000 0.000547 12.131768 -9.681607 8.900372 0.000626 -0.000003 1.000000 0.000548 12.825490 -7.805661 8.884605 0.000616 -0.000003 1.000000 0.000566 10.950019 -7.111767 8.892129 0.000617 -0.000003 1.000000 0.000565
0.177487 -10.631700 10.861900 0.002752 -0.123728 0.992301 -0.004757 -1.022794 -11.344873 13.376234 0.000958 -0.000002 0.999999 -0.000576 0.915522 -11.836507 13.367670 0.000949 -0.000002 0.999999 -0.000565 1.406411 -9.898232 13.347428 0.000932 -0.000002 0.999999 -0.000547 -0.531964 -9.406658 13.355993 0.000941 -0.000002 0.999999 -0.000557
-10.962800 -38.401900 19.838200 -0.002302 0.000127 0.999997 -0.000771 -11.959449 -39.397078 22.335120 0.000041 0.000000 1.000000 -0.000684 -9.959490 -39.396583 22.344330 0.000035 0.000000 1.000000 -0.000684 -9.960031 -37.396585 22.341244 0.000035 0.000000 1.000000 -0.000684 -11.959990 -37.397081 22.332035 0.000041 0.000000 1.000000 -0.000684
-13.849700 -17.369100 14.213600 0.002295 -0.057964 0.998315 0.001284 -14.963679 -18.241817 16.716005 0.000194 0.000001 1.000000 -0.000280 -12.976979 -18.473211 16.706543 0.000191 0.000001 1.000000 -0.000281 -12.745542 -16.486317 16.711135 0.000191 0.000001 1.000000 -0.000280 -14.732242 -16.254943 16.720597 0.000194 0.000001 1.000000 -0.000280
-14.645700 -35.600000 9.078970 -0.002926 -0.213543 0.976929 0.001174 -15.964224 -36.079972 11.570136 0.000223 0.000001 1.000000 -0.000308 -14.146801 -36.914570 11.580569 0.000223 0.000001 1.000000 -0.000307 -13.312830 -35.097418 11.587661 0.000206 0.000001 1.000000 -0.000271 -15.130253 -34.262800 11.577228 0.000206 0.000001 1.000000 -0.000271
-13.652500 -39.958300 20.899000 -0.004756 -0.000263 0.999988 -0.000876 -14.648712 -40.960736 23.391190 -0.000852 0.000000 1.000000 -0.000063 -12.649003 -40.961751 23.410216 -0.000860 0.000000 1.000000 -0.000066 -12.647894 -38.961814 23.406715 -0.000857 0.000000 1.000000 -0.000065 -14.647604 -38.960799 23.387689 -0.000849 0.000000 1.000000 -0.000062
-5.414390 -45.903700 26.047200 0.001231 0.083032 0.996545 0.001698 -6.246871 -47.056543 28.545736 0.000638 0.000002 1.000000 0.000728 -4.274195 -46.725613 28.541394 0.000600 0.000002 1.000000 0.000712 -4.605067 -44.753242 28.548571 0.000623 0.000002 1.000000 0.000722 -6.577824 -45.084131 28.552913 0.000661 0.000002 1.000000 0.000738
-16.549000 -24.191000 13.137900 -0.004598 -0.042617 0.999080 -0.001095 -17.617746 -25.088862 15.630282 -0.000451 -0.000001 0.999999 -0.001006 -15.625455 -25.259254 15.648847 -0.000485 -0.000001 0.999999 -0.000990 -15.455044 -23.266903 15.645256 -0.000509 -0.000001 0.999999 -0.000978 -17.447374 -23.096512 15.626692 -0.000475 -0.000001 0.999999 -0.000995
45.466800 -18.906300 8.969080 0.002074 0.076300 0.997083 0.000331 44.644631 -20.032298 11.472093 0.001812 0.000003 0.999998 -0.000706 46.621447 -19.727985 11.463923 0.001812 0.000003 0.999998 -0.000704 46.316640 -17.751632 11.465884 0.001816 0.000003 0.999998 -0.000692 44.339824 -18.055965 11.474054 0.001816 0.000003 0.999998 -0.000693
-15.978000 -49.698000 24.845400 0.000670 0.009086 0.999957 -0.001416 -16.954530 -50.720872 27.349568 -0.000051 -0.000001 1.000000 0.000714 -14.955062 -50.684631 27.346836 -0.000054 -0.000001 1.000000 0.000709 -14.991390 -48.685130 27.341197 -0.000048 -0.000001 1.000000 0.000720 -16.990858 -48.721370 27.343928 -0.000045 -0.000001 1.000000 0.000725
-8.420590 -41.665200 20.609300 -0.000302 0.004868 0.999987 -0.001163 -9.418721 -42.676199 23.111019 0.000407 0.000000 1.000000 0.000307 -7.418836 -42.656724 23.112203 0.000381 0.000000 1.000000 0.000301 -7.438288 -40.656804 23.107546 0.000386 0.000000 1.000000 0.000302 -9.438173 -40.676279 23.106362 0.000413 0.000000 1.000000 0.000308
-16.117200 -40.745200 21.018100 0.000932 0.001409 0.999998 0.001363 -17.116293 -41.741187 23.517209 -0.000434 0.000000 1.000000 -0.000297 -15.116364 -41.735666 23.513491 -0.000435 0.000000 1.000000 -0.000301 -15.122135 -39.735702 23.518948 -0.000431 0.000000 1.000000 -0.000290 -17.122044 -39.741223 23.522667 -0.000430 0.000000 1.000000 -0.000286
3.909690 -24.535400 13.825000 -0.001804 0.031869 0.999484 0.003590 2.985410 -25.591933 16.314035 0.001400 0.000001 0.999999 -0.000293 4.982054 -25.464489 16.321699 0.001399 0.000001 0.999999 -0.000294 4.854418 -23.468763 16.335824 0.001401 0.000001 0.999999 -0.000293 2.857914 -23.596048 16.328158 0.001402 0.000001 0.999999 -0.000292
-11.122400 -21.240000 17.259900 -0.001582 0.033182 0.999447 -0.001139 -12.061456 -22.306713 19.759179 -0.000387 -0.000001 1.000000 -0.000567 -10.066150 -22.174212 19.765351 -0.000392 -0.000001 1.000000 -0.000556 -10.199037 -20.178701 19.760587 -0.000401 -0.000001 1.000000 -0.000539 -12.194342 -20.311222 19.754414 -0.000395 -0.000001 1.000000 -0.000550
-7.572900 -32.383100 14.390100 -0.000522 0.080831 0.996723 -0.002968 -8.403150 -33.539566 16.895497 -0.000116 -0.000001 1.000000 -0.000474 -6.429146 -33.217196 16.896618 -0.000121 -0.000001 1.000000 -0.000461 -6.751144 -31.243046 16.884617 -0.000129 -0.000001 1.000000 -0.000442 -8.725128 -31.565376 16.883497 -0.000124 -0.000001 1.000000 -0.000454
1.677250 -10.094500 10.277500 0.003495 -0.130759 0.991391 -0.005742 0.452173 -10.804828 12.795158 0.001091 -0.000002 0.999999 -0.000497 2.383192 -11.323742 12.784298 0.001075 -0.000002 0.999999 -0.000492 2.901605 -9.392386 12.759697 0.001066 -0.000002 0.999999 -0.000488 0.970506 -8.873532 12.770557 0.001081 -0.000002 0.999999 -0.000493
-4.028240 -9.302290 10.707500 0.001527 -0.127832 0.991791 -0.002577 -5.249454 -10.003273 13.215336 -0.000298 -0.000001 1.000000 -0.000420 -3.314788 -10.510420 13.210596 -0.000299 -0.000001 1.000000 -0.000417 -2.807413 -8.576110 13.199592 -0.000310 -0.000001 1.000000 -0.000392 -4.742119 -8.069004 13.204332 -0.000309 -0.000001 1.000000 -0.000395
-9.790410 -42.460200 19.370900 0.001721 0.003433 0.999990 0.002425 -10.781561 -43.465751 21.869451 0.000607 0.000000 0.999999 0.000816 -8.781640 -43.452001 21.862602 0.000607 0.000000 0.999999 0.000815 -8.795356 -41.452092 21.872325 0.000609 0.000000 0.999999 0.000822 -10.795277 -41.465842 21.879174 0.000610 0.000000 0.999999 0.000823
5.707790 -25.425100 20.002700 0.000620 0.088769 0.996051 0.001137 4.902857 -26.576766 22.501328 0.000894 0.000004 1.000000 -0.000060 6.871256 -26.223129 22.499263 0.000893 0.000004 1.000000 -0.000063 6.517484 -24.254754 22.504013 0.000899 0.000004 1.000000 -0.000053 4.549086 -24.608411 22.506078 0.000900 0.000004 1.000000 -0.000050
4.537480 -41.643000 7.164260 -0.000616 0.457537 0.889187 0.002255 4.779554 -43.046739 9.657618 0.000593 -0.000001 1.000000 0.000647 5.941991 -41.419599 9.663934 0.000594 -0.000002 1.000000 0.000649 4.314940 -40.257660 9.670824 0.000601 -0.000002 1.000000 0.000656 3.152243 -41.884640 9.664509 0.000600 -0.000001 1.000000 0.000655
-11.766500 -36.069800 19.221000 0.003680 0.001533 0.999992 0.000676 -12.758433 -37.066989 21.726970 0.000399 0.000000 1.000000 0.000121 -10.758816 -37.060785 21.712254 0.000395 0.000000 1.000000 0.000127 -10.764800 -35.060737 21.714980 0.000391 0.000000 1.000000 0.000133 -12.764417 -35.066940 21.729695 0.000394 0.000000 1.000000 0.000128
-14.371200 -44.682000 17.340700 0.005603 -0.053603 0.998539 -0.003886 -15.472880 -45.580003 19.859725 0.000286 0.000000 1.000000 -0.000577 -13.484899 -45.794328 19.838177 0.000285 0.000000 1.000000 -0.000583 -13.271208 -43.806162 19.821452 0.000287 0.000000 1.000000 -0.000558 -15.259189 -43.591877 19.843000 0.000288 0.000000 1.000000 -0.000551
-12.273600 -7.018910 17.280300 -0.003510 0.217362 0.976081 -0.002602 -12.737534 -8.340464 19.781042 0.000689 -0.000000 0.999998 -0.001677 -10.926408 -7.491756 19.792481 0.000666 -0.000000 0.999998 -0.001690 -11.774704 -5.680828 19.779268 0.000690 -0.000000 0.999998 -0.001676 -13.585830 -6.529496 19.767829 0.000712 -0.000000 0.999998 -0.001663
28.310400 -17.017700 9.785390 0.000969 0.062894 0.998018 0.001807 27.443841 -18.135839 12.283362 0.000233 0.000005 0.999999 -0.001073 29.427575 -17.884817 12.279948 0.000230 0.000005 0.999999 -0.001067 29.176506 -15.900752 12.287408 0.000226 0.000005 0.999999 -0.001058 27.192772 -16.151794 12.290822 0.000229 0.000005 0.999999 -0.001064
9.674470 -32.003800 19.623300 0.002932 0.067870 0.997685 0.003116 8.823458 -33.122595 22.122068 0.001562 0.000002 0.999999 0.000335 10.804838 -32.851526 22.111210 0.001553 0.000002 0.999999 0.000325 10.533982 -30.870390 22.124443 0.001570 0.000002 0.999999 0.000344 8.552602 -31.141479 22.135300 0.001579 0.000002 0.999999 0.000354
-16.222600 -47.056400 22.784100 0.000290 0.002486 0.999995 -0.002073 -17.228276 -48.070110 25.288771 -0.000617 -0.000003 1.000000 0.000742 -15.228561 -48.060326 25.287588 -0.000636 -0.000003 1.000000 0.000752 -15.238649 -46.060508 25.279298 -0.000647 -0.000003 1.000000 0.000758 -17.238344 -46.070292 25.280481 -0.000628 -0.000003 1.000000 0.000748
-13.795200 -15.265400 22.195500 0.003987 0.225213 0.974301 0.000318 -14.250649 -16.605436 24.700692 0.000222 -0.000000 1.000000 0.000077 -12.453797 -15.727889 24.685440 0.000221 -0.000000 1.000000 0.000076 -13.331373 -13.930913 24.690270 0.000224 -0.000000 1.000000 0.000079 -15.128186 -14.808480 24.705522 0.000225 -0.000000 1.000000 0.000080
-14.415400 -30.505600 15.907000 -0.005587 -0.002887 0.999976 0.002865 -15.406167 -31.490042 18.389896 -0.000809 0.000000 1.000000 0.000152 -13.407005 -31.501875 18.412220 -0.000867 0.000000 1.000000 0.000182 -13.395780 -29.502321 18.423749 -0.000899 0.000000 1.000000 0.000198 -15.394962 -29.490488 18.401426 -0.000841 0.000000 1.000000 0.000168
-15.679700 -4.040550 9.772680 0.005517 -0.187733 0.982203 0.001717 -16.978646 -4.603706 12.282819 -0.000312 0.000001 0.999999 -0.001243 -15.120182 -5.340996 12.259854 -0.000312 0.000001 0.999999 -0.001252 -14.382437 -3.482203 12.262457 -0.000312 0.000001 0.999999 -0.001228 -16.240900 -2.744973 12.285421 -0.000312 0.000001 0.999999 -0.001220
-15.599800 -44.269600 21.311500 -0.000289 0.005650 0.999983 -0.001580 -16.587363 -45.281845 23.814100 0.000500 -0.000000 1.000000 0.000008 -14.587331 -45.259245 23.815219 0.000500 -0.000000 1.000000 0.000008 -14.609887 -43.259543 23.808891 0.000500 -0.000000 1.000000 0.000009 -16.609919 -43.282143 23.807771 0.000500 -0.000000 1.000000 0.000009
15.525200 -21.349600 12.195400 0.004722 0.040160 0.999179 0.002424 14.616330 -22.422084 14.699377 0.001552 0.000003 0.999999 -0.000535 16.609349 -22.261370 14.680894 0.001552 0.000003 0.999999 -0.000535 16.448887 -20.268185 14.691341 0.001552 0.000003 0.999999 -0.000535 14.455887 -20.428919 14.709824 0.001552 0.000003 0.999999 -0.000535
3.276550 -31.543800 17.769700 -0.000387 0.064167 0.997939 -0.000827 2.417148 -32.670527 20.270712 0.000734 0.000003 1.000000 0.000464 4.400897 -32.414486 20.272044 0.000733 0.000003 1.000000 0.000466 4.144759 -30.430798 20.268645 0.000732 0.000003 1.000000 0.000471 2.161009 -30.686799 20.267314 0.000732 0.000003 1.000000 0.000470
3.833560 -16.988900 20.625200 -0.001365 0.089762 0.995961 0.001386 3.022519 -18.145933 23.119695 -0.000189 0.000003 1.000000 -0.000201 4.989923 -17.788481 23.125630 -0.000195 0.000003 1.000000 -0.000202 4.632156 -15.820678 23.130660 -0.000193 0.000003 1.000000 -0.000202 2.664753 -16.178129 23.124725 -0.000187 0.000003 1.000000 -0.000201
-5.008940 -39.090100 21.473100 -0.005304 0.031485 0.999490 0.000206 -5.937923 -40.152639 23.962346 -0.000351 -0.000003 1.000000 0.000322 -3.942021 -40.026787 23.983577 -0.000354 -0.000003 1.000000 0.000322 -4.067842 -38.030832 23.983733 -0.000354 -0.000003 1.000000 0.000322 -6.063764 -38.156665 23.962502 -0.000350 -0.000003 1.000000 0.000322
-1.471100 -12.364000 12.405600 0.005055 -0.113305 0.993527 -0.006335 -2.666999 -13.112748 14.927869 0.001130 -0.000002 0.999999 -0.000903 -0.718933 -13.563482 14.910648 0.001128 -0.000002 0.999999 -0.000901 -0.268995 -11.615335 14.883180 0.001125 -0.000002 0.999999 -0.000899 -2.217141 -11.164681 14.900400 0.001127 -0.000002 0.999999 -0.000900
23.156200 -19.665000 11.106500 0.002855 0.053154 0.998574 -0.004140 22.268631 -20.767114 13.620572 0.000471 0.000002 1.000000 0.000170 24.257677 -20.554829 13.608287 0.000470 0.000002 1.000000 0.000169 24.045317 -18.565939 13.592359 0.000472 0.000001 1.000000 0.000170 22.056271 -18.778204 13.604643 0.000473 0.000001 1.000000 0.000172
-4.937760 -46.057600 21.689000 0.000400 0.038740 0.999249 0.001086 -5.859783 -47.137062 24.187506 -0.000439 -0.000001 0.999999 0.001070 -3.865666 -46.981916 24.186076 -0.000440 -0.000001 0.999999 0.001071 -4.020169 -44.987864 24.190481 -0.000440 -0.000001 0.999999 0.001074 -6.014285 -45.143009 24.191911 -0.000440 -0.000001 0.999999 0.001072
-7.833400 -15.019700 17.515800 0.002057 0.059393 0.998232 0.000388 -8.693372 -16.119801 20.018765 0.000524 -0.000002 0.999999 -0.000942 -6.707500 -15.882664 20.010643 0.000500 -0.000002 0.999999 -0.000942 -6.944690 -13.896735 20.012683 0.000501 -0.000002 0.999999 -0.000942 -8.930503 -14.133832 20.020803 0.000525 -0.000002 0.999999 -0.000942
-16.304900 -8.520940 13.059000 0.002421 -0.113350 0.993547 -0.003157 -17.486418 -9.265502 15.569842 0.000467 -0.000000 0.999999 -0.001180 -15.538734 -9.716087 15.561659 0.000405 -0.000000 0.999999 -0.001205 -15.088371 -7.768059 15.548016 0.000409 -0.000000 0.999999 -0.001203 -17.036074 -7.317475 15.556200 0.000471 -0.000000 0.999999 -0.001178
-12.127700 -34.099500 19.153900 -0.004207 0.005404 0.999977 -0.000240 -13.105675 -35.101808 21.645921 0.000360 -0.000000 0.999999 -0.000964 -11.106023 -35.080307 21.662743 0.000325 -0.000000 0.999999 -0.000966 -11.127696 -33.080444 21.661695 0.000324 -0.000000 0.999999 -0.000966 -13.127328 -33.101945 21.644872 0.000359 -0.000000 0.999999 -0.000964
31.292800 -20.310100 10.438400 0.000012 0.077378 0.997001 -0.000871 30.464524 -21.445060 12.940274 0.001316 0.000003 0.999999 -0.000374 32.440535 -21.136595 12.939957 0.001313 0.000003 0.999999 -0.000379 32.131450 -19.160607 12.936490 0.001324 0.000003 0.999999 -0.000363 30.155380 -19.468992 12.936807 0.001328 0.000003 0.999999 -0.000358
10.812100 -14.396700 21.096300 0.002036 0.129035 0.991638 -0.000734 10.100380 -15.615290 23.601448 0.000544 0.000004 0.999999 -0.001178 12.033603 -15.103352 23.592994 0.000538 0.000004 0.999999 -0.001171 11.521913 -13.169654 23.591133 0.000535 0.000004 0.999999 -0.001167 9.588690 -13.681572 23.599587 0.000540 0.000004 0.999999 -0.001174
-17.170700 -34.841400 6.135970 0.000670 -0.216812 0.976213 -0.000776 -18.505997 -35.315354 8.638718 -0.000686 0.000003 1.000000 0.000500 -16.694089 -36.161935 8.636773 -0.000685 0.000003 1.000000 0.000487 -15.847612 -34.350047 8.633163 -0.000688 0.000003 1.000000 0.000519 -17.659541 -33.503467 8.635108 -0.000690 0.000003 1.000000 0.000532
11.222000 -26.729900 12.786700 0.005380 0.016155 0.999849 -0.003487 10.260698 -27.765720 15.304315 0.000848 0.000001 1.000000 0.000065 12.258758 -27.701366 15.282571 0.000847 0.000001 1.000000 0.000064 12.194174 -25.702378 15.268973 0.000848 0.000001 1.000000 0.000065 10.195913 -25.766953 15.290717 0.000848 0.000001 1.000000 0.000065
-13.651800 -31.988100 11.221700 -0.000839 -0.127421 0.991841 0.003754 -14.880541 -32.716679 13.713278 0.000025 0.000003 1.000000 0.000481 -12.945288 -33.222037 13.714696 0.000001 0.000003 1.000000 0.000502 -12.439695 -31.287358 13.730015 -0.000037 0.000003 1.000000 0.000538 -14.374908 -30.782000 13.728597 -0.000013 0.000003 1.000000 0.000516
0.478120 -36.153900 18.520200 0.000446 0.008738 0.999959 0.002330 -0.503215 -37.170032 21.016375 0.000067 0.000002 1.000000 0.000875 1.496699 -37.135097 21.014674 0.000067 0.000002 1.000000 0.000877 1.461612 -35.135505 21.024008 0.000066 0.000002 1.000000 0.000890 -0.538302 -35.170439 21.025709 0.000066 0.000002 1.000000 0.000888
5.966850 -41.065300 8.945170 0.000906 0.432509 0.901629 -0.000923 6.126656 -42.478863 11.448453 0.000662 -0.000002 1.000000 0.000414 7.378557 -40.919036 11.443590 0.000662 -0.000002 1.000000 0.000416 5.818744 -39.667375 11.441828 0.000662 -0.000002 1.000000 0.000417 4.566523 -41.227062 11.446692 0.000662 -0.000002 1.000000 0.000415
-6.101340 -38.077500 22.619100 -0.000716 -0.009970 0.999950 -0.000448 -7.121120 -39.057280 25.118538 0.000547 -0.000001 1.000000 -0.000407 -5.121679 -39.096978 25.121421 0.000540 -0.000001 1.000000 -0.000402 -5.081639 -37.097456 25.119660 0.000535 -0.000001 1.000000 -0.000398 -7.081079 -37.057738 25.116777 0.000542 -0.000001 1.000000 -0.000403
-7.455390 -19.344200 16.397500 -0.000334 -0.047856 0.998852 -0.002050 -8.522897 -20.231320 18.900525 0.000924 -0.000002 0.999999 -0.000760 -6.532598 -20.422921 18.902261 0.000877 -0.000002 0.999999 -0.000742 -6.341531 -18.432579 18.894140 0.000852 -0.000002 0.999999 -0.000733 -8.331870 -18.240957 18.892405 0.000899 -0.000002 0.999999 -0.000751
-11.957500 -27.398300 18.457900 0.000490 0.021610 0.999735 -0.007915 -12.917037 -28.437131 20.974954 -0.000402 0.000000 1.000000 -0.000115 -10.919066 -28.350648 20.972311 -0.000402 0.000000 1.000000 -0.000114 -11.005480 -26.352967 20.940701 -0.000402 0.000000 1.000000 -0.000113 -13.003491 -26.439490 20.943344 -0.000402 0.000000 1.000000 -0.000113
2.523630 -27.276700 19.285300 0.001028 0.069473 0.997576 0.003763 1.678226 -28.401070 21.779139 0.000399 0.000002 1.000000 0.000183 3.658696 -28.123798 21.776082 0.000396 0.000002 1.000000 0.000186 3.381514 -26.143520 21.791386 0.000394 0.000002 1.000000 0.000187 1.401044 -26.420793 21.794442 0.000397 0.000002 1.000000 0.000184
-13.857300 -10.986000 12.425900 -0.001533 -0.104432 0.994517 -0.005307 -15.029956 -11.761604 14.931869 0.000700 -0.000001 1.000000 -0.000100 -13.073830 -12.177228 14.940184 0.000690 -0.000001 1.000000 -0.000104 -12.658360 -10.221245 14.919711 0.000691 -0.000001 1.000000 -0.000104 -14.614526 -9.805600 14.911396 0.000702 -0.000001 1.000000 -0.000099
12.479800 -27.871400 9.100310 0.002563 0.002945 0.999990 -0.002373 11.491161 -28.873201 11.610166 0.000262 0.000002 1.000000 -0.000616 13.491160 -28.861507 11.599885 0.000259 0.000002 1.000000 -0.000615 13.479357 -26.861624 11.590424 0.000257 0.000002 1.000000 -0.000614 11.479338 -26.873338 11.600705 0.000261 0.000002 1.000000 -0.000615
-9.715020 -29.698000 17.160000 0.001838 0.018878 0.999819 -0.001572 -10.683783 -30.745252 19.666749 0.000601 0.000001 1.000000 -0.000148 -8.685062 -30.669844 19.659278 0.000576 0.000001 1.000000 -0.000121 -8.760574 -28.671059 19.653130 0.000549 0.000001 1.000000 -0.000094 -10.759295 -28.746468 19.660601 0.000575 0.000001 1.000000 -0.000121
-16.672000 -11.854600 12.928000 -0.001092 -0.088743 0.996054 0.000296 -17.822814 -12.671713 15.425038 0.000110 0.000002 1.000000 -0.000159 -15.854580 -13.025026 15.429287 0.000083 0.000002 1.000000 -0.000193 -15.500889 -11.057028 15.430850 0.000106 0.000002 1.000000 -0.000163 -17.469123 -10.703734 15.426601 0.000133 0.000002 1.000000 -0.000129
-11.313500 -30.595600 16.777000 0.001104 0.009845 0.999941 -0.004529 -12.290832 -31.632798 19.288187 0.000387 0.000001 1.000000 0.000338 -10.291244 -31.593538 19.283590 0.000387 0.000001 1.000000 0.000338 -10.330664 -29.593908 19.265520 0.000387 0.000001 1.000000 0.000371 -12.330251 -29.633187 19.270116 0.000387 0.000001 1.000000 0.000372
-3.286070 -34.140100 9.425870 -0.004046 0.407131 0.913361 -0.000322 -3.198448 -35.556932 11.922539 -0.000120 -0.000001 1.000000 -0.000249 -1.862016 -34.069717 11.936801 -0.000131 -0.000002 1.000000 -0.000256 -3.348821 -32.733320 11.929029 -0.000086 -0.000002 1.000000 -0.000230 -4.685473 -34.220375 11.914769 -0.000074 -0.000001 1.000000 -0.000224
5.434840 -5.499020 8.401650 -0.000602 -0.148837 0.988861 0.001081 4.185405 -6.159125 10.898460 0.000786 -0.000000 0.999999 -0.001220 6.096994 -6.747544 10.900198 0.000779 -0.000000 0.999999 -0.001211 6.685768 -4.835759 10.904832 0.000760 -0.000000 0.999999 -0.001185 4.774239 -4.247260 10.903094 0.000767 -0.000000 0.999999 -0.001194
11.207000 -18.457300 19.892000 0.001810 0.107075 0.994243 0.003407 10.453338 -19.650743 22.387674 0.001223 0.000001 0.999999 -0.000141 12.407345 -19.224623 22.381937 0.001223 0.000001 0.999999 -0.000141 11.981895 -17.270710 22.396260 0.001224 0.000001 0.999999 -0.000128 10.027888 -17.696789 22.401998 0.001224 0.000001 0.999999 -0.000128
-16.810100 -21.332500 19.896000 0.004964 0.109685 0.993942 0.004857 -17.572317 -22.517316 22.393942 -0.000151 0.000001 1.000000 -0.000096 -15.620738 -22.081038 22.376335 -0.000151 0.000001 1.000000 -0.000094 -16.056424 -20.129455 22.397825 -0.000152 0.000001 1.000000 -0.000088 -18.007982 -20.565754 22.415432 -0.000152 0.000001 1.000000 -0.000090
-17.041600 -8.166040 11.088600 0.002386 -0.113955 0.993483 -0.000062 -18.243392 -8.902927 13.593954 -0.000007 -0.000001 1.000000 -0.000980 -16.295257 -9.355717 13.584500 -0.000007 -0.000001 1.000000 -0.000980 -15.842468 -7.407260 13.583166 -0.000007 -0.000001 1.000000 -0.000979 -17.790603 -6.954490 13.592619 -0.000007 -0.000001 1.000000 -0.000978
-15.193900 -13.476700 13.665100 -0.001765 -0.080452 0.996757 0.000818 -16.348400 -14.290936 16.159744 0.000340 0.000000 1.000000 -0.000874 -14.373942 -14.611705 16.166519 0.000321 0.000000 1.000000 -0.000880 -14.053265 -12.637117 16.170347 0.000326 0.000000 1.000000 -0.000879 -16.027703 -12.316368 16.163571 0.000346 0.000000 1.000000 -0.000872
-5.115030 -49.249400 19.468900 -0.009170 0.102537 0.994687 0.000557 -5.902111 -50.437193 21.951226 0.000484 -0.000000 1.000000 -0.000073 -3.945763 -50.029464 21.987938 0.000453 -0.000000 1.000000 -0.000079 -4.353712 -48.071221 21.986392 0.000467 -0.000000 1.000000 -0.000076 -6.310240 -48.478889 21.949680 0.000498 -0.000000 1.000000 -0.000070
-11.679800 -29.166300 18.621100 -0.000579 0.017036 0.999853 -0.002031 -12.649575 -30.206272 21.124066 -0.000373 0.000000 1.000000 -0.000459 -10.650757 -30.138175 21.126242 -0.000374 0.000000 1.000000 -0.000456 -10.719005 -28.139412 21.118080 -0.000376 0.000000 1.000000 -0.000440 -12.717823 -28.207510 21.115905 -0.000375 0.000000 1.000000 -0.000444
6.046540 -46.920200 16.260100 -0.001605 0.154872 0.987931 -0.002154 5.418767 -48.181266 18.762234 -0.000115 0.000000 1.000000 -0.000661 7.322296 -47.569221 18.767248 -0.000166 -0.000000 1.000000 -0.000684 6.710478 -45.665481 18.757739 -0.000123 0.000000 1.000000 -0.000664 4.806890 -46.277486 18.752726 -0.000072 0.000000 1.000000 -0.000641
0.957399 -39.316900 10.807400 -0.000022 0.357306 0.933987 0.000934 0.890778 -40.734894 13.304929 0.000510 -0.000001 1.000000 -0.000183 2.379907 -39.400098 13.306348 0.000511 -0.000001 1.000000 -0.000181 1.045311 -37.911271 13.309802 0.000521 -0.000001 1.000000 -0.000165 -0.444019 -39.245948 13.308384 0.000520 -0.000001 1.000000 -0.000167
-12.863600 -50.616200 24.013500 0.003712 -0.005513 0.999975 0.002261 -13.861102 -51.603154 26.516421 0.000948 0.000000 1.000000 0.000055 -11.861559 -51.625133 26.501523 0.000932 -0.000000 1.000000 0.000057 -11.839473 -49.625195 26.510486 0.000930 0.000000 1.000000 0.000057 -13.839016 -49.603216 26.525384 0.000946 0.000000 1.000000 0.000055
-17.267200 -45.936900 15.478900 -0.000592 -0.025347 0.999660 0.006058 -18.321358 -46.879710 17.965809 0.000077 0.000001 1.000000 0.000445 -16.323849 -46.981060 17.967563 0.000074 0.000001 1.000000 0.000440 -16.222428 -44.984037 17.991847 0.000078 0.000001 1.000000 0.000445 -18.219936 -44.882687 17.990094 0.000081 0.000001 1.000000 0.000450
-7.685790 -32.444100 14.580500 -0.001279 0.074424 0.997211 0.005444 -8.522581 -33.583438 17.066432 0.000350 -0.000001 1.000000 0.000161 -6.544423 -33.286782 17.073153 0.000350 -0.000001 1.000000 0.000161 -6.841654 -31.309576 17.094490 0.000350 -0.000001 1.000000 0.000165 -8.819752 -31.606132 17.087769 0.000350 -0.000001 1.000000 0.000165
-9.980510 -26.873800 19.403500 -0.000172 0.029461 0.999565 -0.001091 -10.915831 -27.918765 21.905375 0.000602 0.000000 1.000000 -0.000466 -8.919322 -27.800993 21.905935 0.000601 0.000000 1.000000 -0.000469 -9.037093 -25.804669 21.901553 0.000607 0.000000 1.000000 -0.000448 -11.033601 -25.922441 21.900993 0.000608 0.000000 1.000000 -0.000445
-4.735740 -47.073700 25.638900 0.010412 0.090840 0.995799 0.004962 -5.534075 -48.244534 28.146815 -0.000406 0.000001 1.000000 0.000666 -3.567876 -47.882256 28.107144 -0.000441 0.000001 1.000000 0.000652 -3.929261 -45.915542 28.130693 -0.000417 0.000001 1.000000 0.000662 -5.895020 -46.277940 28.170366 -0.000382 0.000001 1.000000 0.000675
-7.606070 -43.594400 20.920800 -0.005569 0.025984 0.999647 -0.000650 -8.543226 -44.652334 23.411184 0.000446 -0.000001 1.000000 0.000452 -6.546291 -44.548419 23.433387 0.000444 -0.000001 1.000000 0.000450 -6.650217 -42.551162 23.430211 0.000446 -0.000001 1.000000 0.000452 -8.647172 -42.655057 23.408008 0.000448 -0.000001 1.000000 0.000453
-8.140250 -25.354300 19.487300 0.002610 0.036017 0.999331 0.005784 -9.069997 -26.409913 21.980204 0.000133 0.000000 1.000000 -0.000467 -7.075133 -26.265682 21.970603 0.000123 0.000001 1.000000 -0.000479 -7.219004 -24.271605 21.994105 0.000138 0.000001 1.000000 -0.000461 -9.213828 -24.415796 22.003706 0.000149 0.000001 1.000000 -0.000449
11.341400 -22.758600 12.493300 -0.001444 0.024881 0.999685 0.002857 10.402357 -23.798928 14.984559 0.001370 0.000001 0.999999 -0.000535 12.400692 -23.699233 14.990609 0.001367 0.000001 0.999999 -0.000536 12.301144 -21.701682 15.001890 0.001369 0.000001 0.999999 -0.000536 10.302949 -21.801197 14.995837 0.001371 0.000001 0.999999 -0.000535
4.543730 -16.506600 20.830000 -0.001287 0.089452 0.995987 -0.002601 3.746233 -17.653033 23.333235 0.000254 0.000002 0.999999 -0.001483 5.714320 -17.296749 23.337434 0.000247 0.000002 0.999999 -0.001476 5.357902 -15.329242 23.326615 0.000240 0.000002 0.999999 -0.001469 3.389815 -15.685527 23.322417 0.000248 0.000002 0.999999 -0.001476
45.116200 -23.938400 9.728710 0.002280 0.074007 0.997254 0.001300 44.285369 -25.075876 12.230111 0.001763 0.000000 0.999998 0.001246 46.263520 -24.780629 12.221401 0.001762 0.000000 0.999998 0.001243 45.967796 -22.802624 12.227263 0.001772 0.000000 0.999998 0.001264 43.989645 -23.097871 12.235973 0.001773 0.000000 0.999998 0.001267
-15.009800 -34.154000 11.096000 -0.003380 -0.153955 0.988071 -0.001318 -16.264563 -34.799814 13.590458 0.000216 0.000002 1.000000 0.000413 -14.359517 -35.408211 13.604628 0.000208 0.000002 1.000000 0.000421 -13.751185 -33.503226 13.601503 0.000195 0.000002 1.000000 0.000434 -15.656251 -32.894850 13.587332 0.000203 0.000002 1.000000 0.000426
34.273700 -20.450800 10.289800 0.002647 0.066298 0.997783 0.005110 33.427812 -21.574601 12.783794 0.001879 0.000002 0.999998 0.000423 35.409882 -21.309624 12.774584 0.001878 0.000002 0.999998 0.000423 35.145493 -19.327970 12.795680 0.001878 0.000002 0.999998 0.000423 33.163463 -19.592967 12.804890 0.001879 0.000002 0.999998 0.000423
-15.736000 -44.497900 21.612200 0.000709 0.001054 0.999999 -0.000100 -16.730866 -45.508219 24.113798 -0.000404 -0.000000 0.999999 0.000965 -14.730752 -45.503941 24.110960 -0.000412 -0.000000 0.999999 0.000965 -14.734930 -43.504006 24.110564 -0.000410 -0.000000 0.999999 0.000965 -16.735044 -43.508283 24.113402 -0.000402 -0.000000 0.999999 0.000965
-16.004600 -43.937800 21.726300 -0.000700 0.001518 0.999998 -0.001008 -16.993668 -44.941297 24.226902 -0.000343 -0.000002 1.000000 0.000732 -14.993639 -44.935200 24.229695 -0.000351 -0.000002 1.000000 0.000731 -14.999690 -42.935294 24.225656 -0.000348 -0.000002 1.000000 0.000731 -16.999718 -42.941390 24.222864 -0.000340 -0.000002 1.000000 0.000733
-16.027200 -32.678800 18.508900 0.000847 0.020656 0.999785 0.001518 -16.982874 -33.713120 21.007444 -0.000570 0.000001 1.000000 0.000014 -14.984543 -33.630509 21.004181 -0.000584 0.000001 1.000000 0.000025 -15.067044 -31.632385 21.010320 -0.000595 0.000001 1.000000 0.000033 -17.065374 -31.714996 21.013584 -0.000581 0.000001 1.000000 0.000022
-8.789200 -41.138100 20.417300 0.002511 0.001893 0.999995 -0.000246 -9.795351 -42.148678 22.922748 0.000262 -0.000001 1.000000 0.000149 -7.795391 -42.141190 22.912703 0.000228 -0.000001 1.000000 0.000151 -7.803003 -40.141165 22.911736 0.000225 -0.000001 1.000000 0.000151 -9.802964 -40.148653 22.921781 0.000258 -0.000001 1.000000 0.000149
-6.661570 -18.159300 14.730700 0.007170 -0.072116 0.997363 -0.003852 -7.794341 -19.006870 17.253078 -0.000179 0.000000 1.000000 -0.000504 -5.815630 -19.294704 17.225585 -0.000186 0.000000 1.000000 -0.000511 -5.527956 -17.315766 17.208151 -0.000181 0.000000 1.000000 -0.000506 -7.506748 -17.027992 17.235643 -0.000174 0.000000 1.000000 -0.000499
29.665100 -19.540600 10.470400 0.002200 0.061983 0.998074 0.001356 28.803928 -20.642937 12.971573 0.001135 0.000003 0.999999 -0.000375 30.788721 -20.395488 12.963128 0.001135 0.000003 0.999999 -0.000375 30.540896 -18.411184 12.969092 0.001141 0.000003 0.999999 -0.000352 28.556103 -18.658632 12.977537 0.001141 0.000003 0.999999 -0.000353
10.428500 -47.335700 15.629600 0.008561 0.175180 0.984492 0.003759 9.845464 -48.622640 18.134650 0.001210 -0.000002 0.999999 0.000769 11.721199 -47.932378 18.103573 0.001209 -0.000002 0.999999 0.000768 11.031894 -46.055427 18.124374 0.001210 -0.000002 0.999999 0.000769 9.156520 -46.745829 18.155450 0.001211 -0.000002 0.999999 0.000770
3.765120 -44.631300 19.559900 0.004647 0.132224 0.991207 0.002186 3.051480 -45.848591 22.062852 0.000433 0.000002 1.000000 -0.000403 4.980941 -45.324286 22.045580 0.000405 0.000002 1.000000 -0.000411 4.456596 -43.394178 22.056702 0.000424 0.000002 1.000000 -0.000405 2.527135 -43.918503 22.073974 0.000452 0.000002 1.000000 -0.000397
15.173400 -22.745700 11.865300 -0.000033 0.020271 0.999792 0.002203 14.225580 -23.780599 14.360694 0.001622 0.000001 0.999999 -0.000270 16.224857 -23.699310 14.360999 0.001620 0.000001 0.999999 -0.000270 16.143708 -21.700933 14.369808 0.001622 0.000001 0.999999 -0.000270 14.144571 -21.782062 14.369501 0.001623 0.000001 0.999999 -0.000269
-15.249400 -21.942700 11.956300 -0.004111 -0.077292 0.996999 0.001498 -16.393928 -22.763284 14.444639 -0.000199 -0.000000 1.000000 -0.000858 -14.418012 -23.071608 14.460573 -0.000207 0.000000 1.000000 -0.000869 -14.109917 -21.095593 14.467818 -0.000198 -0.000000 1.000000 -0.000857 -16.085793 -20.787229 14.451883 -0.000190 -0.000000 1.000000 -0.000846
-8.905070 -43.122500 19.166700 -0.002196 0.005475 0.999982 0.001344 -9.891560 -44.134509 21.659617 -0.000507 0.000000 1.000000 0.000274 -7.891760 -44.112662 21.668429 -0.000509 0.000000 1.000000 0.000273 -7.913691 -42.112829 21.673759 -0.000508 0.000000 1.000000 0.000274 -9.913492 -42.134676 21.664947 -0.000506 0.000000 1.000000 0.000274
-12.332000 -44.337400 16.850700 -0.000775 -0.004367 0.999975 0.005450 -13.351551 -45.327600 19.338226 -0.001029 0.000001 0.999999 0.000691 -11.351630 -45.345183 19.341231 -0.001031 0.000001 0.999999 0.000689 -11.334221 -43.345538 19.363043 -0.001030 0.000001 0.999999 0.000690 -13.334122 -43.327935 19.360037 -0.001028 0.000001 0.999999 0.000692
-15.708100 -18.414200 20.843800 -0.001304 0.166993 0.985954 -0.002392 -16.328067 -19.692548 23.347158 0.000298 0.000001 1.000000 -0.000112 -14.439540 -19.033746 23.350703 0.000274 0.000001 1.000000 -0.000096 -15.098118 -17.145195 23.340398 0.000268 0.000001 1.000000 -0.000091 -16.986664 -17.803978 23.336854 0.000291 0.000001 1.000000 -0.000107
-13.756100 -25.013700 23.870400 0.002393 -0.148361 0.988925 -0.003287 -15.003840 -25.682242 26.381331 -0.000269 0.000004 1.000000 0.000542 -13.092027 -26.269185 26.373817 -0.000280 0.000004 1.000000 0.000529 -12.505067 -24.357172 26.359396 -0.000272 0.000004 1.000000 0.000538 -14.416880 -23.770289 26.366910 -0.000261 0.000004 1.000000 0.000551
4.135430 -31.133500 18.997500 0.002253 0.055927 0.998417 0.005453 3.262976 -32.249878 21.490192 0.000853 0.000003 0.999999 0.000547 5.250244 -32.026294 21.482417 0.000849 0.000003 0.999999 0.000538 5.027217 -30.039744 21.504695 0.000860 0.000003 0.999999 0.000564 3.039969 -30.263329 21.512470 0.000864 0.000003 0.999999 0.000573
-2.850270 -31.206200 5.189370 0.004503 0.552673 0.833386 0.000755 -2.321899 -32.510603 7.689766 0.000868 -0.000002 1.000000 -0.000065 -1.543510 -30.668251 7.676423 0.000873 -0.000002 1.000000 -0.000061 -3.386275 -29.889362 7.688891 0.000893 -0.000002 1.000000 -0.000047 -4.164345 -31.731914 7.702236 0.000887 -0.000002 1.000000 -0.000051
23.345000 -13.544800 10.265000 0.001451 0.060873 0.998144 0.000900 22.483008 -14.638653 12.765685 0.001098 0.000004 0.999999 -0.000959 24.468257 -14.395748 12.760113 0.001098 0.000004 0.999999 -0.000955 24.224663 -12.410953 12.764065 0.001101 0.000004 0.999999 -0.000926 22.239413 -12.653838 12.769637 0.001101 0.000004 0.999999 -0.000930
-10.857300 -22.366400 13.150700 -0.001262 -0.123844 0.992293 -0.004017 -12.064614 -23.087354 15.654822 -0.000308 -0.000000 1.000000 -0.000594 -10.126130 -23.578812 15.661824 -0.000333 -0.000000 1.000000 -0.000595 -9.634391 -21.640486 15.646504 -0.000339 -0.000000 1.000000 -0.000595 -11.572916 -21.149068 15.639503 -0.000315 -0.000000 1.000000 -0.000594
-15.663100 -29.900000 14.600500 0.004523 -0.006170 0.999970 -0.000898 -16.700532 -30.901396 17.111090 -0.000749 0.000000 1.000000 0.000130 -14.700946 -30.926313 17.093018 -0.000826 0.000000 1.000000 0.000167 -14.676402 -28.926308 17.089312 -0.000864 0.000000 1.000000 0.000186 -16.675988 -28.901412 17.107385 -0.000787 0.000000 1.000000 0.000148
-13.624600 -35.204900 18.592600 -0.002845 0.001999 0.999992 -0.002000 -14.629826 -36.204131 21.090906 0.000213 0.000001 1.000000 -0.000066 -12.630035 -36.196054 21.102269 0.000205 0.000001 1.000000 -0.000072 -12.637966 -34.196206 21.094246 0.000211 0.000001 1.000000 -0.000067 -14.637758 -34.204283 21.082882 0.000219 0.000001 1.000000 -0.000062
-9.030880 -22.693800 15.457100 -0.000260 -0.035845 0.999351 -0.003667 -10.083751 -23.606061 17.963525 0.000295 0.000000 0.999999 -0.001086 -8.089191 -23.749683 17.965093 0.000262 0.000000 0.999999 -0.001072 -7.946081 -21.755536 17.950475 0.000241 0.000000 0.999999 -0.001062 -9.940681 -21.611914 17.948907 0.000274 0.000000 0.999999 -0.001077
-6.339620 -43.132900 23.388800 -0.005180 0.056516 0.998386 -0.002156 -7.221591 -44.237829 25.883554 -0.000569 0.000001 1.000000 -0.000083 -5.235035 -44.011863 25.903755 -0.000570 0.000002 1.000000 -0.000084 -5.460331 -42.024638 25.893975 -0.000569 0.000001 1.000000 -0.000082 -7.446927 -42.250604 25.873774 -0.000569 0.000001 1.000000 -0.000081
-1.139370 -38.713200 22.186000 0.002938 0.075367 0.997148 0.002650 -1.959122 -39.846979 24.685642 0.000432 -0.000000 1.000000 0.000330 0.017583 -39.546260 24.674726 0.000361 -0.000000 1.000000 0.000358 -0.282614 -37.569129 24.686180 0.000347 -0.000000 1.000000 0.000364 -2.259339 -37.869848 24.697096 0.000418 -0.000000 1.000000 0.000336
-9.828610 -15.122800 16.787600 0.002811 0.054443 0.998504 -0.004283 -10.722052 -16.220717 19.301873 -0.000260 -0.000002 1.000000 -0.000456 -8.734160 -16.003298 19.289712 -0.000263 -0.000002 1.000000 -0.000460 -8.951715 -14.015228 19.273216 -0.000259 -0.000002 1.000000 -0.000454 -10.939647 -14.232667 19.285376 -0.000256 -0.000002 1.000000 -0.000451
0.759494 -31.760500 18.283200 0.001390 0.041960 0.999117 0.001315 -0.142462 -32.844293 20.783098 0.000996 0.000003 0.999999 -0.000109 1.850228 -32.676354 20.777764 0.000994 0.000003 1.000000 -0.000112 1.682743 -30.683663 20.783250 0.000997 0.000003 0.999999 -0.000107 -0.309946 -30.851602 20.788584 0.000998 0.000003 0.999999 -0.000104
-10.896700 -43.884700 17.644300 -0.002458 0.001957 0.999988 -0.003662 -11.892136 -44.895453 20.146683 0.000087 0.000001 1.000000 0.000035 -9.892196 -44.887508 20.156486 0.000083 0.000001 1.000000 0.000030 -9.899949 -42.887857 20.141817 0.000087 0.000001 1.000000 0.000035 -11.899889 -42.895782 20.132014 0.000092 0.000001 1.000000 0.000039
4.013390 -5.644080 24.634600 0.001099 0.104844 0.994485 -0.002563 3.238091 -6.832577 27.142167 -0.000356 0.000002 1.000000 -0.000912 5.194477 -6.415425 27.136720 -0.000357 0.000002 1.000000 -0.000906 4.777403 -4.459440 27.126986 -0.000359 0.000002 1.000000 -0.000893 2.821017 -4.876612 27.132433 -0.000358 0.000002 1.000000 -0.000899
-8.120780 -20.495800 14.903900 -0.000226 -0.050306 0.998734 -0.000378 -9.223058 -21.389097 17.404132 0.000412 0.000000 0.999999 -0.001117 -7.233141 -21.589867 17.405112 0.000392 0.000000 0.999999 -0.001100 -7.032171 -19.599450 17.403645 0.000373 0.000000 0.999999 -0.001082 -9.022048 -19.398660 17.402666 0.000393 0.000000 0.999999 -0.001100
-5.230830 -43.721100 17.161300 -0.007285 0.146610 0.989151 -0.005761 -5.899558 -44.968890 19.662008 0.000637 -0.000001 1.000000 0.000112 -3.986488 -44.388364 19.687454 0.000633 -0.000001 1.000000 0.000111 -4.565797 -42.474815 19.660386 0.000637 -0.000001 1.000000 0.000112 -6.479187 -43.055200 19.634941 0.000640 -0.000001 1.000000 0.000114
-5.191770 -47.791500 14.538500 0.003849 0.027637 0.999611 0.000370 -6.129672 -48.851985 17.045195 0.000337 0.000001 1.000000 0.000776 -4.133207 -48.741512 17.029847 0.000332 0.000001 1.000000 0.000776 -4.243668 -46.744588 17.031753 0.000333 0.000001 1.000000 0.000776 -6.240133 -46.855081 17.047101 0.000338 0.000001 1.000000 0.000777
2.804070 -30.941400 18.018300 -0.000527 0.053847 0.998549 0.001016 1.920649 -32.049311 20.515155 -0.000012 0.000002 1.000000 0.000271 3.908830 -31.834158 20.517479 -0.000012 0.000002 1.000000 0.000272 3.693953 -29.845920 20.521423 -0.000011 0.000002 1.000000 0.000291 1.705772 -30.061073 20.519098 -0.000011 0.000002 1.000000 0.000290
-9.809920 -22.035300 13.164200 0.003147 -0.120670 0.992685 -0.002434 -11.001227 -22.765312 15.675376 0.000844 -0.000000 0.999999 -0.000622 -9.060331 -23.244591 15.664061 0.000796 -0.000000 0.999999 -0.000634 -8.581313 -21.302920 15.652876 0.000793 -0.000000 0.999999 -0.000634 -10.522248 -20.823680 15.664191 0.000841 -0.000000 0.999999 -0.000623
34.234800 -13.596900 10.443500 0.003615 0.066394 0.997781 0.003476 33.380680 -14.715558 12.942793 0.000695 0.000004 1.000000 -0.000460 35.362716 -14.450402 12.929289 0.000695 0.000004 1.000000 -0.000461 35.097880 -12.468143 12.944122 0.000695 0.000004 1.000000 -0.000459 33.115865 -12.733319 12.957626 0.000695 0.000004 1.000000 -0.000459
-17.738200 -46.963700 16.089700 -0.001611 -0.029885 0.999541 -0.004733 -18.788583 -47.912215 18.595462 -0.000143 0.000000 1.000000 0.000936 -16.792286 -48.031470 18.602470 -0.000182 0.000000 1.000000 0.000940 -16.672590 -46.034992 18.583739 -0.000185 0.000000 1.000000 0.000940 -18.668907 -45.915757 18.576731 -0.000146 0.000000 1.000000 0.000937
-11.872300 -49.656800 25.391200 0.003452 -0.025917 0.999657 0.001546 -12.929796 -50.604075 27.895227 -0.000536 0.000001 1.000000 0.000223 -10.932330 -50.707605 27.881265 -0.000536 0.000001 1.000000 0.000223 -10.828577 -48.710261 27.887090 -0.000536 0.000001 1.000000 0.000224 -12.826043 -48.606731 27.901053 -0.000535 0.000001 1.000000 0.000224
27.014000 -19.909700 11.129800 0.006255 0.063235 0.997979 -0.000513 26.152999 -21.018735 13.642526 0.001343 0.000005 0.999999 -0.000852 28.136508 -20.766260 13.617425 0.001341 0.000005 0.999999 -0.000854 27.883827 -18.782655 13.616961 0.001345 0.000005 0.999999 -0.000851 25.900358 -19.035191 13.642062 0.001347 0.000005 0.999999 -0.000850
-4.630260 -42.461100 14.605800 -0.005474 0.216129 0.976339 -0.004475 -5.115234 -43.791283 17.108085 -0.000593 -0.000003 1.000000 0.000542 -3.302961 -42.946784 17.125597 -0.000593 -0.000003 1.000000 0.000542 -4.146404 -41.133851 17.103387 -0.000593 -0.000003 1.000000 0.000544 -5.959037 -41.978170 17.085877 -0.000593 -0.000003 1.000000 0.000544
36.203600 -10.807100 9.840060 0.000200 0.078677 0.996872 -0.007455 35.375250 -11.943712 12.356407 0.000509 0.000005 0.999999 -0.001229 37.350690 -11.629856 12.353263 0.000509 0.000005 0.999999 -0.001229 37.037181 -9.655558 12.323597 0.000509 0.000005 0.999999 -0.001229 35.061722 -9.969374 12.326741 0.000510 0.000005 0.999999 -0.001229
-9.640700 -43.315000 19.168200 -0.000422 0.005561 0.999982 0.002361 -10.630770 -44.326923 21.662606 -0.000271 0.000002 1.000000 0.000847 -8.631054 -44.304683 21.664345 -0.000271 0.000002 1.000000 0.000847 -8.653302 -42.304829 21.673781 -0.000271 0.000002 1.000000 0.000851 -10.653018 -42.327069 21.672042 -0.000271 0.000002 1.000000 0.000851
-4.195840 -41.386800 15.272000 -0.005438 0.220988 0.975207 -0.010305 -4.660552 -42.723531 17.788226 0.000623 -0.000001 1.000000 -0.000428 -2.856333 -41.861051 17.800334 0.000623 -0.000001 1.000000 -0.000428 -3.717205 -40.057758 17.755316 0.000623 -0.000001 1.000000 -0.000426 -5.521804 -40.920019 17.743212 0.000623 -0.000001 1.000000 -0.000426
-7.000930 -18.450000 15.915100 -0.001187 -0.020614 0.999785 -0.002097 -8.048672 -19.406199 18.416769 0.000041 0.000003 1.000000 -0.000849 -6.050477 -19.488406 18.421689 0.000027 0.000003 1.000000 -0.000839 -5.968010 -17.489884 18.413399 0.000018 0.000003 1.000000 -0.000832 -7.966205 -17.407676 18.408480 0.000032 0.000003 1.000000 -0.000842
29.659200 -16.678600 10.656700 -0.000473 0.060199 0.998184 -0.002016 28.796804 -17.802414 13.160005 0.000914 0.000004 1.000000 0.000154 30.782208 -17.561991 13.161411 0.000913 0.000004 1.000000 0.000149 30.542252 -15.576363 13.153245 0.000919 0.000004 1.000000 0.000176 28.556869 -15.816806 13.151839 0.000920 0.000004 1.000000 0.000181
1.296210 -35.657200 21.894300 -0.000317 -0.038030 0.999276 0.001226 0.211567 -36.572083 24.391239 -0.000164 0.000002 1.000000 -0.000171 2.205602 -36.724216 24.392320 -0.000194 0.000002 1.000000 -0.000183 2.357271 -34.729927 24.397265 -0.000184 0.000002 1.000000 -0.000179 0.363257 -34.577815 24.396184 -0.000155 0.000002 1.000000 -0.000168
-16.425700 -4.854630 12.808200 -0.005761 -0.137085 0.990538 -0.002989 -17.647603 -5.531928 15.300169 0.000469 -0.000000 0.999999 -0.001578 -15.722745 -6.075031 15.324631 0.000465 -0.000000 0.999999 -0.001577 -15.179345 -4.150296 15.315945 0.000461 -0.000000 0.999999 -0.001577 -17.104203 -3.607153 15.291483 0.000465 -0.000000 0.999999 -0.001577
-15.153500 -33.013600 9.202190 0.001442 -0.173390 0.984833 0.006150 -16.434480 -33.610013 11.695491 -0.000504 0.000002 1.000000 0.000656 -14.554904 -34.293038 11.685547 -0.000504 0.000002 1.000000 0.000656 -13.872108 -32.413766 11.708777 -0.000505 0.000002 1.000000 0.000658 -15.751624 -31.730681 11.718721 -0.000505 0.000002 1.000000 0.000658
-16.294700 -27.649800 22.320500 -0.002251 -0.016738 0.999856 0.001350 -17.328016 -28.602602 24.813210 -0.000640 0.000001 1.000000 -0.000668 -15.329157 -28.669639 24.822122 -0.000641 0.000000 1.000000 -0.000670 -15.262205 -26.670887 24.827671 -0.000640 0.000000 1.000000 -0.000663 -17.261064 -26.603830 24.818759 -0.000639 0.000001 1.000000 -0.000661
-7.318210 -32.810500 14.373500 -0.000652 0.079793 0.996811 -0.000068 -8.152802 -33.977040 16.872339 -0.000265 -0.000001 1.000000 0.000750 -6.178231 -33.658987 16.874916 -0.000282 -0.000001 1.000000 0.000779 -6.496283 -31.684314 16.874440 -0.000304 -0.000001 1.000000 0.000816 -8.470814 -32.002347 16.871863 -0.000287 -0.000001 1.000000 0.000786
-1.749420 -40.564400 12.784500 0.002947 0.267922 0.963436 0.000206 -2.094941 -41.920530 15.288003 0.000659 -0.000003 1.000000 -0.000211 -0.382044 -40.888004 15.276867 0.000657 -0.000003 1.000000 -0.000214 -1.414765 -39.174993 15.280816 0.000701 -0.000003 1.000000 -0.000153 -3.127501 -40.207619 15.291954 0.000703 -0.000002 1.000000 -0.000150
-11.635200 -19.318900 19.020100 -0.000181 0.055540 0.998455 0.001514 -12.522706 -20.409267 21.516497 -0.000614 0.000002 0.999999 -0.000999 -10.534965 -20.187573 21.517558 -0.000614 0.000002 0.999999 -0.000999 -10.756802 -18.200101 21.523564 -0.000615 0.000002 0.999999 -0.000995 -12.744523 -18.421795 21.522503 -0.000615 0.000002 0.999999 -0.000996
-12.861600 -50.604600 24.015600 0.003861 -0.005538 0.999976 0.001373 -13.858330 -51.587136 26.520575 0.001032 -0.000000 0.999999 -0.000418 -11.858832 -51.609307 26.505103 0.001014 -0.000000 0.999999 -0.000411 -11.836759 -49.609317 26.510509 0.001007 -0.000000 0.999999 -0.000408 -13.836276 -49.587167 26.525981 0.001025 -0.000000 0.999999 -0.000415
-15.813100 -16.969000 8.310090 0.000488 -0.153846 0.988090 0.003167 -17.061585 -17.613096 10.805879 0.000189 -0.000000 1.000000 -0.000452 -15.156360 -18.221044 10.802001 0.000175 -0.000000 1.000000 -0.000459 -14.548280 -16.315918 10.814217 0.000176 -0.000000 1.000000 -0.000458 -16.453484 -15.707910 10.818095 0.000190 -0.000000 1.000000 -0.000452
7.890550 -8.463690 7.952290 0.004898 -0.158011 0.987419 -0.003450 6.646235 -9.093971 10.469155 0.001762 -0.000003 0.999998 0.000054 8.545609 -9.718791 10.451994 0.001759 -0.000003 0.999998 0.000060 9.169354 -7.818809 10.435272 0.001749 -0.000003 0.999998 0.000085 7.269920 -7.194069 10.452434 0.001752 -0.000003 0.999998 0.000079
-16.070800 -5.272400 18.310100 0.002836 0.186228 0.982501 -0.001600 -16.641234 -6.557575 20.818307 -0.000539 0.000002 0.999999 -0.001258 -14.780089 -5.825816 20.805971 -0.000540 0.000002 0.999999 -0.001258 -15.512145 -3.964610 20.801794 -0.000538 0.000002 0.999999 -0.001258 -17.373269 -4.696369 20.814130 -0.000538 0.000002 0.999999 -0.001257
3.782840 -44.907500 19.552300 0.006942 0.130848 0.991373 0.003177 3.094923 -46.138933 22.057025 0.001501 0.000000 0.999999 0.000262 5.025146 -45.619528 22.031166 0.001482 0.000000 0.999999 0.000251 4.506897 -43.688154 22.047393 0.001500 0.000000 0.999999 0.000261 2.576835 -44.207638 22.073251 0.001518 0.000000 0.999999 0.000272
-5.434040 -43.728300 19.687800 0.005087 0.065885 0.997807 0.003785 -6.278866 -44.862984 22.189148 0.000305 -0.000001 1.000000 0.000623 -4.296713 -44.599483 22.169847 0.000246 -0.000001 1.000000 0.000593 -4.559059 -42.617284 22.186289 0.000289 -0.000001 1.000000 0.000615 -6.541032 -42.880865 22.205589 0.000348 -0.000001 1.000000 0.000646
-12.904400 -24.355800 18.394900 -0.001253 0.033299 0.999443 0.001632 -13.827700 -25.419058 20.889083 0.000441 0.000001 1.000000 -0.000476 -11.832082 -25.285866 20.894308 0.000431 0.000000 1.000000 -0.000485 -11.965110 -23.290852 20.900663 0.000440 0.000001 1.000000 -0.000477 -13.960689 -23.424024 20.895438 0.000449 0.000001 1.000000 -0.000468
39.090200 -7.214800 9.500410 0.001616 0.090871 0.995853 0.004018 38.289622 -8.368081 11.994527 0.000245 0.000005 0.999999 -0.001065 40.256382 -8.006238 11.989552 0.000245 0.000005 0.999999 -0.001065 39.894351 -6.039173 12.006142 0.000245 0.000005 0.999999 -0.001065 37.927592 -6.401076 12.011118 0.000245 0.000005 0.999999 -0.001065
3.881050 -45.089900 15.619600 -0.005115 0.181343 0.983398 -0.004010 3.302173 -46.380600 18.120688 -0.000154 0.000000 1.000000 -0.000216 5.170327 -45.666948 18.137899 -0.000157 0.000000 1.000000 -0.000216 4.457699 -43.798693 18.118413 -0.000156 0.000000 1.000000 -0.000216 2.589205 -44.512226 18.101203 -0.000153 0.000000 1.000000 -0.000216
-14.937400 -13.339900 12.903700 0.001834 -0.084683 0.996404 0.002150 -16.100117 -14.147370 15.403678 -0.000208 0.000002 1.000000 -0.000686 -14.128756 -14.484728 15.395640 -0.000216 0.000002 1.000000 -0.000692 -13.791246 -12.513171 15.403586 -0.000211 0.000002 1.000000 -0.000689 -15.762588 -12.175833 15.411624 -0.000204 0.000002 1.000000 -0.000683
-15.480000 -21.374100 24.960300 -0.001076 -0.159346 0.987221 -0.001466 -16.760354 -22.014990 27.460181 -0.000460 0.000004 1.000000 -0.000413 -14.862603 -22.644443 27.465357 -0.000485 0.000004 1.000000 -0.000392 -14.233897 -20.746036 27.460247 -0.000522 0.000004 1.000000 -0.000360 -16.131608 -20.116624 27.455071 -0.000497 0.000004 1.000000 -0.000382
-7.850890 -31.612700 15.005900 0.002861 0.062594 0.998031 0.002738 -8.702713 -32.707974 17.505241 0.000949 0.000000 1.000000 -0.000302 -6.719058 -32.458498 17.494516 0.000929 0.000000 1.000000 -0.000259 -6.969431 -30.474940 17.506175 0.000900 0.000000 1.000000 -0.000196 -8.953126 -30.724436 17.516901 0.000920 0.000000 1.000000 -0.000239
-6.327780 -34.883200 13.119600 0.001819 0.138555 0.990342 -0.004672 -7.017561 -36.128031 15.633172 -0.000097 -0.000000 1.000000 0.000692 -5.094744 -35.579098 15.623377 -0.000100 -0.000000 1.000000 0.000690 -5.643306 -33.655555 15.605880 -0.000098 -0.000000 1.000000 0.000691 -7.566242 -34.204609 15.615673 -0.000095 -0.000000 1.000000 0.000693
-5.445100 -44.626000 19.126500 -0.007061 0.086432 0.996232 -0.001412 -6.242591 -45.793984 21.616498 -0.000163 -0.000001 1.000000 0.000246 -4.273273 -45.449339 21.644156 -0.000195 -0.000001 1.000000 0.000229 -4.617558 -43.479429 21.636086 -0.000170 -0.000001 1.000000 0.000243 -6.586917 -43.824074 21.608428 -0.000138 -0.000001 1.000000 0.000259
32.938900 -20.517300 10.254400 -0.001553 0.083394 0.996515 -0.000570 32.130377 -21.679073 12.752727 0.000821 0.000003 1.000000 0.000079 34.102549 -21.346815 12.758724 0.000821 0.000003 1.000000 0.000078 33.770138 -19.374255 12.755935 0.000822 0.000003 1.000000 0.000082 31.797926 -19.706453 12.749939 0.000822 0.000003 1.000000 0.000083
-13.110500 -12.511000 17.748100 0.002947 0.180325 0.983603 -0.000095 -13.677618 -13.797490 20.253018 0.000772 -0.000002 1.000000 -0.000259 -11.808101 -13.088018 20.241358 0.000758 -0.000002 1.000000 -0.000259 -12.517254 -11.217967 20.243109 0.000763 -0.000002 1.000000 -0.000259 -14.386751 -11.927438 20.254769 0.000778 -0.000002 1.000000 -0.000259
-9.802120 -22.581500 17.418000 0.000328 0.027876 0.999611 -0.000528 -10.739329 -23.620632 19.919662 0.000453 -0.000002 0.999999 -0.000932 -8.742317 -23.509211 19.918292 0.000452 -0.000002 0.999999 -0.000928 -8.853760 -21.512440 19.916219 0.000449 -0.000002 0.999999 -0.000916 -10.850752 -21.623862 19.917589 0.000450 -0.000002 0.999999 -0.000920
5.446420 -46.958700 16.361900 -0.000713 0.150117 0.988666 -0.001864 4.810547 -48.214774 18.864801 0.000710 -0.000000 1.000000 -0.000443 6.719804 -47.621066 18.866510 0.000669 -0.000000 1.000000 -0.000463 6.126387 -45.711520 18.858707 0.000704 -0.000000 1.000000 -0.000446 4.217070 -46.305228 18.856998 0.000746 -0.000000 1.000000 -0.000426
34.222100 -13.703400 8.078510 0.001968 0.073981 0.997251 -0.003742 33.385263 -14.836261 10.590142 0.000511 0.000005 0.999999 -0.001178 35.363274 -14.541120 10.581183 0.000510 0.000005 0.999999 -0.001179 35.068455 -12.562889 10.566837 0.000511 0.000005 0.999999 -0.001176 33.090443 -12.858030 10.575796 0.000511 0.000005 0.999999 -0.001175
-1.068260 -26.068700 15.072100 -0.002289 0.033907 0.999419 0.002631 -1.989010 -27.129829 17.562186 0.001102 0.000001 0.999999 -0.000157 0.006971 -26.994245 17.571688 0.001101 0.000001 0.999999 -0.000157 -0.128721 -24.998931 17.581898 0.001101 0.000001 0.999999 -0.000156 -2.124602 -25.134375 17.572395 0.001101 0.000001 0.999999 -0.000157
7.732490 -44.710200 19.196600 0.005388 0.153350 0.988148 0.004232 7.093666 -45.966771 21.695878 0.000852 0.000001 1.000000 -0.000322 8.998845 -45.360270 21.677179 0.000845 0.000001 1.000000 -0.000327 8.393026 -43.454366 21.697212 0.000852 0.000001 1.000000 -0.000322 6.488027 -44.060948 21.715911 0.000860 0.000001 1.000000 -0.000317
-16.032800 -32.497100 18.477700 -0.002131 0.019148 0.999814 -0.001301 -16.989098 -33.527710 20.976146 -0.000204 0.000001 1.000000 -0.000867 -14.990722 -33.451162 20.984570 -0.000217 0.000001 1.000000 -0.000864 -15.067329 -31.452775 20.979203 -0.000221 0.000001 1.000000 -0.000863 -17.065704 -31.529323 20.970779 -0.000208 0.000001 1.000000 -0.000866
15.372500 -48.708100 15.173900 -0.002886 0.196002 0.980598 -0.001282 14.846153 -50.024350 17.672296 0.001323 -0.000002 0.999999 0.001018 16.693092 -49.255698 17.682604 0.001323 -0.000002 0.999999 0.001018 15.924090 -47.409052 17.675317 0.001323 -0.000002 0.999999 0.001018 14.076790 -48.177564 17.665013 0.001323 -0.000002 0.999999 0.001018
-17.371400 -32.689000 20.777300 -0.000243 -0.001623 0.999998 0.001258 -18.381053 -33.685874 23.274291 -0.001062 0.000003 0.999999 -0.000103 -16.380863 -33.692389 23.275254 -0.001067 0.000003 0.999999 -0.000106 -16.374351 -31.692466 23.280287 -0.001063 0.000003 0.999999 -0.000104 -18.374541 -31.685931 23.279324 -0.001058 0.000003 0.999999 -0.000101
-12.608500 -41.083300 20.952400 -0.000180 -0.001246 0.999997 0.002006 -13.610578 -42.087054 23.448024 0.000396 0.000001 1.000000 0.000292 -11.610565 -42.091960 23.448735 0.000396 0.000001 1.000000 0.000293 -11.605562 -40.091962 23.456759 0.000394 0.000001 1.000000 0.000297 -13.605556 -40.087056 23.456047 0.000394 0.000001 1.000000 0.000296
-11.883600 -28.646000 16.980200 0.003374 -0.005303 0.999979 -0.001569 -12.904102 -29.634203 19.490047 0.000737 0.000001 1.000000 -0.000607 -10.904300 -29.655418 19.476584 0.000720 0.000001 1.000000 -0.000599 -10.883228 -27.655260 19.470235 0.000713 0.000001 1.000000 -0.000595 -12.883030 -27.634045 19.483698 0.000729 0.000001 1.000000 -0.000603
19.308100 -18.952200 11.232300 0.000518 0.047321 0.998868 -0.004759 18.415063 -20.042080 13.743201 0.000966 0.000003 1.000000 -0.000020 20.406405 -19.853102 13.740228 0.000966 0.000003 1.000000 -0.000020 20.217367 -17.861949 13.721312 0.000967 0.000003 1.000000 -0.000018 18.226025 -18.050907 13.724285 0.000967 0.000003 1.000000 -0.000018
-15.482800 -22.897900 24.432100 -0.000848 -0.133713 0.991020 0.000135 -16.699430 -23.583550 26.929870 0.000005 0.000002 1.000000 -0.000357 -14.770710 -24.113579 26.933156 -0.000016 0.000003 1.000000 -0.000340 -14.240581 -22.185316 26.934145 -0.000046 0.000003 1.000000 -0.000317 -16.169322 -21.655247 26.930858 -0.000025 0.000002 1.000000 -0.000334
-6.683700 -43.039600 22.686100 -0.003057 0.048461 0.998818 -0.002042 -7.572310 -44.129655 25.184512 0.000652 0.000001 1.000000 -0.000128 -5.581941 -43.935996 25.196330 0.000647 0.000001 1.000000 -0.000125 -5.775349 -41.945347 25.187576 0.000645 0.000001 1.000000 -0.000123 -7.765738 -42.139005 25.175759 0.000650 0.000001 1.000000 -0.000126
-6.445490 -32.046700 20.484100 -0.003632 -0.057688 0.998327 0.001604 -7.564825 -32.918489 22.973368 -0.001021 0.000001 0.999999 -0.000704 -5.578609 -33.149298 22.987502 -0.001026 0.000001 0.999999 -0.000702 -5.348707 -31.162460 22.994743 -0.001026 0.000001 0.999999 -0.000702 -7.334883 -30.931631 22.980609 -0.001022 0.000001 0.999999 -0.000703
-14.093600 -34.846500 23.096200 -0.000554 -0.001237 0.999994 -0.003256 -15.105252 -35.829081 25.601531 0.000086 0.000001 1.000000 0.000222 -13.105339 -35.833922 25.603763 0.000061 0.000001 1.000000 0.000183 -13.100323 -33.834391 25.590744 0.000099 0.000001 1.000000 0.000243 -15.100276 -33.829469 25.588511 0.000123 0.000001 1.000000 0.000281
-13.909400 -35.986200 23.371300 0.005231 -0.003124 0.999968 0.005192 -14.911959 -36.963995 25.871277 0.000464 0.000001 0.999999 -0.001022 -12.912408 -36.976200 25.850286 0.000457 0.000001 0.999999 -0.001016 -12.899765 -34.976167 25.870985 0.000450 0.000001 0.999999 -0.001009 -14.899277 -34.964022 25.891977 0.000457 0.000001 0.999999 -0.001016
-16.306700 -48.286700 22.702600 -0.002549 0.004445 0.999986 0.000903 -17.302026 -49.303751 25.195689 0.000063 -0.000001 1.000000 0.000647 -15.301971 -49.286001 25.205902 0.000057 -0.000001 1.000000 0.000649 -15.319779 -47.286023 25.209468 0.000053 -0.000001 1.000000 0.000651 -17.319814 -47.303793 25.199256 0.000060 -0.000001 1.000000 0.000648
3.092320 -8.244090 9.781160 0.004464 -0.134402 0.990892 -0.007030 1.864875 -8.939292 12.303172 0.001418 -0.000001 0.999998 -0.001055 3.792020 -9.472489 12.289258 0.001408 -0.000001 0.999998 -0.001051 4.324406 -7.545302 12.258994 0.001403 -0.000001 0.999998 -0.001050 2.397141 -7.012185 12.272908 0.001413 -0.000001 0.999998 -0.001053
-10.639800 -14.432000 23.538200 -0.001120 0.277823 0.960630 0.001475 -10.935286 -15.815552 26.032941 0.001084 0.000001 0.999999 -0.000153 -9.243734 -14.747897 26.038881 0.001079 0.000001 0.999999 -0.000157 -10.311342 -13.056529 26.043302 0.001089 0.000001 0.999999 -0.000149 -12.002914 -14.124163 26.037363 0.001093 0.000001 0.999999 -0.000145
-16.103600 -13.075800 13.297800 -0.005414 -0.082279 0.996581 -0.005168 -17.254711 -13.903063 15.795480 -0.000006 0.000002 1.000000 -0.000348 -15.282308 -14.230764 15.818765 -0.000008 0.000002 1.000000 -0.000352 -14.954064 -12.258170 15.799945 -0.000005 0.000002 1.000000 -0.000348 -16.926487 -11.930470 15.776660 -0.000003 0.000002 1.000000 -0.000344
5.363020 -31.096000 19.383700 -0.001889 0.059189 0.998231 -0.005383 4.494569 -32.201234 21.891485 0.000428 0.000003 1.000000 -0.000163 6.480582 -31.964758 21.897755 0.000428 0.000003 1.000000 -0.000160 6.244387 -29.979067 21.875812 0.000428 0.000003 1.000000 -0.000145 4.258374 -30.215524 21.869542 0.000428 0.000003 1.000000 -0.000148
-9.565650 -31.378600 16.172700 -0.002934 0.033033 0.999414 0.008426 -10.489655 -32.442285 18.649506 -0.000163 0.000000 1.000000 -0.000522 -8.493834 -32.310708 18.662348 -0.000165 0.000000 1.000000 -0.000524 -8.626468 -30.316137 18.695651 -0.000163 0.000000 1.000000 -0.000522 -10.622249 -30.447653 18.682808 -0.000161 0.000000 1.000000 -0.000520
5.560620 -21.409800 13.229900 0.001492 0.021952 0.999757 0.001448 4.600773 -22.456197 15.729844 0.000673 0.000001 1.000000 -0.000244 6.599037 -22.368303 15.724003 0.000663 0.000002 1.000000 -0.000234 6.511540 -20.369799 15.729928 0.000654 0.000001 1.000000 -0.000224 4.513276 -20.457673 15.735769 0.000664 0.000002 1.000000 -0.000234
38.937000 -22.204000 9.134870 0.001647 0.109645 0.993965 0.003063 38.186471 -23.404090 11.631001 0.000692 0.000002 1.000000 0.000195 40.138533 -22.968097 11.625795 0.000687 0.000002 1.000000 0.000192 39.703180 -21.016382 11.638692 0.000692 0.000002 1.000000 0.000195 37.751179 -21.452455 11.643897 0.000697 0.000002 1.000000 0.000198
-16.772000 -39.021200 20.471900 0.004508 0.003673 0.999982 -0.001547 -17.770878 -40.019609 22.983923 0.000086 -0.000000 1.000000 -0.000860 -15.771313 -40.005085 22.965868 0.000084 -0.000000 1.000000 -0.000861 -15.786232 -38.005189 22.959744 0.000087 -0.000000 1.000000 -0.000859 -17.785797 -38.019712 22.977799 0.000088 -0.000000 1.000000 -0.000857
-4.693080 -45.752400 17.709200 -0.005214 0.124485 0.992196 -0.004886 -5.400646 -46.974971 20.210882 -0.000106 -0.000000 1.000000 0.000715 -3.463281 -46.480716 20.229147 -0.000149 -0.000000 1.000000 0.000698 -3.957012 -44.543237 20.207156 -0.000115 -0.000000 1.000000 0.000711 -5.894458 -45.037433 20.188892 -0.000072 -0.000000 1.000000 0.000728
0.281474 -28.789700 15.277100 -0.001828 0.020895 0.999771 -0.004231 -0.672045 -29.825647 17.782129 0.000511 0.000004 0.999999 -0.001073 1.326275 -29.741977 17.789085 0.000504 0.000004 0.999999 -0.001072 1.243027 -27.743735 17.772011 0.000505 0.000004 0.999999 -0.001072 -0.755294 -27.827405 17.765055 0.000513 0.000004 0.999999 -0.001073
24.965200 -18.783700 11.047900 0.000089 0.053820 0.998546 -0.002902 24.089562 -19.895803 13.554092 0.000896 0.000003 1.000000 -0.000032 26.077816 -19.680737 13.553114 0.000896 0.000003 1.000000 -0.000035 25.863288 -17.692217 13.541540 0.000899 0.000003 1.000000 -0.000015 23.875034 -17.907303 13.542518 0.000900 0.000003 1.000000 -0.000012
4.041360 -6.842740 9.071620 0.003167 -0.141499 0.989910 -0.006755 2.802448 -7.522693 11.590180 0.001103 -0.000001 0.999999 -0.001009 4.721880 -8.083384 11.581462 0.001098 -0.000001 0.999999 -0.001004 5.281899 -6.164074 11.552920 0.001086 -0.000001 0.999999 -0.000987 3.362367 -5.603464 11.561637 0.001090 -0.000001 0.999999 -0.000993
-15.574300 -10.935400 13.569500 -0.001607 -0.092833 0.995676 -0.002808 -16.745278 -11.730482 16.071061 -0.000468 0.000002 0.999999 -0.000888 -14.780140 -12.100211 16.078501 -0.000468 0.000002 0.999999 -0.000888 -14.410375 -10.135214 16.067916 -0.000468 0.000002 0.999999 -0.000885 -16.375513 -9.765465 16.060475 -0.000468 0.000002 1.000000 -0.000884
8.178030 -19.634000 12.189800 -0.003026 0.010619 0.999935 0.002940 7.200866 -20.651280 14.677838 0.000340 0.000001 1.000000 0.000216 9.200698 -20.608984 14.690064 0.000338 0.000001 1.000000 0.000214 9.157871 -18.609409 14.701695 0.000340 0.000001 1.000000 0.000217 7.158159 -18.651525 14.689468 0.000342 0.000001 1.000000 0.000218
-6.872340 -40.087200 23.875200 0.003391 0.067177 0.997735 -0.000932 -7.736542 -41.209991 26.383455 0.000325 -0.000001 1.000000 -0.000335 -5.754499 -40.942024 26.369673 0.000311 -0.000001 1.000000 -0.000333 -6.023052 -38.960018 26.366861 0.000312 -0.000001 1.000000 -0.000333 -8.005055 -39.227986 26.380644 0.000326 -0.000001 1.000000 -0.000335
-14.282100 -16.719700 14.320500 -0.000773 -0.061001 0.998106 -0.007860 -15.390940 -17.586435 16.833519 -0.000245 -0.000000 1.000000 -0.000322 -13.406187 -17.830014 16.838525 -0.000259 -0.000000 1.000000 -0.000322 -13.162619 -15.845765 16.807331 -0.000261 0.000000 1.000000 -0.000322 -15.147392 -15.602186 16.802325 -0.000248 -0.000000 1.000000 -0.000322
-5.392660 -43.186700 21.797200 0.001123 0.035624 0.999363 -0.002051 -6.316990 -44.256575 24.303601 0.000026 0.000001 1.000000 0.000313 -4.322111 -44.114238 24.298820 0.000023 0.000001 1.000000 0.000318 -4.464547 -42.119351 24.290782 0.000020 0.000001 1.000000 0.000322 -6.459426 -42.261689 24.295563 0.000023 0.000001 1.000000 0.000318
12.125200 -32.557100 20.103400 -0.000473 0.071565 0.997428 -0.004064 11.292651 -33.690022 22.611133 0.001665 0.000002 0.999998 0.000650 13.272424 -33.404912 22.611853 0.001665 0.000002 0.999998 0.000652 12.986569 -31.425084 22.595508 0.001668 0.000002 0.999998 0.000664 11.006796 -31.710175 22.594788 0.001668 0.000002 0.999998 0.000662
-4.928550 -48.634900 19.575800 -0.004819 0.096594 0.995312 -0.001039 -5.721955 -49.815213 22.069369 0.000664 0.000002 0.999999 0.000848 -3.759730 -49.430810 22.088153 0.000645 0.000002 0.999999 0.000849 -4.144333 -47.467875 22.082157 0.000646 0.000002 0.999999 0.000849 -6.106719 -47.852239 22.063373 0.000664 0.000002 0.999999 0.000848
7.648840 -24.928100 13.754800 0.000028 0.029190 0.999572 -0.001725 6.724769 -25.980431 16.258337 0.001738 0.000001 0.999998 -0.000340 8.721741 -25.863903 16.258020 0.001738 0.000001 0.999998 -0.000340 8.605112 -23.867183 16.251123 0.001738 0.000001 0.999998 -0.000340 6.608120 -23.983711 16.251441 0.001738 0.000001 0.999998 -0.000340
-17.209900 -27.232700 18.258300 -0.003897 0.043091 0.999058 -0.003437 -18.122031 -28.312997 20.757984 0.000288 0.000001 0.999999 -0.001070 -16.129419 -28.140662 20.772966 0.000276 0.000001 0.999999 -0.001062 -16.301427 -26.148237 20.758559 0.000271 0.000001 0.999999 -0.001059 -18.294039 -26.320551 20.743577 0.000283 0.000001 0.999999 -0.001067
-4.216630 -44.692900 19.100800 -0.002332 0.093768 0.995579 -0.004908 -5.018600 -45.860421 21.607254 0.000572 -0.000001 1.000000 0.000378 -3.053711 -45.486962 21.614698 0.000536 -0.000001 1.000000 0.000360 -3.426898 -43.522388 21.594277 0.000563 -0.000001 1.000000 0.000373 -5.392007 -43.895727 21.586832 0.000599 -0.000001 1.000000 0.000391
-14.375400 -42.877100 21.728500 0.001597 0.006311 0.999978 0.000887 -15.362221 -43.887973 24.229883 0.000382 -0.000000 1.000000 -0.000085 -13.362250 -43.862664 24.223518 0.000381 -0.000000 1.000000 -0.000085 -13.387429 -41.862926 24.227107 0.000381 -0.000000 1.000000 -0.000085 -15.387399 -41.888236 24.233472 0.000382 -0.000000 1.000000 -0.000085
-13.533400 -33.252000 9.988280 -0.001245 -0.151843 0.988404 0.000268 -14.793446 -33.913990 12.484970 -0.000262 0.000003 1.000000 0.000311 -12.885838 -34.514180 12.489729 -0.000265 0.000003 1.000000 0.000314 -12.285310 -32.606246 12.491544 -0.000272 0.000003 1.000000 0.000322 -14.192899 -32.006036 12.486785 -0.000269 0.000003 1.000000 0.000318
-14.157700 -12.800500 13.001700 0.003405 -0.086416 0.996240 0.005102 -15.318835 -13.603694 15.499684 0.000625 -0.000001 1.000000 -0.000409 -13.348672 -13.947631 15.484348 0.000613 -0.000000 1.000000 -0.000413 -13.004096 -11.977506 15.503502 0.000616 -0.000000 1.000000 -0.000412 -14.974259 -11.633589 15.518837 0.000628 -0.000001 1.000000 -0.000408
-4.911900 -38.255600 13.149600 0.002743 0.290189 0.956963 0.002099 -5.186770 -39.630989 15.647968 -0.000122 -0.000001 1.000000 -0.000930 -3.523558 -38.520425 15.639906 -0.000131 -0.000001 1.000000 -0.000931 -4.634976 -36.856682 15.651121 -0.000126 -0.000001 1.000000 -0.000931 -6.297827 -37.967446 15.659185 -0.000117 -0.000001 1.000000 -0.000930
7.425110 -32.246100 18.216500 -0.001180 0.073367 0.997300 -0.002940 6.582629 -33.390449 20.720570 0.000199 0.000002 1.000000 0.000441 8.561233 -33.097740 20.724415 0.000197 0.000002 1.000000 0.000443 8.268671 -31.119105 20.712341 0.000196 0.000002 1.000000 0.000444 6.290048 -31.411814 20.708497 0.000197 0.000002 1.000000 0.000443
-15.325900 -38.891500 24.660600 0.001596 0.021747 0.999736 0.007229 -16.286145 -39.935920 27.148881 0.000100 0.000001 1.000000 0.000296 -14.287886 -39.848790 27.143128 0.000097 0.000001 1.000000 0.000300 -14.374725 -37.851250 27.172177 0.000093 0.000001 1.000000 0.000304 -16.372963 -37.938361 27.177930 0.000096 0.000001 1.000000 0.000300
-15.756200 -23.808500 24.156400 0.004481 -0.114912 0.993351 -0.005295 -16.952106 -24.544218 26.675582 0.000527 0.000003 0.999999 -0.000966 -15.005386 -25.001306 26.660211 0.000522 0.000003 0.999999 -0.000962 -14.549408 -23.054597 26.637112 0.000515 0.000003 0.999999 -0.000957 -16.496169 -22.597530 26.652483 0.000520 0.000003 0.999999 -0.000961
-10.379200 -23.124500 24.993300 0.003025 -0.287648 0.957731 -0.001257 -11.768119 -23.410627 27.502495 0.000476 0.000004 1.000000 -0.000311 -10.099100 -24.512439 27.492354 0.000474 0.000004 1.000000 -0.000309 -8.997179 -22.843450 27.484057 0.000466 0.000004 1.000000 -0.000302 -10.666137 -21.741658 27.494198 0.000468 0.000004 1.000000 -0.000304
-14.618000 -7.810870 11.407900 0.002658 -0.134851 0.990862 0.000843 -15.855725 -8.514233 13.912403 -0.000566 0.000001 1.000000 -0.000207 -13.928513 -9.048639 13.901412 -0.000566 0.000001 1.000000 -0.000211 -13.393869 -7.121901 13.903320 -0.000566 0.000001 1.000000 -0.000189 -15.321101 -6.587535 13.914311 -0.000566 0.000001 1.000000 -0.000185
10.290500 -43.437700 14.619700 0.007537 0.198600 0.980049 0.002292 9.758252 -44.737757 17.125966 0.000140 0.000000 0.999999 -0.001234 11.599697 -43.959377 17.098241 0.000138 -0.000000 0.999999 -0.001235 10.820456 -42.116826 17.113207 0.000139 -0.000000 0.999999 -0.001235 8.979451 -42.895366 17.140935 0.000141 0.000000 0.999999 -0.001234
-13.833500 -21.026700 18.055100 -0.002374 0.045712 0.998946 0.003421 -14.739108 -22.108928 20.543391 0.000281 -0.000000 0.999999 -0.001151 -12.747429 -21.926384 20.553505 0.000281 -0.000000 0.999999 -0.001151 -12.930138 -19.935369 20.566741 0.000281 -0.000000 0.999999 -0.001151 -14.921777 -20.117893 20.556627 0.000281 -0.000000 0.999999 -0.001151
23.162100 -19.661700 11.110100 0.001769 0.053150 0.998578 -0.003596 22.283787 -20.758529 13.620976 0.001358 0.000002 0.999999 -0.000334 24.272794 -20.546395 13.613144 0.001356 0.000002 0.999999 -0.000329 24.060409 -18.557566 13.599156 0.001355 0.000002 0.999999 -0.000323 22.071382 -18.769681 13.606989 0.001356 0.000002 0.999999 -0.000327
-3.087940 -41.491300 14.000300 -0.001563 0.234947 0.971992 -0.005329 -3.526036 -42.842293 16.510805 0.000240 -0.000003 1.000000 -0.000195 -1.746987 -41.928813 16.511873 0.000210 -0.000003 1.000000 -0.000184 -2.660080 -40.150067 16.489684 0.000215 -0.000003 1.000000 -0.000186 -4.439470 -41.063347 16.488616 0.000245 -0.000003 1.000000 -0.000196
-3.833890 -33.019700 18.347100 -0.002722 0.045348 0.998965 0.002107 -4.732400 -34.117550 20.837452 0.000270 0.000003 1.000000 -0.000013 -2.740755 -33.936408 20.848713 0.000263 0.000003 1.000000 -0.000032 -2.921904 -31.944631 20.856638 0.000287 0.000003 1.000000 0.000028 -4.913528 -32.125814 20.845377 0.000294 0.000003 1.000000 0.000047
-10.451800 -22.437000 17.540600 0.000539 0.029184 0.999570 -0.002959 -11.395185 -23.491517 20.047722 -0.000134 -0.000001 1.000000 -0.000381 -9.398853 -23.374879 20.045221 -0.000136 -0.000001 1.000000 -0.000380 -9.515665 -21.378281 20.033451 -0.000136 -0.000001 1.000000 -0.000380 -11.512037 -21.494939 20.035952 -0.000134 -0.000001 1.000000 -0.000381
-16.102700 -19.477800 20.473200 -0.003102 0.151729 0.988417 -0.000168 -16.745014 -20.726438 22.968319 0.000713 0.000001 0.999999 -0.001064 -14.836940 -20.126470 22.980481 0.000708 0.000001 0.999999 -0.001068 -15.436864 -18.218417 22.977935 0.000711 0.000001 0.999999 -0.001065 -17.344939 -18.818365 22.965774 0.000717 0.000001 0.999999 -0.001062
-12.572600 -35.034900 19.115300 0.001505 0.002016 0.999997 0.000696 -13.571879 -36.034510 21.616893 0.000554 0.000002 0.999999 -0.000915 -11.571865 -36.026543 21.610881 0.000546 0.000002 0.999999 -0.000922 -11.579983 -34.026381 21.613676 0.000555 0.000002 0.999999 -0.000914 -13.579998 -34.034348 21.619689 0.000563 0.000002 0.999999 -0.000907
-16.688500 -9.635770 11.783000 0.000181 -0.105845 0.994380 -0.002080 -17.884201 -10.394677 14.287065 -0.000206 -0.000001 1.000000 -0.000717 -15.929013 -10.815680 14.287226 -0.000218 -0.000001 1.000000 -0.000723 -15.508074 -8.860330 14.278875 -0.000214 -0.000001 1.000000 -0.000721 -17.463241 -8.439307 14.278714 -0.000202 -0.000001 1.000000 -0.000715
2.853760 -24.761800 14.039200 -0.000957 0.032396 0.999471 0.002760 1.926628 -25.824819 16.531632 0.000379 -0.000000 1.000000 0.000437 3.923027 -25.695336 16.535814 0.000376 -0.000000 1.000000 0.000437 3.793242 -23.699764 16.546724 0.000375 -0.000000 1.000000 0.000438 1.796964 -23.829088 16.542540 0.000378 -0.000000 1.000000 0.000437
-6.895410 -34.474200 26.709300 0.003075 0.105898 0.994371 -0.001301 -7.653537 -35.653657 29.217595 -0.000139 0.000000 1.000000 -0.000964 -5.699113 -35.232685 29.204815 -0.000163 0.000000 1.000000 -0.000965 -6.120437 -33.277470 29.200943 -0.000159 0.000000 1.000000 -0.000965 -8.074841 -33.698441 29.213723 -0.000135 0.000000 1.000000 -0.000964
3.551130 -30.651600 17.920500 -0.001213 0.058231 0.998301 0.001816 2.687471 -31.765288 20.414323 0.000942 0.000002 1.000000 0.000064 4.673702 -31.532508 20.419593 0.000937 0.000002 1.000000 0.000058 4.441443 -29.546284 20.426560 0.000944 0.000002 1.000000 0.000067 2.455213 -29.779045 20.421291 0.000949 0.000002 1.000000 0.000073
-14.126200 -9.910640 12.251800 -0.004229 -0.113036 0.993580 -0.002101 -15.327740 -10.645881 14.746082 0.000287 -0.000000 1.000000 -0.000589 -13.378920 -11.095047 14.763839 0.000271 -0.000000 1.000000 -0.000613 -12.929643 -9.146073 14.757399 0.000287 -0.000000 1.000000 -0.000588 -14.878463 -8.696867 14.739642 0.000303 -0.000000 1.000000 -0.000565
5.971160 -7.914020 14.085200 0.005637 -0.297139 0.954802 -0.005466 4.587369 -8.167466 16.606441 0.001269 0.000000 0.999999 -0.000899 6.233256 -9.302625 16.591410 0.001269 0.000000 0.999999 -0.000901 7.367748 -7.656291 16.563834 0.001269 0.000000 0.999999 -0.000899 5.721721 -6.521232 16.578865 0.001269 0.000000 0.999999 -0.000898
-14.038900 -39.461400 23.888400 0.001589 -0.002474 0.999977 0.006162 -15.041483 -40.447282 26.379195 -0.000165 -0.000000 1.000000 0.000009 -13.041458 -40.457098 26.372776 -0.000167 -0.000000 1.000000 0.000011 -13.031504 -38.457394 26.397408 -0.000169 -0.000000 1.000000 0.000014 -15.031509 -38.447599 26.403827 -0.000167 -0.000000 1.000000 0.000012
29.360800 -19.663400 10.571400 0.001657 0.061411 0.998101 0.004492 28.496403 -20.779015 13.064955 0.000860 0.000002 1.000000 0.000123 30.480987 -20.533709 13.059445 0.000857 0.000002 1.000000 0.000125 30.235841 -18.549374 13.077787 0.000855 0.000002 1.000000 0.000126 28.251277 -18.794700 13.083297 0.000858 0.000002 1.000000 0.000124
-9.689490 -44.175400 19.008900 0.000882 0.007831 0.999961 0.003860 -10.674546 -45.185202 21.502830 -0.000449 0.000001 1.000000 -0.000182 -8.674835 -45.153765 21.499423 -0.000450 0.000001 1.000000 -0.000183 -8.706084 -43.153910 21.514890 -0.000449 0.000001 1.000000 -0.000182 -10.705816 -43.185347 21.518297 -0.000448 0.000001 1.000000 -0.000181
7.653480 -21.368200 20.089300 0.002587 0.104009 0.994566 -0.003698 6.885577 -22.546911 22.602011 0.000308 0.000004 0.999999 -0.001199 8.842438 -22.133174 22.590181 0.000306 0.000004 0.999999 -0.001200 8.428665 -20.176620 22.576544 0.000307 0.000004 0.999999 -0.001200 6.471803 -20.590357 22.588374 0.000308 0.000004 0.999999 -0.001199
-6.025040 -12.504000 14.945700 0.002377 -0.127987 0.991772 -0.001126 -7.233836 -13.205883 17.452909 0.000625 0.000001 1.000000 -0.000334 -5.299721 -13.713930 17.444058 0.000604 0.000001 1.000000 -0.000317 -4.792056 -11.779938 17.438378 0.000576 0.000001 1.000000 -0.000294 -6.726230 -11.271911 17.447229 0.000597 0.000001 1.000000 -0.000311
-15.020500 -13.658600 13.765200 0.002121 -0.080047 0.996789 0.000599 -16.178779 -14.483986 16.268616 -0.000690 -0.000000 1.000000 -0.000187 -14.204247 -14.803101 16.259969 -0.000702 -0.000000 1.000000 -0.000182 -13.885143 -12.828413 16.261677 -0.000709 -0.000000 1.000000 -0.000178 -15.859655 -12.509298 16.270325 -0.000697 -0.000000 1.000000 -0.000184
1.852640 -26.779100 19.116200 0.001454 0.059102 0.998251 -0.000042 0.975368 -27.890095 21.619014 -0.000181 0.000002 1.000000 -0.000574 2.961187 -27.654123 21.613199 -0.000184 0.000002 1.000000 -0.000568 2.725275 -25.667855 21.613375 -0.000188 0.000002 1.000000 -0.000560 0.739455 -25.903827 21.619190 -0.000185 0.000002 1.000000 -0.000566
-6.572450 -36.234300 25.969900 0.003208 0.094036 0.995563 -0.001430 -7.361065 -37.393686 28.478767 -0.000203 0.000000 0.999999 -0.001046 -5.397097 -37.019470 28.465456 -0.000218 0.000000 0.999999 -0.001041 -5.771731 -35.054869 28.460969 -0.000223 0.000000 0.999999 -0.001039 -7.735659 -35.429066 28.474280 -0.000208 0.000000 0.999999 -0.001044
0.183982 -45.044200 19.695600 0.005482 0.106902 0.994252 0.001985 -0.571413 -46.244873 22.200898 0.000711 0.000001 1.000000 0.000664 1.382215 -45.819419 22.179947 0.000704 0.000001 1.000000 0.000655 0.957428 -43.865287 22.190183 0.000718 0.000001 1.000000 0.000673 -0.996060 -44.290821 22.211133 0.000725 0.000001 1.000000 0.000682
5.675740 -22.006900 19.828600 0.001836 0.084199 0.996434 -0.005071 4.855318 -23.170814 22.342817 0.000086 0.000001 1.000000 -0.000074 6.827146 -22.835274 22.333792 0.000082 0.000001 1.000000 -0.000065 6.491552 -20.863695 22.314197 0.000076 0.000001 1.000000 -0.000052 4.519704 -21.199235 22.323222 0.000080 0.000001 1.000000 -0.000060
4.881280 -31.429100 17.321200 0.000639 0.069528 0.997574 0.003469 4.034375 -32.549520 19.814930 0.000713 0.000001 1.000000 0.000226 6.014757 -32.272033 19.813346 0.000713 0.000001 1.000000 0.000226 5.737247 -30.291738 19.827368 0.000717 0.000001 1.000000 0.000240 3.756866 -30.569245 19.828952 0.000717 0.000001 1.000000 0.000240
7.121120 -46.872700 15.972900 -0.000080 0.159404 0.987211 -0.002162 6.508678 -48.139334 18.477589 0.000823 -0.000000 0.999999 -0.000683 8.406440 -47.509851 18.476534 0.000788 -0.000000 0.999999 -0.000702 7.777219 -45.611789 18.467942 0.000820 -0.000000 0.999999 -0.000684 5.879397 -46.241251 18.468998 0.000857 0.000000 0.999999 -0.000665
-14.949200 -17.000000 21.368900 0.000568 0.187853 0.982196 0.001204 -15.499649 -18.300007 23.866961 0.000723 0.000001 1.000000 0.000057 -13.640446 -17.561910 23.865633 0.000720 0.000001 1.000000 0.000054 -14.378477 -15.703071 23.870791 0.000725 0.000001 1.000000 0.000059 -16.237701 -16.441148 23.872119 0.000728 0.000001 1.000000 0.000062
-5.564560 -20.054200 15.319500 0.002267 -0.059219 0.998242 -0.000957 -6.688789 -20.923703 17.826021 0.000545 -0.000001 1.000000 -0.000080 -4.703057 -21.159890 17.817194 0.000472 -0.000001 1.000000 -0.000082 -4.466527 -19.173681 17.812837 0.000466 -0.000001 1.000000 -0.000082 -6.452239 -18.937514 17.821664 0.000539 -0.000001 1.000000 -0.000080
40.202700 -22.706800 8.861250 0.002195 0.115875 0.993257 0.003006 39.460899 -23.905512 11.358407 0.000688 0.000002 1.000000 0.000202 41.407212 -23.444891 11.351078 0.000687 0.000002 1.000000 0.000200 40.946984 -21.499075 11.364039 0.000691 0.000002 1.000000 0.000207 39.000731 -21.959776 11.371368 0.000692 0.000002 1.000000 0.000208
-15.600600 -44.771600 22.018800 -0.002308 0.001361 0.999995 0.001439 -16.599031 -45.769882 24.511292 -0.000106 -0.000000 1.000000 -0.000286 -14.598900 -45.764412 24.520533 -0.000107 -0.000000 1.000000 -0.000288 -14.604256 -43.764428 24.526275 -0.000104 -0.000000 1.000000 -0.000283 -16.604408 -43.769897 24.517034 -0.000103 -0.000000 1.000000 -0.000281
9.790700 -26.736600 13.186300 0.002361 0.020634 0.999784 -0.000702 8.832743 -27.785345 15.692328 0.001242 0.000001 0.999999 -0.000376 10.831338 -27.702695 15.682829 0.001222 0.000001 0.999999 -0.000357 10.749274 -25.703980 15.680219 0.001202 0.000001 0.999999 -0.000338 8.750700 -25.786630 15.689718 0.001222 0.000001 0.999999 -0.000357
-16.872300 -35.878000 17.515000 0.001304 0.010120 0.999936 0.004795 -17.856261 -36.899094 20.007859 0.000057 0.000002 1.000000 0.000926 -15.856578 -36.858353 20.002838 0.000056 0.000002 1.000000 0.000927 -15.896549 -34.859234 20.022071 0.000056 0.000002 1.000000 0.000927 -17.896212 -34.900015 20.027092 0.000056 0.000002 1.000000 0.000926
4.595770 -6.319160 8.803190 -0.001095 -0.144502 0.989501 0.002250 3.364212 -6.972895 11.296742 0.000804 -0.000000 0.999999 -0.001260 5.281044 -7.544625 11.299770 0.000802 -0.000000 0.999999 -0.001257 5.852934 -5.628068 11.309309 0.000796 -0.000000 0.999999 -0.001248 3.936182 -5.056258 11.306280 0.000798 -0.000000 0.999999 -0.001250
-3.403880 -17.535400 15.052600 -0.000848 -0.080251 0.996770 -0.003085 -4.526892 -18.360092 17.556265 0.000739 -0.000001 1.000000 -0.000450 -2.553076 -18.680367 17.560644 0.000671 -0.000001 1.000000 -0.000451 -2.233180 -16.706346 17.548615 0.000660 -0.000001 1.000000 -0.000452 -4.207016 -16.386091 17.544237 0.000728 -0.000001 1.000000 -0.000450
-11.755700 -4.229800 16.933100 0.001737 0.229457 0.973316 -0.001313 -12.217657 -5.553836 19.438719 -0.000221 0.000001 0.999998 -0.001887 -10.428771 -4.660447 19.430746 -0.000240 0.000001 0.999998 -0.001889 -11.322218 -2.871096 19.427227 -0.000221 0.000001 0.999998 -0.001887 -13.111104 -3.764525 19.435200 -0.000202 0.000001 0.999998 -0.001884
26.559400 -20.080100 11.121200 0.001542 0.062695 0.998030 0.002007 25.704579 -21.197278 13.619792 0.000630 0.000004 1.000000 -0.000158 27.688887 -20.946861 13.614141 0.000620 0.000004 1.000000 -0.000161 27.439115 -18.962659 13.622535 0.000624 0.000004 1.000000 -0.000160 25.454867 -19.213136 13.628186 0.000634 0.000004 1.000000 -0.000157
10.553400 -21.625400 20.712000 0.003334 0.116112 0.993223 -0.003753 9.818549 -22.812271 23.226104 0.000767 0.000003 0.999999 -0.000918 11.764617 -22.351301 23.211119 0.000764 0.000003 0.999999 -0.000906 11.302986 -20.405965 23.197761 0.000760 0.000003 0.999999 -0.000882 9.356899 -20.866976 23.212747 0.000762 0.000003 0.999999 -0.000894
-1.953110 -10.041600 11.724800 0.002302 -0.124335 0.992230 -0.003809 -3.158891 -10.758897 14.236519 0.000385 -0.000001 1.000000 -0.000190 -1.220989 -11.252668 14.229277 0.000373 -0.000001 1.000000 -0.000183 -0.727388 -9.314823 14.213015 0.000360 -0.000001 1.000000 -0.000176 -2.665370 -8.821112 14.220257 0.000373 -0.000001 1.000000 -0.000183
-6.906490 -17.077500 15.862400 0.001135 -0.017993 0.999837 -0.000429 -7.941285 -18.023974 18.365483 -0.000621 0.000003 0.999999 -0.001399 -5.942425 -18.096258 18.360979 -0.000630 0.000003 0.999999 -0.001393 -5.870605 -16.097874 18.359183 -0.000640 0.000003 0.999999 -0.001386 -7.869465 -16.025610 18.363688 -0.000631 0.000003 0.999999 -0.001392
-2.073300 -27.581600 13.696900 0.000891 0.033650 0.999432 0.001800 -3.009931 -28.657515 16.194865 0.000484 0.000000 1.000000 -0.000236 -1.014284 -28.523006 16.191544 0.000464 0.000000 1.000000 -0.000208 -1.148640 -26.527268 16.198862 0.000438 0.000000 1.000000 -0.000171 -3.144248 -26.661717 16.202183 0.000458 0.000000 1.000000 -0.000200
-15.518300 -32.744000 18.377800 0.001715 0.014846 0.999881 -0.003885 -16.495681 -33.771667 20.889023 -0.000359 0.000001 1.000000 -0.000540 -14.496674 -33.712375 20.881933 -0.000365 0.000001 1.000000 -0.000537 -14.556159 -31.713337 20.866495 -0.000366 0.000001 1.000000 -0.000537 -16.555166 -31.772629 20.873585 -0.000361 0.000001 1.000000 -0.000539
-5.595810 -33.714400 11.224600 -0.002626 0.373352 0.927682 -0.002724 -5.614563 -35.130126 13.728715 0.000022 -0.000001 1.000000 -0.000627 -4.172398 -33.744730 13.734393 0.000019 -0.000001 1.000000 -0.000630 -5.557337 -32.302606 13.720361 0.000039 -0.000001 1.000000 -0.000613 -6.999723 -33.687883 13.714686 0.000043 -0.000001 1.000000 -0.000610
4.185010 -22.499100 13.642700 -0.003235 0.026470 0.999640 0.002900 3.247948 -23.534261 16.130307 0.001064 0.000002 0.999999 -0.001032 5.245623 -23.428437 16.143545 0.001064 0.000002 0.999999 -0.001031 5.139663 -21.431153 16.154796 0.001067 0.000002 0.999999 -0.001019 3.142108 -21.536798 16.141556 0.001067 0.000002 0.999999 -0.001020
-7.288700 -21.497800 15.705700 0.002273 -0.045528 0.998960 -0.000989 -8.389172 -22.401475 18.212263 0.000696 -0.000001 1.000000 -0.000205 -6.397724 -22.583207 18.203358 0.000619 -0.000001 1.000000 -0.000199 -6.215750 -20.591282 18.198995 0.000607 -0.000001 1.000000 -0.000198 -8.207178 -20.409530 18.207900 0.000684 -0.000001 1.000000 -0.000204
-3.230430 -3.771840 17.846900 0.002457 0.117347 0.993088 0.000870 -3.961616 -4.958982 20.349167 0.000817 -0.000002 0.999999 -0.001097 -2.016741 -4.492810 20.339816 0.000815 -0.000002 0.999999 -0.001090 -2.482836 -2.548054 20.344424 0.000812 -0.000002 0.999999 -0.001079 -4.427670 -3.014226 20.353776 0.000814 -0.000002 0.999999 -0.001085
-9.547980 -14.540200 16.312900 -0.000911 0.057340 0.998354 -0.000816 -10.426817 -15.660245 18.812867 -0.000041 0.000000 1.000000 -0.000616 -8.440231 -15.431400 18.816315 -0.000041 0.000000 1.000000 -0.000611 -8.669330 -13.444734 18.812845 -0.000037 0.000000 1.000000 -0.000530 -10.655955 -13.673559 18.809396 -0.000038 0.000000 1.000000 -0.000536
-14.743300 -44.619200 17.057900 -0.004918 -0.079501 0.996820 0.002469 -15.884369 -45.429110 19.542619 0.000393 -0.000000 1.000000 -0.000636 -13.909707 -45.746090 19.561443 0.000393 -0.000000 1.000000 -0.000640 -13.592505 -43.771536 19.572851 0.000394 -0.000000 1.000000 -0.000608 -15.567166 -43.454516 19.554027 0.000394 -0.000000 1.000000 -0.000603
-9.359340 -35.514000 18.644500 -0.001425 0.004905 0.999987 0.000304 -10.344429 -36.518484 21.141033 0.000384 0.000004 1.000000 -0.000722 -8.344593 -36.498847 21.146739 0.000384 0.000004 1.000000 -0.000722 -8.364193 -34.498883 21.147926 0.000384 0.000004 1.000000 -0.000722 -10.364029 -34.518520 21.142220 0.000384 0.000004 1.000000 -0.000722
-13.695200 -50.384600 24.441200 -0.001324 -0.010233 0.999936 0.004676 -14.721419 -51.356783 26.929207 -0.000626 0.000000 1.000000 0.000285 -12.722145 -51.397959 26.934311 -0.000627 0.000000 1.000000 0.000282 -12.681359 -49.398546 26.953067 -0.000625 0.000000 1.000000 0.000289 -14.680633 -49.357370 26.947963 -0.000624 0.000000 1.000000 0.000293
-0.931964 -34.245600 19.442400 -0.000865 0.090610 0.995885 0.001695 -1.722901 -35.405304 21.937096 0.000463 0.000003 1.000000 -0.000670 0.244055 -35.044042 21.941157 0.000449 0.000003 1.000000 -0.000674 -0.116658 -33.076774 21.947593 0.000454 0.000003 1.000000 -0.000673 -2.083594 -33.438036 21.943532 0.000468 0.000003 1.000000 -0.000669
-16.697600 -18.730500 20.770000 -0.002103 0.141886 0.989880 -0.000810 -17.369115 -19.975788 23.268232 0.000116 0.000003 1.000000 -0.000343 -15.449579 -19.413901 23.276100 0.000111 0.000003 1.000000 -0.000351 -16.011373 -17.494530 23.271698 0.000124 0.000003 1.000000 -0.000331 -17.930929 -18.056418 23.263831 0.000130 0.000003 1.000000 -0.000324
-5.343690 -47.110800 17.805300 0.005811 0.120070 0.992741 0.003851 -6.063733 -48.330616 20.306800 0.000618 -0.000000 1.000000 0.000782 -4.121955 -47.853293 20.285576 0.000582 -0.000000 1.000000 0.000771 -4.597999 -45.911440 20.303656 0.000606 -0.000000 1.000000 0.000778 -6.539517 -46.388883 20.324878 0.000641 -0.000000 0.999999 0.000790
22.750500 -14.032300 10.422800 0.002175 0.059899 0.998196 -0.003431 21.885240 -15.150446 12.934094 0.001147 0.000004 0.999999 -0.001034 23.870770 -14.911211 12.924589 0.001147 0.000004 0.999999 -0.001030 23.632116 -12.925550 12.911410 0.001143 0.000004 0.999999 -0.000998 21.646586 -13.164784 12.920916 0.001143 0.000004 0.999999 -0.001002
-17.138400 -28.593100 18.277400 -0.002854 0.035929 0.999346 -0.002872 -18.070610 -29.661534 20.777826 -0.000046 0.000001 1.000000 -0.000910 -16.075826 -29.517860 20.788821 -0.000063 0.000001 1.000000 -0.000898 -16.219355 -27.523157 20.776932 -0.000071 0.000001 1.000000 -0.000892 -18.214119 -27.666811 20.765938 -0.000054 0.000001 1.000000 -0.000904
-3.426750 -37.822900 12.255400 -0.004615 0.303419 0.952827 -0.005983 -3.673725 -39.219481 14.764367 -0.000582 -0.000001 1.000000 -0.000372 -2.042662 -38.062747 14.774695 -0.000610 -0.000001 1.000000 -0.000359 -3.198156 -36.431703 14.746290 -0.000603 -0.000001 1.000000 -0.000362 -4.829598 -37.588257 14.735961 -0.000575 -0.000001 1.000000 -0.000375
-0.992335 -47.047500 17.428500 -0.001215 0.168837 0.985642 -0.001265 -1.596416 -48.328805 19.929408 0.000414 0.000000 1.000000 0.000011 0.289595 -47.663247 19.933343 0.000414 0.000000 1.000000 0.000011 -0.376171 -45.777437 19.927536 0.000414 0.000000 1.000000 0.000014 -2.262262 -46.442935 19.923601 0.000414 0.000000 1.000000 0.000014
-5.468670 -39.757300 14.227800 0.001446 0.262651 0.964858 0.007859 -5.819904 -41.110626 16.710345 0.000139 -0.000001 1.000000 -0.000720 -4.095615 -40.097197 16.713025 0.000117 -0.000001 1.000000 -0.000702 -5.109513 -38.373486 16.744875 0.000112 -0.000001 1.000000 -0.000699 -6.833462 -39.387135 16.742197 0.000134 -0.000001 1.000000 -0.000716
-16.367600 -12.644400 13.199600 0.001330 -0.084838 0.996391 0.002399 -17.533557 -13.441972 15.697941 -0.001088 0.000002 0.999999 -0.001281 -15.562034 -13.780128 15.691829 -0.001089 0.000002 0.999999 -0.001289 -15.223953 -11.808921 15.700939 -0.001086 0.000002 0.999999 -0.001271 -17.195456 -11.470805 15.707051 -0.001085 0.000002 0.999999 -0.001263
-12.056500 -34.792400 23.600100 -0.003394 -0.035659 0.999355 -0.002557 -13.124371 -35.719006 26.097977 0.000321 0.000002 1.000000 0.000581 -11.129483 -35.861794 26.111910 0.000315 0.000002 1.000000 0.000573 -10.987366 -33.866926 26.102173 0.000321 0.000002 1.000000 0.000580 -12.982373 -33.723998 26.088242 0.000327 0.000002 1.000000 0.000588
-16.921800 -19.824000 20.662200 -0.006106 0.142292 0.989789 -0.005858 -17.597730 -21.071550 23.164991 -0.000240 0.000002 1.000000 -0.000370 -15.679187 -20.507771 23.185834 -0.000240 0.000002 1.000000 -0.000368 -16.242119 -18.589157 23.159164 -0.000239 0.000002 1.000000 -0.000359 -18.160722 -19.152895 23.138321 -0.000239 0.000002 1.000000 -0.000360
-11.437600 -39.634000 20.832000 0.002109 -0.001030 0.999997 0.000296 -12.436028 -40.632870 23.335627 0.000708 -0.000000 1.000000 -0.000039 -10.436210 -40.637066 23.327188 0.000708 -0.000000 1.000000 -0.000039 -10.432189 -38.637151 23.328363 0.000707 -0.000000 1.000000 -0.000038 -12.432007 -38.632975 23.336802 0.000708 -0.000000 1.000000 -0.000038
-12.201600 -46.364700 23.956800 -0.002816 -0.014225 0.999895 0.000603 -13.229094 -47.338520 26.449888 0.000206 0.000002 1.000000 0.000742 -11.229995 -47.395479 26.461117 0.000203 0.000002 1.000000 0.000739 -11.173190 -45.396290 26.463688 0.000206 0.000002 1.000000 0.000742 -13.172289 -45.339331 26.452458 0.000208 0.000002 1.000000 0.000744
14.900000 -26.595100 7.111360 -0.001698 -0.010497 0.999943 0.000368 13.880946 -27.568308 9.607185 0.000821 0.000002 1.000000 -0.000189 15.880353 -27.610256 9.613963 0.000812 0.000002 1.000000 -0.000194 15.922276 -25.610737 9.615506 0.000817 0.000002 1.000000 -0.000191 13.922868 -25.568790 9.608728 0.000826 0.000002 1.000000 -0.000187
-5.520580 -7.962580 17.537900 -0.001217 0.092826 0.995680 0.001733 -6.316288 -9.131837 20.031923 0.000146 -0.000002 1.000000 -0.000613 -4.350741 -8.762207 20.037412 0.000144 -0.000002 1.000000 -0.000604 -4.720548 -6.796925 20.043863 0.000140 -0.000002 1.000000 -0.000579 -6.686095 -7.166516 20.038373 0.000142 -0.000002 1.000000 -0.000588
-0.303712 -28.264700 13.739900 -0.004456 0.032846 0.999431 0.006208 -1.231582 -29.324768 16.218369 -0.000083 0.000000 1.000000 0.000843 0.764204 -29.194089 16.237001 -0.000084 0.000000 1.000000 0.000845 0.632123 -27.199199 16.261239 -0.000085 0.000000 1.000000 0.000851 -1.363542 -27.329698 16.242606 -0.000085 0.000000 1.000000 0.000850
-15.642800 -23.423700 24.266800 -0.000921 -0.122962 0.992411 -0.000396 -16.842450 -24.135250 26.765331 0.000222 0.000002 1.000000 -0.000267 -14.902732 -24.623383 26.769180 0.000205 0.000002 1.000000 -0.000257 -14.414595 -22.684123 26.768061 0.000188 0.000002 1.000000 -0.000247 -16.354313 -22.195949 26.764212 0.000205 0.000002 1.000000 -0.000257
-11.383100 -37.922600 19.766200 0.000194 0.000136 1.000000 0.000707 -12.388341 -38.923152 22.265164 -0.000399 0.000001 1.000000 0.000057 -10.388361 -38.922566 22.264390 -0.000399 0.000001 1.000000 0.000058 -10.388866 -36.922608 22.267219 -0.000399 0.000001 1.000000 0.000058 -12.388846 -36.923174 22.267993 -0.000399 0.000001 1.000000 0.000058
-16.750700 -10.902000 13.556800 0.001861 -0.098840 0.995100 -0.001804 -17.923836 -11.686458 16.064096 0.000195 -0.000000 1.000000 -0.000708 -15.963148 -12.079894 16.057403 0.000189 -0.000000 1.000000 -0.000717 -15.569758 -10.119125 16.049486 0.000194 -0.000000 1.000000 -0.000709 -17.530467 -9.725729 16.056179 0.000200 -0.000000 1.000000 -0.000701
-4.966640 -41.395000 21.617200 0.001098 0.031340 0.999508 0.000980 -5.909746 -42.459802 24.117283 0.000181 0.000000 1.000000 0.000348 -3.913759 -42.334660 24.113014 0.000167 0.000000 1.000000 0.000349 -4.039272 -40.338553 24.117067 0.000166 0.000000 1.000000 0.000349 -6.035259 -40.463694 24.121336 0.000180 0.000000 1.000000 0.000348
-17.207300 -38.609000 20.651700 -0.001979 0.006690 0.999975 -0.001093 -18.205341 -39.620065 23.149941 -0.000537 0.000000 1.000000 -0.000216 -16.205875 -39.593196 23.157827 -0.000555 0.000000 1.000000 -0.000217 -16.232547 -37.593460 23.153401 -0.000553 0.000000 1.000000 -0.000217 -18.232012 -37.620309 23.145516 -0.000535 0.000000 1.000000 -0.000215
14.556500 -47.528400 19.453200 -0.000415 0.173249 0.984878 -0.000859 13.975582 -48.818185 21.954409 0.000823 -0.000000 0.999999 0.000671 15.855881 -48.135588 21.955448 0.000805 -0.000000 0.999999 0.000669 15.173686 -46.255691 21.951771 0.000815 -0.000000 0.999999 0.000670 13.293308 -46.938249 21.950733 0.000833 -0.000000 0.999999 0.000671
28.993100 -17.182500 10.783000 0.003239 0.058593 0.998262 0.005432 28.124020 -18.290059 13.277547 0.001081 0.000004 0.999999 -0.000077 30.109945 -18.055862 13.265887 0.001081 0.000004 0.999999 -0.000078 29.876189 -16.070132 13.288338 0.001081 0.000004 0.999999 -0.000074 27.890284 -16.304349 13.299998 0.001081 0.000004 0.999999 -0.000073
-11.988700 -23.639300 15.559200 -0.000013 -0.042383 0.999096 -0.003386 -13.059473 -24.549945 18.065613 0.000274 -0.000000 1.000000 -0.000619 -11.066978 -24.719422 18.066240 0.000260 -0.000000 1.000000 -0.000624 -10.897541 -22.726953 18.052710 0.000262 -0.000000 1.000000 -0.000623 -12.890055 -22.557496 18.052084 0.000276 -0.000000 1.000000 -0.000619
-0.944769 -45.079700 19.913500 0.003123 0.095902 0.995379 0.003812 -1.741914 -46.249205 22.410739 0.001147 -0.000001 0.999999 0.000362 0.220858 -45.867382 22.399765 0.001110 -0.000001 0.999999 0.000352 -0.161090 -43.904389 22.416139 0.001128 -0.000001 0.999999 0.000357 -2.123822 -44.286233 22.427114 0.001165 -0.000001 0.999999 0.000367
1.390090 -10.234700 10.400700 0.004926 -0.129266 0.991595 -0.002507 0.179165 -10.931349 12.915991 0.001052 -0.000002 0.999999 -0.000458 2.111690 -11.444636 12.897751 0.001051 -0.000002 0.999999 -0.000457 2.624218 -9.511700 12.885264 0.001043 -0.000002 0.999999 -0.000416 0.691634 -8.998473 12.903504 0.001043 -0.000002 0.999999 -0.000418
-16.109300 -19.789100 9.417520 -0.000426 -0.186462 0.982458 -0.002759 -17.401240 -20.340231 11.920877 0.000259 -0.000001 0.999999 -0.001344 -15.540273 -21.073111 11.924610 0.000258 -0.000001 0.999999 -0.001343 -14.807523 -19.212774 11.914087 0.000255 -0.000001 0.999999 -0.001341 -16.668490 -18.479894 11.910354 0.000257 -0.000001 0.999999 -0.001342
-13.024800 -36.437900 23.986600 0.000562 -0.007929 0.999960 -0.004081 -14.038600 -37.420875 26.495811 -0.000378 0.000000 1.000000 -0.000474 -12.038952 -37.452679 26.493693 -0.000378 0.000000 1.000000 -0.000473 -12.007287 -35.453297 26.477349 -0.000379 0.000000 1.000000 -0.000472 -14.006974 -35.421453 26.479467 -0.000379 0.000000 1.000000 -0.000472
0.105017 -44.966600 19.896200 0.003991 0.103415 0.994623 0.003940 -0.676985 -46.147468 22.394573 0.000378 -0.000001 1.000000 0.000109 1.279632 -45.735989 22.380319 0.000328 -0.000001 1.000000 0.000103 0.868140 -43.778890 22.397645 0.000345 -0.000001 1.000000 0.000105 -1.088458 -44.190388 22.411899 0.000395 -0.000001 1.000000 0.000112
-9.048610 -29.124200 16.873200 0.004121 0.022610 0.999727 -0.004093 -10.004253 -30.169845 19.389571 -0.000028 0.000001 1.000000 0.000094 -8.006646 -30.079318 19.372722 -0.000028 0.000001 1.000000 0.000094 -8.096908 -28.081230 19.356729 -0.000028 0.000001 1.000000 0.000095 -10.094595 -28.171837 19.373577 -0.000028 0.000001 1.000000 0.000095
-5.685190 -27.865300 16.109800 0.003891 0.034780 0.999375 -0.004889 -6.616734 -28.933003 18.627358 0.000247 0.000001 1.000000 -0.000519 -4.622194 -28.794046 18.611120 0.000242 0.000001 1.000000 -0.000518 -4.761142 -26.798940 18.592120 0.000241 0.000001 1.000000 -0.000518 -6.755783 -26.938017 18.608357 0.000246 0.000001 1.000000 -0.000519
0.594900 -32.233600 18.184300 -0.000203 0.046160 0.998931 -0.002592 -0.302648 -33.326480 20.689301 0.000510 0.000003 1.000000 -0.000448 1.689069 -33.142095 20.689631 0.000509 0.000003 1.000000 -0.000444 1.504709 -31.150585 20.679236 0.000506 0.000003 1.000000 -0.000433 -0.487008 -31.334950 20.678906 0.000507 0.000003 1.000000 -0.000436
-5.250260 -40.204600 14.478700 0.002115 0.249765 0.968283 0.006432 -5.645340 -41.556379 16.965969 -0.000803 -0.000000 1.000000 0.000054 -3.894348 -40.589332 16.964209 -0.000809 -0.000000 1.000000 0.000055 -4.862086 -38.838987 16.991234 -0.000807 -0.000000 1.000000 0.000055 -6.612718 -39.806254 16.992997 -0.000800 -0.000000 1.000000 0.000054
-15.608700 -22.698300 18.729400 0.004691 0.093977 0.995553 -0.004465 -16.408528 -23.859360 21.247524 0.000840 0.000001 0.999999 -0.000869 -14.443983 -23.485246 21.227164 0.000824 0.000001 0.999999 -0.000878 -14.818365 -21.520753 21.211146 0.000840 0.000001 0.999999 -0.000870 -16.782930 -21.894866 21.231506 0.000856 0.000001 0.999999 -0.000861
41.986000 -22.641400 9.919890 0.001534 0.071999 0.997401 -0.002402 41.153672 -23.782183 12.427795 0.001646 0.000001 0.999998 0.000741 43.133227 -23.495171 12.420982 0.001647 0.000001 0.999998 0.000741 42.845866 -21.515389 12.411842 0.001647 0.000001 0.999998 0.000741 40.866271 -21.802381 12.418656 0.001647 0.000001 0.999998 0.000741
-17.694400 -33.668400 16.729700 0.005602 0.020281 0.999775 0.002792 -18.655322 -34.701897 19.234903 0.000074 0.000002 1.000000 -0.000125 -16.657193 -34.620647 19.212726 0.000072 0.000002 1.000000 -0.000124 -16.738058 -32.622344 19.224347 0.000070 0.000002 1.000000 -0.000123 -18.736167 -32.703634 19.246524 0.000073 0.000002 1.000000 -0.000124
-17.143300 -7.498650 13.194800 -0.003569 -0.134607 0.990892 -0.000655 -18.372859 -8.186957 15.687855 -0.000268 -0.000001 1.000000 -0.000736 -16.445367 -8.720492 15.702355 -0.000268 -0.000001 1.000000 -0.000737 -15.911873 -6.792770 15.701680 -0.000268 -0.000001 1.000000 -0.000735 -17.839346 -6.259234 15.687179 -0.000268 -0.000001 1.000000 -0.000734
-14.946800 -34.638000 17.530900 0.002055 -0.000223 0.999998 -0.000039 -15.949330 -35.637787 20.035080 -0.000468 0.000000 1.000000 0.000006 -13.949328 -35.638661 20.026860 -0.000471 0.000000 1.000000 0.000006 -13.948394 -33.638701 20.026703 -0.000471 0.000000 1.000000 0.000006 -15.948417 -33.637827 20.034923 -0.000468 0.000000 1.000000 0.000006
-8.782920 -41.204400 20.437100 0.002267 0.002141 0.999995 -0.000119 -9.787298 -42.214321 22.941821 0.000316 -0.000000 1.000000 0.000676 -7.787337 -42.205858 22.932750 0.000285 -0.000000 1.000000 0.000674 -7.795982 -40.205776 22.932292 0.000285 -0.000000 1.000000 0.000674 -9.795963 -40.214239 22.941363 0.000316 -0.000000 1.000000 0.000676
4.939400 -8.331000 8.455840 0.002859 -0.156510 0.987666 -0.003487 3.691350 -8.964782 10.968135 0.000364 -0.000003 1.000000 0.000041 5.593136 -9.583400 10.959023 0.000346 -0.000003 1.000000 0.000058 6.211515 -7.681470 10.943455 0.000317 -0.000003 1.000000 0.000085 4.309649 -7.062932 10.952567 0.000334 -0.000003 1.000000 0.000069
-16.289000 -45.779500 26.399200 -0.001168 -0.023421 0.999723 -0.002135 -17.342659 -46.730741 28.900961 -0.000989 0.000004 0.999999 -0.000411 -15.344738 -46.824369 28.905830 -0.000989 0.000004 0.999999 -0.000411 -15.251230 -44.826361 28.897403 -0.000989 0.000004 0.999999 -0.000411 -17.249151 -44.732733 28.892534 -0.000989 0.000004 0.999999 -0.000411
6.417780 -26.464800 13.645900 0.002641 0.025844 0.999662 -0.001026 5.469651 -27.521126 16.153123 0.001300 0.000001 0.999999 -0.000438 7.467252 -27.417616 16.142459 0.001276 0.000001 0.999999 -0.000420 7.364361 -25.419872 16.138632 0.001258 0.000001 0.999999 -0.000407 5.366780 -25.523342 16.149296 0.001283 0.000001 0.999999 -0.000425
5.915600 -25.823500 19.726400 -0.001771 0.091952 0.995760 -0.001720 5.115987 -26.984458 22.226930 0.000577 0.000002 1.000000 -0.000595 7.082034 -26.618135 22.233350 0.000576 0.000002 1.000000 -0.000594 6.715916 -24.651948 22.225848 0.000575 0.000002 1.000000 -0.000593 4.749869 -25.018250 22.219428 0.000576 0.000002 1.000000 -0.000595
-12.273200 -36.373900 19.294200 -0.000481 0.001199 0.999999 -0.000975 -13.267869 -37.376931 21.795188 -0.000801 0.000001 1.000000 0.000069 -11.267796 -37.372135 21.797105 -0.000816 0.000001 1.000000 0.000068 -11.272549 -35.372185 21.793202 -0.000815 0.000001 1.000000 0.000068 -13.272622 -35.376981 21.791285 -0.000799 0.000001 1.000000 0.000069
-8.934660 -5.480570 17.801100 -0.000329 0.106292 0.994326 -0.004167 -9.712726 -6.673384 20.309623 -0.000432 -0.000000 1.000000 -0.000581 -7.758239 -6.250443 20.309159 -0.000444 -0.000000 1.000000 -0.000570 -8.181109 -4.295664 20.292444 -0.000450 -0.000000 1.000000 -0.000565 -10.135637 -4.718625 20.292907 -0.000437 -0.000000 1.000000 -0.000576
5.723780 -28.669100 12.774700 0.005352 0.017728 0.999827 -0.001744 4.764546 -29.712010 15.288704 0.001295 0.000003 0.999999 0.000398 6.762994 -29.641150 15.267177 0.001295 0.000003 0.999999 0.000399 6.692219 -27.642359 15.260583 0.001294 0.000003 0.999999 0.000401 4.693771 -27.713219 15.282111 0.001294 0.000003 0.999999 0.000401
-17.184200 -7.846830 10.937500 -0.002962 -0.116000 0.993243 -0.002125 -18.389738 -8.586048 13.434644 -0.000350 -0.000001 1.000000 -0.000856 -16.443857 -9.046907 13.447396 -0.000350 -0.000001 1.000000 -0.000855 -15.982907 -7.101149 13.440329 -0.000350 -0.000001 1.000000 -0.000854 -17.928808 -6.640290 13.427577 -0.000350 -0.000001 1.000000 -0.000854
-14.025800 -12.115500 17.607400 -0.001192 0.183691 0.982979 -0.002796 -14.595302 -13.397578 20.111986 0.000290 -0.000001 1.000000 -0.000936 -12.730197 -12.675167 20.114616 0.000290 -0.000001 1.000000 -0.000936 -13.452442 -10.810328 20.102748 0.000292 -0.000001 1.000000 -0.000934 -15.317567 -11.532739 20.100118 0.000292 -0.000001 1.000000 -0.000934
-9.455430 -40.654800 20.208700 0.004508 0.000318 0.999990 0.000286 -10.450776 -41.653954 22.717119 -0.000322 -0.000000 1.000000 0.000256 -8.451018 -41.652699 22.699089 -0.000322 -0.000000 1.000000 0.000255 -8.452343 -39.652700 22.700238 -0.000322 -0.000000 1.000000 0.000256 -10.452101 -39.653955 22.718268 -0.000322 -0.000000 1.000000 0.000256
-14.090800 -11.975900 12.779100 0.000776 -0.091805 0.995777 0.000394 -15.264149 -12.767645 15.280037 -0.000067 -0.000000 1.000000 -0.000467 -13.297765 -13.133155 15.276801 -0.000077 -0.000000 1.000000 -0.000473 -12.932073 -11.166368 15.278085 -0.000073 -0.000000 1.000000 -0.000471 -14.898457 -10.800859 15.281321 -0.000063 -0.000000 1.000000 -0.000465
0.519726 -44.805500 17.967100 0.003055 0.068608 0.997630 0.004266 -0.338363 -45.941905 20.463631 0.000976 -0.000000 1.000000 0.000219 1.642891 -45.668031 20.452612 0.000950 -0.000000 1.000000 0.000234 1.369202 -43.687172 20.470472 0.000937 -0.000001 1.000000 0.000242 -0.611933 -43.961046 20.481492 0.000963 -0.000000 1.000000 0.000226
-14.423000 -27.237600 15.371400 -0.001177 -0.016436 0.999856 -0.003946 -15.444293 -28.193758 17.876705 0.000009 -0.000000 1.000000 -0.000793 -13.445660 -28.259615 17.881673 -0.000019 -0.000000 1.000000 -0.000783 -13.379925 -26.261358 17.865971 -0.000033 -0.000000 1.000000 -0.000778 -15.378539 -26.195501 17.861003 -0.000005 -0.000000 1.000000 -0.000788
-17.173200 -9.733350 13.436500 0.002231 -0.107717 0.994179 0.000706 -18.368592 -10.491881 15.940143 0.000089 -0.000000 1.000000 -0.000302 -16.414844 -10.920075 15.930967 0.000084 -0.000000 1.000000 -0.000300 -15.986458 -8.966148 15.932811 0.000081 -0.000000 1.000000 -0.000298 -17.940186 -8.537975 15.941988 0.000085 -0.000000 1.000000 -0.000300
14.139100 -43.917300 20.244900 -0.000410 0.180470 0.983577 0.002621 13.565016 -45.224002 22.738074 0.000278 0.000002 0.999999 0.001469 15.434617 -44.513842 22.741581 0.000278 0.000002 0.999999 0.001468 14.724849 -42.644747 22.751591 0.000283 0.000002 0.999999 0.001478 12.855247 -43.354887 22.748084 0.000284 0.000002 0.999999 0.001479
2.703480 -26.270400 14.155600 0.000205 0.030636 0.999530 0.001318 1.787397 -27.319807 16.653143 0.001356 0.000001 0.999999 -0.000015 3.783123 -27.197659 16.652492 0.001329 0.000001 0.999999 0.000023 3.660137 -25.201860 16.657793 0.001300 0.000001 0.999999 0.000064 1.664372 -25.324068 16.658445 0.001326 0.000001 0.999999 0.000026
-14.004500 -21.337700 18.195200 0.001500 0.041500 0.999131 -0.003684 -14.919315 -22.411674 20.705722 -0.000057 0.000000 1.000000 -0.000394 -12.926433 -22.245822 20.699116 -0.000057 0.000000 1.000000 -0.000394 -13.092309 -20.252385 20.684641 -0.000057 0.000000 1.000000 -0.000392 -15.085211 -20.418277 20.691247 -0.000057 0.000000 1.000000 -0.000392
3.209540 -31.668900 17.722900 0.001735 0.061119 0.998122 0.003732 2.344804 -32.774174 20.218183 0.001085 0.000001 0.999999 0.000318 4.329610 -32.530052 20.212169 0.001083 0.000001 0.999999 0.000315 4.085580 -30.545390 20.227496 0.001089 0.000001 0.999999 0.000328 2.100794 -30.789532 20.233509 0.001090 0.000001 0.999999 0.000330
2.397800 -35.229400 22.269000 0.004410 -0.064051 0.997935 0.001910 1.280261 -36.093928 24.774775 0.000387 0.000002 1.000000 -0.000538 3.263373 -36.349410 24.756680 0.000387 0.000002 1.000000 -0.000539 3.519282 -34.365775 24.763175 0.000387 0.000002 1.000000 -0.000538 1.536230 -34.110333 24.781270 0.000387 0.000002 1.000000 -0.000538
-8.910580 -37.322300 19.031500 0.002790 0.004878 0.999984 0.000959 -9.898338 -38.336751 21.535114 0.000378 0.000003 1.000000 0.000744 -7.898464 -38.317187 21.523971 0.000368 0.000003 1.000000 0.000742 -7.917867 -36.317566 21.527861 0.000371 0.000003 1.000000 0.000743 -9.917740 -36.337130 21.539004 0.000381 0.000003 1.000000 0.000745
3.221660 -22.970900 13.912500 -0.000400 0.027260 0.999626 -0.002072 2.289981 -24.007819 16.415884 0.000443 0.000002 1.000000 -0.000732 4.286608 -23.898996 16.417260 0.000422 0.000002 1.000000 -0.000712 4.177272 -21.902866 16.408939 0.000403 0.000002 1.000000 -0.000694 2.180625 -22.011708 16.407563 0.000424 0.000002 1.000000 -0.000714
43.425200 3.009870 9.378950 -0.000035 0.117217 0.993102 -0.003092 42.687552 1.809846 11.885743 0.000177 0.000006 0.999998 -0.001945 44.632513 2.275559 11.884431 0.000177 0.000006 0.999998 -0.001943 44.167460 4.221062 11.872131 0.000178 0.000006 0.999998 -0.001925 42.222479 3.755388 11.873443 0.000178 0.000006 0.999998 -0.001927
-8.518310 -41.511700 20.563800 -0.000316 0.004252 0.999989 0.002069 -9.500323 -42.528740 23.058977 -0.000268 0.000000 1.000000 0.000612 -7.500496 -42.511716 23.060276 -0.000293 0.000000 1.000000 0.000601 -7.517466 -40.511965 23.068545 -0.000280 0.000000 1.000000 0.000607 -9.517293 -40.528990 23.067247 -0.000254 0.000000 1.000000 0.000619
50.412000 10.565400 9.471140 0.003098 0.141064 0.989992 -0.002559 49.733896 9.353540 11.982021 0.001076 0.000005 0.999997 -0.002251 51.654302 9.911977 11.968311 0.001073 0.000005 0.999997 -0.002254 51.094961 11.831575 11.959934 0.001088 0.000005 0.999997 -0.002235 49.174555 11.273097 11.973644 0.001091 0.000005 0.999997 -0.002232
-5.620730 -14.798900 13.654500 0.004988 -0.080383 0.996751 -0.000774 -6.762488 -15.613566 16.166603 0.000159 0.000000 1.000000 -0.000305 -4.788693 -15.934250 16.146967 0.000155 0.000000 1.000000 -0.000298 -4.468020 -13.960539 16.142280 0.000144 0.000000 1.000000 -0.000277 -6.441854 -13.639894 16.161917 0.000148 0.000000 1.000000 -0.000284
8.630760 -26.681000 13.327800 0.002634 0.022421 0.999745 0.000133 7.676479 -27.734632 15.832646 0.001373 0.000001 0.999999 0.000026 9.674760 -27.644829 15.822124 0.001353 0.000001 0.999999 0.000044 9.585520 -25.646500 15.822893 0.001334 0.000001 0.999999 0.000062 7.587279 -25.736283 15.833415 0.001354 0.000001 0.999999 0.000043
8.106430 -8.418430 7.624350 0.004391 -0.159469 0.987184 -0.004263 6.848423 -9.062850 10.141392 0.001803 -0.000003 0.999998 0.000255 8.746065 -9.693106 10.126768 0.001797 -0.000003 0.999998 0.000259 9.375711 -7.794880 10.107136 0.001782 -0.000003 0.999998 0.000272 7.477970 -7.164724 10.121759 0.001788 -0.000003 0.999998 0.000268
3.936860 -41.240300 7.609390 -0.000575 0.443190 0.896425 0.002017 4.134442 -42.649564 10.103428 0.000620 -0.000001 1.000000 0.000492 5.348571 -41.060581 10.109067 0.000621 -0.000002 1.000000 0.000493 3.759699 -39.846928 10.115277 0.000628 -0.000002 1.000000 0.000500 2.545331 -41.435750 10.109640 0.000627 -0.000001 1.000000 0.000499
-10.627800 -23.201800 14.313500 -0.002328 -0.075259 0.997154 0.003753 -11.772245 -24.030837 16.801522 0.000539 0.000000 1.000000 0.000113 -9.794702 -24.331032 16.809678 0.000503 0.000000 1.000000 0.000091 -9.494757 -22.353844 16.825349 0.000519 0.000000 1.000000 0.000101 -11.472300 -22.053609 16.817193 0.000554 0.000000 1.000000 0.000122
-5.512700 -44.154500 21.932100 0.000255 0.037631 0.999292 0.000129 -6.426707 -45.227828 24.432307 0.000651 0.000000 1.000000 0.000330 -4.432392 -45.077211 24.431308 0.000640 -0.000000 1.000000 0.000340 -4.582548 -43.082896 24.431862 0.000633 0.000000 1.000000 0.000346 -6.576864 -43.233493 24.432861 0.000645 0.000000 1.000000 0.000336
33.609300 -20.618800 10.177100 0.005607 0.085783 0.996295 0.002641 32.803246 -21.770412 12.681543 0.001566 0.000003 0.999999 0.000365 34.773446 -21.428311 12.660106 0.001566 0.000003 0.999999 0.000368 34.431743 -19.458234 12.672555 0.001567 0.000003 0.999999 0.000379 32.461604 -19.800415 12.693993 0.001567 0.000003 0.999999 0.000376
7.896410 -8.582640 7.745520 0.002601 -0.159617 0.987169 -0.003480 6.639214 -9.224937 10.257190 0.001540 -0.000003 0.999999 0.000050 8.536777 -9.855609 10.249140 0.001540 -0.000003 0.999999 0.000051 9.167117 -7.957488 10.233738 0.001535 -0.000003 0.999999 0.000057 7.269455 -7.326875 10.241788 0.001535 -0.000003 0.999999 0.000056
5.649170 -30.686800 19.648900 0.000052 0.061777 0.998079 0.004577 4.780168 -31.785862 22.139162 0.000166 0.000003 1.000000 -0.000739 6.764662 -31.539305 22.140085 0.000166 0.000003 1.000000 -0.000741 6.517927 -29.554875 22.158375 0.000169 0.000003 1.000000 -0.000729 4.533453 -29.801451 22.157452 0.000170 0.000003 1.000000 -0.000727
-5.266430 -33.240100 18.671200 0.004848 0.021677 0.999753 0.001147 -6.232088 -34.281705 21.178260 -0.000034 0.000003 1.000000 0.000384 -4.234241 -34.194838 21.158971 -0.000045 0.000003 1.000000 0.000380 -4.320704 -32.196883 21.163979 -0.000041 0.000003 1.000000 0.000382 -6.318550 -32.283750 21.183268 -0.000030 0.000003 1.000000 0.000386
33.291100 -20.343300 10.130100 0.003416 0.084152 0.996447 0.001018 32.486689 -21.498808 12.634093 0.001336 0.000003 0.999999 -0.000456 34.458216 -21.163181 12.620819 0.001332 0.000003 0.999999 -0.000461 34.123396 -19.191452 12.626026 0.001337 0.000003 0.999999 -0.000454 32.151930 -19.527159 12.639299 0.001341 0.000003 0.999999 -0.000448
-16.474300 -21.284600 19.664900 -0.000771 0.121408 0.992596 0.003434 -17.192951 -22.485085 22.155809 0.000391 0.000001 1.000000 -0.000912 -15.252053 -22.003318 22.160541 0.000363 0.000001 1.000000 -0.000901 -15.734141 -20.062565 22.173802 0.000357 0.000001 1.000000 -0.000899 -17.675019 -20.544351 22.169071 0.000386 0.000001 1.000000 -0.000910
-16.046600 -24.984400 23.857100 0.003709 -0.085885 0.996298 -0.001041 -17.210188 -25.813658 26.366915 -0.000325 0.000001 1.000000 0.000258 -15.240048 -26.156020 26.352489 -0.000328 0.000001 1.000000 0.000267 -14.897956 -24.185790 26.347063 -0.000347 0.000001 1.000000 0.000328 -16.868096 -23.843467 26.361489 -0.000344 0.000001 1.000000 0.000318
-15.414600 -12.820100 17.110700 0.000017 0.197443 0.980314 -0.000450 -15.948880 -14.127932 19.611786 -0.000334 0.000000 1.000000 -0.000431 -14.104895 -13.354027 19.611366 -0.000336 0.000000 1.000000 -0.000433 -14.879140 -11.510043 19.609613 -0.000333 0.000000 1.000000 -0.000431 -16.723105 -12.283928 19.610034 -0.000331 0.000000 1.000000 -0.000429
-3.856450 -13.012500 12.284300 0.003685 -0.108890 0.994041 -0.003541 -5.050083 -13.774866 14.798658 0.000381 -0.000001 0.999999 -0.001030 -3.097826 -14.208003 14.785546 0.000381 -0.000001 0.999999 -0.001030 -2.664994 -12.255541 14.769860 0.000376 -0.000001 0.999999 -0.001013 -4.617331 -11.822465 14.782971 0.000376 -0.000001 0.999999 -0.001014
-6.457390 -20.728500 17.879500 0.001457 0.027966 0.999591 -0.005841 -7.389350 -21.773834 20.394274 0.000999 -0.000003 0.999999 -0.000946 -5.392547 -21.662149 20.387797 0.000997 -0.000003 0.999999 -0.000946 -5.504540 -19.665814 20.364608 0.000996 -0.000003 0.999999 -0.000946 -7.501363 -19.777519 20.371085 0.000998 -0.000003 0.999999 -0.000946
2.778290 -26.237400 21.002000 -0.005495 0.098348 0.995136 0.001646 1.992518 -27.412142 23.488504 -0.000579 0.000003 1.000000 -0.000207 3.953008 -27.021061 23.511025 -0.000579 0.000003 1.000000 -0.000207 3.561415 -25.059481 23.515415 -0.000578 0.000002 1.000000 -0.000204 1.600925 -25.450541 23.492894 -0.000578 0.000002 1.000000 -0.000205
-14.657300 -26.784200 15.203600 0.007279 -0.020864 0.999754 -0.002061 -15.703838 -27.744857 17.722386 0.000346 0.000000 1.000000 -0.000247 -13.706251 -27.828252 17.693447 0.000344 0.000000 1.000000 -0.000244 -13.622776 -25.830030 17.684597 0.000341 0.000000 1.000000 -0.000239 -15.620383 -25.746655 17.713536 0.000343 0.000000 1.000000 -0.000242
-11.993200 -32.770200 18.920900 0.005207 0.009389 0.999935 -0.003939 -12.967110 -33.785553 21.439122 0.000454 -0.000001 1.000000 -0.000193 -10.968071 -33.748223 21.418149 0.000445 -0.000001 1.000000 -0.000189 -11.005726 -31.748477 21.402591 0.000442 -0.000001 1.000000 -0.000188 -13.004765 -31.785828 21.423564 0.000451 -0.000001 1.000000 -0.000191
5.982850 -21.808700 19.852100 0.002072 0.084938 0.996380 0.002843 5.175516 -22.968858 22.349704 0.000919 0.000001 0.999999 -0.000532 7.146501 -22.630070 22.342413 0.000919 0.000002 0.999999 -0.000529 6.808301 -20.659101 22.354445 0.000918 0.000002 0.999999 -0.000506 4.837316 -20.997868 22.361736 0.000918 0.000001 0.999999 -0.000508
0.868248 -29.365900 19.175300 -0.001605 0.055192 0.998471 0.002770 -0.008848 -30.476085 21.666406 0.000338 0.000002 1.000000 0.000316 1.978717 -30.255734 21.673428 0.000337 0.000002 1.000000 0.000314 1.758290 -28.268089 21.684137 0.000340 0.000002 1.000000 0.000322 -0.229275 -28.488421 21.677115 0.000341 0.000002 1.000000 0.000324
-14.131100 -34.194400 18.137400 0.003520 -0.000788 0.999993 0.001013 -15.141026 -35.202575 20.642354 -0.000010 0.000001 1.000000 -0.000083 -13.140998 -35.205694 20.628272 -0.000015 0.000001 1.000000 -0.000070 -13.137770 -33.205901 20.632310 -0.000028 0.000001 1.000000 -0.000040 -15.137798 -33.202762 20.646393 -0.000022 0.000001 1.000000 -0.000053
-5.940350 -12.701400 14.960800 -0.001330 -0.124119 0.992266 -0.001012 -7.159437 -13.430895 17.459570 0.000248 0.000000 1.000000 -0.000222 -5.220966 -13.923325 17.465350 0.000242 0.000000 1.000000 -0.000213 -4.728465 -11.984632 17.461993 0.000223 0.000000 1.000000 -0.000183 -6.666896 -11.492161 17.456213 0.000229 0.000000 1.000000 -0.000193
3.445840 -39.259200 18.744400 0.000517 0.004684 0.999986 -0.002386 2.454212 -40.266154 21.250217 -0.000192 0.000001 1.000000 0.000014 4.454463 -40.247404 21.248105 -0.000192 0.000001 1.000000 0.000015 4.435604 -38.247295 21.238570 -0.000193 0.000001 1.000000 0.000024 2.435333 -38.266024 21.240682 -0.000193 0.000001 1.000000 0.000023
-3.072910 -12.256700 13.685500 0.001054 -0.147884 0.989004 0.000779 -4.325805 -12.918744 16.186578 0.000514 0.000001 0.999999 -0.001122 -2.413188 -13.503472 16.181946 0.000501 0.000001 0.999999 -0.001111 -1.828074 -11.590513 16.184402 0.000483 0.000001 0.999999 -0.001096 -3.740651 -11.005745 16.189034 0.000496 0.000001 0.999999 -0.001107
1.542000 -39.760800 10.942300 0.000809 0.356316 0.934362 0.002490 1.466631 -41.180736 13.436790 0.000550 -0.000002 1.000000 0.000532 2.958624 -39.849196 13.437315 0.000548 -0.000002 1.000000 0.000536 1.627160 -38.357665 13.447771 0.000547 -0.000002 1.000000 0.000540 0.134967 -39.689085 13.447247 0.000548 -0.000002 1.000000 0.000535
-2.638180 -40.070800 21.765900 -0.005093 0.046477 0.998906 0.000273 -3.529795 -41.158691 24.255536 0.000771 0.000001 1.000000 -0.000241 -1.538359 -40.972952 24.275935 0.000769 0.000001 1.000000 -0.000243 -1.724050 -38.981573 24.276078 0.000771 0.000001 1.000000 -0.000241 -3.715485 -39.167292 24.255678 0.000772 0.000001 1.000000 -0.000239
-15.991100 -10.740000 16.541200 0.000559 0.225609 0.974217 0.000861 -16.450125 -12.071451 19.039957 0.000028 -0.000000 1.000000 -0.000509 -14.654044 -11.192279 19.038555 0.000028 -0.000000 1.000000 -0.000509 -15.533152 -9.395860 19.042415 0.000028 -0.000000 1.000000 -0.000509 -17.329232 -10.275071 19.043817 0.000028 -0.000000 1.000000 -0.000509
-9.624940 -12.909300 16.134000 0.000755 0.064464 0.997917 -0.002552 -10.491864 -14.014208 18.640779 -0.000491 0.000000 1.000000 -0.000413 -8.508228 -13.756758 18.637107 -0.000491 0.000000 1.000000 -0.000410 -8.765373 -11.773806 18.627117 -0.000493 0.000000 1.000000 -0.000391 -10.749009 -12.031256 18.630789 -0.000493 0.000000 1.000000 -0.000394
-3.309770 -31.435100 18.693200 -0.005710 0.042051 0.999099 -0.000588 -4.234146 -32.514961 21.183452 -0.000057 0.000003 1.000000 -0.000416 -2.242049 -32.346894 21.206172 -0.000119 0.000003 1.000000 -0.000403 -2.409989 -30.353949 21.202860 -0.000125 0.000003 1.000000 -0.000402 -4.402085 -30.521996 21.180141 -0.000063 0.000003 1.000000 -0.000415
-3.530100 -43.966100 26.035100 0.008256 0.066478 0.997753 0.001485 -4.392603 -45.093165 28.547205 0.000660 0.000001 1.000000 -0.000317 -2.411093 -44.827800 28.514647 0.000659 0.000001 1.000000 -0.000315 -2.676499 -42.845427 28.522769 0.000657 0.000001 1.000000 -0.000311 -4.657769 -43.110871 28.555329 0.000658 0.000001 1.000000 -0.000313
-9.846190 -42.621300 19.323000 0.002712 0.003881 0.999988 -0.000966 -10.838018 -43.628900 21.830334 0.000623 0.000001 1.000000 0.000053 -8.838147 -43.613468 21.819469 0.000623 0.000001 1.000000 0.000053 -8.853720 -41.613732 21.815647 0.000623 0.000001 1.000000 0.000053 -10.853590 -41.629164 21.826511 0.000623 0.000001 1.000000 0.000053
-9.162270 -39.356200 21.657100 -0.002110 -0.005970 0.999979 0.001142 -10.168769 -40.342843 24.150563 -0.000550 -0.000001 1.000000 0.000195 -8.169110 -40.366873 24.158976 -0.000558 -0.000001 1.000000 0.000199 -8.145379 -38.367141 24.163596 -0.000562 -0.000001 1.000000 0.000200 -10.145038 -38.343111 24.155183 -0.000553 -0.000001 1.000000 0.000197
40.367800 -22.725700 8.813090 -0.001224 0.117090 0.993117 -0.002832 39.625049 -23.923222 11.317218 0.000112 0.000002 1.000000 -0.000348 41.569903 -23.457932 11.320754 0.000107 0.000002 1.000000 -0.000354 41.104581 -21.513164 11.308930 0.000119 0.000002 1.000000 -0.000339 39.159647 -21.978374 11.305394 0.000124 0.000002 1.000000 -0.000333
0.455321 -4.852840 15.770500 0.000226 -0.240052 0.970760 0.000107 -0.884349 -5.264216 18.270846 0.001113 -0.000001 0.999999 -0.000439 0.885471 -6.196167 18.269863 0.001113 -0.000001 0.999999 -0.000439 1.817523 -4.426447 18.270063 0.001112 -0.000001 0.999999 -0.000436 0.047783 -3.494435 18.271045 0.001112 -0.000001 0.999999 -0.000436
3.858370 -31.169800 19.180500 0.001372 0.054610 0.998497 -0.004530 2.987221 -32.288851 21.692463 0.001195 0.000002 0.999999 0.000573 4.975424 -32.070846 21.685991 0.001192 0.000002 0.999999 0.000564 4.757389 -30.082837 21.668197 0.001203 0.000002 0.999999 0.000596 2.769185 -30.300842 21.674669 0.001206 0.000002 0.999999 0.000605
-5.149580 -27.606300 16.289400 0.000798 0.033985 0.999422 0.000178 -6.081823 -28.687644 18.790509 0.000904 0.000001 1.000000 0.000243 -4.086225 -28.551843 18.787343 0.000892 0.000001 1.000000 0.000268 -4.222025 -26.556323 18.788164 0.000868 0.000001 1.000000 0.000322 -6.217582 -26.692084 18.791330 0.000879 0.000001 1.000000 0.000297
0.523505 -25.300500 14.688100 0.002189 0.033056 0.999451 -0.000369 -0.411634 -26.371360 17.193066 0.000472 0.000001 1.000000 -0.000036 1.584236 -26.239072 17.184268 0.000460 0.000001 1.000000 -0.000022 1.452361 -24.242923 17.183085 0.000447 0.000001 1.000000 -0.000007 -0.543489 -24.375172 17.191883 0.000459 0.000001 1.000000 -0.000021
-16.555000 -24.145700 18.582000 -0.001167 0.071701 0.997421 -0.003027 -17.404879 -25.282555 21.086289 -0.000335 0.000001 1.000000 -0.000376 -15.425208 -24.996618 21.090075 -0.000358 0.000001 1.000000 -0.000362 -15.711357 -23.017359 21.077663 -0.000366 0.000001 1.000000 -0.000356 -17.691028 -23.303296 21.073877 -0.000344 0.000001 1.000000 -0.000370
-14.188300 -14.493000 13.479200 -0.002202 -0.075176 0.997167 -0.001157 -15.333135 -15.327827 15.976599 -0.000374 -0.000000 1.000000 0.000011 -13.355700 -15.627669 15.985729 -0.000381 -0.000000 1.000000 0.000005 -13.055917 -13.649981 15.981776 -0.000377 -0.000000 1.000000 0.000009 -15.033352 -13.350118 15.972647 -0.000371 -0.000000 1.000000 0.000015
-15.059100 -12.885400 12.761700 -0.001589 -0.087231 0.996184 -0.002237 -16.215694 -13.697848 15.262310 -0.000842 0.000000 1.000000 -0.000030 -14.246201 -14.045425 15.269422 -0.000852 0.000000 1.000000 -0.000033 -13.898436 -12.076142 15.261061 -0.000851 0.000000 1.000000 -0.000033 -15.867929 -11.728565 15.253949 -0.000841 0.000000 1.000000 -0.000030
-8.514490 -8.967220 17.410400 0.000387 0.083871 0.996464 -0.005074 -9.344736 -10.123369 19.921993 -0.000317 -0.000000 1.000000 -0.000631 -7.373154 -9.788980 19.918748 -0.000335 -0.000000 1.000000 -0.000616 -7.707598 -7.817260 19.898654 -0.000344 -0.000000 1.000000 -0.000608 -9.679220 -8.151669 19.901899 -0.000326 -0.000000 1.000000 -0.000624
-17.055500 -46.248000 15.704900 -0.001053 -0.022172 0.999753 -0.000905 -18.103629 -47.199170 18.204510 -0.000245 0.000001 1.000000 0.000533 -16.105779 -47.287830 18.208800 -0.000246 0.000001 1.000000 0.000528 -16.017071 -45.289620 18.205275 -0.000243 0.000001 1.000000 0.000543 -18.014940 -45.200939 18.200985 -0.000242 0.000001 1.000000 0.000548
-13.299000 -43.734700 23.198000 -0.003783 -0.007712 0.999963 -0.000586 -14.315227 -44.711138 25.691508 -0.000598 0.000001 1.000000 -0.000436 -12.315722 -44.741898 25.706658 -0.000598 0.000001 1.000000 -0.000435 -12.284745 -42.742417 25.704432 -0.000600 0.000001 1.000000 -0.000422 -14.284250 -42.711638 25.689282 -0.000600 0.000001 1.000000 -0.000423
0.107404 -40.219700 11.004900 -0.000295 0.310656 0.950495 -0.007180 -0.102050 -41.613541 13.522556 0.001091 -0.000002 0.999999 -0.000682 1.512181 -40.432584 13.514755 0.001092 -0.000002 0.999999 -0.000681 0.331181 -38.819139 13.487088 0.001099 -0.000002 0.999999 -0.000673 -1.283370 -39.999896 13.494891 0.001098 -0.000002 0.999999 -0.000675
-16.433900 -20.881600 19.869100 0.002386 0.129157 0.991621 0.000929 -17.133462 -22.095135 22.371084 0.000475 0.000001 0.999999 -0.000940 -15.200571 -21.583107 22.362104 0.000455 0.000001 0.999999 -0.000935 -15.712921 -19.649997 22.367022 0.000453 0.000001 0.999999 -0.000935 -17.645792 -20.162044 22.376003 0.000473 0.000001 0.999999 -0.000940
-4.700400 -32.379400 18.543400 0.008606 0.031454 0.999465 0.002353 -5.659050 -33.425879 21.054801 -0.000400 0.000005 1.000000 -0.000767 -3.663883 -33.299770 21.020679 -0.000465 0.000005 1.000000 -0.000795 -3.789309 -31.304030 21.031177 -0.000429 0.000005 1.000000 -0.000780 -5.784476 -31.430138 21.065298 -0.000365 0.000005 1.000000 -0.000752
45.109600 10.030700 9.275000 0.000206 0.134436 0.990917 -0.003147 44.411751 8.808931 11.782419 -0.000142 0.000006 0.999997 -0.002239 46.339419 9.341868 11.779910 -0.000142 0.000006 0.999997 -0.002234 45.807136 11.270116 11.767545 -0.000142 0.000006 0.999998 -0.002219 43.879468 10.737199 11.770054 -0.000142 0.000006 0.999998 -0.002223
26.451900 -19.526400 10.832700 0.002080 0.057747 0.998325 0.002734 25.579154 -20.637789 13.330824 0.000828 0.000001 1.000000 0.000217 27.565458 -20.407086 13.323150 0.000828 0.000001 1.000000 0.000218 27.334941 -18.420895 13.334548 0.000826 0.000001 1.000000 0.000220 25.348637 -18.651617 13.342222 0.000827 0.000001 1.000000 0.000219
-5.354700 -8.587820 14.661800 -0.002145 -0.167865 0.985808 0.000016 -6.619303 -9.189906 17.156758 0.000037 -0.000001 1.000000 -0.000533 -4.732136 -9.852116 17.165207 0.000024 -0.000000 1.000000 -0.000525 -4.070266 -7.965311 17.166712 0.000009 -0.000000 1.000000 -0.000517 -5.957493 -7.303120 17.158263 0.000021 -0.000001 1.000000 -0.000524
0.788967 -26.738900 19.740400 -0.003688 0.081435 0.996671 -0.000937 -0.043441 -27.886829 22.235650 -0.000257 0.000004 1.000000 -0.000361 1.929638 -27.562039 22.250048 -0.000272 0.000004 1.000000 -0.000355 1.605176 -25.588589 22.245111 -0.000275 0.000004 1.000000 -0.000354 -0.367963 -25.913339 22.230713 -0.000259 0.000004 1.000000 -0.000360
-5.919100 -19.890900 17.851700 0.000237 0.028784 0.999586 -0.000219 -6.853717 -20.929233 20.352526 0.000472 -0.000002 0.999999 -0.001052 -4.857291 -20.814367 20.351557 0.000472 -0.000002 0.999999 -0.001049 -4.972598 -18.817741 20.350710 0.000471 -0.000002 0.999999 -0.001038 -6.969063 -18.932627 20.351679 0.000471 -0.000002 0.999999 -0.001041
-16.270300 -39.205800 20.570900 0.003692 0.002740 0.999989 -0.001260 -17.271586 -40.201736 23.080731 -0.000294 0.000000 1.000000 -0.000756 -15.271831 -40.190933 23.065949 -0.000294 0.000000 1.000000 -0.000757 -15.282991 -38.191029 23.060948 -0.000293 0.000000 1.000000 -0.000752 -17.282726 -38.201832 23.075731 -0.000293 0.000000 1.000000 -0.000751
-13.711500 -35.231900 20.323700 -0.000292 0.000038 0.999999 0.001250 -14.718063 -36.228154 22.820598 -0.001097 0.000003 0.999999 -0.000947 -12.718003 -36.228045 22.821765 -0.001097 0.000003 0.999999 -0.000948 -12.718215 -34.228052 22.826766 -0.001097 0.000003 0.999999 -0.000948 -14.718275 -34.228140 22.825598 -0.001096 0.000003 0.999999 -0.000947
-10.247300 -31.299800 16.842300 0.003064 0.020727 0.999777 0.002571 -11.195643 -32.331928 19.342996 -0.000016 -0.000001 1.000000 0.000465 -9.197819 -32.249147 19.330958 -0.000033 -0.000000 1.000000 0.000484 -9.280858 -30.251391 19.341498 -0.000049 -0.000001 1.000000 0.000503 -11.278702 -30.334193 19.353536 -0.000032 -0.000001 1.000000 0.000484
26.372900 -19.601900 10.819000 -0.000097 0.058101 0.998302 0.004240 25.503918 -20.713047 13.309823 0.000760 0.000001 1.000000 0.000361 27.490016 -20.481061 13.311198 0.000760 0.000001 1.000000 0.000361 27.257985 -18.495215 13.328108 0.000761 0.000001 1.000000 0.000362 25.271908 -18.727222 13.326733 0.000761 0.000001 1.000000 0.000362
-17.542900 -9.240200 17.725800 0.001472 0.166863 0.985976 0.002365 -18.150372 -10.507554 20.222725 0.000286 0.000001 0.999999 -0.000996 -16.261874 -9.849588 20.218500 0.000269 0.000001 0.999999 -0.000996 -16.919731 -7.961244 20.228810 0.000272 0.000001 0.999999 -0.000996 -18.808230 -8.619209 20.233035 0.000289 0.000001 0.999999 -0.000996
-0.186141 -26.271800 14.734700 -0.000029 0.033551 0.999437 0.000676 -1.100880 -27.324381 17.233141 0.000738 0.000000 1.000000 0.000176 0.894197 -27.190534 17.233354 0.000718 0.000000 1.000000 0.000207 0.759670 -25.195578 17.236059 0.000694 0.000000 1.000000 0.000244 -1.235428 -25.329465 17.235847 0.000714 0.000001 1.000000 0.000213
-14.000000 -33.968300 20.562300 0.002900 -0.000739 0.999995 -0.000347 -15.004206 -34.966447 23.068779 -0.000900 0.000002 0.999999 -0.001093 -13.004342 -34.969447 23.057182 -0.000900 0.000002 0.999999 -0.001093 -13.001429 -32.969390 23.055787 -0.000900 0.000002 0.999999 -0.001092 -15.001293 -32.966409 23.067385 -0.000900 0.000002 0.999999 -0.001092
-1.106830 -29.312000 19.019900 -0.004689 0.063751 0.997954 -0.001112 -1.954806 -30.427542 21.513361 -0.000067 0.000003 1.000000 -0.000392 0.028670 -30.173180 21.531797 -0.000098 0.000003 1.000000 -0.000392 -0.225810 -28.189342 21.526162 -0.000097 0.000003 1.000000 -0.000392 -2.209306 -28.443683 21.507726 -0.000065 0.000003 1.000000 -0.000393
38.869700 -19.909900 9.579090 0.001651 0.071223 0.997458 0.001224 38.034217 -21.030416 12.079460 0.001805 0.000002 0.999998 -0.000031 40.014075 -20.746280 12.073222 0.001804 0.000002 0.999998 -0.000033 39.729436 -18.766877 12.078581 0.001815 0.000002 0.999998 -0.000009 37.749577 -19.051033 12.084819 0.001816 0.000002 0.999998 -0.000007
0.792685 -39.667400 11.237600 0.000309 0.342854 0.939386 0.002188 0.681459 -41.084721 13.732324 0.000980 -0.000002 0.999999 0.000522 2.211123 -39.796549 13.734165 0.000980 -0.000002 0.999999 0.000524 0.923077 -38.267384 13.742807 0.000981 -0.000002 0.999999 0.000530 -0.606767 -39.555416 13.740968 0.000981 -0.000002 0.999999 0.000528
-7.057260 -33.662900 21.691900 0.002507 0.065464 0.997852 0.000531 -7.937203 -34.780976 24.195316 -0.000167 -0.000000 1.000000 0.000208 -5.954690 -34.519617 24.185445 -0.000215 -0.000000 1.000000 0.000197 -6.216118 -32.536641 24.188220 -0.000198 -0.000000 1.000000 0.000200 -8.198651 -32.798000 24.198091 -0.000150 -0.000000 1.000000 0.000211
-16.161400 -16.694400 18.245000 0.001466 0.122652 0.992447 -0.001672 -16.877950 -17.905267 20.751255 0.000311 -0.000000 1.000000 -0.000583 -14.938273 -17.418574 20.744617 0.000302 -0.000000 1.000000 -0.000585 -15.425085 -15.478880 20.738697 0.000305 -0.000000 1.000000 -0.000584 -17.364743 -15.965552 20.745336 0.000315 -0.000000 1.000000 -0.000582
2.242980 -33.915700 9.866200 -0.001187 0.246047 0.969242 0.005349 1.856131 -35.268419 12.351379 0.001130 0.000000 0.999999 0.000479 3.614428 -34.314328 12.361239 0.001122 0.000000 0.999999 0.000485 2.660466 -32.556739 12.380809 0.001122 0.000000 0.999999 0.000485 0.902288 -33.510630 12.370947 0.001131 0.000000 0.999999 0.000479
6.980710 -22.650500 19.933400 -0.001584 0.097990 0.995185 0.001720 6.193946 -23.814941 22.426748 -0.000121 0.000004 0.999999 -0.001290 8.155248 -23.425017 22.433730 -0.000122 0.000004 0.999999 -0.001290 7.765042 -21.463398 22.439954 -0.000121 0.000004 0.999999 -0.001290 5.803761 -21.853321 22.432972 -0.000121 0.000004 0.999999 -0.001290
3.889100 -23.240700 13.799700 0.001650 0.028948 0.999578 -0.001595 2.966293 -24.282035 16.306071 0.001022 0.000001 0.999999 -0.000268 4.962470 -24.166704 16.299294 0.001003 0.000001 0.999999 -0.000242 4.846258 -22.170766 16.293117 0.000983 0.000001 0.999999 -0.000213 2.850061 -22.286137 16.299894 0.001001 0.000001 0.999999 -0.000239
-15.607400 -45.181600 22.130000 -0.000542 0.001640 0.999999 0.000125 -16.599623 -46.188253 24.628657 -0.000419 -0.000001 0.999999 0.000997 -14.599495 -46.181614 24.630826 -0.000429 -0.000001 0.999999 0.001003 -14.605975 -44.181605 24.631324 -0.000433 -0.000001 0.999999 0.001005 -16.606083 -44.188244 24.629155 -0.000423 -0.000001 0.999999 0.000999
11.829400 -7.763920 6.159180 0.000192 -0.172987 0.984919 0.003213 10.570416 -8.351986 8.654220 0.001773 -0.000002 0.999998 -0.000359 12.451178 -9.033116 8.651233 0.001767 -0.000002 0.999998 -0.000352 13.132433 -7.153075 8.663762 0.001755 -0.000002 0.999998 -0.000338 11.251771 -6.471845 8.666747 0.001761 -0.000002 0.999998 -0.000345
15.693000 -47.947600 14.755200 -0.004107 0.197611 0.980268 -0.002935 15.167339 -49.258677 17.255612 0.001187 -0.000000 0.999999 0.000162 17.011632 -48.483802 17.269392 0.001183 -0.000001 0.999999 0.000162 16.237054 -46.640017 17.254634 0.001186 -0.000001 0.999999 0.000162 14.392361 -47.414751 17.240857 0.001190 -0.000000 0.999999 0.000163
8.231880 -24.690100 19.475500 0.000575 0.103321 0.994648 -0.000650 7.463145 -25.871891 21.977947 0.000239 0.000002 1.000000 -0.000659 9.420603 -25.460860 21.975391 0.000238 0.000002 1.000000 -0.000660 9.009550 -23.503403 21.973042 0.000240 0.000002 1.000000 -0.000659 7.052072 -23.914413 21.975599 0.000241 0.000002 1.000000 -0.000657
2.509530 -27.082200 19.390800 0.001773 0.070813 0.997487 -0.001037 1.661868 -28.202508 21.896274 0.000275 0.000002 1.000000 -0.000913 3.642017 -27.919994 21.888907 0.000274 0.000002 1.000000 -0.000911 3.359387 -25.940256 21.885271 0.000273 0.000002 1.000000 -0.000905 1.379238 -26.222791 21.892638 0.000273 0.000002 1.000000 -0.000907
-14.762600 -7.267740 11.145800 -0.000725 -0.142046 0.989841 -0.006112 -15.997016 -7.942194 13.654474 -0.000215 -0.000000 0.999999 -0.001090 -14.077827 -8.504708 13.660817 -0.000234 -0.000000 0.999999 -0.001088 -13.515397 -6.585985 13.637028 -0.000245 -0.000000 0.999999 -0.001087 -15.434627 -6.023451 13.630685 -0.000225 -0.000000 0.999999 -0.001089
-15.505800 -21.235800 25.019600 -0.006972 -0.161841 0.986783 0.004315 -16.764147 -21.860396 27.496322 0.000270 0.000003 1.000000 -0.000348 -14.869431 -22.499384 27.521051 0.000263 0.000003 1.000000 -0.000352 -14.231024 -20.604408 27.542597 0.000264 0.000003 1.000000 -0.000351 -16.125680 -19.965380 27.517868 0.000271 0.000003 1.000000 -0.000348
4.095240 -31.168800 19.194300 0.003654 0.055291 0.998453 0.004556 3.221192 -32.279249 21.691547 0.001348 0.000003 0.999999 0.000051 5.208610 -32.057980 21.677963 0.001348 0.000003 0.999999 0.000050 4.988194 -30.070771 21.696967 0.001348 0.000003 0.999999 0.000066 3.000756 -30.292060 21.710552 0.001348 0.000003 0.999999 0.000067
3.580850 -31.154500 19.164800 -0.000039 0.053867 0.998541 -0.003851 2.700197 -32.242654 21.672784 0.000560 0.000003 1.000000 -0.000378 4.688750 -32.027579 21.672108 0.000560 0.000003 1.000000 -0.000372 4.473556 -30.039505 21.656721 0.000560 0.000003 1.000000 -0.000329 2.485003 -30.254580 21.657397 0.000560 0.000003 1.000000 -0.000335
-3.124530 -35.990000 11.185300 -0.001271 0.337714 0.941246 -0.002015 -3.247651 -37.396304 13.688860 0.000286 -0.000001 0.999999 -0.001391 -1.704220 -36.124687 13.690924 0.000284 -0.000001 0.999999 -0.001394 -2.975097 -34.581186 13.681616 0.000306 -0.000001 0.999999 -0.001368 -4.518728 -35.852683 13.679553 0.000308 -0.000001 0.999999 -0.001365
11.567400 -47.483500 15.475600 0.008277 0.180089 0.983604 0.004684 10.996494 -48.773711 17.977909 0.001109 -0.000000 0.999999 0.000011 12.865352 -48.064731 17.948716 0.001108 -0.000000 0.999999 0.000011 12.157301 -46.194787 17.973107 0.001108 -0.000000 0.999999 0.000011 10.288824 -46.903867 18.002299 0.001110 -0.000000 0.999999 0.000011
4.756960 -31.723400 18.168300 -0.000859 0.058152 0.998299 -0.004179 3.880316 -32.840806 20.675458 0.000070 0.000002 1.000000 0.000589 5.866907 -32.608538 20.677917 0.000068 0.000002 1.000000 0.000590 5.634827 -30.622095 20.661030 0.000067 0.000002 1.000000 0.000593 3.648237 -30.854343 20.658571 0.000068 0.000002 1.000000 0.000591
-14.663700 -34.655400 17.631600 0.000722 0.000086 1.000000 0.000167 -15.674372 -35.655892 20.132676 -0.000435 0.000000 1.000000 0.000004 -13.674374 -35.655586 20.129789 -0.000443 0.000000 1.000000 0.000004 -13.674599 -33.655646 20.130456 -0.000442 0.000000 1.000000 0.000004 -15.674597 -33.655952 20.133344 -0.000435 0.000000 1.000000 0.000004
-10.682300 -25.501700 17.881500 0.000716 0.022551 0.999735 -0.004657 -11.638461 -26.541964 20.392396 0.000114 -0.000001 1.000000 -0.000784 -9.640758 -26.451856 20.389114 0.000114 -0.000001 1.000000 -0.000783 -9.731093 -24.454137 20.370555 0.000114 -0.000001 1.000000 -0.000781 -11.728836 -24.544265 20.373836 0.000114 -0.000001 1.000000 -0.000782
4.718660 -14.871600 22.059000 -0.001427 0.094317 0.995541 0.000777 3.924976 -16.025600 24.554658 0.000033 0.000002 0.999999 -0.001178 5.889085 -15.650097 24.560636 0.000033 0.000002 0.999999 -0.001178 5.513434 -13.685763 24.563193 0.000034 0.000002 0.999999 -0.001171 3.549345 -14.061265 24.557216 0.000034 0.000002 0.999999 -0.001172
3.879250 -47.920500 19.252000 -0.001159 0.123988 0.992270 0.005021 3.146015 -49.135870 21.738722 0.000257 -0.000002 1.000000 0.000820 5.083898 -48.644155 21.745809 0.000241 -0.000002 1.000000 0.000811 4.591456 -46.706008 21.765164 0.000255 -0.000002 1.000000 0.000819 2.653593 -47.197723 21.758077 0.000271 -0.000002 1.000000 0.000829
-11.196400 -21.267500 13.712900 -0.000112 -0.108579 0.994074 -0.005211 -12.372667 -22.033857 16.221764 0.000347 0.000002 1.000000 -0.000572 -10.420204 -22.465697 16.224475 0.000295 0.000002 1.000000 -0.000603 -9.988480 -20.513223 16.203800 0.000310 0.000002 1.000000 -0.000594 -11.940982 -20.081443 16.201089 0.000362 0.000002 1.000000 -0.000564
1.553840 -9.287640 10.326400 0.004955 -0.127835 0.991777 -0.003469 0.349450 -9.986716 12.843389 0.001140 -0.000003 0.999999 -0.000298 2.283365 -10.494580 12.825511 0.001138 -0.000002 0.999999 -0.000293 2.790091 -8.560415 12.809219 0.001127 -0.000003 0.999999 -0.000262 0.856097 -8.052631 12.827098 0.001129 -0.000002 0.999999 -0.000267
-6.952710 -22.332600 16.260300 -0.000679 -0.030890 0.999514 -0.004248 -7.990372 -23.268358 18.766978 0.000881 0.000000 1.000000 -0.000032 -5.994670 -23.392065 18.770224 0.000812 0.000001 1.000000 -0.000028 -5.871159 -21.396314 18.753324 0.000804 0.000001 1.000000 -0.000028 -7.866881 -21.272607 18.750079 0.000873 0.000000 1.000000 -0.000032
-7.708050 -19.778900 16.372400 0.003044 -0.045427 0.998963 -0.000952 -8.804121 -20.684666 18.880524 0.001004 -0.000002 0.999999 -0.000800 -6.812332 -20.865976 18.868534 0.000949 -0.000002 0.999999 -0.000771 -6.630885 -18.873854 18.864176 0.000914 -0.000002 0.999999 -0.000752 -8.622653 -18.692564 18.876167 0.000969 -0.000002 0.999999 -0.000781
19.209600 -20.395300 11.635700 0.002583 0.046794 0.998901 0.000844 18.317044 -21.474503 14.138805 0.000891 0.000002 1.000000 0.000269 20.308419 -21.287586 14.128644 0.000890 0.000002 1.000000 0.000267 20.121099 -19.296587 14.132502 0.000894 0.000002 1.000000 0.000275 18.129725 -19.483504 14.142663 0.000895 0.000002 1.000000 0.000277
-14.695100 -7.236180 11.162300 0.000307 -0.142029 0.989854 -0.004035 -15.927439 -7.919606 13.669788 -0.000046 0.000001 1.000000 -0.000311 -14.008368 -8.482063 13.670863 -0.000072 0.000001 1.000000 -0.000326 -13.445901 -6.562937 13.654710 -0.000066 0.000001 1.000000 -0.000323 -15.364992 -6.000480 13.653635 -0.000041 0.000001 1.000000 -0.000308
7.314680 -45.796700 20.174900 0.002233 0.134345 0.990917 0.005387 6.611202 -47.018930 22.666506 0.000709 -0.000001 1.000000 -0.000188 8.538527 -46.486442 22.660550 0.000691 -0.000001 1.000000 -0.000196 8.005916 -44.558792 22.683102 0.000707 -0.000001 1.000000 -0.000189 6.078650 -45.091300 22.689059 0.000726 -0.000001 1.000000 -0.000181
-3.853550 -4.693490 17.801000 0.004180 0.111519 0.993742 -0.004714 -4.602679 -5.877757 20.318744 0.000826 -0.000002 0.999999 -0.001237 -2.652715 -5.434851 20.300026 0.000827 -0.000002 0.999999 -0.001236 -3.096179 -3.484926 20.283152 0.000828 -0.000002 0.999999 -0.001233 -5.046163 -3.927872 20.301871 0.000827 -0.000002 0.999999 -0.001233
-1.300220 -34.378000 19.313800 0.000751 0.075652 0.997132 -0.002222 -2.145885 -35.514211 21.819927 -0.000314 0.000003 1.000000 -0.000065 -0.168720 -35.212737 21.816259 -0.000328 0.000003 1.000000 -0.000071 -0.470667 -33.235730 21.807624 -0.000320 0.000003 1.000000 -0.000068 -2.447832 -33.537204 21.811292 -0.000306 0.000003 1.000000 -0.000062
-15.235800 -33.095500 9.150760 0.000431 -0.173491 0.984808 0.007338 -16.514014 -33.690244 11.639766 -0.000251 0.000003 1.000000 0.000552 -14.634511 -34.373653 11.632974 -0.000252 0.000003 1.000000 0.000553 -13.951397 -32.494685 11.661585 -0.000255 0.000003 1.000000 0.000557 -15.830820 -31.811236 11.668376 -0.000254 0.000003 1.000000 0.000556
5.023170 -24.300100 13.611500 -0.001545 0.031171 0.999508 0.003175 4.097966 -25.354952 16.101895 0.001449 0.000001 0.999999 -0.000305 6.094850 -25.230230 16.108464 0.001448 0.000001 0.999999 -0.000305 5.970068 -23.234236 16.120966 0.001449 0.000001 0.999999 -0.000305 3.973304 -23.358799 16.114396 0.001451 0.000001 0.999999 -0.000304
-7.088550 -18.096700 14.440200 -0.003491 -0.063491 0.997972 0.002772 -8.193837 -18.954755 16.927492 0.000450 0.000000 1.000000 -0.000422 -6.210010 -19.208244 16.940726 0.000436 0.000000 1.000000 -0.000427 -5.956539 -17.224439 16.952676 0.000439 0.000000 1.000000 -0.000426 -7.940286 -16.970911 16.939442 0.000452 0.000000 1.000000 -0.000421
-8.057990 -46.124000 17.935500 0.002387 0.012468 0.999919 0.001193 -9.028705 -47.148682 20.437790 0.000870 0.000002 1.000000 0.000294 -7.029389 -47.098682 20.428302 0.000870 0.000002 1.000000 0.000294 -7.079187 -45.099210 20.433194 0.000871 0.000002 1.000000 0.000295 -9.078502 -45.149210 20.442681 0.000871 0.000002 1.000000 0.000295
4.085190 -31.171900 19.214300 0.004335 0.055306 0.998447 0.005023 3.203261 -32.285164 21.711840 0.000513 0.000002 1.000000 0.000287 5.190711 -32.064017 21.695637 0.000510 0.000002 1.000000 0.000297 4.970158 -30.076993 21.716657 0.000502 0.000002 1.000000 0.000320 2.982708 -30.298140 21.732861 0.000505 0.000002 1.000000 0.000311
-14.938600 -21.589000 24.595100 -0.000779 -0.154801 0.987945 -0.000309 -16.183592 -22.231170 27.093784 0.000413 0.000002 1.000000 0.000013 -14.279228 -22.842869 27.097052 0.000396 0.000002 1.000000 0.000018 -13.667387 -20.938923 27.096313 0.000386 0.000002 1.000000 0.000022 -15.571751 -20.327184 27.093045 0.000402 0.000002 1.000000 0.000017
33.632000 -15.350700 7.993170 0.001052 0.072696 0.997351 0.002361 32.790367 -16.489861 10.490056 0.000582 0.000004 1.000000 0.000044 34.768804 -16.199839 10.486544 0.000580 0.000004 1.000000 0.000049 34.478881 -14.221320 10.496267 0.000576 0.000004 1.000000 0.000058 32.500464 -14.511342 10.499779 0.000578 0.000004 1.000000 0.000053
-2.441410 -18.001300 14.374900 -0.005315 -0.081294 0.996675 -0.001699 -3.583888 -18.828835 16.866482 0.000524 -0.000002 1.000000 0.000166 -1.610256 -19.152913 16.888224 0.000523 -0.000001 1.000000 0.000166 -1.286446 -17.179119 16.883179 0.000522 -0.000001 1.000000 0.000166 -3.260018 -16.855001 16.861437 0.000523 -0.000001 1.000000 0.000166
8.176350 -46.049100 19.451700 0.005554 0.140073 0.990123 0.002404 7.501694 -47.291328 21.955669 0.001475 -0.000000 0.999999 -0.000362 9.422488 -46.736237 21.935019 0.001473 -0.000000 0.999999 -0.000363 8.868084 -44.814762 21.947651 0.001474 -0.000000 0.999999 -0.000363 6.947449 -45.369933 21.968301 0.001476 -0.000000 0.999999 -0.000362
5.513480 -28.691200 12.860700 0.001929 0.017947 0.999837 -0.001039 4.567306 -29.725137 15.366539 0.001256 0.000003 0.999999 0.000405 6.566103 -29.653489 15.358748 0.001229 0.000003 0.999999 0.000420 6.494359 -27.654362 15.354733 0.001218 0.000003 0.999999 0.000426 4.495542 -27.726010 15.362523 0.001245 0.000003 0.999999 0.000411
40.773900 -19.577900 9.348460 0.002812 0.073345 0.997293 -0.004380 39.942829 -20.708590 11.862986 0.001473 0.000003 0.999999 -0.000513 41.921579 -20.416412 11.850482 0.001473 0.000003 0.999999 -0.000513 41.628783 -18.438087 11.833836 0.001474 0.000003 0.999999 -0.000510 39.650013 -18.730265 11.846340 0.001474 0.000003 0.999999 -0.000511
38.872000 -19.914300 9.568900 0.001803 0.071227 0.997457 0.001589 38.037383 -21.036495 12.068774 0.001898 0.000002 0.999998 0.000150 40.017237 -20.752340 12.062034 0.001898 0.000002 0.999998 0.000149 39.732564 -18.772923 12.068892 0.001906 0.000002 0.999998 0.000169 37.752710 -19.057079 12.075632 0.001907 0.000002 0.999998 0.000170
30.511800 -15.600200 8.955690 -0.000099 0.067850 0.997686 -0.004414 29.659386 -16.710615 11.464859 0.000230 0.000005 0.999999 -0.001063 31.641391 -16.439803 11.464055 0.000228 0.000005 0.999999 -0.001058 31.370623 -14.458695 11.446414 0.000225 0.000005 0.999999 -0.001044 29.388597 -14.729507 11.447218 0.000226 0.000005 0.999999 -0.001049
-1.865620 -46.161400 18.040300 0.005311 0.140391 0.990077 0.003142 -2.552730 -47.396908 20.542151 0.001013 -0.000001 0.999999 0.000663 -0.631941 -46.840649 20.522879 0.000999 -0.000001 0.999999 0.000658 -1.187506 -44.919427 20.538306 0.001009 -0.000001 0.999999 0.000662 -3.108194 -45.475766 20.557578 0.001023 -0.000000 0.999999 0.000667
-17.182300 -21.598600 19.579300 -0.003662 0.099246 0.995056 -0.000354 -17.963732 -22.769537 22.073483 -0.000800 0.000002 0.999999 -0.000700 -16.003304 -22.374751 22.087918 -0.000804 0.000002 0.999999 -0.000698 -16.398341 -20.414290 22.085055 -0.000805 0.000002 0.999999 -0.000698 -18.358748 -20.809077 22.070620 -0.000802 0.000002 0.999999 -0.000699
-12.277300 -29.239900 17.059300 0.003504 -0.003724 0.999987 0.000454 -13.293443 -30.230507 19.565378 -0.000122 0.000001 1.000000 -0.000605 -11.293508 -30.245416 19.551355 -0.000130 0.000001 1.000000 -0.000600 -11.278686 -28.245192 19.553118 -0.000134 0.000001 1.000000 -0.000597 -13.278622 -28.230283 19.567141 -0.000126 0.000001 1.000000 -0.000603
-15.673400 -43.574400 21.695900 -0.000784 0.000943 0.999999 -0.001006 -16.680805 -44.576192 24.196327 -0.000740 -0.000001 1.000000 -0.000354 -14.680951 -44.572436 24.199459 -0.000744 -0.000001 1.000000 -0.000353 -14.684720 -42.572363 24.195433 -0.000745 -0.000001 1.000000 -0.000353 -16.684574 -42.576119 24.192300 -0.000741 -0.000001 1.000000 -0.000354
-18.481600 -5.930500 13.788900 -0.001420 -0.130694 0.991409 -0.005091 -19.702900 -6.627559 16.294440 -0.000193 0.000001 0.999999 -0.001202 -17.771472 -7.145974 16.302732 -0.000201 0.000001 0.999999 -0.001197 -17.253239 -5.214921 16.283287 -0.000212 0.000001 0.999999 -0.001191 -19.184687 -4.696506 16.274995 -0.000204 0.000001 0.999999 -0.001195
-15.022700 -45.463100 16.311600 0.002338 -0.014212 0.999896 -0.000088 -16.062932 -46.453513 18.816366 -0.000857 -0.000001 0.999999 0.000659 -14.063582 -46.510434 18.807019 -0.000860 -0.000001 0.999999 0.000671 -14.006762 -44.511682 18.806527 -0.000870 -0.000001 0.999999 0.000718 -16.006133 -44.454781 18.815874 -0.000868 -0.000001 0.999999 0.000706
-12.453800 -45.261500 23.724200 0.000803 -0.011679 0.999930 0.001476 -13.480707 -46.235646 26.222896 -0.000495 0.000003 1.000000 0.000054 -11.481175 -46.282235 26.219616 -0.000496 0.000003 1.000000 0.000053 -11.434357 -44.282869 26.225481 -0.000495 0.000003 1.000000 0.000054 -13.433909 -44.236281 26.228762 -0.000495 0.000003 1.000000 0.000055
-0.126866 -39.519800 11.278300 0.000813 0.333357 0.942790 0.004365 -0.270872 -40.926303 13.768125 0.000406 -0.000002 1.000000 0.000653 1.284597 -39.669246 13.770880 0.000402 -0.000002 1.000000 0.000654 0.027368 -38.113730 13.788425 0.000404 -0.000002 1.000000 0.000654 -1.527781 -39.370967 13.785670 0.000407 -0.000002 1.000000 0.000652
30.977000 -15.744100 10.551100 0.001332 0.062838 0.998015 0.003985 30.120928 -16.853433 13.045062 0.001354 0.000004 0.999998 -0.001116 32.104866 -16.602541 13.040748 0.001348 0.000004 0.999998 -0.001123 31.853956 -14.618259 13.056990 0.001352 0.000004 0.999998 -0.001118 29.870058 -14.869191 13.061304 0.001358 0.000004 0.999998 -0.001112
-17.439000 -29.825500 13.014100 0.007050 -0.014429 0.999857 -0.005384 -18.463324 -30.798466 15.538916 -0.000414 -0.000000 1.000000 0.000225 -16.464756 -30.856367 15.511032 -0.000449 -0.000000 1.000000 0.000233 -16.406998 -28.857216 15.489092 -0.000459 -0.000000 1.000000 0.000236 -18.405786 -28.799435 15.516976 -0.000423 -0.000000 1.000000 0.000227
-4.936090 -48.618600 19.576800 -0.005268 0.096678 0.995299 -0.002342 -5.732216 -49.792918 22.072411 0.000356 0.000000 1.000000 0.000188 -3.770194 -49.408015 22.092479 0.000332 0.000000 1.000000 0.000182 -4.154779 -47.445283 22.081118 0.000343 0.000000 1.000000 0.000185 -6.116961 -47.830147 22.061050 0.000367 0.000001 1.000000 0.000191
-13.684400 -38.571300 23.833000 0.002254 -0.004019 0.999989 0.001313 -14.686999 -39.569447 26.334897 -0.000018 0.000001 1.000000 -0.000436 -12.687084 -39.585350 26.325858 -0.000029 0.000001 1.000000 -0.000453 -12.670877 -37.585122 26.331073 -0.000013 0.000001 1.000000 -0.000428 -14.670772 -37.569238 26.340112 -0.000003 0.000001 1.000000 -0.000411
-17.319400 -21.422100 13.198200 -0.005213 -0.049242 0.998773 -0.000946 -18.412517 -22.319826 15.689032 -0.000455 0.000001 1.000000 -0.000763 -16.422505 -22.516654 15.710046 -0.000455 0.000001 1.000000 -0.000763 -16.225878 -20.526256 15.707295 -0.000455 0.000001 1.000000 -0.000755 -18.215850 -20.329409 15.686281 -0.000455 0.000001 1.000000 -0.000755
5.537730 -21.474600 13.282300 0.005974 0.022583 0.999719 -0.004111 4.591756 -22.520639 15.802316 0.001209 0.000001 0.999999 -0.000696 6.588673 -22.430669 15.778057 0.001209 0.000001 0.999999 -0.000698 6.498228 -20.433097 15.762156 0.001210 0.000001 0.999999 -0.000691 4.501190 -20.523246 15.786415 0.001210 0.000001 0.999999 -0.000689
-0.241035 -39.784700 11.645100 0.000622 0.301626 0.953426 0.000110 -0.464503 -41.189009 14.145516 0.001126 -0.000002 0.999999 -0.000377 1.171422 -40.038597 14.143277 0.001123 -0.000003 0.999999 -0.000381 0.021790 -38.403170 14.144436 0.001162 -0.000003 0.999999 -0.000323 -1.614336 -39.553462 14.146677 0.001165 -0.000002 0.999999 -0.000319
-8.063010 -22.191700 15.814900 -0.003084 -0.038960 0.999235 -0.001530 -9.124875 -23.107211 18.311359 -0.000290 -0.000001 1.000000 -0.000457 -7.131085 -23.263034 18.323925 -0.000318 -0.000001 1.000000 -0.000454 -6.975344 -21.269375 18.318289 -0.000324 -0.000001 1.000000 -0.000454 -8.969154 -21.113552 18.305723 -0.000296 -0.000001 1.000000 -0.000456
-16.229600 -39.413400 22.250600 -0.002737 -0.007851 0.999962 0.002429 -17.258533 -40.386610 24.740178 -0.000425 0.000001 1.000000 -0.000379 -15.258989 -40.418080 24.751048 -0.000443 0.000001 1.000000 -0.000388 -15.227592 -38.418270 24.760848 -0.000433 0.000001 1.000000 -0.000383 -17.227136 -38.386800 24.749979 -0.000416 0.000001 1.000000 -0.000374
30.028700 -18.857000 10.479800 0.002167 0.068079 0.997674 -0.002792 29.179438 -19.983225 12.989762 0.001133 0.000002 0.999999 0.000166 31.161260 -19.711605 12.980353 0.001133 0.000002 0.999999 0.000166 30.889512 -17.729955 12.969803 0.001133 0.000002 0.999999 0.000167 28.907670 -18.001535 12.979212 0.001133 0.000002 0.999999 0.000166
-13.516600 -22.541500 18.138100 -0.003503 0.037960 0.999273 0.000464 -14.444196 -23.606348 20.630369 -0.000575 0.000001 0.999999 -0.001329 -12.449969 -23.454725 20.644442 -0.000583 0.000001 0.999999 -0.001321 -12.601744 -21.460730 20.645765 -0.000587 0.000001 0.999999 -0.001318 -14.595932 -21.612313 20.631692 -0.000579 0.000001 0.999999 -0.001325
-15.901800 -18.992100 26.006300 -0.005180 -0.200370 0.979696 0.004547 -17.209840 -19.514901 28.486900 -0.000255 0.000004 1.000000 -0.000437 -15.370740 -20.300262 28.503557 -0.000256 0.000004 1.000000 -0.000437 -14.585947 -18.461177 28.525528 -0.000256 0.000004 1.000000 -0.000437 -16.424927 -17.675776 28.508871 -0.000255 0.000004 1.000000 -0.000437
6.372370 -31.223600 19.445100 0.002280 0.061333 0.998102 0.004960 5.506527 -32.318727 21.938682 0.001334 0.000003 0.999999 -0.000421 7.491300 -32.073615 21.930793 0.001328 0.000003 0.999999 -0.000433 7.246518 -30.089280 21.951159 0.001352 0.000003 0.999999 -0.000385 5.261746 -30.334412 21.959049 0.001358 0.000003 0.999999 -0.000374
-2.428810 -30.208900 15.753000 0.003146 0.017636 0.999839 -0.000510 -3.379869 -31.246548 18.260181 0.000650 0.000002 1.000000 -0.000053 -1.381353 -31.175822 18.247563 0.000649 0.000002 1.000000 -0.000059 -1.451632 -29.176987 18.245744 0.000654 0.000002 1.000000 -0.000040 -3.450148 -29.247733 18.258362 0.000655 0.000002 1.000000 -0.000035
10.328300 -18.578500 11.324600 -0.000293 -0.003718 0.999992 -0.001549 9.333797 -19.567555 13.827051 0.000495 0.000001 1.000000 0.000136 11.333441 -19.582584 13.828250 0.000478 0.000001 1.000000 0.000148 11.347953 -17.583029 13.822059 0.000467 0.000001 1.000000 0.000156 9.348309 -17.568000 13.820861 0.000484 0.000001 1.000000 0.000144
-8.561590 -39.007800 21.731300 0.001348 -0.006668 0.999976 0.000927 -9.567941 -39.985226 24.232135 0.000812 -0.000001 0.999999 -0.000735 -7.568226 -40.011951 24.226720 0.000812 -0.000001 0.999999 -0.000735 -7.541671 -38.012172 24.230394 0.000812 -0.000001 0.999999 -0.000734 -9.541366 -37.985467 24.235809 0.000812 -0.000001 0.999999 -0.000734
4.793640 -24.138700 13.219700 0.000417 0.030373 0.999539 -0.000098 3.870190 -25.191014 15.720654 0.001098 0.000001 0.999999 -0.000261 5.866179 -25.069819 15.718978 0.001093 0.000001 0.999999 -0.000255 5.744383 -23.074049 15.718639 0.001089 0.000001 0.999999 -0.000251 3.748374 -23.195264 15.720316 0.001094 0.000001 0.999999 -0.000256
3.679070 -25.559600 19.796500 0.003238 0.086516 0.996245 0.000069 2.869449 -26.708034 22.302214 0.000866 0.000001 1.000000 -0.000431 4.839586 -26.363268 22.289332 0.000866 0.000001 1.000000 -0.000430 4.494761 -24.393388 22.290728 0.000868 0.000001 1.000000 -0.000424 2.524644 -24.738175 22.303609 0.000868 0.000001 1.000000 -0.000425
13.911500 -26.924200 12.551900 0.001186 0.013417 0.999909 -0.000032 12.934113 -27.957697 15.054283 0.000847 0.000001 1.000000 -0.000273 14.933508 -27.903953 15.049537 0.000820 0.000001 1.000000 -0.000252 14.880324 -25.904213 15.049476 0.000799 0.000001 1.000000 -0.000234 12.880929 -25.957957 15.054222 0.000826 0.000001 1.000000 -0.000256
-15.636500 -50.312800 24.950000 -0.001266 0.009712 0.999952 -0.000433 -16.617085 -51.339127 27.448349 -0.000264 -0.000001 1.000000 0.000937 -14.617788 -51.300300 27.453398 -0.000265 -0.000001 1.000000 0.000937 -14.656611 -49.300818 27.451618 -0.000266 -0.000001 1.000000 0.000937 -16.655908 -49.339625 27.446569 -0.000265 -0.000001 1.000000 0.000937
20.182100 -20.181300 11.508300 0.000540 0.048086 0.998833 0.004453 19.291487 -21.273935 13.999965 0.000873 0.000002 1.000000 0.000290 21.281896 -21.081744 13.998666 0.000873 0.000002 1.000000 0.000290 21.089805 -19.091593 14.016560 0.000872 0.000001 1.000000 0.000293 19.099415 -19.283804 14.017859 0.000872 0.000001 1.000000 0.000293
26.423200 -17.867100 10.438500 -0.001341 0.059021 0.998256 0.000655 25.553282 -18.979433 12.934583 0.000497 0.000004 1.000000 -0.000545 27.538841 -18.743743 12.940094 0.000496 0.000005 1.000000 -0.000543 27.303203 -16.757879 12.942392 0.000494 0.000004 1.000000 -0.000534 25.317645 -16.993569 12.936882 0.000495 0.000004 1.000000 -0.000536
-4.610900 -25.709300 17.478900 -0.004414 0.037553 0.999278 0.003651 -5.535579 -26.772099 19.962761 -0.000253 0.000002 1.000000 -0.000440 -3.541337 -26.622461 19.980957 -0.000258 0.000002 1.000000 -0.000442 -3.691724 -24.628295 19.994888 -0.000255 0.000002 1.000000 -0.000441 -5.685846 -24.777813 19.976692 -0.000250 0.000002 1.000000 -0.000438
-15.986200 -10.410500 11.597700 -0.000616 -0.110931 0.993826 -0.002100 -17.179429 -11.165987 14.100039 -0.000467 0.000002 1.000000 -0.000387 -15.228673 -11.607086 14.103419 -0.000476 0.000002 1.000000 -0.000391 -14.787624 -9.656627 14.095342 -0.000474 0.000002 1.000000 -0.000391 -16.738400 -9.215508 14.091962 -0.000466 0.000002 1.000000 -0.000386
-11.195700 -21.427200 13.780700 -0.006383 -0.105049 0.994440 -0.003631 -12.375998 -22.184210 16.273015 0.000328 0.000002 1.000000 -0.000543 -10.420802 -22.601717 16.299934 0.000328 0.000002 1.000000 -0.000543 -10.002530 -20.646451 16.288172 0.000325 0.000002 1.000000 -0.000523 -11.957786 -20.228864 16.261252 0.000325 0.000002 1.000000 -0.000522
5.583620 -28.569000 12.838500 0.001417 0.017984 0.999835 -0.002323 4.630768 -29.602123 15.345983 0.000812 0.000002 1.000000 -0.000068 6.629766 -29.530310 15.340149 0.000807 0.000002 1.000000 -0.000064 6.557867 -27.531366 15.330958 0.000804 0.000002 1.000000 -0.000063 4.558869 -27.603178 15.336793 0.000809 0.000002 1.000000 -0.000066
-14.348100 -11.999800 12.962200 0.004480 -0.094358 0.995527 0.001356 -15.523772 -12.789935 15.469466 -0.000537 0.000002 0.999999 -0.001450 -13.559746 -13.165535 15.451112 -0.000539 0.000002 0.999999 -0.001445 -13.183878 -11.201316 15.454822 -0.000543 0.000002 0.999999 -0.001436 -15.147924 -10.825756 15.473176 -0.000541 0.000002 0.999999 -0.001441
-5.223670 -43.589300 19.659600 0.004633 0.064600 0.997898 0.002244 -6.107073 -44.705544 22.163281 -0.000106 -0.000001 1.000000 -0.000291 -4.123991 -44.447628 22.145367 -0.000150 -0.000001 1.000000 -0.000295 -4.381624 -42.464100 22.155522 -0.000139 -0.000001 1.000000 -0.000294 -6.364666 -42.722017 22.173436 -0.000095 -0.000001 1.000000 -0.000290
-8.139820 -43.266700 19.060600 0.001212 0.006467 0.999978 0.000627 -9.123572 -44.282922 21.561743 0.000014 -0.000000 1.000000 0.000644 -7.123646 -44.256992 21.556909 0.000013 -0.000000 1.000000 0.000645 -7.149409 -42.257181 21.559447 0.000013 -0.000000 1.000000 0.000645 -9.149336 -42.283111 21.564281 0.000014 -0.000000 1.000000 0.000644
-16.870300 -35.067800 17.120200 0.003097 0.022715 0.999736 -0.001806 -17.837812 -36.105884 19.629855 0.000341 0.000001 1.000000 -0.000292 -15.840174 -36.015112 19.617303 0.000298 0.000001 1.000000 -0.000306 -15.931031 -34.017369 19.610363 0.000317 0.000001 1.000000 -0.000300 -17.928689 -34.108121 19.622914 0.000359 0.000001 1.000000 -0.000285
-4.848030 -33.628500 18.752400 -0.000112 0.027129 0.999619 0.005052 -5.786162 -34.686679 21.241773 0.000543 0.000003 1.000000 -0.000286 -3.789126 -34.578087 21.242769 0.000531 0.000003 1.000000 -0.000295 -3.897422 -32.581513 21.262957 0.000540 0.000003 1.000000 -0.000288 -5.894438 -32.690125 21.261960 0.000551 0.000003 1.000000 -0.000279
-15.779400 -29.135000 22.396200 -0.000426 -0.012130 0.999919 0.003899 -16.806641 -30.105520 24.887598 -0.000203 0.000001 1.000000 0.000292 -14.807131 -30.154104 24.889112 -0.000203 0.000001 1.000000 0.000291 -14.758720 -28.155114 24.904731 -0.000202 0.000001 1.000000 0.000295 -16.758230 -28.106529 24.903217 -0.000202 0.000001 1.000000 0.000297
-16.302700 -15.728700 7.898830 -0.000344 -0.165660 0.986183 0.000360 -17.569641 -16.344821 10.397438 0.000380 -0.000002 1.000000 0.000298 -15.679435 -16.998486 10.398557 0.000380 -0.000002 1.000000 0.000298 -15.026131 -15.108199 10.400204 0.000379 -0.000002 1.000000 0.000302 -16.916318 -14.454495 10.399085 0.000379 -0.000002 1.000000 0.000302
-4.856200 -47.683200 19.672200 -0.007819 0.086606 0.996212 -0.000718 -5.652652 -48.850219 22.159306 -0.000376 -0.000000 1.000000 0.000756 -3.683619 -48.504865 22.190224 -0.000414 -0.000000 1.000000 0.000748 -4.028607 -46.534970 22.184652 -0.000397 -0.000000 1.000000 0.000752 -5.997661 -46.880303 22.153734 -0.000359 -0.000000 1.000000 0.000759
21.555500 -20.790300 11.646300 0.005662 0.050924 0.998681 0.003238 20.664501 -21.872621 14.150117 0.001234 0.000004 0.999999 -0.000463 22.653659 -21.668819 14.128154 0.001227 0.000004 0.999999 -0.000473 22.450324 -19.679754 14.142245 0.001243 0.000004 0.999999 -0.000452 20.461205 -19.883576 14.164208 0.001250 0.000004 0.999999 -0.000443
-7.535010 -20.569400 16.049400 0.002065 -0.023361 0.999723 0.001708 -8.573130 -21.508928 18.550223 0.000155 0.000002 1.000000 -0.000464 -6.575450 -21.602494 18.541808 0.000144 0.000002 1.000000 -0.000453 -6.481976 -19.605069 18.548448 0.000132 0.000002 1.000000 -0.000441 -8.479656 -19.511523 18.556863 0.000143 0.000002 1.000000 -0.000452
-14.966600 -41.720600 20.408400 -0.003077 -0.000903 0.999995 -0.000604 -15.974572 -42.721182 22.903432 -0.000851 0.000000 1.000000 -0.000196 -13.974793 -42.724726 22.915742 -0.000852 0.000000 1.000000 -0.000194 -13.971135 -40.724710 22.913339 -0.000853 0.000000 1.000000 -0.000192 -15.970894 -40.721167 22.901029 -0.000852 0.000000 1.000000 -0.000194
-17.103900 -10.805600 13.599300 0.000484 -0.100900 0.994891 0.003353 -18.301014 -11.580907 16.094271 -0.000995 -0.000000 0.999999 -0.001259 -16.341618 -11.982519 16.090994 -0.001008 -0.000000 0.999999 -0.001257 -15.940174 -10.023127 16.104140 -0.001010 -0.000000 0.999999 -0.001257 -17.899570 -9.621516 16.107417 -0.000996 -0.000000 0.999999 -0.001258
-13.327300 -34.788200 23.560600 -0.001798 -0.017071 0.999845 -0.003822 -14.346843 -35.763004 26.064330 0.000268 0.000002 1.000000 -0.000002 -12.348441 -35.831172 26.071788 0.000247 0.000003 1.000000 -0.000015 -12.279999 -33.832656 26.056621 0.000258 0.000002 1.000000 -0.000008 -14.278440 -33.764448 26.049165 0.000280 0.000002 1.000000 0.000005
-15.772300 -23.022700 10.447800 0.000063 -0.160329 0.987063 -0.000884 -17.043803 -23.647488 12.949383 -0.000263 -0.000000 0.999999 -0.001371 -15.146704 -24.280468 12.949702 -0.000265 -0.000000 0.999999 -0.001368 -14.513725 -22.382773 12.946171 -0.000269 -0.000000 0.999999 -0.001364 -16.410823 -21.749813 12.945851 -0.000266 -0.000001 0.999999 -0.001367
4.781700 -15.008600 22.238900 0.000919 0.094309 0.995542 -0.000865 3.985035 -16.174511 24.742434 0.000163 0.000002 0.999999 -0.001109 5.949334 -15.798920 24.738450 0.000161 0.000002 0.999999 -0.001106 5.573816 -13.834139 24.735353 0.000159 0.000002 0.999999 -0.001102 3.609537 -14.209711 24.739337 0.000161 0.000002 0.999999 -0.001106
33.221000 -18.375600 10.583600 0.002777 0.067349 0.997722 -0.002707 32.368934 -19.503014 13.094511 0.000702 0.000003 1.000000 -0.000654 34.350640 -19.234322 13.082701 0.000700 0.000003 1.000000 -0.000649 34.082187 -17.252375 13.072644 0.000697 0.000003 1.000000 -0.000640 32.100482 -17.521067 13.084454 0.000698 0.000003 1.000000 -0.000645
-13.099900 -20.243500 14.848600 0.000166 -0.043048 0.999073 0.000863 -14.183009 -21.146719 17.347278 0.000345 -0.000000 0.999999 -0.001024 -12.190222 -21.318710 17.346468 0.000345 -0.000000 0.999999 -0.001024 -12.018249 -19.325706 17.349887 0.000345 -0.000000 0.999999 -0.001022 -14.011017 -19.153714 17.350697 0.000345 -0.000000 0.999999 -0.001022
31.245300 -15.568800 10.527200 0.002160 0.063365 0.997988 -0.000775 30.386597 -16.672363 13.032824 0.001248 0.000004 0.999999 -0.000427 32.370598 -16.419499 13.024005 0.001248 0.000004 0.999999 -0.000424 32.117201 -14.435962 13.021461 0.001251 0.000004 0.999999 -0.000410 30.133200 -14.688806 13.030280 0.001250 0.000004 0.999999 -0.000412
7.769250 -32.264200 18.270100 0.002492 0.075258 0.997156 0.003067 6.934172 -33.399221 20.768090 0.000448 0.000003 1.000000 -0.000005 8.911252 -33.098973 20.759073 0.000448 0.000003 1.000000 -0.000004 8.611045 -31.121886 20.772057 0.000447 0.000003 1.000000 -0.000003 6.633965 -31.422154 20.781074 0.000448 0.000003 1.000000 -0.000004
4.361590 -7.291050 24.110000 -0.002157 0.103660 0.994610 0.000171 3.588358 -8.460028 26.605710 -0.000731 0.000002 0.999999 -0.000825 5.544958 -8.047804 26.614365 -0.000733 0.000002 0.999999 -0.000821 5.132491 -6.090886 26.614152 -0.000736 0.000002 0.999999 -0.000813 3.175912 -6.503109 26.605497 -0.000735 0.000002 0.999999 -0.000817
-8.302510 -19.127800 17.022600 0.001456 0.035116 0.999382 0.000360 -9.225292 -20.198203 19.524658 0.001039 -0.000003 0.999999 -0.000189 -7.230333 -20.057806 19.518887 0.001036 -0.000003 0.999999 -0.000184 -7.370767 -18.062759 19.520530 0.001031 -0.000003 0.999999 -0.000174 -9.365746 -18.203156 19.526301 0.001033 -0.000003 0.999999 -0.000179
-12.456400 -45.977600 24.700500 -0.002740 -0.015536 0.999875 0.000883 -13.487906 -46.951797 27.193182 0.000605 0.000003 1.000000 0.000261 -11.488841 -47.013842 27.204084 0.000595 0.000003 1.000000 0.000267 -11.426735 -45.014950 27.207788 0.000587 0.000003 1.000000 0.000272 -13.425780 -44.952885 27.196885 0.000597 0.000003 1.000000 0.000266
-5.418980 -39.856000 14.288300 -0.003695 0.259320 0.965783 0.001789 -5.774105 -41.232158 16.778628 -0.000309 -0.000001 0.999999 -0.001080 -4.043467 -40.230558 16.794760 -0.000324 -0.000001 0.999999 -0.001095 -5.044920 -38.500238 16.797831 -0.000278 -0.000001 0.999999 -0.001050 -6.775718 -39.501759 16.781700 -0.000263 -0.000001 0.999999 -0.001035
-8.918680 -41.086400 20.389500 -0.000682 0.001703 0.999996 0.001955 -9.899751 -42.095038 22.884151 0.000469 -0.000000 1.000000 0.000793 -7.900024 -42.088152 22.886892 0.000442 -0.000000 1.000000 0.000789 -7.906761 -40.088279 22.894706 0.000448 -0.000000 1.000000 0.000790 -9.906467 -40.095165 22.891964 0.000475 -0.000000 1.000000 0.000794
43.970500 5.026960 9.269790 -0.000140 0.122513 0.992465 0.001707 43.248262 3.827381 11.765674 0.000234 0.000006 0.999999 -0.001519 45.187984 4.313480 11.767068 0.000231 0.000006 0.999999 -0.001521 44.701463 6.254031 11.773771 0.000233 0.000006 0.999999 -0.001520 42.761761 5.767872 11.772377 0.000235 0.000006 0.999999 -0.001518
-8.502330 -8.001900 17.505800 0.004110 0.089291 0.995989 -0.004008 -9.311903 -9.150889 20.021888 -0.000159 -0.000001 1.000000 -0.000927 -7.343782 -8.795202 20.004084 -0.000159 -0.000001 1.000000 -0.000924 -7.699501 -6.827258 19.989585 -0.000160 -0.000001 1.000000 -0.000913 -9.667642 -7.182986 20.007389 -0.000160 -0.000001 1.000000 -0.000916
-16.432300 -21.693800 19.467500 -0.003211 0.111878 0.993717 -0.000586 -17.183824 -22.895229 21.963112 -0.000386 0.000002 1.000000 -0.000132 -15.233912 -22.450582 21.975614 -0.000386 0.000002 1.000000 -0.000132 -15.678764 -20.500630 21.971849 -0.000384 0.000002 1.000000 -0.000126 -17.628696 -20.945258 21.959347 -0.000383 0.000002 1.000000 -0.000126
-15.831800 -40.534100 20.997800 -0.000099 0.001132 0.999996 -0.002401 -16.826482 -41.527983 23.502392 0.000300 -0.000000 1.000000 -0.000606 -14.826547 -41.523633 23.502778 0.000299 -0.000000 1.000000 -0.000603 -14.831236 -39.523861 23.493175 0.000297 -0.000000 1.000000 -0.000591 -16.831171 -39.528192 23.492789 0.000298 -0.000000 1.000000 -0.000594
-4.328910 -27.382000 15.802700 0.005269 0.034177 0.999387 -0.005507 -5.263537 -28.456747 18.324117 -0.000107 0.000000 1.000000 0.000243 -3.268840 -28.320217 18.302299 -0.000112 0.000000 1.000000 0.000248 -3.405443 -26.324970 18.281005 -0.000116 0.000000 1.000000 0.000252 -5.400219 -26.461620 18.302821 -0.000111 0.000000 1.000000 0.000247
39.197300 -6.932900 9.384620 0.001097 0.089904 0.995945 -0.003182 38.405092 -8.094531 11.893470 0.001507 0.000004 0.999997 -0.001699 40.372716 -7.736168 11.887958 0.001507 0.000004 0.999997 -0.001698 40.015185 -5.768179 11.875673 0.001507 0.000004 0.999997 -0.001671 38.047561 -6.126523 11.881185 0.001507 0.000004 0.999997 -0.001672
-4.714120 -41.394500 15.199400 -0.003818 0.219909 0.975486 -0.007213 -5.194628 -42.724464 17.710804 0.000433 -0.000001 1.000000 -0.000090 -3.388406 -41.866001 17.719358 0.000417 -0.000001 1.000000 -0.000088 -4.245629 -40.060349 17.687854 0.000423 -0.000001 1.000000 -0.000089 -6.052210 -40.918612 17.679300 0.000438 -0.000001 1.000000 -0.000090
-15.801000 -13.328400 17.839300 -0.001551 0.145126 0.989411 0.001162 -16.477663 -14.570776 20.334032 0.000235 0.000000 1.000000 -0.000309 -14.562039 -13.996326 20.340844 0.000220 0.000000 1.000000 -0.000313 -15.136604 -12.080478 20.344541 0.000231 0.000000 1.000000 -0.000310 -17.052248 -12.654928 20.337728 0.000246 0.000000 1.000000 -0.000306
-16.109600 -26.368500 14.326500 -0.003838 -0.027752 0.999606 -0.001885 -17.149919 -27.310205 16.822185 -0.000572 0.000001 1.000000 0.000285 -15.153399 -27.421002 16.837743 -0.000648 0.000001 1.000000 0.000298 -15.042144 -25.424217 16.830628 -0.000664 0.000001 1.000000 0.000301 -17.038685 -25.313420 16.815070 -0.000589 0.000001 1.000000 0.000288
-15.755100 -29.658400 22.332800 0.001081 -0.012234 0.999921 0.002778 -16.786830 -30.640910 24.829467 -0.000389 0.000000 1.000000 0.000153 -14.787353 -30.689969 24.825008 -0.000393 0.000000 1.000000 0.000161 -14.738571 -28.690958 24.836067 -0.000401 0.000000 1.000000 0.000178 -16.738048 -28.641900 24.840525 -0.000397 0.000000 1.000000 0.000169
-16.258700 -28.291500 22.188800 -0.003733 -0.014385 0.999888 0.001724 -17.285737 -29.250004 24.677757 -0.000457 0.000001 1.000000 -0.000575 -15.286721 -29.307703 24.692590 -0.000458 0.000001 1.000000 -0.000572 -15.229253 -27.308702 24.699702 -0.000463 0.000001 1.000000 -0.000564 -17.228270 -27.250983 24.684868 -0.000461 0.000001 1.000000 -0.000567
10.012400 -16.193900 20.823200 -0.001390 0.123531 0.992340 0.000644 9.290827 -17.397311 23.319304 0.000502 0.000004 0.999999 -0.001160 11.229580 -16.907036 23.325141 0.000501 0.000004 0.999999 -0.001160 10.739158 -14.968017 23.327011 0.000502 0.000004 0.999999 -0.001160 8.800425 -15.458292 23.321174 0.000503 0.000004 0.999999 -0.001160
-15.573300 -13.912100 13.471200 -0.002851 -0.077222 0.997001 -0.004288 -16.709441 -14.751517 15.972895 0.000176 0.000002 1.000000 -0.000168 -14.733607 -15.059350 15.985591 0.000169 0.000002 1.000000 -0.000178 -14.425436 -13.083617 15.969367 0.000176 0.000002 1.000000 -0.000168 -16.401311 -12.775764 15.956671 0.000183 0.000002 1.000000 -0.000158
-5.918710 -26.452000 25.142800 -0.007021 0.106428 0.994295 -0.001007 -6.680086 -27.626739 27.632417 -0.000583 0.000001 0.999999 -0.001335 -4.725971 -27.203607 27.659916 -0.000588 0.000001 0.999999 -0.001333 -5.148906 -25.248579 27.652919 -0.000591 0.000001 0.999999 -0.001332 -7.103061 -25.671711 27.625420 -0.000585 0.000001 0.999999 -0.001334
4.139990 -32.640900 8.968100 -0.002669 0.277036 0.960854 0.001926 3.825736 -34.023809 11.459670 0.000212 0.000001 1.000000 -0.000502 5.518712 -32.959025 11.472062 0.000205 0.000001 1.000000 -0.000484 4.454387 -31.265216 11.476505 0.000199 0.000001 1.000000 -0.000470 2.761431 -32.329919 11.464113 0.000206 0.000001 1.000000 -0.000488
-4.806550 -14.690800 13.168200 0.000425 -0.088985 0.996031 0.002049 -5.972744 -15.494645 15.665389 0.000666 -0.000001 0.999999 -0.001393 -4.004318 -15.848947 15.662965 0.000648 -0.000001 0.999999 -0.001375 -3.649808 -13.880137 15.670974 0.000624 -0.000001 0.999999 -0.001352 -5.618174 -13.525795 15.673399 0.000643 -0.000001 0.999999 -0.001370
-12.153100 -45.499000 23.601400 -0.000480 -0.008636 0.999962 -0.000622 -13.168885 -46.489565 26.101645 0.000050 -0.000000 0.999999 0.001216 -11.169104 -46.524188 26.103586 0.000050 -0.000000 0.999999 0.001216 -11.134639 -44.524408 26.101115 0.000050 -0.000000 0.999999 0.001217 -13.134440 -44.489785 26.099174 0.000050 -0.000000 0.999999 0.001217
-5.397650 -45.423100 18.695200 0.005494 0.097965 0.995164 0.004629 -6.196770 -46.598258 21.194788 0.000678 -0.000000 1.000000 0.000591 -4.235419 -46.208070 21.174732 0.000661 -0.000000 1.000000 0.000579 -4.624823 -44.246484 21.195315 0.000679 -0.000000 1.000000 0.000592 -6.586134 -44.636712 21.215372 0.000696 -0.000000 1.000000 0.000605
4.215130 -48.365900 19.169200 0.004378 0.125539 0.992073 0.003365 3.490846 -49.598136 21.669176 -0.000165 -0.000002 1.000000 0.000984 5.427569 -49.099802 21.653492 -0.000165 -0.000002 0.999999 0.000990 4.929792 -47.163207 21.669046 -0.000167 -0.000002 0.999999 0.001006 2.993209 -47.661602 21.684729 -0.000167 -0.000002 0.999999 0.001000
-12.403700 -23.371700 15.418100 0.002536 -0.029402 0.999562 0.002195 -13.462785 -24.309455 17.919040 0.000622 -0.000000 1.000000 -0.000188 -11.466108 -24.426830 17.908642 0.000619 -0.000000 1.000000 -0.000186 -11.348489 -22.430107 17.917119 0.000616 -0.000000 1.000000 -0.000183 -13.345145 -22.312732 17.927517 0.000619 -0.000000 1.000000 -0.000186
-5.402030 -44.143900 18.220600 0.004530 0.111100 0.993794 0.003223 -6.147498 -45.341275 20.721441 0.000406 -0.000002 1.000000 -0.000466 -4.197053 -44.899495 20.704864 0.000387 -0.000002 1.000000 -0.000480 -4.638796 -42.948669 20.719688 0.000406 -0.000002 1.000000 -0.000466 -6.588961 -43.390589 20.736265 0.000426 -0.000002 1.000000 -0.000451
-15.292300 -26.718500 23.502900 -0.004807 -0.022899 0.999726 -0.000414 -16.342779 -27.673177 25.993853 -0.000486 0.000001 1.000000 0.000079 -14.345389 -27.764762 26.013114 -0.000491 0.000001 1.000000 0.000080 -14.253948 -25.766760 26.011898 -0.000493 0.000001 1.000000 0.000081 -16.251318 -25.675155 25.992636 -0.000487 0.000001 1.000000 0.000079
-10.525000 -25.807200 16.440800 0.004635 -0.015447 0.999866 -0.002804 -11.554172 -26.773313 18.955700 -0.000338 0.000001 1.000000 -0.000624 -9.555253 -26.835083 18.937334 -0.000344 0.000001 1.000000 -0.000625 -9.493446 -24.836129 18.925835 -0.000344 0.000001 1.000000 -0.000625 -11.492386 -24.774359 18.944201 -0.000338 0.000001 1.000000 -0.000624
18.117100 -48.025100 14.250900 -0.004105 0.206824 0.978363 -0.003546 17.613478 -49.341262 16.752913 0.000972 -0.000000 1.000000 -0.000164 19.442846 -48.531748 16.766040 0.000966 -0.000000 1.000000 -0.000167 18.633908 -46.703003 16.748764 0.000975 -0.000000 1.000000 -0.000162 16.804140 -47.512357 16.735639 0.000981 0.000000 1.000000 -0.000159
16.052900 -21.153200 12.110900 0.001644 0.042721 0.999085 -0.000845 15.152141 -22.242728 14.615765 0.001110 0.000002 0.999999 0.000231 17.144670 -22.071905 14.609052 0.001110 0.000002 0.999999 0.000230 16.974276 -20.079088 14.605953 0.001110 0.000002 0.999999 0.000237 14.981747 -20.249911 14.612666 0.001110 0.000002 0.999999 0.000239
1.414450 -18.995300 14.016700 0.001992 -0.119287 0.992857 -0.001283 0.229975 -19.721120 16.523232 0.000858 -0.000001 0.999999 -0.000535 2.172601 -20.195230 16.515940 0.000817 -0.000001 1.000000 -0.000525 2.645951 -18.252434 16.509900 0.000795 -0.000001 1.000000 -0.000519 0.703264 -17.778324 16.517193 0.000835 -0.000001 1.000000 -0.000529
-13.177700 -32.026200 17.458800 0.002895 0.002267 0.999992 -0.001621 -14.166686 -33.023934 19.967805 -0.000120 0.000001 1.000000 -0.000626 -12.166720 -33.014785 19.956212 -0.000153 0.000001 1.000000 -0.000608 -12.175667 -31.014776 19.949752 -0.000172 0.000001 1.000000 -0.000599 -14.175673 -31.023925 19.961346 -0.000139 0.000001 1.000000 -0.000616
-7.580360 -50.495200 18.120600 0.003728 0.017369 0.999841 0.001730 -8.547738 -51.535675 20.624373 0.000006 0.000003 1.000000 0.000057 -6.548940 -51.466202 20.609583 -0.000003 0.000003 1.000000 0.000057 -6.618321 -49.467481 20.616762 -0.000002 0.000003 1.000000 0.000057 -8.617119 -49.536954 20.631552 0.000007 0.000003 1.000000 0.000057
-16.739800 -22.735900 13.663300 -0.002243 -0.042906 0.999076 -0.001028 -17.817689 -23.645038 16.160575 -0.000960 0.000001 0.999999 -0.000577 -15.825213 -23.816514 16.169715 -0.000988 0.000001 0.999999 -0.000587 -15.653579 -21.824401 16.165992 -0.000982 0.000001 0.999999 -0.000585 -17.646055 -21.652946 16.156853 -0.000954 0.000001 0.999999 -0.000575
-3.919740 -10.252200 11.238000 -0.000738 -0.121160 0.992628 0.003025 -5.126455 -10.970590 13.731013 0.000139 -0.000001 1.000000 -0.000862 -3.185077 -11.451666 13.732477 0.000137 -0.000001 1.000000 -0.000861 -2.704078 -9.510402 13.744846 0.000135 -0.000001 1.000000 -0.000860 -4.645397 -9.029266 13.743381 0.000137 -0.000001 1.000000 -0.000861
11.430000 -13.063500 21.258200 -0.000743 0.132737 0.991151 0.000216 10.732469 -14.280071 23.756399 0.000680 0.000003 0.999999 -0.001190 12.661850 -13.753842 23.759461 0.000679 0.000003 0.999999 -0.001190 12.135560 -11.824239 23.759920 0.000680 0.000003 0.999999 -0.001190 10.206179 -12.350468 23.756859 0.000681 0.000003 0.999999 -0.001190
42.549900 -1.214600 8.931640 0.001069 0.106248 0.994339 -0.000806 41.787864 -2.384231 11.435225 0.000762 0.000004 0.999999 -0.001130 43.742785 -1.961788 11.430633 0.000762 0.000004 0.999999 -0.001131 43.319555 -0.007506 11.427889 0.000767 0.000004 0.999999 -0.001121 41.364654 -0.429948 11.432481 0.000767 0.000004 0.999999 -0.001120
-14.330400 -15.280300 13.561400 -0.001676 -0.070958 0.997476 -0.002035 -15.458263 -16.127474 16.061577 -0.000635 0.000001 1.000000 -0.000684 -13.478594 -16.410596 16.068841 -0.000645 0.000001 1.000000 -0.000688 -13.195386 -14.431113 16.061195 -0.000643 0.000001 1.000000 -0.000687 -15.175074 -14.147971 16.053931 -0.000633 0.000001 1.000000 -0.000683
13.669200 -42.295900 19.999100 0.001164 0.170396 0.985363 0.004830 13.065208 -43.579032 22.489809 0.000289 0.000003 0.999999 0.001282 14.948863 -42.907362 22.488511 0.000288 0.000003 0.999999 0.001283 14.277398 -41.024254 22.508341 0.000288 0.000003 0.999999 0.001283 12.393763 -41.695945 22.509638 0.000289 0.000002 0.999999 0.001282
26.372800 -19.407000 10.519900 0.001509 0.059059 0.998252 0.001783 25.508611 -20.509839 13.018913 0.001325 0.000002 0.999999 0.000215 27.494850 -20.274044 13.013308 0.001326 0.000002 0.999999 0.000221 27.258657 -18.288208 13.020787 0.001327 0.000002 0.999999 0.000251 25.272418 -18.523983 13.026392 0.001327 0.000002 0.999999 0.000244
-15.633500 -40.265200 21.082000 -0.001447 0.000721 0.999998 0.001007 -16.632143 -41.255138 23.577050 0.000322 -0.000002 1.000000 -0.000423 -14.632073 -41.252178 23.582840 0.000320 -0.000002 1.000000 -0.000428 -14.634865 -39.252164 23.586864 0.000326 -0.000002 1.000000 -0.000412 -16.634934 -39.255124 23.581074 0.000328 -0.000002 1.000000 -0.000408
-5.761370 -33.942400 25.035400 -0.002798 0.107648 0.994185 -0.000937 -6.529689 -35.125013 27.532479 0.000034 -0.000000 1.000000 0.000090 -4.576293 -34.696835 27.543202 0.000029 -0.000000 1.000000 0.000081 -5.004470 -32.743271 27.538270 0.000045 -0.000000 1.000000 0.000108 -6.957927 -33.171409 27.527547 0.000050 -0.000000 1.000000 0.000117
-0.134570 -29.796700 18.835400 -0.001493 0.046324 0.998925 0.000086 -1.031159 -30.880644 21.332353 0.000342 0.000003 1.000000 -0.000861 0.960028 -30.695487 21.338334 0.000341 0.000003 1.000000 -0.000862 0.775050 -28.703831 21.338400 0.000342 0.000003 1.000000 -0.000860 -1.216137 -28.889008 21.332419 0.000343 0.000003 1.000000 -0.000859
-9.667050 -17.629300 17.415600 0.001184 0.044070 0.999011 -0.005839 -10.584178 -18.712593 19.929975 0.000057 -0.000001 0.999999 -0.001438 -8.592193 -18.536536 19.924214 0.000035 -0.000001 0.999999 -0.001418 -8.768465 -16.544681 19.901088 0.000021 -0.000001 0.999999 -0.001404 -10.760471 -16.720758 19.906849 0.000043 -0.000001 0.999999 -0.001425
-7.733810 -32.432800 14.567900 -0.000833 0.073187 0.997317 -0.001040 -8.580751 -33.586564 17.068489 0.000295 -0.000000 1.000000 0.000304 -6.602019 -33.294599 17.071507 0.000282 -0.000000 1.000000 0.000330 -6.893857 -31.315848 17.067116 0.000262 -0.000000 1.000000 0.000371 -8.872569 -31.607773 17.064098 0.000275 -0.000000 1.000000 0.000344
5.478100 -31.796800 18.193800 -0.002670 0.061691 0.998085 -0.003722 4.612909 -32.921608 20.696613 0.001234 0.000003 0.999999 0.000696 6.597757 -32.675219 20.706355 0.001233 0.000003 0.999999 0.000695 6.351627 -30.690317 20.690839 0.001234 0.000003 0.999999 0.000697 4.366758 -30.936707 20.681097 0.001235 0.000003 0.999999 0.000698
-17.624900 -29.834700 12.761200 -0.006761 -0.015747 0.999843 0.004592 -18.667140 -30.810488 15.238354 -0.000228 -0.000000 1.000000 0.000588 -16.668754 -30.874152 15.265102 -0.000272 -0.000000 1.000000 0.000609 -16.606859 -28.875868 15.283890 -0.000297 -0.000000 1.000000 0.000621 -18.605024 -28.812084 15.257144 -0.000253 -0.000000 1.000000 0.000600
-9.242600 -31.373000 15.832900 0.003046 0.042388 0.999061 -0.008392 -10.163381 -32.446450 18.356092 -0.000159 0.000000 1.000000 -0.000641 -8.171005 -32.276940 18.342496 -0.000168 0.000000 1.000000 -0.000652 -8.340160 -30.285209 18.309477 -0.000154 0.000000 1.000000 -0.000635 -10.332616 -30.454799 18.323073 -0.000145 0.000000 1.000000 -0.000624
-4.723540 -49.719200 14.090100 0.002627 0.160902 0.986965 0.002045 -5.371775 -50.985521 16.589627 -0.000444 -0.000001 1.000000 0.000614 -3.475120 -50.350202 16.580576 -0.000468 -0.000001 1.000000 0.000605 -4.109997 -48.453756 16.590345 -0.000451 -0.000001 1.000000 0.000612 -6.006451 -49.089156 16.599397 -0.000426 -0.000001 1.000000 0.000621
0.639716 -26.177700 14.515200 -0.000021 0.033057 0.999453 0.001230 -0.275989 -27.228212 17.012501 0.000818 0.000001 1.000000 -0.000301 1.719220 -27.096337 17.012752 0.000797 0.000001 1.000000 -0.000267 1.586625 -25.101294 17.017674 0.000771 0.000001 1.000000 -0.000224 -0.408604 -25.233189 17.017424 0.000791 0.000001 1.000000 -0.000257
-18.481800 -5.939850 13.790400 0.000903 -0.130596 0.991416 -0.006262 -19.707500 -6.645123 16.303160 -0.000354 0.000002 1.000000 -0.000394 -17.775985 -7.163265 16.302849 -0.000358 0.000002 1.000000 -0.000394 -17.258208 -5.232003 16.277545 -0.000359 0.000002 1.000000 -0.000394 -19.189724 -4.713841 16.277856 -0.000356 0.000002 1.000000 -0.000394
4.746160 -13.491000 22.550200 -0.001361 0.097726 0.995212 -0.000930 3.952206 -14.662197 25.049775 -0.000670 0.000003 0.999999 -0.000748 5.913777 -14.273178 25.054828 -0.000674 0.000003 0.999999 -0.000747 5.524808 -12.311143 25.050594 -0.000674 0.000003 0.999999 -0.000747 3.563238 -12.700162 25.045541 -0.000670 0.000003 0.999999 -0.000749
26.307500 -20.046100 11.185400 -0.002288 0.061674 0.998093 -0.001000 25.453333 -21.158863 13.683151 0.001285 0.000005 0.999999 -0.000836 27.438197 -20.912689 13.692038 0.001285 0.000005 0.999999 -0.000838 27.192242 -18.927528 13.687479 0.001285 0.000005 0.999999 -0.000837 25.207337 -19.173642 13.678592 0.001286 0.000005 0.999999 -0.000835
-0.805651 -11.349500 11.334400 0.002941 -0.117074 0.993113 -0.003309 -1.996096 -12.080861 13.846670 0.000872 -0.000003 1.000000 0.000005 -0.051436 -12.546451 13.836539 0.000863 -0.000003 1.000000 0.000017 0.413576 -10.601420 13.822015 0.000845 -0.000003 1.000000 0.000042 -1.531164 -10.135890 13.832146 0.000854 -0.000003 1.000000 0.000030
21.459400 -48.065300 13.432900 0.003408 0.218682 0.975789 0.001730 20.972226 -49.387112 15.933843 0.000854 0.000000 1.000000 -0.000346 22.781132 -48.533439 15.922056 0.000817 -0.000000 1.000000 -0.000360 21.927486 -46.724578 15.931786 0.000859 0.000000 1.000000 -0.000344 20.118720 -47.578311 15.943574 0.000896 0.000000 1.000000 -0.000330
9.171070 -31.807100 19.792700 0.004427 0.067697 0.997683 0.005152 8.324147 -32.941239 22.289903 0.001370 0.000002 0.999999 0.000306 10.305497 -32.670629 22.273634 0.001370 0.000002 0.999999 0.000304 10.035809 -30.689746 22.295390 0.001371 0.000002 0.999999 0.000319 8.054479 -30.960397 22.311659 0.001371 0.000002 0.999999 0.000321
-15.451700 -42.558500 21.714600 -0.000838 0.003320 0.999994 0.001018 -16.439977 -43.564668 24.210876 0.000204 -0.000001 1.000000 0.000092 -14.439943 -43.551350 24.214242 0.000203 -0.000001 1.000000 0.000092 -14.453187 -41.551499 24.218301 0.000203 -0.000001 1.000000 0.000092 -16.453221 -41.564816 24.214936 0.000204 -0.000001 1.000000 0.000092
-15.110200 -41.721100 20.383800 0.001571 -0.000605 0.999998 -0.000760 -16.114717 -42.722999 22.888451 -0.000011 -0.000001 1.000000 0.000322 -14.114809 -42.725504 22.882167 -0.000013 -0.000001 1.000000 0.000323 -14.112454 -40.725708 22.879122 -0.000014 -0.000001 1.000000 0.000324 -16.112362 -40.723203 22.885407 -0.000013 -0.000001 1.000000 0.000323
28.685900 -16.929500 10.130200 0.001223 0.063863 0.997952 -0.003504 27.821401 -18.052731 12.639898 0.000584 0.000004 1.000000 -0.000271 29.804902 -17.797761 12.634121 0.000572 0.000004 1.000000 -0.000262 29.550317 -15.813944 12.620447 0.000564 0.000004 1.000000 -0.000255 27.566837 -16.068914 12.626224 0.000576 0.000004 1.000000 -0.000265
-11.850500 -49.155900 25.233700 -0.000550 -0.024248 0.999706 0.000651 -12.910558 -50.106670 27.731266 -0.000484 0.000001 1.000000 0.000250 -10.913111 -50.203556 27.733401 -0.000508 0.000001 1.000000 0.000239 -10.816048 -48.206150 27.736058 -0.000499 0.000001 1.000000 0.000243 -12.813495 -48.109244 27.733923 -0.000475 0.000001 1.000000 0.000254
15.206400 -17.455500 8.261550 0.003643 -0.051203 0.998680 -0.001815 14.112696 -18.353452 10.772610 0.000650 0.000001 1.000000 0.000114 16.101536 -18.558040 10.758429 0.000651 0.000001 1.000000 0.000113 16.306231 -16.568781 10.750431 0.000650 0.000001 1.000000 0.000116 14.317251 -16.364372 10.764610 0.000650 0.000001 1.000000 0.000117
10.990800 -26.989500 13.111800 -0.002944 0.018802 0.999809 0.004436 10.037919 -28.024267 15.596914 0.001034 0.000001 0.999999 -0.000114 12.037111 -27.949127 15.609016 0.001034 0.000001 0.999999 -0.000113 11.961586 -25.950860 15.626538 0.001033 0.000001 0.999999 -0.000113 9.962575 -26.025780 15.614435 0.001034 0.000001 0.999999 -0.000113
-15.121600 -14.386600 17.523500 -0.002480 0.177800 0.984060 -0.002747 -15.709900 -15.670375 20.025869 -0.000643 0.000000 1.000000 -0.000687 -13.836156 -14.970465 20.033677 -0.000644 -0.000000 1.000000 -0.000687 -14.535952 -13.097046 20.021102 -0.000643 0.000000 1.000000 -0.000687 -16.409716 -13.796917 20.013294 -0.000643 0.000000 1.000000 -0.000686
-8.285750 -50.612200 17.264100 0.002165 0.021187 0.999773 0.000119 -9.244818 -51.658233 19.768080 -0.000268 0.000001 0.999999 0.001154 -7.246633 -51.573502 19.759432 -0.000269 0.000001 0.999999 0.001155 -7.331302 -49.575238 19.760090 -0.000270 0.000001 0.999999 0.001161 -9.329488 -49.659969 19.768738 -0.000269 0.000001 0.999999 0.001160
-15.009700 -21.269300 19.482300 0.001093 0.128227 0.991744 -0.001028 -15.726070 -22.492461 21.986481 -0.000220 0.000002 1.000000 0.000045 -13.792163 -21.983772 21.981617 -0.000225 0.000002 1.000000 0.000046 -14.300601 -20.049665 21.978100 -0.000224 0.000002 1.000000 0.000046 -16.234507 -20.558374 21.982964 -0.000219 0.000002 1.000000 0.000045
25.275500 -20.249500 11.262900 0.003340 0.059236 0.998233 0.003235 24.421379 -21.365069 13.762237 0.001489 0.000003 0.999999 0.000279 26.407059 -21.128181 13.749668 0.001466 0.000003 0.999999 0.000271 26.171318 -19.142499 13.763369 0.001477 0.000003 0.999999 0.000275 24.185698 -19.379447 13.775938 0.001500 0.000003 0.999999 0.000283
-5.654360 -16.683400 14.362700 0.005812 -0.089965 0.995925 -0.002479 -6.810808 -17.489962 16.879770 0.000838 -0.000001 0.999999 -0.000761 -4.843818 -17.848332 16.857509 0.000819 -0.000001 0.999999 -0.000764 -4.485243 -15.880831 16.845542 0.000817 -0.000001 0.999999 -0.000765 -6.452334 -15.522501 16.867803 0.000836 -0.000001 0.999999 -0.000761
-14.182500 -16.671900 14.166300 0.001622 -0.061898 0.998080 -0.001730 -15.301187 -17.543553 16.672962 -0.000580 0.000001 1.000000 -0.000158 -13.316523 -17.790682 16.666915 -0.000582 0.000001 1.000000 -0.000163 -13.069396 -15.806220 16.659606 -0.000578 0.000001 1.000000 -0.000146 -15.054080 -15.559110 16.665653 -0.000576 0.000001 1.000000 -0.000141
-9.950880 -42.678300 19.296700 -0.002297 0.003983 0.999989 0.000751 -10.945551 -43.685422 21.790608 0.000038 0.000001 1.000000 0.000091 -8.945735 -43.669498 21.799810 0.000038 0.000001 1.000000 0.000091 -8.961673 -41.669364 21.802778 0.000038 0.000001 1.000000 0.000091 -10.961488 -41.685288 21.793577 0.000038 0.000001 1.000000 0.000091
4.123120 -44.504700 19.571600 -0.003567 0.135109 0.990814 -0.004511 3.442847 -45.737724 22.075515 0.000039 0.000002 1.000000 -0.000798 5.369878 -45.201988 22.087214 0.000015 0.000002 1.000000 -0.000812 4.835031 -43.275387 22.067402 0.000036 0.000002 1.000000 -0.000800 2.907979 -43.811083 22.055704 0.000060 0.000002 1.000000 -0.000786
26.238500 -20.116500 11.158700 -0.002097 0.061797 0.998086 -0.001189 25.377765 -21.236517 13.657253 0.000639 0.000004 1.000000 -0.000180 27.362432 -20.989892 13.665332 0.000639 0.000004 1.000000 -0.000180 27.115866 -19.004813 13.660066 0.000639 0.000004 1.000000 -0.000176 25.131180 -19.251379 13.651988 0.000639 0.000004 1.000000 -0.000176
45.908800 -18.814800 8.932280 0.002983 0.076699 0.997041 -0.004273 45.089332 -19.947881 11.446872 0.001822 0.000004 0.999998 -0.000880 47.066065 -19.642503 11.433665 0.001822 0.000004 0.999998 -0.000878 46.759906 -17.666327 11.417541 0.001822 0.000004 0.999998 -0.000876 44.783152 -17.971705 11.430749 0.001822 0.000004 0.999998 -0.000878
-9.251230 -26.214100 20.029600 0.003025 0.037986 0.999273 -0.001091 -10.166748 -27.274489 22.537635 0.000557 0.000000 0.999999 -0.000901 -8.172597 -27.122789 22.525377 0.000555 0.000000 0.999999 -0.000895 -8.324543 -25.128746 22.521477 0.000552 0.000000 0.999999 -0.000882 -10.318695 -25.280446 22.533735 0.000553 0.000000 0.999999 -0.000887
-7.218080 -22.214600 21.622300 0.004453 0.068209 0.997661 -0.000983 -8.070619 -23.330272 24.132627 0.000725 0.000001 1.000000 -0.000033 -6.089448 -23.058150 24.114589 0.000724 0.000001 1.000000 -0.000027 -6.361685 -21.076864 24.111881 0.000722 0.000001 1.000000 -0.000009 -8.342855 -21.349006 24.129919 0.000723 0.000001 1.000000 -0.000016
1.977390 -26.194900 14.295300 0.006032 0.031666 0.999471 -0.004228 1.050964 -27.262782 16.815607 0.001055 0.000000 0.999999 0.000442 3.045888 -27.136468 16.790958 0.001054 0.000000 0.999999 0.000442 2.919370 -25.140290 16.774821 0.001054 0.000000 0.999999 0.000442 0.924306 -25.266784 16.799470 0.001055 0.000000 0.999999 0.000442
-17.305200 -28.332300 18.275600 0.003060 0.037806 0.999280 -0.000957 -18.217884 -29.399593 20.783446 -0.000087 0.000001 1.000000 -0.000045 -16.223799 -29.248447 20.771071 -0.000127 0.000001 1.000000 -0.000038 -16.374828 -27.254088 20.767707 -0.000131 0.000001 1.000000 -0.000038 -18.368913 -27.405274 20.780082 -0.000091 0.000001 1.000000 -0.000045
-16.992400 -5.447040 15.297000 0.000983 0.296897 0.954907 -0.001862 -17.243882 -6.841435 17.802936 0.000537 -0.000000 1.000000 0.000237 -15.596498 -5.707086 17.796973 0.000536 -0.000000 1.000000 0.000237 -16.730521 -4.059491 17.791028 0.000537 -0.000000 1.000000 0.000237 -18.377926 -5.193840 17.796992 0.000537 -0.000000 1.000000 0.000237
-17.118000 -28.788700 18.229600 -0.002086 0.035039 0.999384 -0.000202 -18.040881 -29.861844 20.725970 0.000599 0.000002 1.000000 0.000240 -16.045709 -29.721853 20.734279 0.000599 0.000002 1.000000 0.000239 -16.185897 -27.726924 20.733181 0.000600 0.000002 1.000000 0.000248 -18.181049 -27.866896 20.724872 0.000600 0.000002 1.000000 0.000249
33.221900 -18.374500 10.585200 0.002613 0.067347 0.997723 -0.002524 32.371136 -19.500249 13.095419 0.000828 0.000003 0.999999 -0.000812 34.352866 -19.231540 13.084312 0.000827 0.000003 0.999999 -0.000810 34.084423 -17.249588 13.074943 0.000825 0.000003 0.999999 -0.000803 32.102693 -17.518298 13.086051 0.000826 0.000003 0.999999 -0.000806
12.706800 -43.944200 19.875000 0.005376 0.175187 0.984520 0.000817 12.111529 -45.213792 22.381716 0.001275 0.000002 0.999999 -0.000836 13.988131 -44.523754 22.361115 0.001260 0.000002 0.999999 -0.000844 13.298068 -42.646639 22.368101 0.001284 0.000002 0.999999 -0.000830 11.421526 -43.336717 22.388703 0.001298 0.000002 0.999999 -0.000821
5.246570 -45.520900 19.938200 0.001578 0.130372 0.991454 0.004485 4.528193 -46.739549 22.430765 0.000285 -0.000001 1.000000 -0.000023 6.459635 -46.222610 22.426841 0.000253 -0.000001 1.000000 -0.000030 5.942472 -44.290658 22.445450 0.000270 -0.000001 1.000000 -0.000026 4.011070 -44.807597 22.449374 0.000302 -0.000001 1.000000 -0.000019
33.515200 -14.252600 8.299250 0.001408 0.072690 0.997354 0.000079 32.671809 -15.383377 10.801680 0.000480 0.000005 0.999999 -0.001109 34.650266 -15.093306 10.796085 0.000477 0.000005 0.999999 -0.001104 34.360376 -13.114341 10.796809 0.000474 0.000005 0.999999 -0.001097 32.381960 -13.404412 10.802404 0.000476 0.000005 0.999999 -0.001102
-13.882600 -7.847710 11.744900 0.002033 -0.125105 0.992139 0.001996 -15.106220 -8.551732 14.245869 -0.000476 0.000001 0.999999 -0.001359 -13.168682 -9.047922 14.236800 -0.000480 0.000001 0.999999 -0.001365 -12.672159 -7.110323 14.243701 -0.000476 0.000001 0.999999 -0.001360 -14.609677 -6.614153 14.252770 -0.000472 0.000001 0.999999 -0.001355
-17.028300 -8.418190 11.354500 -0.000440 -0.112704 0.993628 -0.000025 -18.221629 -9.166372 13.853560 -0.000087 -0.000001 1.000000 -0.000710 -16.272519 -9.614276 13.855320 -0.000095 -0.000001 1.000000 -0.000716 -15.824515 -7.665305 13.855421 -0.000092 -0.000001 1.000000 -0.000714 -17.773645 -7.217421 13.853661 -0.000084 -0.000001 1.000000 -0.000707
-15.630800 -12.843000 13.992500 -0.000992 -0.084244 0.996442 0.002447 -16.795069 -13.646689 16.485794 -0.000508 0.000001 0.999999 -0.001432 -14.823261 -13.982414 16.488924 -0.000518 0.000001 0.999999 -0.001431 -14.487455 -12.010246 16.499007 -0.000519 0.000001 0.999999 -0.001431 -16.459223 -11.674521 16.495877 -0.000508 0.000001 0.999999 -0.001432
-14.975200 -33.529400 18.594900 0.001603 0.010415 0.999937 -0.003765 -15.963421 -34.545862 21.105635 -0.000525 0.000002 1.000000 -0.000848 -13.963945 -34.504250 21.099065 -0.000531 0.000002 1.000000 -0.000848 -14.005685 -32.504781 21.084072 -0.000530 0.000002 1.000000 -0.000848 -16.005161 -32.546392 21.090642 -0.000525 0.000002 1.000000 -0.000848
-9.911890 -22.327100 12.895000 0.001829 -0.121197 0.992626 -0.001482 -11.110059 -23.060709 15.401616 0.000147 -0.000000 1.000000 -0.000216 -9.169267 -23.541893 15.395075 0.000108 -0.000000 1.000000 -0.000229 -8.687885 -21.600697 15.388302 0.000111 -0.000000 1.000000 -0.000228 -10.628697 -21.119553 15.394843 0.000150 -0.000000 1.000000 -0.000214
-13.340500 -23.000200 18.338100 -0.000602 0.037409 0.999290 -0.004357 -14.264733 -24.069714 20.845956 -0.000538 0.000001 0.999999 -0.000920 -12.270332 -23.920115 20.847709 -0.000539 0.000001 0.999999 -0.000921 -12.419910 -21.925729 20.830203 -0.000538 0.000001 0.999999 -0.000919 -14.414331 -22.075327 20.828450 -0.000537 0.000001 0.999999 -0.000918
-13.513500 -39.714500 22.761600 -0.001370 -0.003083 0.999994 0.000506 -14.520041 -40.713127 25.257835 -0.000164 -0.000001 1.000000 -0.000222 -12.520047 -40.725463 25.263309 -0.000164 -0.000001 1.000000 -0.000222 -12.507737 -38.725602 25.265350 -0.000164 -0.000001 1.000000 -0.000214 -14.507731 -38.713246 25.259877 -0.000164 -0.000001 1.000000 -0.000215
-9.490670 -25.191800 18.077000 0.002876 0.022422 0.999743 0.001629 -10.441801 -26.236267 20.579281 0.000146 -0.000003 1.000000 -0.000314 -8.443825 -26.146585 20.567924 0.000141 -0.000003 1.000000 -0.000309 -8.533349 -24.148807 20.574697 0.000136 -0.000003 1.000000 -0.000306 -10.531305 -24.238508 20.586053 0.000142 -0.000003 1.000000 -0.000311
36.127600 -21.125600 9.802150 0.004160 0.095877 0.995383 0.001509 35.338874 -22.294828 12.306315 0.000868 0.000003 1.000000 0.000024 37.301955 -21.912865 12.290330 0.000867 0.000003 1.000000 0.000022 36.920302 -19.950063 12.297934 0.000871 0.000003 1.000000 0.000027 34.957261 -20.332087 12.313919 0.000873 0.000003 1.000000 0.000029
-15.259400 -42.616300 21.714200 0.000841 0.004060 0.999991 0.000006 -16.248052 -43.623823 24.215860 0.000403 -0.000001 1.000000 0.000269 -14.248380 -43.607642 24.212498 0.000402 -0.000001 1.000000 0.000268 -14.264722 -41.607528 24.212536 0.000403 -0.000001 1.000000 0.000270 -16.264393 -41.623729 24.215898 0.000403 -0.000001 1.000000 0.000270
-15.161200 -14.872000 13.694600 -0.004302 -0.071814 0.997392 -0.005757 -16.295036 -15.717018 16.195997 -0.000559 0.000002 0.999999 -0.000880 -14.316059 -16.003245 16.214816 -0.000560 0.000002 0.999999 -0.000880 -14.029234 -14.024466 16.193084 -0.000559 0.000002 0.999999 -0.000878 -16.008211 -13.738239 16.174265 -0.000559 0.000002 0.999999 -0.000877
-16.889500 -10.831800 13.562000 0.001072 -0.098789 0.995105 -0.002216 -18.073847 -11.611049 16.068291 -0.000248 0.000001 1.000000 -0.000834 -16.112749 -12.004401 16.064902 -0.000250 0.000001 1.000000 -0.000839 -15.719677 -10.043557 16.055657 -0.000247 0.000001 1.000000 -0.000833 -17.680775 -9.650246 16.059047 -0.000245 0.000001 1.000000 -0.000828
-3.428330 -40.224600 13.645400 0.003791 0.254039 0.967171 0.005422 -3.795335 -41.586103 16.137499 0.000528 -0.000001 1.000000 0.000035 -2.053656 -40.603204 16.128343 0.000490 -0.000001 1.000000 0.000023 -3.036171 -38.861485 16.153172 0.000530 -0.000001 1.000000 0.000036 -4.777490 -39.844584 16.162328 0.000569 -0.000001 1.000000 0.000049
1.394430 -24.645600 14.463900 0.002174 0.031838 0.999491 -0.000220 0.452870 -25.711399 16.968529 0.000127 0.000002 0.999999 -0.001161 2.449017 -25.584114 16.959809 0.000110 0.000002 0.999999 -0.001134 2.321968 -23.587489 16.959211 0.000088 0.000002 0.999999 -0.001098 0.325841 -23.714734 16.967931 0.000105 0.000002 0.999999 -0.001125
-9.003820 -35.892000 18.697100 0.001255 0.004823 0.999985 -0.002341 -9.996603 -36.892848 21.204281 0.000490 0.000004 0.999999 -0.000901 -7.996622 -36.873629 21.199216 0.000482 0.000004 0.999999 -0.000905 -8.015945 -34.873824 21.189879 0.000488 0.000004 0.999999 -0.000902 -10.015925 -34.893043 21.194943 0.000496 0.000004 0.999999 -0.000898
-12.395700 -33.452000 18.524700 0.002500 0.004487 0.999981 -0.003473 -13.388478 -34.456682 21.036632 0.000747 0.000001 0.999999 -0.000977 -11.388563 -34.438907 21.026568 0.000741 0.000001 0.999999 -0.000978 -11.406627 -32.439016 21.012722 0.000744 0.000001 0.999999 -0.000977 -13.406542 -32.456770 21.022785 0.000750 0.000001 0.999999 -0.000976
-2.551630 -40.216200 22.903300 0.001083 0.031269 0.999510 0.001223 -3.486433 -41.272433 25.402867 0.000567 -0.000002 1.000000 -0.000317 -1.490309 -41.147312 25.398689 0.000561 -0.000002 1.000000 -0.000314 -1.615420 -39.150829 25.403711 0.000558 -0.000002 1.000000 -0.000312 -3.611524 -39.275930 25.407889 0.000564 -0.000002 1.000000 -0.000316
-6.097590 -20.168600 17.862000 0.000121 0.028553 0.999591 0.001774 -7.036113 -21.217209 20.358563 0.000485 -0.000002 0.999999 -0.001069 -5.039394 -21.103103 20.358283 0.000483 -0.000002 0.999999 -0.001066 -5.153479 -19.106196 20.365390 0.000481 -0.000002 0.999999 -0.001060 -7.150198 -19.220283 20.365670 0.000482 -0.000002 0.999999 -0.001063
-7.225560 -21.649700 21.731800 -0.000350 0.071872 0.997412 0.001883 -8.060817 -22.767328 24.227015 0.000428 -0.000000 0.999999 -0.001118 -6.081540 -22.480667 24.228954 0.000401 -0.000000 0.999999 -0.001105 -6.368486 -20.501644 24.236369 0.000390 -0.000000 0.999999 -0.001100 -8.347723 -20.788264 24.234429 0.000417 -0.000000 0.999999 -0.001113
40.045800 -5.469520 9.747280 0.001435 0.095380 0.995440 -0.000923 39.257504 -6.620767 12.251779 0.000977 0.000004 0.999999 -0.000980 41.221266 -6.241154 12.245713 0.000975 0.000004 0.999999 -0.000983 40.840903 -4.278027 12.242591 0.000988 0.000004 0.999999 -0.000954 38.877140 -4.657660 12.248657 0.000990 0.000004 0.999999 -0.000951
-10.098700 -30.098100 17.260200 0.001539 0.016743 0.999855 -0.002654 -11.072758 -31.140252 19.768554 0.000386 0.000001 1.000000 -0.000556 -9.073749 -31.073404 19.762223 0.000360 0.000001 1.000000 -0.000526 -9.140729 -29.074334 19.751711 0.000332 0.000001 1.000000 -0.000494 -11.139718 -29.141181 19.758043 0.000358 0.000001 1.000000 -0.000524
-4.045660 -27.803200 15.305200 0.001687 0.037139 0.999308 0.001208 -4.975609 -28.884387 17.805900 0.000532 0.000000 1.000000 -0.000591 -2.980977 -28.735965 17.799336 0.000512 0.000001 1.000000 -0.000558 -3.129264 -26.740968 17.804420 0.000483 0.000001 1.000000 -0.000507 -5.123855 -26.889351 17.810985 0.000502 0.000001 1.000000 -0.000541
6.052290 -46.966300 16.244300 -0.001618 0.154697 0.987958 -0.002316 5.424373 -48.229958 18.746767 -0.000037 -0.000000 1.000000 -0.000049 7.328118 -47.618546 18.751735 -0.000087 -0.000000 1.000000 -0.000067 6.717097 -45.714612 18.741577 -0.000049 -0.000000 1.000000 -0.000053 4.813272 -46.325984 18.736610 0.000002 -0.000000 1.000000 -0.000035
-16.640700 -9.820520 11.902900 0.002510 -0.104707 0.994500 0.000427 -17.828421 -10.581333 14.407624 -0.000012 -0.000001 1.000000 -0.000774 -15.872200 -10.997753 14.397460 -0.000012 -0.000001 1.000000 -0.000774 -15.455711 -9.041228 14.398107 -0.000012 -0.000001 1.000000 -0.000773 -17.411932 -8.624788 14.408270 -0.000012 -0.000001 1.000000 -0.000773
6.216850 -14.008400 22.617000 0.001744 0.101357 0.994846 -0.002315 5.445933 -15.183317 25.125173 0.000854 0.000001 1.000000 -0.000089 7.404887 -14.780174 25.117295 0.000854 0.000001 1.000000 -0.000085 7.001413 -12.821309 25.108790 0.000854 0.000001 1.000000 -0.000075 5.042438 -13.224471 25.116667 0.000854 0.000001 1.000000 -0.000079
-5.816940 -36.127400 12.646900 0.000941 0.160352 0.987045 -0.005393 -6.450117 -37.401114 15.160751 0.000355 0.000000 1.000000 0.000675 -4.553332 -36.768016 15.153578 0.000351 0.000000 1.000000 0.000672 -5.186110 -34.870583 15.132891 0.000356 0.000000 1.000000 0.000676 -7.082976 -35.503801 15.140063 0.000360 0.000000 1.000000 0.000678
-8.102340 -38.992300 21.905600 0.001419 -0.007267 0.999972 0.000828 -9.108641 -39.971912 24.406791 0.001039 -0.000002 0.999999 -0.000052 -7.108960 -40.001016 24.401090 0.001039 -0.000002 0.999999 -0.000052 -7.080007 -38.001290 24.404361 0.001039 -0.000002 0.999999 -0.000048 -9.079668 -37.972166 24.410062 0.001039 -0.000002 0.999999 -0.000048
-4.929370 -43.761200 19.398100 -0.007424 0.071356 0.997422 -0.001557 -5.775038 -44.891269 21.887598 0.000758 -0.000001 1.000000 0.000119 -3.795825 -44.606513 21.916774 0.000745 -0.000001 1.000000 0.000113 -4.080249 -42.626830 21.908443 0.000753 -0.000001 1.000000 0.000117 -6.059621 -42.911546 21.879268 0.000767 -0.000001 1.000000 0.000122
-5.840690 -25.525500 16.052800 -0.000800 0.059685 0.998217 -0.000914 -6.725149 -26.635200 18.553207 0.000010 0.000001 1.000000 -0.000987 -4.739461 -26.396743 18.556181 -0.000015 0.000001 1.000000 -0.000973 -4.977411 -24.410556 18.552341 -0.000024 0.000001 1.000000 -0.000968 -6.963080 -24.648992 18.549367 0.000002 0.000001 1.000000 -0.000983
12.950600 -41.493100 20.140600 -0.000053 0.164048 0.986441 0.004672 12.325859 -42.766450 22.629739 -0.000210 0.000002 1.000000 0.000695 14.218072 -42.119216 22.633012 -0.000210 0.000002 1.000000 0.000695 13.570776 -40.227510 22.651413 -0.000210 0.000002 1.000000 0.000695 11.678603 -40.874784 22.648139 -0.000210 0.000002 1.000000 0.000695
-5.417460 -45.532900 21.861900 0.002029 0.038013 0.999275 -0.000141 -6.333374 -46.608335 24.366086 0.000350 -0.000001 1.000000 0.000527 -4.339271 -46.456374 24.357953 0.000344 -0.000001 1.000000 0.000531 -4.491135 -44.462154 24.357698 0.000342 -0.000001 1.000000 0.000531 -6.485219 -44.614116 24.365830 0.000349 -0.000001 1.000000 0.000528
-0.250336 -44.534500 18.276200 0.005688 0.072011 0.997384 -0.002582 -1.087565 -45.680019 20.792151 0.000931 -0.000001 0.999999 0.000516 0.890883 -45.392706 20.768715 0.000925 -0.000001 0.999999 0.000509 0.603733 -43.413655 20.760049 0.000934 -0.000001 0.999999 0.000521 -1.374555 -43.701028 20.783485 0.000940 -0.000001 0.999999 0.000529
-15.178300 -22.789900 24.465400 0.000968 -0.138800 0.990308 -0.004945 -16.401570 -23.467131 26.975943 0.000262 0.000003 0.999999 -0.001083 -14.478935 -24.017349 26.974859 0.000240 0.000003 0.999999 -0.001075 -13.929576 -22.094848 26.954736 0.000223 0.000003 0.999999 -0.001069 -15.852270 -21.544671 26.955821 0.000244 0.000003 0.999999 -0.001076
1.094180 -25.254600 14.462500 0.000954 0.033150 0.999450 0.000032 0.178151 -26.312120 16.964213 0.000955 0.000000 1.000000 0.000141 2.173352 -26.179871 16.960407 0.000945 0.000000 1.000000 0.000151 2.040483 -24.184806 16.960666 0.000938 0.000000 1.000000 0.000158 0.045262 -24.317076 16.964472 0.000947 0.000000 1.000000 0.000148
-5.976540 -40.736800 21.134700 0.000126 0.018689 0.999824 -0.001684 -6.946422 -41.766233 23.638352 0.000185 -0.000000 1.000000 -0.000834 -4.947859 -41.691611 23.637721 0.000178 -0.000000 1.000000 -0.000835 -5.022783 -39.692960 23.630994 0.000181 -0.000000 1.000000 -0.000834 -7.021346 -39.767582 23.631625 0.000188 -0.000000 1.000000 -0.000833
-5.722300 -16.181100 13.686500 0.003150 -0.078363 0.996906 -0.005365 -6.850692 -16.996139 16.203024 0.000984 -0.000001 0.999999 -0.001036 -4.875734 -17.309226 16.192150 0.000969 -0.000001 0.999999 -0.001018 -4.563622 -15.334664 16.169776 0.000944 -0.000001 0.999999 -0.000990 -6.538640 -15.021597 16.180650 0.000960 -0.000001 0.999999 -0.001008
-15.385700 -14.269000 7.410170 0.002651 -0.181744 0.983339 -0.002465 -16.680436 -14.847852 9.920271 0.000330 -0.000001 1.000000 -0.000087 -14.812627 -15.562662 9.911635 0.000328 -0.000001 1.000000 -0.000085 -14.097689 -13.694810 9.900014 0.000323 -0.000001 1.000000 -0.000082 -15.965538 -12.980060 9.908649 0.000326 -0.000001 1.000000 -0.000084
20.020500 -19.710400 11.312200 0.002991 0.048160 0.998821 -0.005247 19.133422 -20.802229 13.828809 0.001689 0.000003 0.999999 -0.000263 21.124009 -20.609899 13.815847 0.001688 0.000003 0.999999 -0.000262 20.931833 -18.619306 13.795457 0.001686 0.000003 0.999999 -0.000258 18.941247 -18.811656 13.808420 0.001687 0.000003 0.999999 -0.000259
-15.152100 -16.624600 18.194100 0.001096 0.149786 0.988708 -0.004401 -15.815190 -17.863007 20.705915 0.000173 -0.000000 0.999999 -0.001023 -13.904738 -17.270448 20.698945 0.000170 -0.000000 0.999999 -0.001027 -14.497076 -15.360468 20.682199 0.000179 -0.000000 0.999999 -0.001015 -16.407548 -15.953048 20.689169 0.000182 -0.000000 0.999999 -0.001012
-12.190300 -6.650570 17.240600 0.005196 0.219917 0.975505 0.000343 -12.651106 -7.965671 19.747521 0.000842 -0.000001 0.999998 -0.001859 -10.845208 -7.107884 19.727552 0.000811 -0.000001 0.999998 -0.001857 -11.703320 -5.301138 19.733459 0.000817 -0.000001 0.999998 -0.001858 -13.509159 -6.158945 19.753429 0.000849 -0.000001 0.999998 -0.001860
-16.053600 -32.791300 21.008400 -0.001870 -0.001473 0.999993 0.003001 -17.065826 -33.791851 23.498635 -0.000806 0.000002 1.000000 0.000128 -15.065929 -33.797946 23.506098 -0.000819 0.000002 1.000000 0.000139 -15.060278 -31.798171 23.518111 -0.000829 0.000002 1.000000 0.000149 -17.060175 -31.792075 23.510648 -0.000816 0.000002 1.000000 0.000137
-9.652100 -43.655600 19.078100 0.000395 0.006145 0.999975 -0.003487 -10.641206 -44.668591 21.585883 -0.000064 0.000001 1.000000 -0.000371 -8.641297 -44.644057 21.584218 -0.000064 0.000001 1.000000 -0.000371 -8.665902 -42.644556 21.570280 -0.000064 0.000001 1.000000 -0.000371 -10.665811 -42.669090 21.571945 -0.000064 0.000001 1.000000 -0.000371
13.096700 -18.051500 10.482300 0.004440 -0.027132 0.999621 -0.001666 12.049520 -19.004772 12.994608 0.000598 0.000001 1.000000 0.000565 14.045796 -19.113247 12.977036 0.000597 0.000001 1.000000 0.000563 14.154532 -17.116363 12.969891 0.000598 0.000001 1.000000 0.000567 12.158116 -17.008068 12.987461 0.000600 0.000001 1.000000 0.000569
-6.673980 -42.183900 26.519500 -0.002871 0.039355 0.999207 -0.005404 -7.594158 -43.247848 29.025166 -0.000027 0.000000 1.000000 -0.000739 -5.600567 -43.090232 29.035789 -0.000031 0.000000 1.000000 -0.000747 -5.757319 -41.097104 29.013739 -0.000019 0.000000 1.000000 -0.000721 -7.750991 -41.254660 29.003116 -0.000016 0.000000 1.000000 -0.000713
-12.377100 -41.069800 21.210400 -0.000577 -0.001267 0.999996 0.002607 -13.382575 -42.065485 23.704025 -0.000240 0.000000 1.000000 0.000196 -11.382523 -42.070599 23.706319 -0.000242 0.000000 1.000000 0.000193 -11.377500 -40.070733 23.716749 -0.000239 0.000000 1.000000 0.000198 -13.377552 -40.065618 23.714455 -0.000237 0.000000 1.000000 0.000201
-3.425050 -38.175900 12.468400 0.003789 0.296028 0.955165 0.003582 -3.678080 -39.557500 14.964373 0.000584 -0.000002 1.000000 -0.000295 -2.028747 -38.426544 14.954138 0.000572 -0.000002 1.000000 -0.000295 -3.159875 -36.776785 14.972310 0.000579 -0.000002 1.000000 -0.000295 -4.808828 -37.907942 14.982546 0.000591 -0.000002 1.000000 -0.000296
-17.142600 -10.974800 17.970400 -0.000102 0.155606 0.987819 -0.000252 -17.781700 -12.227814 20.470791 -0.000810 0.000001 0.999999 -0.001198 -15.878493 -11.613212 20.471038 -0.000829 0.000001 0.999999 -0.001199 -16.493295 -9.710205 20.469979 -0.000825 0.000001 0.999999 -0.001199 -18.396502 -10.324808 20.469733 -0.000807 0.000001 0.999999 -0.001198
2.772830 -7.142280 10.229900 0.003969 -0.131275 0.991305 -0.008098 1.550775 -7.842998 12.752656 0.001360 -0.000001 0.999998 -0.001422 3.481300 -8.364000 12.741168 0.001353 -0.000001 0.999998 -0.001417 4.001445 -6.433855 12.706973 0.001346 -0.000001 0.999998 -0.001412 2.070821 -5.912932 12.718461 0.001353 -0.000001 0.999998 -0.001417
-5.411780 -47.277300 17.744800 0.005772 0.122277 0.992470 0.004326 -6.157297 -48.490242 20.244997 -0.000657 -0.000001 1.000000 0.000723 -4.217196 -48.004657 20.224198 -0.000674 -0.000001 1.000000 0.000713 -4.702161 -46.064459 20.244200 -0.000661 -0.000001 1.000000 0.000720 -6.642182 -46.550084 20.265000 -0.000644 -0.000001 1.000000 0.000730
-5.039580 -34.670400 12.759700 -0.000010 0.137547 0.990495 0.000472 -5.728774 -35.917042 15.258585 0.000954 0.000000 0.999999 -0.000476 -3.804111 -35.371803 15.258885 0.000937 0.000000 0.999999 -0.000441 -4.348690 -33.446861 15.260752 0.000915 0.000000 1.000000 -0.000398 -6.273353 -33.992060 15.260453 0.000933 0.000000 0.999999 -0.000433
-16.232000 -12.098100 13.671600 -0.001324 -0.090284 0.995911 -0.003004 -17.393246 -12.895019 16.174147 -0.001001 0.000001 0.999999 -0.001190 -15.426138 -13.254663 16.180506 -0.001007 0.000001 0.999999 -0.001189 -15.066423 -11.287744 16.169019 -0.001012 0.000001 0.999999 -0.001187 -17.033551 -10.928100 16.162661 -0.001007 0.000001 0.999999 -0.001189
-7.250340 -46.797300 17.406300 -0.001054 0.014999 0.999886 0.001321 -8.216352 -47.820987 19.901521 -0.000025 0.000001 1.000000 -0.000281 -6.217217 -47.760904 19.905817 -0.000030 0.000001 1.000000 -0.000275 -6.277191 -45.761751 19.911036 -0.000036 0.000001 1.000000 -0.000267 -8.276327 -45.821814 19.906740 -0.000031 0.000001 1.000000 -0.000274
13.736700 -42.515800 20.029400 0.000650 0.171881 0.985117 0.001059 13.132806 -43.799023 22.528001 0.000295 0.000003 0.999999 0.001287 15.014732 -43.121849 22.526168 0.000293 0.000003 0.999999 0.001285 14.337244 -41.239586 22.530790 0.000299 0.000003 0.999999 0.001297 12.455298 -41.916760 22.532623 0.000300 0.000003 0.999999 0.001299
-15.921500 -49.776900 25.133200 0.000564 0.009926 0.999951 -0.000099 -16.899234 -50.797103 27.634516 -0.000586 0.000000 1.000000 -0.000458 -14.899710 -50.757559 27.632255 -0.000593 0.000000 1.000000 -0.000463 -14.939474 -48.758053 27.631882 -0.000588 0.000000 1.000000 -0.000459 -16.938999 -48.797617 27.634143 -0.000580 0.000000 1.000000 -0.000454
-5.119290 -39.115100 21.442100 -0.002283 0.030489 0.999532 -0.000825 -6.048910 -40.169129 23.939342 -0.000243 -0.000002 1.000000 0.000363 -4.052829 -40.047124 23.948368 -0.000257 -0.000002 1.000000 0.000379 -4.174438 -38.050925 23.944788 -0.000271 -0.000002 1.000000 0.000393 -6.170539 -38.172950 23.935762 -0.000256 -0.000002 1.000000 0.000378
-16.337400 -47.486200 22.928900 -0.001099 0.003024 0.999992 0.002157 -17.328266 -48.496108 25.422372 -0.000258 -0.000001 1.000000 -0.000321 -15.328248 -48.484002 25.426793 -0.000258 -0.000001 1.000000 -0.000322 -15.340273 -46.484057 25.435406 -0.000258 -0.000001 1.000000 -0.000321 -17.340272 -46.496164 25.430985 -0.000258 -0.000001 1.000000 -0.000320
-10.971800 -39.215800 20.828900 0.000320 -0.001621 0.999998 -0.001260 -11.979320 -40.210342 23.332050 -0.000310 0.000001 1.000000 -0.000104 -9.979231 -40.216727 23.330778 -0.000312 0.000001 1.000000 -0.000103 -9.972630 -38.216704 23.325736 -0.000313 0.000001 1.000000 -0.000103 -11.972719 -38.210319 23.327008 -0.000311 0.000001 1.000000 -0.000103
-12.160500 -28.361000 16.807000 -0.002898 -0.007265 0.999964 -0.003253 -13.162489 -29.336341 19.307530 0.000422 0.000001 0.999999 -0.000967 -11.162973 -29.365383 19.319220 0.000405 0.000001 0.999999 -0.000958 -11.133836 -27.366077 19.306295 0.000395 0.000001 0.999999 -0.000952 -13.133351 -27.337035 19.294605 0.000411 0.000001 0.999999 -0.000961
-4.164820 -40.860200 14.623200 0.005289 0.247556 0.968856 0.002539 -4.566945 -42.214702 17.124589 -0.000505 -0.000002 1.000000 -0.000822 -2.811913 -41.255504 17.106607 -0.000506 -0.000002 1.000000 -0.000823 -3.771783 -39.500265 17.121682 -0.000502 -0.000002 1.000000 -0.000818 -5.526455 -40.459683 17.139666 -0.000501 -0.000002 1.000000 -0.000817
-5.278160 -48.277300 17.218900 -0.006331 0.133974 0.990961 -0.002517 -5.965806 -49.515754 19.713561 -0.000448 -0.000001 1.000000 0.000510 -4.038363 -48.984438 19.737314 -0.000464 -0.000001 1.000000 0.000506 -4.569312 -47.056539 19.723943 -0.000453 -0.000001 1.000000 0.000509 -6.496835 -47.587796 19.700191 -0.000438 -0.000001 1.000000 0.000513
37.463600 -9.181140 9.725490 0.000877 0.083710 0.996483 0.003529 36.647285 -10.320314 12.219382 0.000314 0.000005 0.999999 -0.001451 38.619052 -9.986777 12.217068 0.000314 0.000005 0.999999 -0.001451 38.285240 -8.014497 12.231423 0.000314 0.000005 0.999999 -0.001451 36.313493 -8.348094 12.233738 0.000314 0.000005 0.999999 -0.001451
-12.706900 -43.831600 22.961000 -0.000121 -0.006694 0.999978 -0.000056 -13.723866 -44.820359 25.460864 0.000203 0.000001 1.000000 0.000582 -11.723985 -44.847114 25.461348 0.000196 0.000001 1.000000 0.000579 -11.697250 -42.847333 25.461127 0.000197 0.000001 1.000000 0.000580 -13.697110 -42.820578 25.460643 0.000205 0.000001 1.000000 0.000582
-14.937200 -14.649500 13.549100 0.001977 -0.074394 0.997226 0.000991 -16.076633 -15.481784 16.051478 0.000007 -0.000001 1.000000 -0.000565 -14.098606 -15.778469 16.043297 0.000006 -0.000001 1.000000 -0.000564 -13.801846 -13.800211 16.046658 0.000004 -0.000001 1.000000 -0.000561 -15.779872 -13.503547 16.054840 0.000005 -0.000001 1.000000 -0.000563
39.783800 -5.780470 9.624800 0.000376 0.093741 0.995592 -0.003067 38.997973 -6.957013 12.132100 0.000841 0.000004 0.999999 -0.000837 40.962723 -6.583587 12.129452 0.000840 0.000004 0.999999 -0.000842 40.590067 -4.618614 12.117376 0.000851 0.000004 0.999999 -0.000784 38.625317 -4.992040 12.120024 0.000852 0.000004 0.999999 -0.000779
45.714700 -24.449400 7.649340 0.001978 0.145330 0.989380 0.001710 45.053294 -25.698529 10.148780 0.000934 0.000002 0.999999 0.000368 46.968895 -25.123310 10.141944 0.000932 0.000002 0.999999 0.000366 46.394303 -23.207745 10.149860 0.000934 0.000002 0.999999 0.000368 44.478762 -23.783044 10.156695 0.000935 0.000002 0.999999 0.000369
39.908800 -22.567800 8.913810 0.002033 0.114722 0.993392 0.002718 39.168051 -23.772782 11.411344 0.000136 0.000002 1.000000 -0.000330 41.115610 -23.316924 11.404514 0.000132 0.000002 1.000000 -0.000334 40.660177 -21.369518 11.416248 0.000139 0.000002 1.000000 -0.000326 38.712698 -21.825436 11.423078 0.000143 0.000002 1.000000 -0.000321
-14.503200 -16.153900 21.793900 0.003777 0.207802 0.978164 -0.000347 -15.005802 -17.475771 24.300525 0.000268 -0.000000 1.000000 0.000121 -13.178686 -16.662839 24.285459 0.000259 -0.000000 1.000000 0.000121 -13.991608 -14.835706 24.287241 0.000264 -0.000000 1.000000 0.000121 -15.818704 -15.648638 24.302308 0.000273 -0.000000 1.000000 0.000121
-2.776530 -23.137400 22.308700 -0.000302 0.081083 0.996704 -0.002640 -3.600273 -24.274137 24.813808 0.000424 0.000001 1.000000 -0.000047 -1.626731 -23.950730 24.814156 0.000422 0.000001 1.000000 -0.000051 -1.949952 -21.977315 24.803535 0.000434 0.000001 1.000000 -0.000014 -3.923474 -22.300723 24.803187 0.000435 0.000001 1.000000 -0.000010
8.708980 -30.659000 20.390700 0.001896 0.067628 0.997704 -0.003120 7.862024 -31.798658 22.900774 0.000856 0.000002 1.000000 0.000184 9.843895 -31.528811 22.892365 0.000855 0.000002 1.000000 0.000180 9.574141 -29.547084 22.880425 0.000860 0.000002 1.000000 0.000202 7.592270 -29.816931 22.888835 0.000861 0.000002 1.000000 0.000206
-0.876918 -37.331600 21.224700 0.000770 0.002875 0.999991 0.003088 -1.872144 -38.328898 23.719996 0.000954 0.000001 0.999999 -0.000337 0.128021 -38.317448 23.716954 0.000940 0.000001 0.999999 -0.000346 0.116210 -36.317580 23.729316 0.000951 0.000001 0.999999 -0.000339 -1.883915 -36.329009 23.732358 0.000965 0.000001 0.999999 -0.000330
30.084100 -16.529600 10.741400 0.002230 0.060244 0.998178 0.002559 29.216018 -17.638900 13.240146 0.000317 0.000005 1.000000 -0.000378 31.201261 -17.398402 13.231857 0.000317 0.000005 1.000000 -0.000379 30.960668 -15.412905 13.242611 0.000318 0.000004 1.000000 -0.000368 28.975445 -15.653423 13.250900 0.000318 0.000004 1.000000 -0.000368
-13.945200 -27.554600 12.610900 0.001445 -0.107610 0.994187 -0.003331 -15.138527 -28.314296 15.119973 -0.000569 -0.000000 1.000000 -0.000809 -13.184755 -28.742072 15.115661 -0.000570 -0.000000 1.000000 -0.000810 -12.756737 -26.788576 15.101791 -0.000569 -0.000000 1.000000 -0.000809 -14.710549 -26.360840 15.106103 -0.000568 -0.000000 1.000000 -0.000809
-10.757800 -48.597600 24.575400 0.000610 -0.022100 0.999754 -0.002033 -11.791542 -49.552256 27.080598 0.000570 0.000004 1.000000 -0.000360 -9.793677 -49.640640 27.078339 0.000565 0.000003 1.000000 -0.000361 -9.705383 -47.642530 27.070153 0.000565 0.000004 1.000000 -0.000361 -11.703248 -47.554146 27.072413 0.000570 0.000004 1.000000 -0.000360
-14.114100 -34.717300 23.060800 -0.004357 -0.000928 0.999959 -0.007843 -15.111181 -35.727954 25.567543 0.000047 0.000001 1.000000 0.000157 -13.111381 -35.731448 25.585000 0.000046 0.000001 1.000000 0.000154 -13.107413 -33.732138 25.553642 0.000049 0.000001 1.000000 0.000168 -15.107274 -33.728544 25.536187 0.000049 0.000001 1.000000 0.000171
-16.993600 -35.987600 9.236180 0.002290 -0.216720 0.976231 -0.000036 -18.325036 -36.486881 11.741624 -0.000146 0.000002 1.000000 0.000919 -16.513047 -37.332616 11.732718 -0.000149 0.000002 1.000000 0.000909 -15.666292 -35.520547 11.730594 -0.000145 0.000002 1.000000 0.000924 -17.478341 -34.674871 11.739499 -0.000143 0.000002 1.000000 0.000934
-10.413200 -39.283800 19.957800 -0.000038 0.000045 0.999999 -0.001328 -11.416414 -40.278972 22.460373 -0.000452 0.000001 1.000000 -0.000831 -9.416354 -40.278830 22.460524 -0.000452 0.000001 1.000000 -0.000831 -9.416576 -38.278817 22.455212 -0.000452 0.000001 1.000000 -0.000831 -11.416636 -38.278959 22.455061 -0.000452 0.000001 1.000000 -0.000831
-4.305030 -14.756500 16.488400 -0.000788 -0.078282 0.996929 -0.001971 -5.428499 -15.570423 18.990149 0.000677 -0.000002 0.999999 -0.001005 -3.453413 -15.883003 18.993916 0.000642 -0.000002 0.999999 -0.000981 -3.141421 -13.908111 18.986311 0.000607 -0.000002 0.999999 -0.000956 -5.116526 -13.595530 18.982545 0.000641 -0.000002 0.999999 -0.000981
-10.060800 -42.838400 19.248600 -0.001474 0.004324 0.999990 -0.000258 -11.047515 -43.845672 21.746170 0.000039 0.000001 1.000000 0.000085 -9.047598 -43.828396 21.752063 0.000035 0.000001 1.000000 0.000087 -9.064911 -41.828451 21.751006 0.000034 0.000001 1.000000 0.000088 -11.064827 -41.845727 21.745113 0.000038 0.000001 1.000000 0.000086
7.390930 -21.124300 12.925400 0.000876 0.024141 0.999708 -0.000622 6.436280 -22.173830 15.428374 0.000778 0.000001 0.999999 -0.001013 8.434106 -22.077136 15.424811 0.000753 0.000001 0.999999 -0.000989 8.337947 -20.078788 15.422409 0.000732 0.000001 0.999999 -0.000969 6.340121 -20.175483 15.425972 0.000757 0.000002 0.999999 -0.000993
-12.275500 -29.685500 17.211600 -0.002584 -0.002029 0.999994 0.000631 -13.280225 -30.676269 19.705145 0.000661 0.000001 1.000000 -0.000699 -11.280048 -30.684431 19.715475 0.000647 0.000001 1.000000 -0.000697 -11.272000 -28.684449 19.718022 0.000647 0.000001 1.000000 -0.000696 -13.272157 -28.676267 19.707692 0.000660 0.000001 1.000000 -0.000699
-14.234900 -39.262100 24.340700 0.002776 0.021035 0.999761 0.005307 -15.192129 -40.297789 26.835231 0.000354 -0.000001 1.000000 -0.000011 -13.194010 -40.213389 26.824577 0.000354 -0.000001 1.000000 -0.000011 -13.277892 -38.215331 26.846035 0.000354 -0.000001 1.000000 -0.000010 -15.276012 -38.299792 26.856689 0.000354 -0.000001 1.000000 -0.000010
14.284700 -18.113300 10.165000 -0.000228 -0.038335 0.999265 -0.000714 13.223718 -19.034257 12.665858 0.000537 0.000001 1.000000 0.000623 15.217579 -19.187644 12.666878 0.000526 0.000001 1.000000 0.000631 15.370428 -17.193744 12.664061 0.000519 0.000001 1.000000 0.000637 13.376566 -17.040357 12.663041 0.000530 0.000001 1.000000 0.000629
6.989370 -7.523670 7.170280 -0.001682 -0.173969 0.984744 0.003373 5.702497 -8.126577 9.660895 0.000356 -0.000003 1.000000 0.000011 7.581425 -8.811799 9.665173 0.000342 -0.000003 1.000000 0.000022 8.266142 -6.933266 9.679628 0.000318 -0.000003 1.000000 0.000042 6.387334 -6.247943 9.675349 0.000332 -0.000003 1.000000 0.000030
-12.984200 -29.027600 13.692100 -0.002892 -0.077458 0.996990 0.001412 -14.131125 -29.852296 16.183252 -0.000348 -0.000000 1.000000 -0.000742 -12.155297 -30.161450 16.194350 -0.000351 -0.000000 1.000000 -0.000744 -11.846616 -28.185417 16.200877 -0.000349 -0.000000 1.000000 -0.000743 -13.822403 -27.876243 16.189779 -0.000347 -0.000000 1.000000 -0.000742
-13.613200 -31.279000 13.270700 0.001146 -0.080989 0.996714 -0.000494 -14.754748 -32.094747 15.774045 -0.000180 0.000002 1.000000 -0.000173 -12.781151 -32.417821 15.769636 -0.000184 0.000002 1.000000 -0.000164 -12.458621 -30.444419 15.767297 -0.000199 0.000002 1.000000 -0.000135 -14.432259 -30.121345 15.771706 -0.000195 0.000002 1.000000 -0.000144
-5.375790 -44.004000 19.339200 -0.005781 0.077158 0.996992 -0.004522 -6.222037 -45.137247 21.838212 -0.000266 -0.000002 1.000000 -0.000315 -4.246844 -44.829019 21.859865 -0.000304 -0.000002 1.000000 -0.000340 -4.553682 -42.853454 21.840052 -0.000268 -0.000002 1.000000 -0.000316 -6.529095 -43.161582 21.818398 -0.000232 -0.000002 1.000000 -0.000291
-13.168800 -19.989100 14.797100 -0.002682 -0.044232 0.999016 -0.001951 -14.258840 -20.887919 17.295204 -0.000410 0.000001 1.000000 -0.000580 -12.266794 -21.064590 17.306267 -0.000413 0.000001 1.000000 -0.000581 -12.089961 -19.072351 17.298946 -0.000411 0.000001 1.000000 -0.000580 -14.082007 -18.895680 17.287883 -0.000408 0.000001 1.000000 -0.000579
-15.400700 -49.406500 23.287900 0.002223 -0.000694 0.999997 0.000468 -16.403144 -50.403055 25.791404 -0.000023 -0.000001 1.000000 0.000330 -14.403305 -50.405806 25.782512 -0.000033 -0.000001 1.000000 0.000332 -14.400546 -48.405669 25.784377 -0.000036 -0.000001 1.000000 0.000333 -16.400385 -48.402918 25.793269 -0.000026 -0.000001 1.000000 0.000330
-8.257520 -25.022100 20.588800 -0.002019 0.047615 0.998863 -0.001126 -9.160239 -26.117213 23.087301 -0.000254 0.000001 1.000000 0.000140 -7.169504 -25.927042 23.095154 -0.000254 0.000001 1.000000 0.000146 -7.359757 -23.936096 23.090272 -0.000258 0.000002 1.000000 0.000171 -9.350472 -24.126247 23.082419 -0.000257 0.000001 1.000000 0.000165
-13.545700 -35.062700 23.499500 0.005450 -0.012105 0.999904 0.003980 -14.563765 -36.044410 26.002620 0.000487 0.000002 1.000000 0.000037 -12.564810 -36.092218 25.980630 0.000480 0.000002 1.000000 0.000026 -12.515747 -34.092868 25.996287 0.000489 0.000002 1.000000 0.000040 -14.514603 -34.045159 26.018276 0.000496 0.000002 1.000000 0.000051
-16.440100 -49.450000 25.596300 -0.002312 0.011346 0.999933 -0.000407 -17.424048 -50.470225 28.092540 -0.000065 -0.000001 1.000000 -0.000552 -15.424584 -50.424622 28.101770 -0.000075 -0.000001 1.000000 -0.000551 -15.469840 -48.424938 28.100036 -0.000075 -0.000001 1.000000 -0.000551 -17.469324 -48.470521 28.090806 -0.000065 -0.000001 1.000000 -0.000552
1.644310 -24.732500 14.227200 -0.001370 0.031954 0.999479 0.004359 0.714984 -25.790015 16.715508 0.000872 -0.000000 1.000000 0.000115 2.711473 -25.662311 16.721541 0.000868 -0.000000 1.000000 0.000116 2.583501 -23.666671 16.738794 0.000867 -0.000000 1.000000 0.000116 0.587133 -23.794215 16.732761 0.000872 -0.000000 1.000000 0.000115
9.580280 -17.193600 20.703200 -0.001545 0.120237 0.992744 0.000933 8.850161 -18.392375 23.198383 0.000440 0.000004 0.999999 -0.001182 10.792104 -17.915003 23.204968 0.000439 0.000004 0.999999 -0.001182 10.314561 -15.972795 23.207931 0.000441 0.000004 0.999999 -0.001182 8.372618 -16.450147 23.201346 0.000441 0.000004 0.999999 -0.001182
-10.229800 -39.888300 20.046800 -0.000531 0.000005 1.000000 -0.000706 -11.235588 -40.892257 22.547136 -0.000702 0.000000 1.000000 0.000225 -9.235609 -40.892235 22.549261 -0.000702 0.000000 1.000000 0.000226 -9.235629 -38.892237 22.546438 -0.000703 0.000000 1.000000 0.000227 -11.235628 -38.892259 22.544313 -0.000702 0.000000 1.000000 0.000226
-15.521600 -26.511600 23.229700 0.000699 -0.071363 0.997424 -0.007288 -16.642352 -27.345374 25.744602 -0.000129 0.000001 1.000000 -0.000675 -14.662824 -27.630330 25.743895 -0.000162 0.000001 1.000000 -0.000642 -14.378389 -25.651573 25.714623 -0.000207 0.000001 1.000000 -0.000598 -16.358016 -25.366717 25.715331 -0.000175 0.000001 1.000000 -0.000630
24.324700 -18.966000 11.113300 0.002107 0.052928 0.998592 0.002769 23.441691 -20.052987 13.611385 0.001147 0.000003 0.999999 -0.000174 25.430587 -19.841588 13.603556 0.001145 0.000003 0.999999 -0.000177 25.218855 -17.853205 13.615064 0.001154 0.000003 0.999999 -0.000159 23.229939 -18.064604 13.622894 0.001155 0.000003 0.999999 -0.000155
-16.221900 -44.943100 21.173000 0.001082 0.011024 0.999937 0.001595 -17.204000 -45.960257 23.671895 0.000109 -0.000001 1.000000 0.000439 -15.204271 -45.916138 23.667637 0.000104 -0.000001 1.000000 0.000433 -15.248335 -43.916695 23.674064 0.000110 -0.000001 1.000000 0.000440 -17.248064 -43.960813 23.678322 0.000114 -0.000001 1.000000 0.000445
-8.938900 -45.430600 18.454500 0.000008 0.009878 0.999951 -0.000376 -9.915393 -46.451896 20.955271 0.000253 0.000002 1.000000 0.000076 -7.915524 -46.412326 20.955224 0.000253 0.000002 1.000000 0.000075 -7.954933 -44.412717 20.953719 0.000253 0.000002 1.000000 0.000076 -9.954803 -44.452287 20.953767 0.000253 0.000002 1.000000 0.000076
-4.952040 -22.685900 19.193100 0.001587 0.040139 0.999186 0.003670 -5.864266 -23.741932 21.688347 0.001192 0.000000 0.999999 -0.000863 -3.870460 -23.581262 21.682591 0.001188 0.000000 0.999999 -0.000870 -4.030924 -21.588061 21.697517 0.001201 0.000000 0.999999 -0.000847 -6.024689 -21.748711 21.703273 0.001205 0.000000 0.999999 -0.000840
-15.967400 -49.868300 23.284100 0.002688 -0.000261 0.999994 0.002006 -16.963598 -50.870920 25.785454 -0.000348 0.000001 1.000000 0.000412 -14.963487 -50.871862 25.774702 -0.000348 0.000001 1.000000 0.000412 -14.962363 -48.871798 25.782721 -0.000349 0.000001 1.000000 0.000418 -16.962473 -48.870856 25.793474 -0.000349 0.000001 1.000000 0.000418
10.663700 -22.944700 12.600000 0.005721 0.025767 0.999642 -0.004467 9.728517 -23.994018 15.120237 0.001563 0.000001 0.999999 -0.000657 11.724690 -23.891507 15.096904 0.001563 0.000001 0.999999 -0.000658 11.621455 -21.894483 15.079633 0.001563 0.000001 0.999999 -0.000657 9.625122 -21.997173 15.102966 0.001563 0.000001 0.999999 -0.000656
-17.748300 -29.859600 12.640700 -0.006483 -0.016462 0.999837 0.003653 -18.763955 -30.819725 15.120123 -0.000295 -0.000000 1.000000 0.000632 -16.765767 -30.885936 15.145819 -0.000343 -0.000000 1.000000 0.000660 -16.700345 -28.887533 15.160863 -0.000371 -0.000000 1.000000 0.000677 -18.698533 -28.821302 15.135168 -0.000324 -0.000000 1.000000 0.000649
-15.949400 -50.041500 23.322100 0.003767 -0.000369 0.999993 0.000360 -16.960172 -51.049258 25.828839 -0.000542 -0.000001 0.999999 0.000976 -14.960489 -51.050728 25.813768 -0.000558 -0.000001 0.999999 0.000975 -14.958968 -49.050689 25.815202 -0.000559 -0.000001 0.999999 0.000975 -16.958671 -49.049219 25.830273 -0.000543 -0.000001 0.999999 0.000976
25.291000 -20.161700 11.258500 0.003513 0.059470 0.998217 0.003737 24.439900 -21.269807 13.757057 0.001729 0.000003 0.999998 -0.000445 26.425344 -21.032019 13.743923 0.001700 0.000003 0.999998 -0.000450 26.188482 -19.046242 13.759675 0.001706 0.000003 0.999998 -0.000449 24.203098 -19.284089 13.772809 0.001735 0.000003 0.999998 -0.000444
-4.241140 -49.297200 19.557700 0.006446 0.100433 0.994920 0.002577 -5.031606 -50.474881 22.063461 0.000542 0.000000 1.000000 0.000217 -3.072499 -50.075224 22.038838 0.000512 0.000000 1.000000 0.000205 -3.471903 -48.115557 22.051686 0.000531 0.000000 1.000000 0.000212 -5.431010 -48.515255 22.076308 0.000561 0.000000 1.000000 0.000224
-14.341700 -33.086800 10.134100 -0.003033 -0.150011 0.988680 0.000406 -15.594385 -33.751544 12.626491 -0.000008 0.000004 1.000000 0.000438 -13.684655 -34.344700 12.638242 -0.000008 0.000004 1.000000 0.000438 -13.091209 -32.434514 12.641669 -0.000009 0.000004 1.000000 0.000439 -15.000919 -31.841358 12.629918 -0.000008 0.000004 1.000000 0.000438
36.481900 -13.823300 10.417200 -0.000153 0.065194 0.997858 -0.005374 35.629157 -14.942172 12.928287 0.000831 0.000005 0.999999 -0.000713 37.612436 -14.681972 12.927497 0.000830 0.000005 0.999999 -0.000713 37.352242 -12.699228 12.906008 0.000830 0.000005 0.999999 -0.000713 35.368943 -12.959389 12.906798 0.000831 0.000005 0.999999 -0.000713
0.111730 -29.759000 18.960900 0.002651 0.048552 0.998814 -0.002505 -0.787800 -30.848371 21.471168 0.000381 0.000002 1.000000 0.000249 1.202922 -30.654419 21.460092 0.000380 0.000002 1.000000 0.000247 1.008857 -28.663973 21.450598 0.000382 0.000002 1.000000 0.000251 -0.981885 -28.857945 21.461675 0.000383 0.000002 1.000000 0.000252
0.769190 -26.223600 14.524300 0.000305 0.032788 0.999462 0.000448 -0.142909 -27.277381 17.023839 0.001072 0.000000 0.999999 0.000483 1.852291 -27.146640 17.022686 0.001049 0.000000 0.999999 0.000514 1.720771 -25.151381 17.024525 0.001027 0.000000 0.999999 0.000545 -0.274468 -25.282182 17.025679 0.001049 0.000000 0.999999 0.000514
-5.460450 -42.524500 24.333600 0.005726 0.064501 0.997897 0.002940 -6.326630 -43.647184 26.837980 -0.000429 0.000001 1.000000 0.000297 -4.343043 -43.389574 26.815885 -0.000433 0.000001 1.000000 0.000295 -4.600418 -41.406350 26.829097 -0.000430 0.000001 1.000000 0.000296 -6.583925 -41.664000 26.851192 -0.000426 0.000001 1.000000 0.000298
13.278100 -27.174100 8.343880 -0.000780 -0.002169 0.999997 -0.000810 12.285186 -28.168154 10.843894 0.000662 0.000002 1.000000 0.000107 14.285385 -28.176867 10.847019 0.000654 0.000002 1.000000 0.000110 14.294143 -26.176549 10.843787 0.000651 0.000002 1.000000 0.000112 12.293924 -26.167816 10.840662 0.000659 0.000002 1.000000 0.000108
-6.925940 -17.538100 15.877600 -0.002557 -0.018963 0.999813 -0.002648 -7.972394 -18.496537 18.377561 -0.000539 0.000003 0.999999 -0.001172 -5.974139 -18.572069 18.387986 -0.000549 0.000003 0.999999 -0.001163 -5.898213 -16.573296 18.377588 -0.000556 0.000003 0.999999 -0.001156 -7.896468 -16.497744 18.367164 -0.000547 0.000003 0.999999 -0.001165
-14.262100 -16.451300 14.127400 0.000600 -0.063281 0.997995 0.001080 -15.390616 -17.315631 16.626623 -0.000565 0.000001 1.000000 -0.000120 -13.406435 -17.568263 16.623956 -0.000572 0.000001 1.000000 -0.000115 -13.153918 -15.583986 16.628113 -0.000576 0.000001 1.000000 -0.000112 -15.138079 -15.331353 16.630780 -0.000570 0.000001 1.000000 -0.000117
30.353400 -18.583400 10.542400 -0.000998 0.069448 0.997585 0.000904 29.507170 -19.709775 13.038602 0.000219 0.000003 1.000000 -0.000777 31.487414 -19.432738 13.042837 0.000219 0.000003 1.000000 -0.000779 31.210309 -17.452113 13.046169 0.000221 0.000003 1.000000 -0.000774 29.230085 -17.729171 13.041934 0.000221 0.000003 1.000000 -0.000772
-14.777500 -11.916800 13.020000 -0.000565 -0.095537 0.995416 0.004315 -15.955740 -12.697819 15.510921 -0.000652 0.000001 1.000000 -0.000250 -13.992070 -13.078184 15.511524 -0.000653 0.000001 1.000000 -0.000253 -13.611805 -11.114848 15.528919 -0.000652 0.000001 1.000000 -0.000248 -15.575454 -10.734463 15.528316 -0.000651 0.000001 1.000000 -0.000245
-16.681700 -21.260900 18.706500 -0.002094 0.094570 0.995516 0.000179 -17.469746 -22.433593 21.202316 -0.000350 0.000000 1.000000 -0.000304 -15.505658 -22.057290 21.210723 -0.000358 0.000000 1.000000 -0.000312 -15.882244 -20.093424 21.210642 -0.000346 0.000000 1.000000 -0.000300 -17.846333 -20.469728 21.202236 -0.000338 0.000000 1.000000 -0.000292
-11.973500 -25.716100 15.932800 0.002203 -0.024539 0.999687 0.004345 -13.031260 -26.672765 18.428776 0.000406 -0.000002 1.000000 -0.000211 -11.033628 -26.770832 18.419542 0.000388 -0.000002 1.000000 -0.000190 -10.935604 -24.773656 18.436701 0.000364 -0.000002 1.000000 -0.000165 -12.933236 -24.675590 18.445935 0.000383 -0.000002 1.000000 -0.000185
-7.131150 -33.554500 17.480600 0.001906 0.010162 0.999947 -0.000074 -8.102136 -34.571356 19.984504 0.000770 0.000003 0.999999 -0.000757 -6.102723 -34.530591 19.976879 0.000769 0.000003 0.999999 -0.000760 -6.143270 -32.530944 19.976662 0.000770 0.000003 0.999999 -0.000757 -8.142702 -32.571709 19.984287 0.000771 0.000003 0.999999 -0.000754
-6.065900 -20.160100 17.852000 0.001559 0.028479 0.999592 0.001427 -7.002630 -21.208148 20.352069 0.001131 -0.000003 0.999999 -0.001244 -5.005844 -21.094168 20.345996 0.001129 -0.000003 0.999999 -0.001240 -5.119546 -19.097181 20.351878 0.001124 -0.000003 0.999999 -0.001234 -7.116312 -19.211161 20.357951 0.001127 -0.000003 0.999999 -0.001238
-12.360000 -43.586600 16.210100 -0.003671 -0.007738 0.999963 -0.001193 -13.374247 -44.573642 18.705043 0.000377 0.000001 1.000000 -0.000229 -11.374641 -44.604676 18.719765 0.000368 0.000002 1.000000 -0.000233 -11.343751 -42.604801 18.715109 0.000370 0.000001 1.000000 -0.000232 -13.343358 -42.573767 18.700387 0.000379 0.000001 1.000000 -0.000229
27.264800 -19.622100 10.743800 0.001645 0.058681 0.998268 -0.003791 26.399436 -20.733163 13.254860 0.001384 0.000002 0.999999 0.000080 28.385951 -20.499090 13.247401 0.001384 0.000002 0.999999 0.000080 28.151548 -18.512601 13.232652 0.001386 0.000002 0.999999 0.000083 26.165013 -18.746654 13.240111 0.001387 0.000002 0.999999 0.000084
-11.862500 -47.658600 24.332600 -0.003308 -0.018295 0.999827 0.000864 -12.898338 -48.624896 26.824150 -0.000032 0.000002 1.000000 0.000880 -10.899880 -48.698135 26.837318 -0.000033 0.000001 1.000000 0.000877 -10.826824 -46.699457 26.841018 -0.000032 0.000001 1.000000 0.000880 -12.825302 -46.626218 26.827849 -0.000030 0.000002 1.000000 0.000882
1.960080 -9.975830 10.171700 -0.000868 -0.132398 0.991194 0.002178 0.738043 -10.685670 12.665985 0.001233 -0.000002 0.999999 -0.000426 2.668323 -11.210206 12.668275 0.001228 -0.000002 0.999999 -0.000419 3.193144 -9.280502 12.677368 0.001209 -0.000002 0.999999 -0.000393 1.262924 -8.755906 12.675079 0.001215 -0.000002 0.999999 -0.000401
-16.556700 -45.600600 16.748000 0.000173 -0.126552 0.991947 0.004984 -17.788803 -46.319813 19.239695 -0.000415 -0.000000 1.000000 0.000114 -15.852865 -46.822162 19.236486 -0.000428 -0.000000 1.000000 0.000120 -15.351010 -44.886763 19.256172 -0.000439 -0.000000 1.000000 0.000126 -17.286888 -44.384374 19.259381 -0.000426 -0.000000 1.000000 0.000119
4.274720 -25.557000 19.934900 0.003313 0.092646 0.995690 0.002662 3.486503 -26.722086 22.435056 0.000613 0.000002 1.000000 0.000067 5.451605 -26.352964 22.422849 0.000605 0.000002 1.000000 0.000068 5.082813 -24.387605 22.434677 0.000606 0.000002 1.000000 0.000068 3.117731 -24.756728 22.446884 0.000614 0.000002 1.000000 0.000067
-11.917600 -35.885000 19.262500 -0.003752 0.001723 0.999987 0.003106 -12.915131 -36.892042 21.748761 0.000148 0.000001 1.000000 -0.000880 -10.915219 -36.885418 21.763790 0.000144 0.000001 1.000000 -0.000875 -10.922437 -34.885748 21.776188 0.000140 0.000001 1.000000 -0.000870 -12.922349 -34.892373 21.761159 0.000144 0.000001 1.000000 -0.000875
-15.749900 -33.580200 20.644200 -0.001236 -0.001056 0.999999 0.000123 -16.762750 -34.570561 23.141439 -0.000267 0.000002 1.000000 -0.000468 -14.762580 -34.574844 23.146385 -0.000278 0.000002 1.000000 -0.000471 -14.758458 -32.574809 23.146884 -0.000275 0.000002 1.000000 -0.000470 -16.758627 -32.570505 23.141938 -0.000264 0.000002 1.000000 -0.000467
5.082960 -26.576700 19.563600 -0.000203 0.082556 0.996586 -0.000216 4.274411 -27.725691 22.063648 0.001241 0.000002 0.999999 -0.000249 6.247289 -27.396635 22.064387 0.001239 0.000002 0.999999 -0.000249 5.918233 -25.423737 22.063458 0.001239 0.000002 0.999999 -0.000249 3.945335 -25.752773 22.062719 0.001241 0.000002 0.999999 -0.000249
-11.257200 -23.816900 14.699700 0.000426 -0.058908 0.998263 -0.000758 -12.346547 -24.693409 17.201913 0.000713 -0.000001 1.000000 -0.000589 -10.361008 -24.928571 17.200398 0.000627 -0.000001 1.000000 -0.000596 -10.125649 -22.942534 17.197271 0.000621 -0.000001 1.000000 -0.000596 -12.111188 -22.707392 17.198786 0.000707 -0.000001 1.000000 -0.000590
-12.990300 -34.669900 23.607800 0.002617 -0.022220 0.999741 0.004195 -14.040994 -35.616955 26.104865 0.000703 0.000002 1.000000 0.000241 -12.042796 -35.705628 26.094028 0.000676 0.000002 1.000000 0.000222 -11.953815 -33.707674 26.110570 0.000694 0.000002 1.000000 0.000235 -13.951952 -33.619060 26.121408 0.000721 0.000002 1.000000 0.000254
4.837840 -22.013300 13.431000 0.002021 0.024700 0.999692 0.001334 3.885654 -23.064543 15.932194 0.001004 0.000001 0.999999 -0.000361 5.883437 -22.965563 15.924245 0.000984 0.000001 0.999999 -0.000346 5.784999 -20.967531 15.929782 0.000969 0.000001 0.999999 -0.000335 3.787215 -21.066490 15.937731 0.000989 0.000001 0.999999 -0.000350
11.960900 -10.539200 21.042100 0.000105 0.139493 0.990219 -0.002825 11.280116 -11.763264 23.548622 0.000101 0.000004 0.999999 -0.001226 13.202403 -11.210891 23.546632 0.000099 0.000004 0.999999 -0.001224 12.649768 -9.289136 23.535501 0.000097 0.000004 0.999999 -0.001221 10.727481 -9.841530 23.537491 0.000099 0.000004 0.999999 -0.001224
-15.069000 -17.125700 21.303900 -0.002609 0.185505 0.982633 -0.003532 -15.639800 -18.418702 23.807973 -0.000379 0.000001 1.000000 -0.000691 -13.777456 -17.689151 23.815607 -0.000388 0.000001 1.000000 -0.000689 -14.506293 -15.826770 23.799788 -0.000386 0.000001 1.000000 -0.000689 -16.368657 -16.556321 23.792154 -0.000377 0.000001 1.000000 -0.000691
-8.753880 -31.845300 14.606500 -0.000323 0.050894 0.998702 -0.001911 -9.637751 -32.943231 17.109869 0.000258 -0.000001 1.000000 0.000215 -7.648333 -32.740015 17.110771 0.000248 -0.000001 1.000000 0.000216 -7.851803 -30.750791 17.103072 0.000248 -0.000001 1.000000 0.000216 -9.841222 -30.954006 17.102170 0.000258 -0.000001 1.000000 0.000215
-9.721200 -29.704900 17.135600 0.001575 0.018875 0.999820 -0.001285 -10.690372 -30.752602 19.641245 0.000475 0.000001 1.000000 -0.000006 -8.691647 -30.677203 19.634851 0.000450 0.000001 1.000000 0.000019 -8.767142 -28.678415 19.629834 0.000425 0.000001 1.000000 0.000046 -10.765847 -28.753794 19.636228 0.000450 0.000001 1.000000 0.000020
-0.751935 -29.850300 18.624900 0.001381 0.041634 0.999131 0.001079 -1.654373 -30.931124 21.125273 0.001131 0.000002 0.999999 -0.000497 0.338526 -30.764565 21.119933 0.001128 0.000002 0.999999 -0.000503 0.172318 -28.771383 21.124476 0.001132 0.000002 0.999999 -0.000493 -1.820580 -28.937943 21.129816 0.001135 0.000002 0.999999 -0.000488
-12.656200 -43.122200 16.472000 0.001928 -0.006011 0.999978 0.001921 -13.668861 -44.114431 18.972049 0.000208 0.000000 1.000000 0.000113 -11.668980 -44.138281 18.964292 0.000208 0.000000 1.000000 0.000113 -11.644821 -42.138540 18.971931 0.000207 0.000000 1.000000 0.000125 -13.644682 -42.114690 18.979687 0.000207 0.000000 1.000000 0.000126
-16.690500 -21.771100 18.711500 0.002898 0.089899 0.995947 -0.000255 -17.494973 -22.924161 21.217275 -0.000325 0.000001 0.999999 -0.001229 -15.527494 -22.566167 21.205637 -0.000328 0.000001 0.999999 -0.001230 -15.885854 -20.598354 21.205661 -0.000327 0.000001 0.999999 -0.001230 -17.853333 -20.956349 21.217299 -0.000325 0.000001 0.999999 -0.001229
-15.621100 -44.285900 21.318700 -0.001930 0.005632 0.999982 -0.000348 -16.616586 -45.304256 23.815538 -0.000358 -0.000001 1.000000 0.000665 -14.616708 -45.281708 23.823249 -0.000365 -0.000001 1.000000 0.000667 -14.639231 -43.281935 23.821814 -0.000367 -0.000001 1.000000 0.000668 -16.639110 -43.304464 23.814103 -0.000360 -0.000001 1.000000 0.000665
-17.073700 -9.554610 18.250500 0.004812 0.160549 0.987016 0.000579 -17.714963 -10.812804 20.757034 0.000130 -0.000000 1.000000 -0.000742 -15.818380 -10.178995 20.738408 0.000126 -0.000000 1.000000 -0.000740 -16.452266 -8.282100 20.743786 0.000126 -0.000000 1.000000 -0.000741 -18.348830 -8.915909 20.762412 0.000131 -0.000000 1.000000 -0.000742
-3.321970 -12.681900 11.983900 0.002169 -0.113968 0.993470 -0.004911 -4.513782 -13.418446 14.497295 0.000268 -0.000001 1.000000 -0.000721 -2.565876 -13.871644 14.490915 0.000262 -0.000001 1.000000 -0.000713 -2.113003 -11.924095 14.470412 0.000247 -0.000001 1.000000 -0.000692 -4.060970 -11.470938 14.476792 0.000253 -0.000001 1.000000 -0.000700
-14.270300 -27.664300 15.541400 -0.004376 -0.015156 0.999872 0.002827 -15.305570 -28.621085 18.026865 -0.000836 0.000000 1.000000 -0.000402 -13.306966 -28.681990 18.044196 -0.000843 0.000000 1.000000 -0.000413 -13.246600 -26.683081 18.055768 -0.000835 0.000000 1.000000 -0.000399 -15.245205 -26.622156 18.038437 -0.000828 0.000000 1.000000 -0.000389
-12.712400 -31.749400 17.791700 -0.002414 0.003033 0.999991 -0.001849 -13.694341 -32.745620 20.290520 0.000314 0.000001 1.000000 -0.000766 -11.694581 -32.733492 20.300153 0.000299 0.000001 1.000000 -0.000759 -11.706633 -30.733902 20.292728 0.000291 0.000001 1.000000 -0.000755 -13.706413 -30.746030 20.283095 0.000306 0.000001 1.000000 -0.000762
-4.958010 -44.458500 25.436700 -0.010191 0.077066 0.996973 -0.001122 -5.797336 -45.609006 27.920229 0.000101 0.000001 0.999999 0.001034 -3.822528 -45.301810 27.960525 0.000063 0.000001 0.999999 0.001031 -4.129992 -43.325352 27.952909 0.000068 0.000001 0.999999 0.001031 -6.105000 -43.632488 27.912614 0.000106 0.000001 0.999999 0.001034
-2.866730 -40.520800 13.366900 -0.003047 0.259708 0.965673 -0.004210 -3.240037 -41.890339 15.872870 -0.000451 -0.000001 1.000000 -0.000101 -1.510368 -40.886955 15.880266 -0.000471 -0.000001 1.000000 -0.000097 -2.512829 -39.157299 15.860840 -0.000464 -0.000001 1.000000 -0.000099 -4.242839 -40.160503 15.853444 -0.000444 -0.000001 1.000000 -0.000102
-0.780450 -11.314000 11.340000 0.003711 -0.117076 0.993106 -0.004381 -1.967424 -12.038454 13.855801 0.001527 -0.000001 0.999998 -0.001090 -0.022886 -12.504255 13.843118 0.001519 -0.000001 0.999998 -0.001077 0.441785 -10.559719 13.823982 0.001497 -0.000001 0.999998 -0.001043 -1.502833 -10.093998 13.836666 0.001506 -0.000001 0.999998 -0.001057
-0.496457 -45.709000 17.708300 0.004684 0.114021 0.993465 0.001945 -1.255310 -46.901632 20.212117 0.000614 -0.000000 1.000000 -0.000239 0.692759 -46.448411 20.194392 0.000553 -0.000000 1.000000 -0.000258 0.239832 -44.500250 20.204256 0.000591 -0.000000 1.000000 -0.000246 -1.708197 -44.953510 20.221982 0.000651 -0.000000 1.000000 -0.000227
3.208260 -26.299700 14.069600 0.001654 0.030128 0.999544 0.001002 2.263744 -27.369600 16.570695 0.000865 0.000001 1.000000 -0.000250 4.260242 -27.249114 16.564202 0.000825 0.000001 1.000000 -0.000224 4.140089 -25.252489 16.568411 0.000801 0.000001 1.000000 -0.000209 2.143611 -25.372935 16.574905 0.000842 0.000001 1.000000 -0.000235
-12.552800 -38.301600 23.699100 -0.005667 -0.010572 0.999918 -0.004436 -13.574971 -39.268443 26.196353 0.000202 0.000002 1.000000 -0.000522 -11.575787 -39.310526 26.219208 0.000181 0.000002 1.000000 -0.000545 -11.533143 -37.311752 26.201709 0.000206 0.000003 1.000000 -0.000516 -13.532408 -37.269589 26.178854 0.000226 0.000003 1.000000 -0.000493
-11.511800 -8.198120 17.362100 0.006184 0.212667 0.977103 -0.001832 -12.011125 -9.508479 19.875808 0.000767 -0.000001 0.999999 -0.001380 -10.192827 -8.677293 19.850076 0.000757 -0.000002 0.999999 -0.001384 -11.024003 -6.858316 19.848176 0.000772 -0.000002 0.999999 -0.001378 -12.842301 -7.689542 19.873909 0.000782 -0.000001 0.999999 -0.001375
-16.159000 -8.919690 13.577200 0.000552 -0.107362 0.994213 -0.003766 -17.345777 -9.672071 16.085066 -0.000136 0.000000 1.000000 -0.000844 -15.392085 -10.099302 16.084488 -0.000135 0.000000 1.000000 -0.000846 -14.965231 -8.145885 16.069277 -0.000136 0.000000 1.000000 -0.000834 -16.918923 -7.718654 16.069855 -0.000137 0.000000 1.000000 -0.000832
-14.969700 -33.537800 18.594000 0.000852 0.010414 0.999938 -0.003905 -15.950885 -34.558231 21.103555 0.000164 0.000002 1.000000 -0.000383 -13.951401 -34.516652 21.099984 0.000164 0.000002 1.000000 -0.000383 -13.993127 -32.517127 21.084401 0.000164 0.000002 1.000000 -0.000382 -15.992610 -32.558706 21.087972 0.000164 0.000002 1.000000 -0.000383
-10.575300 -38.339700 19.916600 -0.001429 0.000170 0.999999 -0.000608 -11.566893 -39.344527 22.414927 0.000601 0.000003 1.000000 0.000284 -9.567122 -39.343682 22.420644 0.000595 0.000003 1.000000 0.000277 -9.567639 -37.343824 22.418211 0.000601 0.000003 1.000000 0.000283 -11.567431 -37.344668 22.412494 0.000607 0.000003 1.000000 0.000289
-16.044100 -43.994000 21.728400 0.004046 0.001610 0.999989 -0.001737 -17.043332 -45.004603 24.239909 -0.000310 -0.000002 1.000000 0.000724 -15.043768 -44.998232 24.223711 -0.000310 -0.000002 1.000000 0.000723 -15.050235 -42.998415 24.216787 -0.000309 -0.000002 1.000000 0.000728 -17.049799 -43.004785 24.232985 -0.000309 -0.000002 1.000000 0.000728
-11.218200 -23.745500 14.628600 0.006632 -0.061241 0.998100 0.001005 -12.339603 -24.611863 17.140671 0.000117 -0.000001 1.000000 -0.000708 -10.354721 -24.856275 17.113949 0.000116 -0.000001 1.000000 -0.000709 -10.110236 -22.871421 17.116337 0.000116 -0.000001 1.000000 -0.000708 -12.095099 -22.627009 17.143059 0.000118 -0.000001 1.000000 -0.000708
-15.222700 -28.218800 22.731500 0.003261 -0.014640 0.999887 0.001182 -16.264859 -29.187021 25.235705 -0.000509 0.000001 1.000000 -0.000050 -14.265818 -29.245480 25.222591 -0.000543 0.000001 1.000000 -0.000048 -14.207268 -27.246463 25.227128 -0.000546 0.000001 1.000000 -0.000048 -16.206309 -27.188024 25.240241 -0.000512 0.000001 1.000000 -0.000050
34.262300 -20.504200 10.315000 0.003951 0.066162 0.997788 0.005173 33.416554 -21.632237 12.811291 0.002073 0.000001 0.999997 0.000885 35.398642 -21.367772 12.796891 0.002073 0.000001 0.999997 0.000885 35.134861 -19.386189 12.818583 0.002073 0.000001 0.999997 0.000885 33.152793 -19.650674 12.832982 0.002073 0.000001 0.999997 0.000885
-17.934200 -7.120180 13.812300 -0.001396 -0.121592 0.992560 -0.006207 -19.145137 -7.846039 16.319956 -0.000147 0.000001 1.000000 -0.000661 -17.204504 -8.328893 16.328519 -0.000151 0.000001 1.000000 -0.000661 -16.721760 -6.388646 16.304556 -0.000152 0.000001 1.000000 -0.000661 -18.662414 -5.905811 16.295993 -0.000148 0.000001 1.000000 -0.000661
-6.550710 -24.416900 19.335900 -0.002257 0.039446 0.999215 -0.002718 -7.461740 -25.481841 21.837163 0.000862 -0.000000 1.000000 -0.000188 -5.468025 -25.324098 21.845753 0.000862 -0.000000 1.000000 -0.000187 -5.625599 -23.330571 21.834536 0.000865 -0.000000 1.000000 -0.000160 -7.619334 -23.488315 21.825945 0.000865 -0.000000 1.000000 -0.000161
-14.245000 -50.144700 23.756500 0.001759 -0.003753 0.999985 -0.003458 -15.250874 -51.140972 26.266893 0.000221 -0.000000 1.000000 -0.000128 -13.250803 -51.156027 26.259907 0.000221 -0.000000 1.000000 -0.000128 -13.235816 -49.156352 26.246049 0.000221 -0.000000 1.000000 -0.000127 -15.235887 -49.141316 26.253035 0.000221 -0.000000 1.000000 -0.000127
2.447830 -45.097000 19.841600 0.001160 0.117898 0.993022 -0.002366 1.731094 -46.309041 22.348760 0.001429 -0.000001 0.999999 0.000396 3.675669 -45.840710 22.343033 0.001404 -0.000001 0.999999 0.000393 3.207677 -43.896332 22.334179 0.001414 -0.000001 0.999999 0.000394 1.263062 -44.364643 22.339907 0.001439 -0.000000 0.999999 0.000398
5.181430 -22.594700 13.489400 0.005753 0.027061 0.999600 -0.005832 4.243573 -23.655688 16.012445 0.001148 0.000000 0.999999 0.000176 6.239652 -23.547921 15.988810 0.001148 0.000000 0.999999 0.000176 6.131377 -21.550986 15.966114 0.001146 0.000000 0.999999 0.000180 4.135158 -21.658953 15.989747 0.001146 0.000000 0.999999 0.000180
6.011080 -30.802700 19.731900 -0.000415 0.061874 0.998076 -0.003859 5.154645 -31.905474 22.239226 0.001164 0.000003 0.999999 -0.000470 7.139450 -31.658706 22.239927 0.001161 0.000003 0.999999 -0.000454 6.892295 -29.674339 22.224419 0.001153 0.000003 0.999999 -0.000418 4.907469 -29.921107 22.223718 0.001156 0.000003 0.999999 -0.000434
44.740800 1.442790 9.472180 0.003363 0.115490 0.993300 0.002458 44.007112 0.254964 11.972535 0.001153 0.000005 0.999997 -0.001940 45.953335 0.714001 11.960306 0.001151 0.000005 0.999997 -0.001942 45.494523 2.661225 11.971619 0.001152 0.000005 0.999997 -0.001940 43.548340 2.202128 11.983848 0.001154 0.000005 0.999997 -0.001938
-8.455100 -18.682700 16.816300 -0.000079 0.034986 0.999380 0.003834 -9.377994 -19.742618 19.308165 0.000780 -0.000003 0.999999 -0.000722 -7.382611 -19.602601 19.309014 0.000779 -0.000003 0.999999 -0.000722 -7.522349 -17.607776 19.324330 0.000779 -0.000003 0.999999 -0.000721 -9.517693 -17.747772 19.323481 0.000779 -0.000003 0.999999 -0.000722
-17.186600 -28.100900 18.265300 0.004014 0.038372 0.999246 -0.004451 -18.117367 -29.168857 20.782165 -0.000383 0.000001 1.000000 -0.000028 -16.123302 -29.015376 20.765436 -0.000396 0.000001 1.000000 -0.000029 -16.276706 -27.021344 20.748260 -0.000394 0.000001 1.000000 -0.000029 -18.270792 -27.174845 20.764989 -0.000381 0.000001 1.000000 -0.000028
-15.610000 -11.978900 16.886900 0.001604 0.208225 0.978080 0.000144 -16.119368 -13.294566 19.389013 -0.000037 -0.000000 1.000000 -0.000633 -14.293129 -12.479903 19.382858 -0.000037 -0.000000 1.000000 -0.000633 -15.107730 -10.653293 19.384757 -0.000037 -0.000000 1.000000 -0.000633 -16.933949 -11.467977 19.390912 -0.000037 -0.000000 1.000000 -0.000634
24.889200 -19.601400 10.982400 0.001473 0.055400 0.998461 -0.001881 24.013597 -20.709992 13.489117 0.001202 0.000002 0.999999 -0.000534 26.001152 -20.488763 13.482819 0.001201 0.000002 0.999999 -0.000533 25.780240 -18.500994 13.475633 0.001200 0.000002 0.999999 -0.000530 23.792686 -18.722223 13.481931 0.001200 0.000002 0.999999 -0.000531
-16.426300 -45.866800 26.412100 0.000749 -0.024190 0.999704 0.002570 -17.469879 -46.822514 28.908610 0.000244 0.000005 1.000000 0.000551 -15.472441 -46.919058 28.905366 0.000237 0.000005 1.000000 0.000545 -15.375422 -44.921845 28.915568 0.000243 0.000005 1.000000 0.000550 -17.372860 -44.825301 28.918811 0.000249 0.000005 1.000000 0.000556
-5.862060 -49.829800 16.715900 -0.009557 0.151425 0.988419 -0.002790 -6.506126 -51.096703 19.206004 -0.000598 -0.000000 0.999999 0.001172 -4.599130 -50.497712 19.242111 -0.000606 -0.000000 0.999999 0.001170 -5.197668 -48.589661 19.225289 -0.000599 -0.000000 0.999999 0.001171 -7.104785 -49.188592 19.189184 -0.000592 -0.000000 0.999999 0.001173
-10.750600 -26.119700 16.305000 0.000600 -0.015093 0.999886 -0.000506 -11.765386 -27.086637 18.807160 0.000048 -0.000000 1.000000 0.000202 -9.766579 -27.147063 18.804794 0.000002 0.000000 1.000000 0.000213 -9.706055 -25.148195 18.802735 -0.000009 0.000000 1.000000 0.000215 -11.704882 -25.087769 18.805101 0.000037 -0.000000 1.000000 0.000205
-4.005420 -10.087700 15.212300 -0.001254 -0.157645 0.987494 0.001221 -5.267015 -10.719664 17.707383 0.000184 -0.000001 1.000000 -0.000126 -3.366229 -11.342244 17.711563 0.000181 -0.000001 1.000000 -0.000130 -2.743641 -9.441458 17.717177 0.000184 -0.000001 1.000000 -0.000126 -4.644347 -8.818818 17.712996 0.000187 -0.000001 1.000000 -0.000122
-8.405330 -49.005500 18.176900 0.001081 0.017171 0.999850 0.002048 -9.367037 -50.041465 20.674852 -0.000272 0.000001 1.000000 0.000412 -7.368201 -49.972603 20.670669 -0.000273 0.000001 1.000000 0.000412 -7.436746 -47.973679 20.678934 -0.000273 0.000001 1.000000 0.000413 -9.435582 -48.042521 20.683117 -0.000273 0.000001 1.000000 0.000412
8.528740 -45.884100 15.575700 -0.001300 0.177936 0.984039 -0.002129 7.964446 -47.178235 18.078383 0.000388 0.000000 1.000000 -0.000252 9.837214 -46.477780 18.081992 0.000331 0.000000 1.000000 -0.000282 9.137241 -44.604803 18.072679 0.000391 0.000000 1.000000 -0.000251 7.264393 -45.305218 18.069071 0.000449 0.000000 1.000000 -0.000221
9.935230 -22.139200 20.598200 0.002997 0.112141 0.993669 -0.006190 9.184054 -23.338902 23.117108 0.000717 0.000003 0.999999 -0.000986 11.133876 -22.893413 23.102419 0.000711 0.000003 0.999999 -0.000977 10.688078 -20.944169 23.079158 0.000706 0.000003 0.999999 -0.000969 8.738257 -21.389638 23.093846 0.000712 0.000003 0.999999 -0.000978
-15.554000 -13.206700 13.142500 -0.000143 -0.083646 0.996495 0.000761 -16.700846 -14.025018 15.640793 0.000002 -0.000001 1.000000 -0.000481 -14.728912 -14.358331 15.641107 -0.000008 -0.000001 1.000000 -0.000487 -14.395401 -12.386540 15.644186 -0.000004 -0.000001 1.000000 -0.000485 -16.367354 -12.053247 15.643872 0.000006 -0.000001 1.000000 -0.000478
-5.371510 -46.781300 17.981200 -0.005420 0.116013 0.993232 -0.001024 -6.118738 -47.986711 20.473932 0.000599 -0.000000 1.000000 0.000782 -4.173111 -47.525977 20.494989 0.000576 -0.000000 1.000000 0.000768 -4.634181 -45.579537 20.488404 0.000598 -0.000000 1.000000 0.000782 -6.580087 -46.040171 20.467348 0.000621 -0.000000 0.999999 0.000796
-9.752570 -23.989700 15.752800 0.007941 -0.027071 0.999593 -0.004203 -10.799487 -24.934219 18.277194 0.000932 -0.000001 0.999999 -0.000866 -8.803530 -25.042771 18.245897 0.000930 -0.000001 0.999999 -0.000871 -8.695645 -23.045993 18.228230 0.000932 -0.000001 0.999999 -0.000864 -10.691641 -22.937481 18.259528 0.000934 -0.000001 0.999999 -0.000859
-12.314700 -7.048810 17.314800 -0.002763 0.217351 0.976087 -0.002243 -12.788379 -8.370980 19.815911 -0.000239 0.000001 0.999999 -0.001620 -10.977195 -7.522421 19.824747 -0.000246 0.000001 0.999999 -0.001626 -11.825544 -5.711447 19.813586 -0.000235 0.000001 0.999999 -0.001616 -13.636728 -6.559986 19.804750 -0.000228 0.000001 0.999999 -0.001610
-15.481700 -42.546600 21.687600 0.001333 0.002415 0.999996 -0.000778 -16.476128 -43.549847 24.191817 0.000441 -0.000000 1.000000 -0.000191 -14.476258 -43.540250 24.186476 0.000440 -0.000000 1.000000 -0.000192 -14.485984 -41.540196 24.183378 0.000441 -0.000000 1.000000 -0.000191 -16.485853 -41.549813 24.188718 0.000441 -0.000000 1.000000 -0.000191
-14.446900 -44.607700 25.548600 -0.000014 -0.018515 0.999827 0.001561 -15.485507 -45.562059 28.045484 -0.000520 0.000004 1.000000 -0.000339 -13.487098 -45.636025 28.045421 -0.000521 0.000004 1.000000 -0.000338 -13.412912 -43.637666 28.051665 -0.000522 0.000004 1.000000 -0.000334 -15.411301 -43.563700 28.051727 -0.000522 0.000004 1.000000 -0.000335
-17.555800 -4.907560 15.456600 -0.001123 0.295152 0.955449 -0.000139 -17.824643 -6.285309 17.955416 -0.000636 0.000000 0.999999 -0.001153 -16.173468 -5.157396 17.959544 -0.000636 0.000000 0.999999 -0.001152 -17.301459 -3.505775 17.957688 -0.000636 0.000000 0.999999 -0.001152 -18.952615 -4.633728 17.953560 -0.000636 0.000000 0.999999 -0.001152
-10.971200 -25.304800 19.362800 -0.003534 0.047704 0.998841 0.005398 -11.863568 -26.387562 21.844663 -0.000533 -0.000002 1.000000 0.000094 -9.872761 -26.197404 21.859815 -0.000547 -0.000002 1.000000 0.000098 -10.063772 -24.207163 21.880711 -0.000549 -0.000002 1.000000 0.000098 -12.054539 -24.397281 21.865559 -0.000535 -0.000002 1.000000 0.000095
-3.892150 -27.858600 15.022600 -0.004744 0.037356 0.999268 0.006672 -4.811632 -28.920472 17.499489 0.000155 0.000000 1.000000 0.000155 -2.817264 -28.771704 17.519452 0.000154 0.000000 1.000000 0.000154 -2.967146 -26.777964 17.545419 0.000156 0.000000 1.000000 0.000158 -4.961374 -26.926612 17.525455 0.000156 0.000000 1.000000 0.000160
