0.00000000 0.00000000 0.00000000
0.00001583 -0.00000467 0.00003260
0.00003166 -0.00000934 0.00006520
0.00004749 -0.00001402 0.00009780
0.00006332 -0.00001869 0.00013040
0.00007915 -0.00002336 0.00016300
0.00009498 -0.00002803 0.00019559
0.00011081 -0.00003270 0.00022819
0.00012664 -0.00003738 0.00026079
0.00014247 -0.00004205 0.00029339
0.00015831 -0.00004672 0.00032599
0.00017414 -0.00005139 0.00035859
0.00018997 -0.00005606 0.00039119
0.00020580 -0.00006074 0.00042379
0.00022163 -0.00006541 0.00045639
0.00023746 -0.00007008 0.00048899
0.00025329 -0.00007475 0.00052159
0.00026912 -0.00007942 0.00055418
0.00028495 -0.00008409 0.00058678
0.00030078 -0.00008877 0.00061938
0.00031661 -0.00009344 0.00065198
0.00035183 -0.00013949 0.00064412
0.00038704 -0.00018554 0.00063627
0.00042226 -0.00023158 0.00062841
0.00045748 -0.00027763 0.00062055
0.00049269 -0.00032368 0.00061269
0.00052791 -0.00036973 0.00060484
0.00056312 -0.00041578 0.00059698
0.00059834 -0.00046183 0.00058912
0.00063356 -0.00050788 0.00058127
0.00066877 -0.00055393 0.00057341
0.00070399 -0.00059997 0.00056555
0.00073921 -0.00064602 0.00055769
0.00077442 -0.00069207 0.00054984
0.00080964 -0.00073812 0.00054198
0.00084485 -0.00078417 0.00053412
0.00088007 -0.00083022 0.00052626
0.00091529 -0.00087627 0.00051841
0.00095050 -0.00092232 0.00051055
0.00098572 -0.00096836 0.00050269
0.00102093 -0.00101441 0.00049484
0.00104559 -0.00103712 0.00053503
0.00107024 -0.00105982 0.00057521
0.00109489 -0.00108253 0.00061540
0.00111954 -0.00110523 0.00065559
0.00114419 -0.00112793 0.00069578
0.00116885 -0.00115064 0.00073597
0.00119350 -0.00117334 0.00077616
0.00121815 -0.00119605 0.00081635
0.00124280 -0.00121875 0.00085654
0.00126745 -0.00124145 0.00089673
0.00129211 -0.00126416 0.00093692
0.00131676 -0.00128686 0.00097711
0.00134141 -0.00130957 0.00101730
0.00136606 -0.00133227 0.00105749
0.00139071 -0.00135498 0.00109768
0.00141537 -0.00137768 0.00113787
0.00144002 -0.00140038 0.00117806
0.00146467 -0.00142309 0.00121825
0.00148932 -0.00144579 0.00125844
0.00151397 -0.00146850 0.00129863
0.00154007 -0.00144963 0.00130848
0.00156616 -0.00143077 0.00131834
0.00159226 -0.00141191 0.00132819
0.00161836 -0.00139305 0.00133805
0.00164445 -0.00137418 0.00134790
0.00167055 -0.00135532 0.00135775
0.00169664 -0.00133646 0.00136761
0.00172274 -0.00131760 0.00137746
0.00174883 -0.00129873 0.00138732
0.00177493 -0.00127987 0.00139717
0.00180102 -0.00126101 0.00140703
0.00182712 -0.00124214 0.00141688
0.00185321 -0.00122328 0.00142673
0.00187931 -0.00120442 0.00143659
0.00190541 -0.00118556 0.00144644
0.00193150 -0.00116669 0.00145630
0.00195760 -0.00114783 0.00146615
0.00198369 -0.00112897 0.00147601
0.00200979 -0.00111011 0.00148586
0.00203588 -0.00109124 0.00149571
0.00201181 -0.00109976 0.00145753
0.00198774 -0.00110827 0.00141934
0.00196367 -0.00111678 0.00138115
0.00193960 -0.00112529 0.00134297
0.00191553 -0.00113380 0.00130478
0.00189146 -0.00114231 0.00126659
0.00186739 -0.00115083 0.00122840
0.00184332 -0.00115934 0.00119022
0.00181925 -0.00116785 0.00115203
0.00179518 -0.00117636 0.00111384
0.00177111 -0.00118487 0.00107565
0.00174704 -0.00119339 0.00103747
0.00172297 -0.00120190 0.00099928
0.00169890 -0.00121041 0.00096109
0.00167483 -0.00121892 0.00092290
0.00165076 -0.00122743 0.00088472
0.00162669 -0.00123594 0.00084653
0.00160262 -0.00124446 0.00080834
0.00157855 -0.00125297 0.00077016
0.00155448 -0.00126148 0.00073197
0.00152183 -0.00127584 0.00070325
0.00148918 -0.00129020 0.00067454
0.00145653 -0.00130456 0.00064582
0.00142388 -0.00131892 0.00061711
0.00139123 -0.00133328 0.00058839
0.00135858 -0.00134765 0.00055968
0.00132593 -0.00136201 0.00053096
0.00129328 -0.00137637 0.00050225
0.00126063 -0.00139073 0.00047353
0.00122798 -0.00140509 0.00044481
0.00119532 -0.00141945 0.00041610
0.00116267 -0.00143381 0.00038738
0.00113002 -0.00144817 0.00035867
0.00109737 -0.00146253 0.00032995
0.00106472 -0.00147689 0.00030124
0.00103207 -0.00149126 0.00027252
0.00099942 -0.00150562 0.00024381
0.00096677 -0.00151998 0.00021509
0.00093412 -0.00153434 0.00018638
0.00090147 -0.00154870 0.00015766
0.00092730 -0.00158167 0.00015254
0.00095313 -0.00161464 0.00014742
0.00097897 -0.00164761 0.00014230
0.00100480 -0.00168058 0.00013718
0.00103063 -0.00171355 0.00013206
0.00105646 -0.00174652 0.00012694
0.00108230 -0.00177949 0.00012182
0.00110813 -0.00181246 0.00011670
0.00113396 -0.00184543 0.00011158
0.00115979 -0.00187840 0.00010646
0.00118562 -0.00191138 0.00010134
0.00121146 -0.00194435 0.00009622
0.00123729 -0.00197732 0.00009110
0.00126312 -0.00201029 0.00008598
0.00128895 -0.00204326 0.00008086
0.00131479 -0.00207623 0.00007574
0.00134062 -0.00210920 0.00007062
0.00136645 -0.00214217 0.00006550
0.00139228 -0.00217514 0.00006038
0.00141812 -0.00220811 0.00005526
0.00142323 -0.00225310 0.00009114
0.00142835 -0.00229808 0.00012701
0.00143346 -0.00234307 0.00016289
0.00143857 -0.00238805 0.00019876
0.00144369 -0.00243304 0.00023464
0.00144880 -0.00247802 0.00027051
0.00145392 -0.00252301 0.00030639
0.00145903 -0.00256799 0.00034226
0.00146415 -0.00261298 0.00037813
0.00146926 -0.00265796 0.00041401
0.00147438 -0.00270295 0.00044988
0.00147949 -0.00274793 0.00048576
0.00148461 -0.00279292 0.00052163
0.00148972 -0.00283790 0.00055751
0.00149483 -0.00288288 0.00059338
0.00149995 -0.00292787 0.00062926
0.00150506 -0.00297285 0.00066513
0.00151018 -0.00301784 0.00070100
0.00151529 -0.00306282 0.00073688
0.00152041 -0.00310781 0.00077275
0.00149202 -0.00310532 0.00078088
0.00146364 -0.00310282 0.00078901
0.00143525 -0.00310033 0.00079714
0.00140687 -0.00309783 0.00080527
0.00137849 -0.00309534 0.00081340
0.00135010 -0.00309285 0.00082153
0.00132172 -0.00309035 0.00082965
0.00129333 -0.00308786 0.00083778
0.00126495 -0.00308537 0.00084591
0.00123656 -0.00308287 0.00085404
0.00120818 -0.00308038 0.00086217
0.00117980 -0.00307788 0.00087030
0.00115141 -0.00307539 0.00087843
0.00112303 -0.00307290 0.00088656
0.00109464 -0.00307040 0.00089468
0.00106626 -0.00306791 0.00090281
0.00103787 -0.00306542 0.00091094
0.00100949 -0.00306292 0.00091907
0.00098110 -0.00306043 0.00092720
0.00095272 -0.00305793 0.00093533
0.00097488 -0.00309246 0.00089809
0.00099704 -0.00312699 0.00086084
0.00101920 -0.00316152 0.00082360
0.00104137 -0.00319605 0.00078636
0.00106353 -0.00323058 0.00074912
0.00108569 -0.00326511 0.00071187
0.00110785 -0.00329963 0.00067463
0.00113001 -0.00333416 0.00063739
0.00115217 -0.00336869 0.00060015
0.00117434 -0.00340322 0.00056291
0.00119650 -0.00343775 0.00052566
0.00121866 -0.00347228 0.00048842
0.00124082 -0.00350680 0.00045118
0.00126298 -0.00354133 0.00041394
0.00128514 -0.00357586 0.00037669
0.00130730 -0.00361039 0.00033945
0.00132947 -0.00364492 0.00030221
0.00135163 -0.00367945 0.00026497
0.00137379 -0.00371398 0.00022773
0.00139595 -0.00374850 0.00019048
0.00135432 -0.00370453 0.00018067
0.00131270 -0.00366056 0.00017086
0.00127107 -0.00361658 0.00016105
0.00122944 -0.00357261 0.00015124
0.00118781 -0.00352864 0.00014143
0.00114619 -0.00348466 0.00013163
0.00110456 -0.00344069 0.00012182
0.00106293 -0.00339672 0.00011201
0.00102131 -0.00335274 0.00010220
0.00097968 -0.00330877 0.00009239
0.00093805 -0.00326480 0.00008258
0.00089642 -0.00322082 0.00007277
0.00085480 -0.00317685 0.00006296
0.00081317 -0.00313288 0.00005315
0.00077154 -0.00308890 0.00004334
0.00072991 -0.00304493 0.00003353
0.00068829 -0.00300095 0.00002372
0.00064666 -0.00295698 0.00001391
0.00060503 -0.00291301 0.00000410
0.00056341 -0.00286903 -0.00000571
0.00056971 -0.00291794 -0.00005488
0.00057601 -0.00296685 -0.00010406
0.00058231 -0.00301577 -0.00015323
0.00058861 -0.00306468 -0.00020241
0.00059491 -0.00311359 -0.00025158
0.00060121 -0.00316250 -0.00030076
0.00060751 -0.00321141 -0.00034993
0.00061382 -0.00326032 -0.00039911
0.00062012 -0.00330923 -0.00044828
0.00062642 -0.00335814 -0.00049746
0.00063272 -0.00340705 -0.00054663
0.00063902 -0.00345596 -0.00059581
0.00064532 -0.00350487 -0.00064498
0.00065162 -0.00355378 -0.00069416
0.00065792 -0.00360269 -0.00074333
0.00066423 -0.00365160 -0.00079250
0.00067053 -0.00370051 -0.00084168
0.00067683 -0.00374942 -0.00089085
0.00068313 -0.00379833 -0.00094003
0.00068943 -0.00384724 -0.00098920
0.00064443 -0.00387134 -0.00102497
0.00059942 -0.00389545 -0.00106073
0.00055441 -0.00391956 -0.00109649
0.00050941 -0.00394366 -0.00113226
0.00046440 -0.00396777 -0.00116802
0.00041940 -0.00399187 -0.00120378
0.00037439 -0.00401598 -0.00123955
0.00032939 -0.00404008 -0.00127531
0.00028438 -0.00406419 -0.00131107
0.00023938 -0.00408829 -0.00134684
0.00019437 -0.00411240 -0.00138260
0.00014936 -0.00413650 -0.00141836
0.00010436 -0.00416061 -0.00145413
0.00005935 -0.00418472 -0.00148989
0.00001435 -0.00420882 -0.00152565
-0.00003066 -0.00423293 -0.00156142
-0.00007566 -0.00425703 -0.00159718
-0.00012067 -0.00428114 -0.00163294
-0.00016567 -0.00430524 -0.00166871
-0.00021068 -0.00432935 -0.00170447
-0.00019827 -0.00431069 -0.00173172
-0.00018585 -0.00429204 -0.00175897
-0.00017343 -0.00427338 -0.00178623
-0.00016102 -0.00425473 -0.00181348
-0.00014860 -0.00423607 -0.00184073
-0.00013619 -0.00421742 -0.00186799
-0.00012377 -0.00419876 -0.00189524
-0.00011136 -0.00418010 -0.00192249
-0.00009894 -0.00416145 -0.00194974
-0.00008653 -0.00414279 -0.00197700
-0.00007411 -0.00412414 -0.00200425
-0.00006170 -0.00410548 -0.00203150
-0.00004928 -0.00408683 -0.00205876
-0.00003687 -0.00406817 -0.00208601
-0.00002445 -0.00404951 -0.00211326
-0.00001204 -0.00403086 -0.00214051
0.00000038 -0.00401220 -0.00216777
0.00001279 -0.00399355 -0.00219502
0.00002521 -0.00397489 -0.00222227
0.00003762 -0.00395624 -0.00224953
0.00002370 -0.00392145 -0.00223241
0.00000977 -0.00388667 -0.00221529
-0.00000416 -0.00385189 -0.00219817
-0.00001808 -0.00381711 -0.00218106
-0.00003201 -0.00378233 -0.00216394
-0.00004594 -0.00374755 -0.00214682
-0.00005987 -0.00371276 -0.00212970
-0.00007379 -0.00367798 -0.00211259
-0.00008772 -0.00364320 -0.00209547
-0.00010165 -0.00360842 -0.00207835
-0.00011557 -0.00357364 -0.00206123
-0.00012950 -0.00353886 -0.00204412
-0.00014343 -0.00350407 -0.00202700
-0.00015736 -0.00346929 -0.00200988
-0.00017128 -0.00343451 -0.00199276
-0.00018521 -0.00339973 -0.00197565
-0.00019914 -0.00336495 -0.00195853
-0.00021307 -0.00333017 -0.00194141
-0.00022699 -0.00329538 -0.00192429
-0.00024092 -0.00326060 -0.00190718
-0.00023404 -0.00325693 -0.00189086
-0.00022715 -0.00325326 -0.00187455
-0.00022027 -0.00324959 -0.00185824
-0.00021339 -0.00324592 -0.00184193
-0.00020650 -0.00324226 -0.00182561
-0.00019962 -0.00323859 -0.00180930
-0.00019274 -0.00323492 -0.00179299
-0.00018586 -0.00323125 -0.00177667
-0.00017897 -0.00322758 -0.00176036
-0.00017209 -0.00322391 -0.00174405
-0.00016521 -0.00322024 -0.00172774
-0.00015832 -0.00321657 -0.00171142
-0.00015144 -0.00321290 -0.00169511
-0.00014456 -0.00320923 -0.00167880
-0.00013768 -0.00320556 -0.00166249
-0.00013079 -0.00320189 -0.00164617
-0.00012391 -0.00319822 -0.00162986
-0.00011703 -0.00319455 -0.00161355
-0.00011014 -0.00319088 -0.00159724
-0.00010326 -0.00318721 -0.00158092
-0.00009037 -0.00314641 -0.00157495
-0.00007747 -0.00310560 -0.00156897
-0.00006458 -0.00306480 -0.00156300
-0.00005168 -0.00302399 -0.00155702
-0.00003879 -0.00298318 -0.00155105
-0.00002590 -0.00294238 -0.00154507
-0.00001300 -0.00290157 -0.00153910
-0.00000011 -0.00286077 -0.00153313
0.00001278 -0.00281996 -0.00152715
0.00002568 -0.00277916 -0.00152118
0.00003857 -0.00273835 -0.00151520
0.00005147 -0.00269754 -0.00150923
0.00006436 -0.00265674 -0.00150325
0.00007725 -0.00261593 -0.00149728
0.00009015 -0.00257513 -0.00149130
0.00010304 -0.00253432 -0.00148533
0.00011594 -0.00249352 -0.00147935
0.00012883 -0.00245271 -0.00147338
0.00014172 -0.00241190 -0.00146740
0.00015462 -0.00237110 -0.00146143
0.00018757 -0.00232844 -0.00149021
0.00022053 -0.00228578 -0.00151899
0.00025348 -0.00224312 -0.00154777
0.00028643 -0.00220046 -0.00157655
0.00031939 -0.00215780 -0.00160533
0.00035234 -0.00211513 -0.00163411
0.00038529 -0.00207247 -0.00166289
0.00041825 -0.00202981 -0.00169167
0.00045120 -0.00198715 -0.00172045
0.00048416 -0.00194449 -0.00174923
0.00051711 -0.00190183 -0.00177801
0.00055006 -0.00185917 -0.00180679
0.00058302 -0.00181651 -0.00183557
0.00061597 -0.00177385 -0.00186435
0.00064893 -0.00173119 -0.00189313
0.00068188 -0.00168853 -0.00192191
0.00071483 -0.00164587 -0.00195069
0.00074779 -0.00160321 -0.00197947
0.00078074 -0.00156055 -0.00200825
0.00081369 -0.00151789 -0.00203702
0.00082779 -0.00151929 -0.00203758
0.00084188 -0.00152070 -0.00203813
0.00085597 -0.00152211 -0.00203868
0.00087006 -0.00152352 -0.00203923
0.00088416 -0.00152492 -0.00203978
0.00089825 -0.00152633 -0.00204034
0.00091234 -0.00152774 -0.00204089
0.00092644 -0.00152914 -0.00204144
0.00094053 -0.00153055 -0.00204199
0.00095462 -0.00153196 -0.00204254
0.00096871 -0.00153337 -0.00204309
0.00098281 -0.00153477 -0.00204365
0.00099690 -0.00153618 -0.00204420
0.00101099 -0.00153759 -0.00204475
0.00102508 -0.00153899 -0.00204530
0.00103918 -0.00154040 -0.00204585
0.00105327 -0.00154181 -0.00204641
0.00106736 -0.00154322 -0.00204696
0.00108146 -0.00154462 -0.00204751
0.00109555 -0.00154603 -0.00204806
0.00107124 -0.00152118 -0.00207570
0.00104693 -0.00149633 -0.00210333
0.00102261 -0.00147148 -0.00213097
0.00099830 -0.00144663 -0.00215860
0.00097399 -0.00142177 -0.00218624
0.00094968 -0.00139692 -0.00221387
0.00092537 -0.00137207 -0.00224151
0.00090105 -0.00134722 -0.00226914
0.00087674 -0.00132237 -0.00229678
0.00085243 -0.00129752 -0.00232441
0.00082812 -0.00127267 -0.00235205
0.00080381 -0.00124782 -0.00237968
0.00077950 -0.00122297 -0.00240732
0.00075518 -0.00119811 -0.00243495
0.00073087 -0.00117326 -0.00246259
0.00070656 -0.00114841 -0.00249022
0.00068225 -0.00112356 -0.00251786
0.00065794 -0.00109871 -0.00254549
0.00063363 -0.00107386 -0.00257313
0.00060931 -0.00104901 -0.00260076
0.00060723 -0.00108085 -0.00257217
0.00060514 -0.00111269 -0.00254358
0.00060305 -0.00114454 -0.00251499
0.00060096 -0.00117638 -0.00248640
0.00059887 -0.00120822 -0.00245780
0.00059678 -0.00124006 -0.00242921
0.00059469 -0.00127190 -0.00240062
0.00059260 -0.00130375 -0.00237203
0.00059051 -0.00133559 -0.00234344
0.00058842 -0.00136743 -0.00231484
0.00058633 -0.00139927 -0.00228625
0.00058424 -0.00143112 -0.00225766
0.00058216 -0.00146296 -0.00222907
0.00058007 -0.00149480 -0.00220048
0.00057798 -0.00152664 -0.00217188
0.00057589 -0.00155849 -0.00214329
0.00057380 -0.00159033 -0.00211470
0.00057171 -0.00162217 -0.00208611
0.00056962 -0.00165401 -0.00205752
0.00056753 -0.00168586 -0.00202892
0.00059587 -0.00165399 -0.00207744
0.00062422 -0.00162213 -0.00212596
0.00065256 -0.00159027 -0.00217448
0.00068090 -0.00155841 -0.00222300
0.00070924 -0.00152655 -0.00227152
0.00073758 -0.00149468 -0.00232004
0.00076592 -0.00146282 -0.00236855
0.00079427 -0.00143096 -0.00241707
0.00082261 -0.00139910 -0.00246559
0.00085095 -0.00136723 -0.00251411
0.00087929 -0.00133537 -0.00256263
0.00090763 -0.00130351 -0.00261115
0.00093597 -0.00127165 -0.00265967
0.00096432 -0.00123978 -0.00270819
0.00099266 -0.00120792 -0.00275670
0.00102100 -0.00117606 -0.00280522
0.00104934 -0.00114420 -0.00285374
0.00107768 -0.00111234 -0.00290226
0.00110602 -0.00108047 -0.00295078
0.00113437 -0.00104861 -0.00299930
0.00117004 -0.00109055 -0.00301394
0.00120572 -0.00113248 -0.00302858
0.00124139 -0.00117441 -0.00304322
0.00127707 -0.00121635 -0.00305787
0.00131274 -0.00125828 -0.00307251
0.00134842 -0.00130022 -0.00308715
0.00138410 -0.00134215 -0.00310179
0.00141977 -0.00138408 -0.00311644
0.00145545 -0.00142602 -0.00313108
0.00149112 -0.00146795 -0.00314572
0.00152680 -0.00150989 -0.00316036
0.00156247 -0.00155182 -0.00317501
0.00159815 -0.00159375 -0.00318965
0.00163382 -0.00163569 -0.00320429
0.00166950 -0.00167762 -0.00321893
0.00170517 -0.00171956 -0.00323358
0.00174085 -0.00176149 -0.00324822
0.00177653 -0.00180342 -0.00326286
0.00181220 -0.00184536 -0.00327750
0.00184788 -0.00188729 -0.00329215
0.00185441 -0.00190785 -0.00332177
0.00186095 -0.00192840 -0.00335140
0.00186748 -0.00194896 -0.00338102
0.00187402 -0.00196952 -0.00341065
0.00188056 -0.00199007 -0.00344028
0.00188709 -0.00201063 -0.00346990
0.00189363 -0.00203118 -0.00349953
0.00190016 -0.00205174 -0.00352915
0.00190670 -0.00207230 -0.00355878
0.00191324 -0.00209285 -0.00358841
0.00191977 -0.00211341 -0.00361803
0.00192631 -0.00213396 -0.00364766
0.00193284 -0.00215452 -0.00367728
0.00193938 -0.00217507 -0.00370691
0.00194591 -0.00219563 -0.00373654
0.00195245 -0.00221619 -0.00376616
0.00195899 -0.00223674 -0.00379579
0.00196552 -0.00225730 -0.00382541
0.00197206 -0.00227785 -0.00385504
0.00197859 -0.00229841 -0.00388466
0.00193316 -0.00227335 -0.00386304
0.00188772 -0.00224829 -0.00384142
0.00184228 -0.00222322 -0.00381980
0.00179685 -0.00219816 -0.00379817
0.00175141 -0.00217310 -0.00377655
0.00170597 -0.00214804 -0.00375493
0.00166053 -0.00212298 -0.00373330
0.00161510 -0.00209792 -0.00371168
0.00156966 -0.00207285 -0.00369006
0.00152422 -0.00204779 -0.00366843
0.00147878 -0.00202273 -0.00364681
0.00143335 -0.00199767 -0.00362519
0.00138791 -0.00197261 -0.00360357
0.00134247 -0.00194755 -0.00358194
0.00129703 -0.00192249 -0.00356032
0.00125160 -0.00189742 -0.00353870
0.00120616 -0.00187236 -0.00351707
0.00116072 -0.00184730 -0.00349545
0.00111529 -0.00182224 -0.00347383
0.00106985 -0.00179718 -0.00345220
0.00105271 -0.00175252 -0.00344414
0.00103557 -0.00170787 -0.00343608
0.00101843 -0.00166321 -0.00342801
0.00100129 -0.00161856 -0.00341995
0.00098416 -0.00157391 -0.00341188
0.00096702 -0.00152925 -0.00340382
0.00094988 -0.00148460 -0.00339575
0.00093274 -0.00143994 -0.00338769
0.00091560 -0.00139529 -0.00337962
0.00089846 -0.00135063 -0.00337156
0.00088132 -0.00130598 -0.00336349
0.00086418 -0.00126133 -0.00335543
0.00084705 -0.00121667 -0.00334736
0.00082991 -0.00117202 -0.00333930
0.00081277 -0.00112736 -0.00333123
0.00079563 -0.00108271 -0.00332317
0.00077849 -0.00103806 -0.00331511
0.00076135 -0.00099340 -0.00330704
0.00074421 -0.00094875 -0.00329898
0.00072708 -0.00090409 -0.00329091
0.00070454 -0.00086855 -0.00332220
0.00068200 -0.00083300 -0.00335349
0.00065946 -0.00079745 -0.00338478
0.00063693 -0.00076190 -0.00341607
0.00061439 -0.00072636 -0.00344735
0.00059185 -0.00069081 -0.00347864
0.00056931 -0.00065526 -0.00350993
0.00054678 -0.00061972 -0.00354122
0.00052424 -0.00058417 -0.00357251
0.00050170 -0.00054862 -0.00360380
0.00047916 -0.00051307 -0.00363509
0.00045663 -0.00047753 -0.00366637
0.00043409 -0.00044198 -0.00369766
0.00041155 -0.00040643 -0.00372895
0.00038901 -0.00037089 -0.00376024
0.00036648 -0.00033534 -0.00379153
0.00034394 -0.00029979 -0.00382282
0.00032140 -0.00026424 -0.00385411
0.00029886 -0.00022870 -0.00388540
0.00027633 -0.00019315 -0.00391668
0.00025858 -0.00017729 -0.00395917
0.00024083 -0.00016143 -0.00400166
0.00022308 -0.00014556 -0.00404415
0.00020533 -0.00012970 -0.00408664
0.00018758 -0.00011384 -0.00412914
0.00016983 -0.00009798 -0.00417163
0.00015208 -0.00008212 -0.00421412
0.00013433 -0.00006625 -0.00425661
0.00011658 -0.00005039 -0.00429910
0.00009883 -0.00003453 -0.00434159
0.00008108 -0.00001867 -0.00438408
0.00006334 -0.00000281 -0.00442657
0.00004559 0.00001306 -0.00446906
0.00002784 0.00002892 -0.00451155
0.00001009 0.00004478 -0.00455404
-0.00000766 0.00006064 -0.00459653
-0.00002541 0.00007650 -0.00463902
-0.00004316 0.00009237 -0.00468151
-0.00006091 0.00010823 -0.00472400
-0.00007866 0.00012409 -0.00476649
-0.00012724 0.00014420 -0.00478004
-0.00017581 0.00016431 -0.00479359
-0.00022439 0.00018442 -0.00480714
-0.00027297 0.00020454 -0.00482069
-0.00032154 0.00022465 -0.00483424
-0.00037012 0.00024476 -0.00484779
-0.00041870 0.00026487 -0.00486133
-0.00046728 0.00028498 -0.00487488
-0.00051585 0.00030509 -0.00488843
-0.00056443 0.00032520 -0.00490198
-0.00061301 0.00034531 -0.00491553
-0.00066158 0.00036543 -0.00492908
-0.00071016 0.00038554 -0.00494263
-0.00075874 0.00040565 -0.00495618
-0.00080732 0.00042576 -0.00496973
-0.00085589 0.00044587 -0.00498328
-0.00090447 0.00046598 -0.00499683
-0.00095305 0.00048609 -0.00501038
-0.00100162 0.00050621 -0.00502393
-0.00105020 0.00052632 -0.00503748
-0.00105021 0.00052639 -0.00507101
-0.00105021 0.00052646 -0.00510454
-0.00105022 0.00052654 -0.00513807
-0.00105022 0.00052661 -0.00517160
-0.00105023 0.00052668 -0.00520513
-0.00105024 0.00052676 -0.00523866
-0.00105024 0.00052683 -0.00527219
-0.00105025 0.00052690 -0.00530572
-0.00105025 0.00052698 -0.00533925
-0.00105026 0.00052705 -0.00537278
-0.00105027 0.00052713 -0.00540631
-0.00105027 0.00052720 -0.00543984
-0.00105028 0.00052727 -0.00547337
-0.00105028 0.00052735 -0.00550690
-0.00105029 0.00052742 -0.00554043
-0.00105030 0.00052749 -0.00557396
-0.00105030 0.00052757 -0.00560749
-0.00105031 0.00052764 -0.00564102
-0.00105031 0.00052771 -0.00567455
-0.00105032 0.00052779 -0.00570808
-0.00103968 0.00052981 -0.00573597
-0.00102904 0.00053184 -0.00576385
-0.00101840 0.00053387 -0.00579173
-0.00100777 0.00053589 -0.00581961
-0.00099713 0.00053792 -0.00584750
-0.00098649 0.00053995 -0.00587538
-0.00097585 0.00054197 -0.00590326
-0.00096521 0.00054400 -0.00593114
-0.00095457 0.00054603 -0.00595902
-0.00094393 0.00054805 -0.00598691
-0.00093329 0.00055008 -0.00601479
-0.00092266 0.00055211 -0.00604267
-0.00091202 0.00055413 -0.00607055
-0.00090138 0.00055616 -0.00609843
-0.00089074 0.00055819 -0.00612632
-0.00088010 0.00056021 -0.00615420
-0.00086946 0.00056224 -0.00618208
-0.00085882 0.00056427 -0.00620996
-0.00084819 0.00056629 -0.00623785
-0.00083755 0.00056832 -0.00626573
-0.00086501 0.00052367 -0.00626252
-0.00089248 0.00047902 -0.00625930
-0.00091994 0.00043437 -0.00625609
-0.00094740 0.00038972 -0.00625288
-0.00097487 0.00034507 -0.00624967
-0.00100233 0.00030042 -0.00624646
-0.00102980 0.00025577 -0.00624324
-0.00105726 0.00021112 -0.00624003
-0.00108473 0.00016647 -0.00623682
-0.00111219 0.00012182 -0.00623361
-0.00113965 0.00007717 -0.00623039
-0.00116712 0.00003251 -0.00622718
-0.00119458 -0.00001214 -0.00622397
-0.00122205 -0.00005679 -0.00622076
-0.00124951 -0.00010144 -0.00621755
-0.00127698 -0.00014609 -0.00621433
-0.00130444 -0.00019074 -0.00621112
-0.00133191 -0.00023539 -0.00620791
-0.00135937 -0.00028004 -0.00620470
-0.00138683 -0.00032469 -0.00620149
-0.00140938 -0.00027500 -0.00621437
-0.00143193 -0.00022532 -0.00622726
-0.00145447 -0.00017563 -0.00624015
-0.00147702 -0.00012595 -0.00625304
-0.00149956 -0.00007626 -0.00626593
-0.00152211 -0.00002658 -0.00627882
-0.00154465 0.00002311 -0.00629170
-0.00156720 0.00007279 -0.00630459
-0.00158974 0.00012247 -0.00631748
-0.00161229 0.00017216 -0.00633037
-0.00163483 0.00022184 -0.00634326
-0.00165738 0.00027153 -0.00635615
-0.00167993 0.00032121 -0.00636903
-0.00170247 0.00037090 -0.00638192
-0.00172502 0.00042058 -0.00639481
-0.00174756 0.00047027 -0.00640770
-0.00177011 0.00051995 -0.00642059
-0.00179265 0.00056964 -0.00643348
-0.00181520 0.00061932 -0.00644637
-0.00183774 0.00066901 -0.00645925
-0.00179386 0.00066569 -0.00650496
-0.00174997 0.00066237 -0.00655066
-0.00170608 0.00065905 -0.00659636
-0.00166220 0.00065573 -0.00664206
-0.00161831 0.00065241 -0.00668776
-0.00157442 0.00064909 -0.00673346
-0.00153054 0.00064577 -0.00677916
-0.00148665 0.00064245 -0.00682487
-0.00144276 0.00063913 -0.00687057
-0.00139888 0.00063581 -0.00691627
-0.00135499 0.00063249 -0.00696197
-0.00131110 0.00062917 -0.00700767
-0.00126721 0.00062585 -0.00705337
-0.00122333 0.00062253 -0.00709907
-0.00117944 0.00061921 -0.00714478
-0.00113555 0.00061590 -0.00719048
-0.00109167 0.00061258 -0.00723618
-0.00104778 0.00060926 -0.00728188
-0.00100389 0.00060594 -0.00732758
-0.00096001 0.00060262 -0.00737328
-0.00092035 0.00056867 -0.00736696
-0.00088069 0.00053472 -0.00736063
-0.00084103 0.00050077 -0.00735431
-0.00080137 0.00046682 -0.00734798
-0.00076170 0.00043287 -0.00734166
-0.00072204 0.00039892 -0.00733533
-0.00068238 0.00036497 -0.00732900
-0.00064272 0.00033102 -0.00732268
-0.00060306 0.00029708 -0.00731635
-0.00056340 0.00026313 -0.00731003
-0.00052374 0.00022918 -0.00730370
-0.00048408 0.00019523 -0.00729738
-0.00044442 0.00016128 -0.00729105
-0.00040476 0.00012733 -0.00728472
-0.00036510 0.00009338 -0.00727840
-0.00032544 0.00005943 -0.00727207
-0.00028578 0.00002548 -0.00726575
-0.00024612 -0.00000847 -0.00725942
-0.00020646 -0.00004242 -0.00725310
-0.00016680 -0.00007637 -0.00724677
-0.00018189 -0.00010950 -0.00723417
-0.00019698 -0.00014264 -0.00722157
-0.00021207 -0.00017578 -0.00720897
-0.00022716 -0.00020892 -0.00719637
-0.00024224 -0.00024206 -0.00718377
-0.00025733 -0.00027520 -0.00717117
-0.00027242 -0.00030834 -0.00715857
-0.00028751 -0.00034148 -0.00714597
-0.00030260 -0.00037462 -0.00713337
-0.00031769 -0.00040776 -0.00712077
-0.00033278 -0.00044090 -0.00710817
-0.00034786 -0.00047404 -0.00709557
-0.00036295 -0.00050718 -0.00708297
-0.00037804 -0.00054032 -0.00707037
-0.00039313 -0.00057346 -0.00705777
-0.00040822 -0.00060660 -0.00704517
-0.00042331 -0.00063974 -0.00703257
-0.00043839 -0.00067288 -0.00701997
-0.00045348 -0.00070602 -0.00700737
-0.00046857 -0.00073916 -0.00699477
-0.00045897 -0.00072478 -0.00704350
-0.00044937 -0.00071039 -0.00709222
-0.00043977 -0.00069600 -0.00714095
-0.00043017 -0.00068161 -0.00718968
-0.00042057 -0.00066722 -0.00723841
-0.00041097 -0.00065284 -0.00728714
-0.00040137 -0.00063845 -0.00733587
-0.00039177 -0.00062406 -0.00738460
-0.00038217 -0.00060967 -0.00743333
-0.00037257 -0.00059529 -0.00748205
-0.00036297 -0.00058090 -0.00753078
-0.00035337 -0.00056651 -0.00757951
-0.00034377 -0.00055212 -0.00762824
-0.00033417 -0.00053774 -0.00767697
-0.00032457 -0.00052335 -0.00772570
-0.00031497 -0.00050896 -0.00777443
-0.00030537 -0.00049457 -0.00782316
-0.00029577 -0.00048019 -0.00787189
-0.00028617 -0.00046580 -0.00792061
-0.00027657 -0.00045141 -0.00796934
-0.00028412 -0.00047720 -0.00796108
-0.00029168 -0.00050300 -0.00795281
-0.00029924 -0.00052879 -0.00794455
-0.00030680 -0.00055458 -0.00793628
-0.00031436 -0.00058038 -0.00792802
-0.00032192 -0.00060617 -0.00791975
-0.00032948 -0.00063196 -0.00791149
-0.00033704 -0.00065776 -0.00790323
-0.00034460 -0.00068355 -0.00789496
-0.00035216 -0.00070934 -0.00788670
-0.00035972 -0.00073514 -0.00787843
-0.00036728 -0.00076093 -0.00787017
-0.00037484 -0.00078673 -0.00786190
-0.00038240 -0.00081252 -0.00785364
-0.00038995 -0.00083831 -0.00784537
-0.00039751 -0.00086411 -0.00783711
-0.00040507 -0.00088990 -0.00782884
-0.00041263 -0.00091569 -0.00782058
-0.00042019 -0.00094149 -0.00781231
-0.00042775 -0.00096728 -0.00780405
-0.00044733 -0.00098949 -0.00782941
-0.00046691 -0.00101170 -0.00785477
-0.00048649 -0.00103391 -0.00788013
-0.00050608 -0.00105612 -0.00790549
-0.00052566 -0.00107833 -0.00793085
-0.00054524 -0.00110054 -0.00795621
-0.00056482 -0.00112275 -0.00798157
-0.00058440 -0.00114495 -0.00800693
-0.00060398 -0.00116716 -0.00803229
-0.00062356 -0.00118937 -0.00805765
-0.00064314 -0.00121158 -0.00808301
-0.00066272 -0.00123379 -0.00810837
-0.00068231 -0.00125600 -0.00813373
-0.00070189 -0.00127821 -0.00815909
-0.00072147 -0.00130042 -0.00818445
-0.00074105 -0.00132263 -0.00820981
-0.00076063 -0.00134484 -0.00823517
-0.00078021 -0.00136705 -0.00826053
-0.00079979 -0.00138926 -0.00828589
-0.00081937 -0.00141147 -0.00831125
-0.00078955 -0.00145690 -0.00833510
-0.00075973 -0.00150233 -0.00835894
-0.00072991 -0.00154776 -0.00838279
-0.00070009 -0.00159319 -0.00840663
-0.00067026 -0.00163862 -0.00843048
-0.00064044 -0.00168405 -0.00845432
-0.00061062 -0.00172948 -0.00847817
-0.00058080 -0.00177491 -0.00850201
-0.00055098 -0.00182034 -0.00852586
-0.00052116 -0.00186577 -0.00854970
-0.00049133 -0.00191120 -0.00857355
-0.00046151 -0.00195663 -0.00859739
-0.00043169 -0.00200207 -0.00862124
-0.00040187 -0.00204750 -0.00864508
-0.00037205 -0.00209293 -0.00866893
-0.00034222 -0.00213836 -0.00869277
-0.00031240 -0.00218379 -0.00871662
-0.00028258 -0.00222922 -0.00874046
-0.00025276 -0.00227465 -0.00876431
-0.00022294 -0.00232008 -0.00878815
-0.00027210 -0.00229186 -0.00874152
-0.00032127 -0.00226364 -0.00869488
-0.00037044 -0.00223542 -0.00864825
-0.00041961 -0.00220720 -0.00860162
-0.00046878 -0.00217898 -0.00855499
-0.00051794 -0.00215076 -0.00850835
-0.00056711 -0.00212255 -0.00846172
-0.00061628 -0.00209433 -0.00841509
-0.00066545 -0.00206611 -0.00836845
-0.00071461 -0.00203789 -0.00832182
-0.00076378 -0.00200967 -0.00827519
-0.00081295 -0.00198145 -0.00822855
-0.00086212 -0.00195323 -0.00818192
-0.00091129 -0.00192501 -0.00813529
-0.00096045 -0.00189679 -0.00808865
-0.00100962 -0.00186857 -0.00804202
-0.00105879 -0.00184035 -0.00799539
-0.00110796 -0.00181213 -0.00794875
-0.00115712 -0.00178391 -0.00790212
-0.00120629 -0.00175570 -0.00785549
-0.00118629 -0.00175865 -0.00785909
-0.00116628 -0.00176160 -0.00786270
-0.00114628 -0.00176455 -0.00786631
-0.00112628 -0.00176750 -0.00786992
-0.00110627 -0.00177045 -0.00787353
-0.00108627 -0.00177340 -0.00787713
-0.00106627 -0.00177636 -0.00788074
-0.00104626 -0.00177931 -0.00788435
-0.00102626 -0.00178226 -0.00788796
-0.00100625 -0.00178521 -0.00789157
-0.00098625 -0.00178816 -0.00789517
-0.00096625 -0.00179111 -0.00789878
-0.00094624 -0.00179406 -0.00790239
-0.00092624 -0.00179702 -0.00790600
-0.00090624 -0.00179997 -0.00790961
-0.00088623 -0.00180292 -0.00791321
-0.00086623 -0.00180587 -0.00791682
-0.00084622 -0.00180882 -0.00792043
-0.00082622 -0.00181177 -0.00792404
-0.00080622 -0.00181472 -0.00792765
-0.00079383 -0.00182165 -0.00788986
-0.00078145 -0.00182858 -0.00785208
-0.00076906 -0.00183552 -0.00781430
-0.00075668 -0.00184245 -0.00777652
-0.00074429 -0.00184938 -0.00773874
-0.00073190 -0.00185631 -0.00770095
-0.00071952 -0.00186324 -0.00766317
-0.00070713 -0.00187017 -0.00762539
-0.00069475 -0.00187710 -0.00758761
-0.00068236 -0.00188403 -0.00754983
-0.00066998 -0.00189096 -0.00751204
-0.00065759 -0.00189789 -0.00747426
-0.00064521 -0.00190482 -0.00743648
-0.00063282 -0.00191175 -0.00739870
-0.00062044 -0.00191868 -0.00736092
-0.00060805 -0.00192561 -0.00732313
-0.00059567 -0.00193254 -0.00728535
-0.00058328 -0.00193948 -0.00724757
-0.00057089 -0.00194641 -0.00720979
-0.00055851 -0.00195334 -0.00717201
-0.00054458 -0.00190573 -0.00714340
-0.00053066 -0.00185812 -0.00711479
-0.00051673 -0.00181051 -0.00708618
-0.00050281 -0.00176290 -0.00705757
-0.00048888 -0.00171529 -0.00702896
-0.00047496 -0.00166768 -0.00700035
-0.00046103 -0.00162007 -0.00697174
-0.00044711 -0.00157246 -0.00694313
-0.00043318 -0.00152485 -0.00691452
-0.00041926 -0.00147724 -0.00688591
-0.00040533 -0.00142963 -0.00685731
-0.00039141 -0.00138202 -0.00682870
-0.00037748 -0.00133441 -0.00680009
-0.00036356 -0.00128680 -0.00677148
-0.00034963 -0.00123919 -0.00674287
-0.00033571 -0.00119158 -0.00671426
-0.00032178 -0.00114397 -0.00668565
-0.00030786 -0.00109636 -0.00665704
-0.00029393 -0.00104875 -0.00662843
-0.00028001 -0.00100114 -0.00659982
-0.00031663 -0.00098080 -0.00663344
-0.00035324 -0.00096047 -0.00666705
-0.00038986 -0.00094013 -0.00670067
-0.00042648 -0.00091980 -0.00673428
-0.00046309 -0.00089946 -0.00676790
-0.00049971 -0.00087912 -0.00680151
-0.00053633 -0.00085879 -0.00683513
-0.00057294 -0.00083845 -0.00686874
-0.00060956 -0.00081811 -0.00690236
-0.00064618 -0.00079778 -0.00693597
-0.00068279 -0.00077744 -0.00696959
-0.00071941 -0.00075710 -0.00700320
-0.00075603 -0.00073677 -0.00703682
-0.00079265 -0.00071643 -0.00707043
-0.00082926 -0.00069609 -0.00710405
-0.00086588 -0.00067576 -0.00713766
-0.00090250 -0.00065542 -0.00717128
-0.00093911 -0.00063509 -0.00720490
-0.00097573 -0.00061475 -0.00723851
-0.00101235 -0.00059441 -0.00727213
-0.00098460 -0.00058976 -0.00723438
-0.00095685 -0.00058510 -0.00719663
-0.00092910 -0.00058045 -0.00715888
-0.00090135 -0.00057579 -0.00712113
-0.00087360 -0.00057114 -0.00708339
-0.00084586 -0.00056649 -0.00704564
-0.00081811 -0.00056183 -0.00700789
-0.00079036 -0.00055718 -0.00697014
-0.00076261 -0.00055252 -0.00693240
-0.00073486 -0.00054787 -0.00689465
-0.00070711 -0.00054321 -0.00685690
-0.00067936 -0.00053856 -0.00681915
-0.00065162 -0.00053390 -0.00678141
-0.00062387 -0.00052925 -0.00674366
-0.00059612 -0.00052459 -0.00670591
-0.00056837 -0.00051994 -0.00666816
-0.00054062 -0.00051528 -0.00663042
-0.00051287 -0.00051063 -0.00659267
-0.00048513 -0.00050598 -0.00655492
-0.00045738 -0.00050132 -0.00651717
-0.00044208 -0.00049883 -0.00654543
-0.00042679 -0.00049633 -0.00657369
-0.00041150 -0.00049384 -0.00660195
-0.00039620 -0.00049135 -0.00663021
-0.00038091 -0.00048885 -0.00665847
-0.00036562 -0.00048636 -0.00668672
-0.00035032 -0.00048386 -0.00671498
-0.00033503 -0.00048137 -0.00674324
-0.00031974 -0.00047888 -0.00677150
-0.00030444 -0.00047638 -0.00679976
-0.00028915 -0.00047389 -0.00682802
-0.00027386 -0.00047140 -0.00685628
-0.00025856 -0.00046890 -0.00688453
-0.00024327 -0.00046641 -0.00691279
-0.00022798 -0.00046391 -0.00694105
-0.00021268 -0.00046142 -0.00696931
-0.00019739 -0.00045893 -0.00699757
-0.00018209 -0.00045643 -0.00702583
-0.00016680 -0.00045394 -0.00705408
-0.00015151 -0.00045144 -0.00708234
-0.00014442 -0.00048068 -0.00712426
-0.00013733 -0.00050991 -0.00716617
-0.00013024 -0.00053914 -0.00720808
-0.00012314 -0.00056838 -0.00725000
-0.00011605 -0.00059761 -0.00729191
-0.00010896 -0.00062684 -0.00733382
-0.00010187 -0.00065607 -0.00737574
-0.00009478 -0.00068531 -0.00741765
-0.00008769 -0.00071454 -0.00745957
-0.00008060 -0.00074377 -0.00750148
-0.00007351 -0.00077300 -0.00754339
-0.00006642 -0.00080224 -0.00758531
-0.00005933 -0.00083147 -0.00762722
-0.00005224 -0.00086070 -0.00766913
-0.00004514 -0.00088993 -0.00771105
-0.00003805 -0.00091917 -0.00775296
-0.00003096 -0.00094840 -0.00779487
-0.00002387 -0.00097763 -0.00783679
-0.00001678 -0.00100687 -0.00787870
-0.00000969 -0.00103610 -0.00792061
-0.00005953 -0.00100339 -0.00796029
-0.00010937 -0.00097068 -0.00799997
-0.00015921 -0.00093797 -0.00803965
-0.00020905 -0.00090526 -0.00807932
-0.00025889 -0.00087255 -0.00811900
-0.00030873 -0.00083984 -0.00815868
-0.00035856 -0.00080712 -0.00819836
-0.00040840 -0.00077441 -0.00823803
-0.00045824 -0.00074170 -0.00827771
-0.00050808 -0.00070899 -0.00831739
-0.00055792 -0.00067628 -0.00835706
-0.00060776 -0.00064357 -0.00839674
-0.00065760 -0.00061086 -0.00843642
-0.00070744 -0.00057815 -0.00847610
-0.00075728 -0.00054544 -0.00851577
-0.00080712 -0.00051273 -0.00855545
-0.00085696 -0.00048002 -0.00859513
-0.00090680 -0.00044731 -0.00863480
-0.00095664 -0.00041460 -0.00867448
-0.00100647 -0.00038189 -0.00871416
-0.00100805 -0.00040735 -0.00868700
-0.00100962 -0.00043282 -0.00865984
-0.00101119 -0.00045828 -0.00863267
-0.00101276 -0.00048375 -0.00860551
-0.00101433 -0.00050921 -0.00857835
-0.00101590 -0.00053467 -0.00855119
-0.00101748 -0.00056014 -0.00852403
-0.00101905 -0.00058560 -0.00849687
-0.00102062 -0.00061107 -0.00846970
-0.00102219 -0.00063653 -0.00844254
-0.00102376 -0.00066199 -0.00841538
-0.00102533 -0.00068746 -0.00838822
-0.00102691 -0.00071292 -0.00836106
-0.00102848 -0.00073839 -0.00833390
-0.00103005 -0.00076385 -0.00830673
-0.00103162 -0.00078932 -0.00827957
-0.00103319 -0.00081478 -0.00825241
-0.00103476 -0.00084024 -0.00822525
-0.00103633 -0.00086571 -0.00819809
-0.00103791 -0.00089117 -0.00817093
-0.00107152 -0.00087839 -0.00820917
-0.00110513 -0.00086562 -0.00824741
-0.00113874 -0.00085284 -0.00828565
-0.00117234 -0.00084006 -0.00832390
-0.00120595 -0.00082728 -0.00836214
-0.00123956 -0.00081451 -0.00840038
-0.00127317 -0.00080173 -0.00843862
-0.00130678 -0.00078895 -0.00847686
-0.00134039 -0.00077617 -0.00851511
-0.00137400 -0.00076339 -0.00855335
-0.00140761 -0.00075062 -0.00859159
-0.00144122 -0.00073784 -0.00862983
-0.00147483 -0.00072506 -0.00866808
-0.00150844 -0.00071228 -0.00870632
-0.00154205 -0.00069950 -0.00874456
-0.00157566 -0.00068673 -0.00878280
-0.00160927 -0.00067395 -0.00882105
-0.00164288 -0.00066117 -0.00885929
-0.00167649 -0.00064839 -0.00889753
-0.00171010 -0.00063562 -0.00893577
-0.00166727 -0.00061891 -0.00890651
-0.00162445 -0.00060220 -0.00887724
-0.00158163 -0.00058550 -0.00884797
-0.00153881 -0.00056879 -0.00881870
-0.00149599 -0.00055208 -0.00878943
-0.00145316 -0.00053537 -0.00876016
-0.00141034 -0.00051867 -0.00873090
-0.00136752 -0.00050196 -0.00870163
-0.00132470 -0.00048525 -0.00867236
-0.00128187 -0.00046855 -0.00864309
-0.00123905 -0.00045184 -0.00861382
-0.00119623 -0.00043513 -0.00858455
-0.00115341 -0.00041843 -0.00855528
-0.00111058 -0.00040172 -0.00852602
-0.00106776 -0.00038501 -0.00849675
-0.00102494 -0.00036831 -0.00846748
-0.00098212 -0.00035160 -0.00843821
-0.00093930 -0.00033489 -0.00840894
-0.00089647 -0.00031819 -0.00837967
-0.00085365 -0.00030148 -0.00835041
-0.00082384 -0.00032006 -0.00831337
-0.00079402 -0.00033864 -0.00827634
-0.00076421 -0.00035722 -0.00823930
-0.00073440 -0.00037581 -0.00820227
-0.00070458 -0.00039439 -0.00816523
-0.00067477 -0.00041297 -0.00812820
-0.00064496 -0.00043155 -0.00809116
-0.00061515 -0.00045013 -0.00805413
-0.00058533 -0.00046871 -0.00801709
-0.00055552 -0.00048729 -0.00798006
-0.00052571 -0.00050587 -0.00794302
-0.00049589 -0.00052446 -0.00790598
-0.00046608 -0.00054304 -0.00786895
-0.00043627 -0.00056162 -0.00783191
-0.00040645 -0.00058020 -0.00779488
-0.00037664 -0.00059878 -0.00775784
-0.00034683 -0.00061736 -0.00772081
-0.00031701 -0.00063594 -0.00768377
-0.00028720 -0.00065453 -0.00764674
-0.00025739 -0.00067311 -0.00760970
-0.00021976 -0.00063203 -0.00763760
-0.00018214 -0.00059095 -0.00766549
-0.00014451 -0.00054987 -0.00769339
-0.00010689 -0.00050879 -0.00772128
-0.00006927 -0.00046771 -0.00774918
-0.00003164 -0.00042663 -0.00777707
0.00000598 -0.00038555 -0.00780497
0.00004361 -0.00034447 -0.00783286
0.00008123 -0.00030339 -0.00786076
0.00011886 -0.00026231 -0.00788865
0.00015648 -0.00022123 -0.00791655
0.00019411 -0.00018015 -0.00794444
0.00023173 -0.00013907 -0.00797233
0.00026935 -0.00009799 -0.00800023
0.00030698 -0.00005691 -0.00802812
0.00034460 -0.00001583 -0.00805602
0.00038223 0.00002525 -0.00808391
0.00041985 0.00006633 -0.00811181
0.00045748 0.00010741 -0.00813970
0.00049510 0.00014849 -0.00816760
0.00049159 0.00010713 -0.00818480
0.00048807 0.00006577 -0.00820201
0.00048455 0.00002441 -0.00821921
0.00048104 -0.00001695 -0.00823641
0.00047752 -0.00005831 -0.00825362
0.00047401 -0.00009967 -0.00827082
0.00047049 -0.00014103 -0.00828803
0.00046698 -0.00018239 -0.00830523
0.00046346 -0.00022375 -0.00832243
0.00045995 -0.00026511 -0.00833964
0.00045643 -0.00030647 -0.00835684
0.00045292 -0.00034783 -0.00837405
0.00044940 -0.00038919 -0.00839125
0.00044589 -0.00043055 -0.00840846
0.00044237 -0.00047191 -0.00842566
0.00043885 -0.00051326 -0.00844286
0.00043534 -0.00055462 -0.00846007
0.00043182 -0.00059598 -0.00847727
0.00042831 -0.00063734 -0.00849448
0.00042479 -0.00067870 -0.00851168
0.00041200 -0.00071636 -0.00846926
0.00039921 -0.00075401 -0.00842684
0.00038641 -0.00079167 -0.00838442
0.00037362 -0.00082932 -0.00834200
0.00036083 -0.00086698 -0.00829958
0.00034803 -0.00090463 -0.00825716
0.00033524 -0.00094229 -0.00821474
0.00032245 -0.00097994 -0.00817232
0.00030965 -0.00101760 -0.00812990
0.00029686 -0.00105525 -0.00808748
0.00028406 -0.00109290 -0.00804506
0.00027127 -0.00113056 -0.00800264
0.00025848 -0.00116821 -0.00796022
0.00024568 -0.00120587 -0.00791780
0.00023289 -0.00124352 -0.00787538
0.00022010 -0.00128118 -0.00783296
0.00020730 -0.00131883 -0.00779054
0.00019451 -0.00135649 -0.00774812
0.00018172 -0.00139414 -0.00770570
0.00016892 -0.00143180 -0.00766329
0.00019729 -0.00143645 -0.00766923
0.00022565 -0.00144110 -0.00767517
0.00025402 -0.00144575 -0.00768112
0.00028238 -0.00145039 -0.00768706
0.00031075 -0.00145504 -0.00769301
0.00033911 -0.00145969 -0.00769895
0.00036748 -0.00146434 -0.00770490
0.00039584 -0.00146899 -0.00771084
0.00042421 -0.00147364 -0.00771679
0.00045257 -0.00147829 -0.00772273
0.00048094 -0.00148294 -0.00772867
0.00050930 -0.00148759 -0.00773462
0.00053766 -0.00149224 -0.00774056
0.00056603 -0.00149689 -0.00774651
0.00059439 -0.00150154 -0.00775245
0.00062276 -0.00150619 -0.00775840
0.00065112 -0.00151084 -0.00776434
0.00067949 -0.00151549 -0.00777029
0.00070785 -0.00152014 -0.00777623
0.00073622 -0.00152479 -0.00778217
0.00077381 -0.00152429 -0.00777926
0.00081141 -0.00152380 -0.00777634
0.00084900 -0.00152330 -0.00777343
0.00088659 -0.00152280 -0.00777051
0.00092419 -0.00152231 -0.00776760
0.00096178 -0.00152181 -0.00776468
0.00099938 -0.00152131 -0.00776177
0.00103697 -0.00152082 -0.00775885
0.00107456 -0.00152032 -0.00775594
0.00111216 -0.00151982 -0.00775302
0.00114975 -0.00151933 -0.00775011
0.00118735 -0.00151883 -0.00774719
0.00122494 -0.00151833 -0.00774428
0.00126253 -0.00151784 -0.00774136
0.00130013 -0.00151734 -0.00773845
0.00133772 -0.00151685 -0.00773553
0.00137532 -0.00151635 -0.00773262
0.00141291 -0.00151585 -0.00772970
0.00145050 -0.00151536 -0.00772679
0.00148810 -0.00151486 -0.00772387
0.00147881 -0.00154554 -0.00773135
0.00146952 -0.00157621 -0.00773882
0.00146023 -0.00160689 -0.00774629
0.00145094 -0.00163757 -0.00775376
0.00144165 -0.00166825 -0.00776123
0.00143236 -0.00169893 -0.00776870
0.00142307 -0.00172960 -0.00777618
0.00141378 -0.00176028 -0.00778365
0.00140449 -0.00179096 -0.00779112
0.00139520 -0.00182164 -0.00779859
0.00138591 -0.00185232 -0.00780606
0.00137662 -0.00188299 -0.00781353
0.00136733 -0.00191367 -0.00782101
0.00135804 -0.00194435 -0.00782848
0.00134875 -0.00197503 -0.00783595
0.00133946 -0.00200570 -0.00784342
0.00133017 -0.00203638 -0.00785089
0.00132088 -0.00206706 -0.00785836
0.00131159 -0.00209774 -0.00786584
0.00130230 -0.00212842 -0.00787331
0.00128046 -0.00209083 -0.00784903
0.00125862 -0.00205324 -0.00782475
0.00123678 -0.00201565 -0.00780047
0.00121494 -0.00197806 -0.00777620
0.00119310 -0.00194048 -0.00775192
0.00117126 -0.00190289 -0.00772764
0.00114942 -0.00186530 -0.00770336
0.00112758 -0.00182771 -0.00767908
0.00110574 -0.00179012 -0.00765481
0.00108390 -0.00175253 -0.00763053
0.00106206 -0.00171495 -0.00760625
0.00104022 -0.00167736 -0.00758197
0.00101838 -0.00163977 -0.00755769
0.00099654 -0.00160218 -0.00753342
0.00097470 -0.00156459 -0.00750914
0.00095286 -0.00152701 -0.00748486
0.00093102 -0.00148942 -0.00746058
0.00090918 -0.00145183 -0.00743630
0.00088734 -0.00141424 -0.00741203
0.00086550 -0.00137665 -0.00738775
0.00087314 -0.00136374 -0.00737346
0.00088079 -0.00135082 -0.00735917
0.00088844 -0.00133790 -0.00734487
0.00089608 -0.00132498 -0.00733058
0.00090373 -0.00131206 -0.00731629
0.00091137 -0.00129915 -0.00730200
0.00091902 -0.00128623 -0.00728771
0.00092667 -0.00127331 -0.00727342
0.00093431 -0.00126039 -0.00725913
0.00094196 -0.00124748 -0.00724484
0.00094961 -0.00123456 -0.00723054
0.00095725 -0.00122164 -0.00721625
0.00096490 -0.00120872 -0.00720196
0.00097254 -0.00119581 -0.00718767
0.00098019 -0.00118289 -0.00717338
0.00098784 -0.00116997 -0.00715909
0.00099548 -0.00115705 -0.00714480
0.00100313 -0.00114413 -0.00713051
0.00101077 -0.00113122 -0.00711622
0.00101842 -0.00111830 -0.00710192
0.00098085 -0.00116418 -0.00714761
0.00094329 -0.00121006 -0.00719330
0.00090572 -0.00125594 -0.00723899
0.00086815 -0.00130183 -0.00728468
0.00083058 -0.00134771 -0.00733036
0.00079301 -0.00139359 -0.00737605
0.00075545 -0.00143947 -0.00742174
0.00071788 -0.00148535 -0.00746743
0.00068031 -0.00153124 -0.00751312
0.00064274 -0.00157712 -0.00755880
0.00060518 -0.00162300 -0.00760449
0.00056761 -0.00166888 -0.00765018
0.00053004 -0.00171476 -0.00769587
0.00049247 -0.00176064 -0.00774156
0.00045491 -0.00180653 -0.00778724
0.00041734 -0.00185241 -0.00783293
0.00037977 -0.00189829 -0.00787862
0.00034220 -0.00194417 -0.00792431
0.00030464 -0.00199005 -0.00797000
0.00026707 -0.00203594 -0.00801568
0.00023852 -0.00204203 -0.00798685
0.00020997 -0.00204812 -0.00795801
0.00018142 -0.00205421 -0.00792917
0.00015288 -0.00206030 -0.00790033
0.00012433 -0.00206640 -0.00787149
0.00009578 -0.00207249 -0.00784265
0.00006723 -0.00207858 -0.00781381
0.00003869 -0.00208467 -0.00778497
0.00001014 -0.00209076 -0.00775613
-0.00001841 -0.00209686 -0.00772729
-0.00004696 -0.00210295 -0.00769845
-0.00007551 -0.00210904 -0.00766961
-0.00010405 -0.00211513 -0.00764077
-0.00013260 -0.00212122 -0.00761194
-0.00016115 -0.00212732 -0.00758310
-0.00018970 -0.00213341 -0.00755426
-0.00021825 -0.00213950 -0.00752542
-0.00024679 -0.00214559 -0.00749658
-0.00027534 -0.00215168 -0.00746774
-0.00030389 -0.00215778 -0.00743890
-0.00027026 -0.00213915 -0.00740667
-0.00023664 -0.00212053 -0.00737445
-0.00020301 -0.00210190 -0.00734222
-0.00016939 -0.00208328 -0.00730999
-0.00013576 -0.00206465 -0.00727776
-0.00010214 -0.00204603 -0.00724554
-0.00006851 -0.00202740 -0.00721331
-0.00003489 -0.00200878 -0.00718108
-0.00000126 -0.00199015 -0.00714885
0.00003236 -0.00197153 -0.00711663
0.00006599 -0.00195290 -0.00708440
0.00009961 -0.00193428 -0.00705217
0.00013324 -0.00191565 -0.00701994
0.00016686 -0.00189703 -0.00698772
0.00020049 -0.00187840 -0.00695549
0.00023411 -0.00185978 -0.00692326
0.00026774 -0.00184115 -0.00689104
0.00030136 -0.00182253 -0.00685881
0.00033499 -0.00180390 -0.00682658
0.00036861 -0.00178528 -0.00679435
0.00041164 -0.00183023 -0.00679816
0.00045467 -0.00187518 -0.00680196
0.00049771 -0.00192014 -0.00680577
0.00054074 -0.00196509 -0.00680957
0.00058377 -0.00201004 -0.00681338
0.00062680 -0.00205500 -0.00681718
0.00066983 -0.00209995 -0.00682099
0.00071286 -0.00214490 -0.00682479
0.00075589 -0.00218986 -0.00682860
0.00079893 -0.00223481 -0.00683240
0.00084196 -0.00227976 -0.00683621
0.00088499 -0.00232472 -0.00684001
0.00092802 -0.00236967 -0.00684382
0.00097105 -0.00241462 -0.00684762
0.00101408 -0.00245958 -0.00685143
0.00105712 -0.00250453 -0.00685524
0.00110015 -0.00254948 -0.00685904
0.00114318 -0.00259444 -0.00686285
0.00118621 -0.00263939 -0.00686665
0.00122924 -0.00268434 -0.00687046
0.00124402 -0.00270200 -0.00683790
0.00125880 -0.00271965 -0.00680534
0.00127358 -0.00273730 -0.00677278
0.00128835 -0.00275495 -0.00674022
0.00130313 -0.00277261 -0.00670766
0.00131791 -0.00279026 -0.00667510
0.00133269 -0.00280791 -0.00664255
0.00134747 -0.00282556 -0.00660999
0.00136225 -0.00284322 -0.00657743
0.00137702 -0.00286087 -0.00654487
0.00139180 -0.00287852 -0.00651231
0.00140658 -0.00289617 -0.00647975
0.00142136 -0.00291383 -0.00644720
0.00143614 -0.00293148 -0.00641464
0.00145091 -0.00294913 -0.00638208
0.00146569 -0.00296679 -0.00634952
0.00148047 -0.00298444 -0.00631696
0.00149525 -0.00300209 -0.00628440
0.00151003 -0.00301974 -0.00625185
0.00152480 -0.00303740 -0.00621929
0.00149527 -0.00301263 -0.00619334
0.00146574 -0.00298786 -0.00616740
0.00143621 -0.00296309 -0.00614146
0.00140667 -0.00293833 -0.00611551
0.00137714 -0.00291356 -0.00608957
0.00134761 -0.00288879 -0.00606363
0.00131807 -0.00286403 -0.00603769
0.00128854 -0.00283926 -0.00601174
0.00125901 -0.00281449 -0.00598580
0.00122948 -0.00278973 -0.00595986
0.00119994 -0.00276496 -0.00593391
0.00117041 -0.00274019 -0.00590797
0.00114088 -0.00271542 -0.00588203
0.00111134 -0.00269066 -0.00585608
0.00108181 -0.00266589 -0.00583014
0.00105228 -0.00264112 -0.00580420
0.00102274 -0.00261636 -0.00577825
0.00099321 -0.00259159 -0.00575231
0.00096368 -0.00256682 -0.00572637
0.00093415 -0.00254206 -0.00570043
0.00089955 -0.00256008 -0.00566251
0.00086495 -0.00257811 -0.00562459
0.00083035 -0.00259614 -0.00558667
0.00079576 -0.00261417 -0.00554875
0.00076116 -0.00263220 -0.00551083
0.00072656 -0.00265023 -0.00547292
0.00069197 -0.00266826 -0.00543500
0.00065737 -0.00268628 -0.00539708
0.00062277 -0.00270431 -0.00535916
0.00058817 -0.00272234 -0.00532124
0.00055358 -0.00274037 -0.00528333
0.00051898 -0.00275840 -0.00524541
0.00048438 -0.00277643 -0.00520749
0.00044978 -0.00279446 -0.00516957
0.00041519 -0.00281249 -0.00513165
0.00038059 -0.00283051 -0.00509374
0.00034599 -0.00284854 -0.00505582
0.00031140 -0.00286657 -0.00501790
0.00027680 -0.00288460 -0.00497998
0.00024220 -0.00290263 -0.00494206
0.00026055 -0.00286748 -0.00496614
0.00027890 -0.00283233 -0.00499021
0.00029726 -0.00279719 -0.00501428
0.00031561 -0.00276204 -0.00503836
0.00033396 -0.00272689 -0.00506243
0.00035231 -0.00269174 -0.00508650
0.00037066 -0.00265659 -0.00511058
0.00038901 -0.00262145 -0.00513465
0.00040737 -0.00258630 -0.00515872
0.00042572 -0.00255115 -0.00518279
0.00044407 -0.00251600 -0.00520687
0.00046242 -0.00248085 -0.00523094
0.00048077 -0.00244571 -0.00525501
0.00049912 -0.00241056 -0.00527909
0.00051748 -0.00237541 -0.00530316
0.00053583 -0.00234026 -0.00532723
0.00055418 -0.00230511 -0.00535131
0.00057253 -0.00226997 -0.00537538
0.00059088 -0.00223482 -0.00539945
0.00060923 -0.00219967 -0.00542353
0.00057984 -0.00215471 -0.00541152
0.00055045 -0.00210975 -0.00539952
0.00052106 -0.00206480 -0.00538751
0.00049167 -0.00201984 -0.00537551
0.00046228 -0.00197488 -0.00536350
0.00043289 -0.00192992 -0.00535150
0.00040350 -0.00188497 -0.00533949
0.00037411 -0.00184001 -0.00532749
0.00034472 -0.00179505 -0.00531548
0.00031533 -0.00175010 -0.00530348
0.00028594 -0.00170514 -0.00529147
0.00025655 -0.00166018 -0.00527947
0.00022716 -0.00161522 -0.00526746
0.00019777 -0.00157027 -0.00525546
0.00016838 -0.00152531 -0.00524345
0.00013899 -0.00148035 -0.00523145
0.00010960 -0.00143539 -0.00521944
0.00008021 -0.00139044 -0.00520744
0.00005082 -0.00134548 -0.00519543
0.00002143 -0.00130052 -0.00518343
0.00006730 -0.00126083 -0.00514790
0.00011317 -0.00122115 -0.00511237
0.00015903 -0.00118146 -0.00507685
0.00020490 -0.00114177 -0.00504132
0.00025077 -0.00110208 -0.00500579
0.00029664 -0.00106240 -0.00497026
0.00034251 -0.00102271 -0.00493474
0.00038838 -0.00098302 -0.00489921
0.00043425 -0.00094334 -0.00486368
0.00048012 -0.00090365 -0.00482815
0.00052599 -0.00086396 -0.00479263
0.00057186 -0.00082427 -0.00475710
0.00061773 -0.00078459 -0.00472157
0.00066360 -0.00074490 -0.00468605
0.00070947 -0.00070521 -0.00465052
0.00075533 -0.00066553 -0.00461499
0.00080120 -0.00062584 -0.00457946
0.00084707 -0.00058615 -0.00454394
0.00089294 -0.00054646 -0.00450841
0.00093881 -0.00050678 -0.00447288
0.00090650 -0.00047653 -0.00442906
0.00087419 -0.00044628 -0.00438523
0.00084188 -0.00041603 -0.00434140
0.00080957 -0.00038578 -0.00429757
0.00077726 -0.00035553 -0.00425375
0.00074495 -0.00032528 -0.00420992
0.00071263 -0.00029503 -0.00416609
0.00068032 -0.00026478 -0.00412226
0.00064801 -0.00023453 -0.00407843
0.00061570 -0.00020428 -0.00403461
0.00058339 -0.00017403 -0.00399078
0.00055108 -0.00014378 -0.00394695
0.00051877 -0.00011353 -0.00390312
0.00048646 -0.00008328 -0.00385930
0.00045415 -0.00005303 -0.00381547
0.00042184 -0.00002278 -0.00377164
0.00038953 0.00000747 -0.00372781
0.00035722 0.00003772 -0.00368399
0.00032490 0.00006797 -0.00364016
0.00029259 0.00009822 -0.00359633
0.00024982 0.00014313 -0.00362286
0.00020704 0.00018804 -0.00364939
0.00016426 0.00023295 -0.00367592
0.00012148 0.00027786 -0.00370245
0.00007871 0.00032277 -0.00372898
0.00003593 0.00036768 -0.00375551
-0.00000685 0.00041259 -0.00378205
-0.00004962 0.00045749 -0.00380858
-0.00009240 0.00050240 -0.00383511
-0.00013518 0.00054731 -0.00386164
-0.00017796 0.00059222 -0.00388817
-0.00022073 0.00063713 -0.00391470
-0.00026351 0.00068204 -0.00394123
-0.00030629 0.00072695 -0.00396776
-0.00034906 0.00077186 -0.00399429
-0.00039184 0.00081677 -0.00402082
-0.00043462 0.00086168 -0.00404735
-0.00047740 0.00090658 -0.00407388
-0.00052017 0.00095149 -0.00410041
-0.00056295 0.00099640 -0.00412694
-0.00057713 0.00098972 -0.00412024
-0.00059131 0.00098304 -0.00411353
-0.00060549 0.00097636 -0.00410683
-0.00061967 0.00096968 -0.00410012
-0.00063385 0.00096300 -0.00409342
-0.00064803 0.00095632 -0.00408671
-0.00066221 0.00094965 -0.00408001
-0.00067639 0.00094297 -0.00407330
-0.00069057 0.00093629 -0.00406659
-0.00070475 0.00092961 -0.00405989
-0.00071893 0.00092293 -0.00405318
-0.00073311 0.00091625 -0.00404648
-0.00074729 0.00090957 -0.00403977
-0.00076147 0.00090289 -0.00403307
-0.00077565 0.00089621 -0.00402636
-0.00078983 0.00088953 -0.00401966
-0.00080401 0.00088285 -0.00401295
-0.00081819 0.00087617 -0.00400625
-0.00083237 0.00086949 -0.00399954
-0.00084656 0.00086281 -0.00399284
-0.00088627 0.00091256 -0.00401569
-0.00092599 0.00096230 -0.00403855
-0.00096571 0.00101205 -0.00406140
-0.00100542 0.00106180 -0.00408425
-0.00104514 0.00111155 -0.00410711
-0.00108486 0.00116129 -0.00412996
-0.00112457 0.00121104 -0.00415282
-0.00116429 0.00126079 -0.00417567
-0.00120401 0.00131053 -0.00419853
-0.00124373 0.00136028 -0.00422138
-0.00128344 0.00141003 -0.00424424
-0.00132316 0.00145978 -0.00426709
-0.00136288 0.00150952 -0.00428995
-0.00140259 0.00155927 -0.00431280
-0.00144231 0.00160902 -0.00433566
-0.00148203 0.00165877 -0.00435851
-0.00152175 0.00170851 -0.00438136
-0.00156146 0.00175826 -0.00440422
-0.00160118 0.00180801 -0.00442707
-0.00164090 0.00185775 -0.00444993
-0.00164996 0.00183279 -0.00445470
-0.00165902 0.00180783 -0.00445948
-0.00166808 0.00178287 -0.00446426
-0.00167714 0.00175790 -0.00446903
-0.00168620 0.00173294 -0.00447381
-0.00169526 0.00170798 -0.00447858
-0.00170432 0.00168301 -0.00448336
-0.00171338 0.00165805 -0.00448813
-0.00172244 0.00163309 -0.00449291
-0.00173150 0.00160812 -0.00449768
-0.00174056 0.00158316 -0.00450246
-0.00174962 0.00155820 -0.00450724
-0.00175868 0.00153323 -0.00451201
-0.00176775 0.00150827 -0.00451679
-0.00177681 0.00148331 -0.00452156
-0.00178587 0.00145834 -0.00452634
-0.00179493 0.00143338 -0.00453111
-0.00180399 0.00140842 -0.00453589
-0.00181305 0.00138346 -0.00454066
-0.00182211 0.00135849 -0.00454544
-0.00180242 0.00132558 -0.00449583
-0.00178273 0.00129267 -0.00444622
-0.00176304 0.00125976 -0.00439660
-0.00174335 0.00122685 -0.00434699
-0.00172365 0.00119394 -0.00429738
-0.00170396 0.00116103 -0.00424777
-0.00168427 0.00112812 -0.00419816
-0.00166458 0.00109521 -0.00414854
-0.00164489 0.00106230 -0.00409893
-0.00162520 0.00102939 -0.00404932
-0.00160551 0.00099648 -0.00399971
-0.00158582 0.00096357 -0.00395010
-0.00156613 0.00093066 -0.00390048
-0.00154644 0.00089775 -0.00385087
-0.00152675 0.00086484 -0.00380126
-0.00150706 0.00083192 -0.00375165
-0.00148737 0.00079901 -0.00370204
-0.00146768 0.00076610 -0.00365242
-0.00144798 0.00073319 -0.00360281
-0.00142829 0.00070028 -0.00355320
-0.00138886 0.00070509 -0.00352971
-0.00134943 0.00070989 -0.00350621
-0.00130999 0.00071470 -0.00348272
-0.00127056 0.00071950 -0.00345923
-0.00123113 0.00072431 -0.00343573
-0.00119169 0.00072911 -0.00341224
-0.00115226 0.00073391 -0.00338875
-0.00111283 0.00073872 -0.00336525
-0.00107340 0.00074352 -0.00334176
-0.00103396 0.00074833 -0.00331826
-0.00099453 0.00075313 -0.00329477
-0.00095510 0.00075794 -0.00327128
-0.00091566 0.00076274 -0.00324778
-0.00087623 0.00076754 -0.00322429
-0.00083680 0.00077235 -0.00320080
-0.00079736 0.00077715 -0.00317730
-0.00075793 0.00078196 -0.00315381
-0.00071850 0.00078676 -0.00313032
-0.00067906 0.00079157 -0.00310682
-0.00063963 0.00079637 -0.00308333
-0.00059910 0.00075276 -0.00310993
-0.00055857 0.00070914 -0.00313652
-0.00051804 0.00066552 -0.00316312
-0.00047751 0.00062191 -0.00318972
-0.00043698 0.00057829 -0.00321632
-0.00039645 0.00053467 -0.00324291
-0.00035592 0.00049106 -0.00326951
-0.00031539 0.00044744 -0.00329611
-0.00027486 0.00040383 -0.00332271
-0.00023432 0.00036021 -0.00334930
-0.00019379 0.00031659 -0.00337590
-0.00015326 0.00027298 -0.00340250
-0.00011273 0.00022936 -0.00342910
-0.00007220 0.00018574 -0.00345569
-0.00003167 0.00014213 -0.00348229
0.00000886 0.00009851 -0.00350889
0.00004939 0.00005490 -0.00353549
0.00008992 0.00001128 -0.00356208
0.00013045 -0.00003234 -0.00358868
0.00017098 -0.00007595 -0.00361528
0.00013879 -0.00009600 -0.00362696
0.00010659 -0.00011604 -0.00363863
0.00007440 -0.00013609 -0.00365031
0.00004221 -0.00015614 -0.00366199
0.00001001 -0.00017618 -0.00367366
-0.00002218 -0.00019623 -0.00368534
-0.00005437 -0.00021627 -0.00369702
-0.00008656 -0.00023632 -0.00370869
-0.00011876 -0.00025636 -0.00372037
-0.00015095 -0.00027641 -0.00373204
-0.00018314 -0.00029645 -0.00374372
-0.00021534 -0.00031650 -0.00375540
-0.00024753 -0.00033655 -0.00376707
-0.00027972 -0.00035659 -0.00377875
-0.00031192 -0.00037664 -0.00379043
-0.00034411 -0.00039668 -0.00380210
-0.00037630 -0.00041673 -0.00381378
-0.00040850 -0.00043677 -0.00382546
-0.00044069 -0.00045682 -0.00383713
-0.00047288 -0.00047686 -0.00384881
-0.00051248 -0.00046445 -0.00389032
-0.00055208 -0.00045204 -0.00393184
-0.00059168 -0.00043963 -0.00397335
-0.00063128 -0.00042722 -0.00401486
-0.00067087 -0.00041481 -0.00405638
-0.00071047 -0.00040239 -0.00409789
-0.00075007 -0.00038998 -0.00413940
-0.00078967 -0.00037757 -0.00418092
-0.00082927 -0.00036516 -0.00422243
-0.00086887 -0.00035275 -0.00426394
-0.00090846 -0.00034033 -0.00430546
-0.00094806 -0.00032792 -0.00434697
-0.00098766 -0.00031551 -0.00438848
-0.00102726 -0.00030310 -0.00442999
-0.00106686 -0.00029069 -0.00447151
-0.00110645 -0.00027828 -0.00451302
-0.00114605 -0.00026586 -0.00455453
-0.00118565 -0.00025345 -0.00459605
-0.00122525 -0.00024104 -0.00463756
-0.00126485 -0.00022863 -0.00467907
-0.00130643 -0.00023814 -0.00467430
-0.00134801 -0.00024765 -0.00466952
-0.00138959 -0.00025715 -0.00466475
-0.00143118 -0.00026666 -0.00465997
-0.00147276 -0.00027617 -0.00465520
-0.00151434 -0.00028568 -0.00465042
-0.00155592 -0.00029519 -0.00464564
-0.00159751 -0.00030470 -0.00464087
-0.00163909 -0.00031421 -0.00463609
-0.00168067 -0.00032371 -0.00463132
-0.00172225 -0.00033322 -0.00462654
-0.00176384 -0.00034273 -0.00462177
-0.00180542 -0.00035224 -0.00461699
-0.00184700 -0.00036175 -0.00461221
-0.00188858 -0.00037126 -0.00460744
-0.00193017 -0.00038077 -0.00460266
-0.00197175 -0.00039027 -0.00459789
-0.00201333 -0.00039978 -0.00459311
-0.00205491 -0.00040929 -0.00458834
-0.00209649 -0.00041880 -0.00458356
-0.00207715 -0.00039318 -0.00454291
-0.00205781 -0.00036756 -0.00450226
-0.00203846 -0.00034193 -0.00446161
-0.00201912 -0.00031631 -0.00442096
-0.00199977 -0.00029069 -0.00438031
-0.00198043 -0.00026507 -0.00433966
-0.00196108 -0.00023944 -0.00429901
-0.00194174 -0.00021382 -0.00425836
-0.00192239 -0.00018820 -0.00421771
-0.00190305 -0.00016258 -0.00417706
-0.00188371 -0.00013695 -0.00413642
-0.00186436 -0.00011133 -0.00409577
-0.00184502 -0.00008571 -0.00405512
-0.00182567 -0.00006009 -0.00401447
-0.00180633 -0.00003446 -0.00397382
-0.00178698 -0.00000884 -0.00393317
-0.00176764 0.00001678 -0.00389252
-0.00174829 0.00004240 -0.00385187
-0.00172895 0.00006803 -0.00381122
-0.00170961 0.00009365 -0.00377057
-0.00171326 0.00012011 -0.00376056
-0.00171692 0.00014657 -0.00375054
-0.00172058 0.00017303 -0.00374053
-0.00172423 0.00019949 -0.00373052
-0.00172789 0.00022594 -0.00372050
-0.00173155 0.00025240 -0.00371049
-0.00173521 0.00027886 -0.00370048
-0.00173886 0.00030532 -0.00369047
-0.00174252 0.00033178 -0.00368045
-0.00174618 0.00035824 -0.00367044
-0.00174983 0.00038470 -0.00366043
-0.00175349 0.00041116 -0.00365042
-0.00175715 0.00043762 -0.00364040
-0.00176081 0.00046408 -0.00363039
-0.00176446 0.00049054 -0.00362038
-0.00176812 0.00051700 -0.00361036
-0.00177178 0.00054345 -0.00360035
-0.00177543 0.00056991 -0.00359034
-0.00177909 0.00059637 -0.00358033
-0.00178275 0.00062283 -0.00357031
-0.00182326 0.00057374 -0.00358857
-0.00186377 0.00052465 -0.00360682
-0.00190429 0.00047556 -0.00362507
-0.00194480 0.00042647 -0.00364333
-0.00198531 0.00037738 -0.00366158
-0.00202583 0.00032829 -0.00367984
-0.00206634 0.00027920 -0.00369809
-0.00210685 0.00023011 -0.00371635
-0.00214737 0.00018102 -0.00373460
-0.00218788 0.00013193 -0.00375285
-0.00222839 0.00008284 -0.00377111
-0.00226890 0.00003375 -0.00378936
-0.00230942 -0.00001534 -0.00380762
-0.00234993 -0.00006443 -0.00382587
-0.00239044 -0.00011352 -0.00384413
-0.00243096 -0.00016261 -0.00386238
-0.00247147 -0.00021170 -0.00388063
-0.00251198 -0.00026079 -0.00389889
-0.00255249 -0.00030988 -0.00391714
-0.00259301 -0.00035897 -0.00393540
-0.00257721 -0.00031266 -0.00391632
-0.00256141 -0.00026635 -0.00389725
-0.00254561 -0.00022004 -0.00387818
-0.00252981 -0.00017374 -0.00385911
-0.00251401 -0.00012743 -0.00384004
-0.00249821 -0.00008112 -0.00382097
-0.00248241 -0.00003482 -0.00380189
-0.00246661 0.00001149 -0.00378282
-0.00245081 0.00005780 -0.00376375
-0.00243501 0.00010411 -0.00374468
-0.00241922 0.00015041 -0.00372561
-0.00240342 0.00019672 -0.00370654
-0.00238762 0.00024303 -0.00368746
-0.00237182 0.00028933 -0.00366839
-0.00235602 0.00033564 -0.00364932
-0.00234022 0.00038195 -0.00363025
-0.00232442 0.00042826 -0.00361118
-0.00230862 0.00047456 -0.00359210
-0.00229282 0.00052087 -0.00357303
-0.00227702 0.00056718 -0.00355396
-0.00226493 0.00053452 -0.00359322
-0.00225284 0.00050186 -0.00363249
-0.00224075 0.00046920 -0.00367175
-0.00222866 0.00043654 -0.00371101
-0.00221657 0.00040388 -0.00375028
-0.00220448 0.00037122 -0.00378954
-0.00219239 0.00033856 -0.00382880
-0.00218030 0.00030590 -0.00386807
-0.00216821 0.00027325 -0.00390733
-0.00215612 0.00024059 -0.00394659
-0.00214402 0.00020793 -0.00398586
-0.00213193 0.00017527 -0.00402512
-0.00211984 0.00014261 -0.00406438
-0.00210775 0.00010995 -0.00410365
-0.00209566 0.00007729 -0.00414291
-0.00208357 0.00004463 -0.00418217
-0.00207148 0.00001197 -0.00422144
-0.00205939 -0.00002069 -0.00426070
-0.00204730 -0.00005334 -0.00429996
-0.00203521 -0.00008600 -0.00433923
-0.00204382 -0.00008646 -0.00430591
-0.00205243 -0.00008691 -0.00427259
-0.00206105 -0.00008737 -0.00423927
-0.00206966 -0.00008782 -0.00420595
-0.00207827 -0.00008828 -0.00417263
-0.00208689 -0.00008873 -0.00413931
-0.00209550 -0.00008919 -0.00410599
-0.00210411 -0.00008964 -0.00407267
-0.00211273 -0.00009010 -0.00403935
-0.00212134 -0.00009055 -0.00400603
-0.00212995 -0.00009101 -0.00397271
-0.00213857 -0.00009146 -0.00393939
-0.00214718 -0.00009192 -0.00390607
-0.00215579 -0.00009237 -0.00387275
-0.00216441 -0.00009283 -0.00383944
-0.00217302 -0.00009328 -0.00380612
-0.00218163 -0.00009374 -0.00377280
-0.00219025 -0.00009419 -0.00373948
-0.00219886 -0.00009465 -0.00370616
-0.00220747 -0.00009510 -0.00367284
-0.00215823 -0.00012926 -0.00362872
-0.00210898 -0.00016342 -0.00358460
-0.00205974 -0.00019757 -0.00354047
-0.00201050 -0.00023173 -0.00349635
-0.00196125 -0.00026589 -0.00345223
-0.00191201 -0.00030005 -0.00340811
-0.00186277 -0.00033421 -0.00336399
-0.00181352 -0.00036836 -0.00331986
-0.00176428 -0.00040252 -0.00327574
-0.00171504 -0.00043668 -0.00323162
-0.00166579 -0.00047084 -0.00318750
-0.00161655 -0.00050499 -0.00314338
-0.00156731 -0.00053915 -0.00309926
-0.00151806 -0.00057331 -0.00305513
-0.00146882 -0.00060747 -0.00301101
-0.00141957 -0.00064163 -0.00296689
-0.00137033 -0.00067578 -0.00292277
-0.00132109 -0.00070994 -0.00287865
-0.00127184 -0.00074410 -0.00283453
-0.00122260 -0.00077826 -0.00279040
-0.00125134 -0.00073240 -0.00279237
-0.00128007 -0.00068654 -0.00279434
-0.00130881 -0.00064068 -0.00279630
-0.00133754 -0.00059482 -0.00279827
-0.00136628 -0.00054897 -0.00280024
-0.00139501 -0.00050311 -0.00280220
-0.00142375 -0.00045725 -0.00280417
-0.00145248 -0.00041139 -0.00280614
-0.00148122 -0.00036553 -0.00280810
-0.00150996 -0.00031968 -0.00281007
-0.00153869 -0.00027382 -0.00281204
-0.00156743 -0.00022796 -0.00281400
-0.00159616 -0.00018210 -0.00281597
-0.00162490 -0.00013624 -0.00281794
-0.00165363 -0.00009039 -0.00281990
-0.00168237 -0.00004453 -0.00282187
-0.00171110 0.00000133 -0.00282384
-0.00173984 0.00004719 -0.00282580
-0.00176858 0.00009305 -0.00282777
-0.00179731 0.00013891 -0.00282974
-0.00184660 0.00013889 -0.00280579
-0.00189589 0.00013887 -0.00278184
-0.00194517 0.00013886 -0.00275789
-0.00199446 0.00013884 -0.00273394
-0.00204375 0.00013883 -0.00270999
-0.00209303 0.00013881 -0.00268604
-0.00214232 0.00013879 -0.00266209
-0.00219161 0.00013878 -0.00263814
-0.00224089 0.00013876 -0.00261419
-0.00229018 0.00013875 -0.00259024
-0.00233947 0.00013873 -0.00256629
-0.00238875 0.00013871 -0.00254235
-0.00243804 0.00013870 -0.00251840
-0.00248733 0.00013868 -0.00249445
-0.00253661 0.00013867 -0.00247050
-0.00258590 0.00013865 -0.00244655
-0.00263519 0.00013863 -0.00242260
-0.00268447 0.00013862 -0.00239865
-0.00273376 0.00013860 -0.00237470
-0.00278305 0.00013859 -0.00235075
-0.00276556 0.00009624 -0.00236710
-0.00274807 0.00005390 -0.00238345
-0.00273058 0.00001156 -0.00239980
-0.00271310 -0.00003079 -0.00241615
-0.00269561 -0.00007313 -0.00243250
-0.00267812 -0.00011547 -0.00244885
-0.00266063 -0.00015782 -0.00246520
-0.00264314 -0.00020016 -0.00248155
-0.00262565 -0.00024250 -0.00249790
-0.00260817 -0.00028485 -0.00251425
-0.00259068 -0.00032719 -0.00253060
-0.00257319 -0.00036953 -0.00254695
-0.00255570 -0.00041188 -0.00256330
-0.00253821 -0.00045422 -0.00257965
-0.00252072 -0.00049656 -0.00259600
-0.00250324 -0.00053891 -0.00261235
-0.00248575 -0.00058125 -0.00262870
-0.00246826 -0.00062359 -0.00264505
-0.00245077 -0.00066593 -0.00266140
-0.00243328 -0.00070828 -0.00267775
-0.00245075 -0.00069054 -0.00267339
-0.00246822 -0.00067280 -0.00266904
-0.00248570 -0.00065507 -0.00266468
-0.00250317 -0.00063733 -0.00266033
-0.00252064 -0.00061959 -0.00265597
-0.00253811 -0.00060186 -0.00265162
-0.00255558 -0.00058412 -0.00264726
-0.00257305 -0.00056638 -0.00264291
-0.00259052 -0.00054865 -0.00263855
-0.00260799 -0.00053091 -0.00263419
-0.00262546 -0.00051317 -0.00262984
-0.00264294 -0.00049544 -0.00262548
-0.00266041 -0.00047770 -0.00262113
-0.00267788 -0.00045996 -0.00261677
-0.00269535 -0.00044222 -0.00261242
-0.00271282 -0.00042449 -0.00260806
-0.00273029 -0.00040675 -0.00260370
-0.00274776 -0.00038901 -0.00259935
-0.00276523 -0.00037128 -0.00259499
-0.00278270 -0.00035354 -0.00259064
-0.00279063 -0.00031582 -0.00255789
-0.00279856 -0.00027809 -0.00252515
-0.00280648 -0.00024037 -0.00249240
-0.00281441 -0.00020264 -0.00245966
-0.00282234 -0.00016492 -0.00242692
-0.00283026 -0.00012720 -0.00239417
-0.00283819 -0.00008947 -0.00236143
-0.00284612 -0.00005175 -0.00232868
-0.00285404 -0.00001402 -0.00229594
-0.00286197 0.00002370 -0.00226319
-0.00286990 0.00006142 -0.00223045
-0.00287782 0.00009915 -0.00219771
-0.00288575 0.00013687 -0.00216496
-0.00289368 0.00017460 -0.00213222
-0.00290160 0.00021232 -0.00209947
-0.00290953 0.00025005 -0.00206673
-0.00291745 0.00028777 -0.00203398
-0.00292538 0.00032549 -0.00200124
-0.00293331 0.00036322 -0.00196849
-0.00294123 0.00040094 -0.00193575
-0.00296178 0.00043776 -0.00192300
-0.00298233 0.00047458 -0.00191025
-0.00300288 0.00051139 -0.00189750
-0.00302343 0.00054821 -0.00188476
-0.00304398 0.00058503 -0.00187201
-0.00306453 0.00062184 -0.00185926
-0.00308508 0.00065866 -0.00184651
-0.00310563 0.00069548 -0.00183376
-0.00312618 0.00073229 -0.00182101
-0.00314673 0.00076911 -0.00180826
-0.00316728 0.00080593 -0.00179551
-0.00318783 0.00084274 -0.00178277
-0.00320838 0.00087956 -0.00177002
-0.00322893 0.00091638 -0.00175727
-0.00324948 0.00095320 -0.00174452
-0.00327003 0.00099001 -0.00173177
-0.00329058 0.00102683 -0.00171902
-0.00331113 0.00106365 -0.00170627
-0.00333168 0.00110046 -0.00169352
-0.00335223 0.00113728 -0.00168077
-0.00331793 0.00110041 -0.00171254
-0.00328364 0.00106354 -0.00174430
-0.00324934 0.00102667 -0.00177606
-0.00321504 0.00098981 -0.00180782
-0.00318074 0.00095294 -0.00183958
-0.00314644 0.00091607 -0.00187134
-0.00311214 0.00087920 -0.00190311
-0.00307785 0.00084233 -0.00193487
-0.00304355 0.00080546 -0.00196663
-0.00300925 0.00076859 -0.00199839
-0.00297495 0.00073173 -0.00203015
-0.00294065 0.00069486 -0.00206191
-0.00290635 0.00065799 -0.00209368
-0.00287205 0.00062112 -0.00212544
-0.00283776 0.00058425 -0.00215720
-0.00280346 0.00054738 -0.00218896
-0.00276916 0.00051051 -0.00222072
-0.00273486 0.00047365 -0.00225249
-0.00270056 0.00043678 -0.00228425
-0.00266626 0.00039991 -0.00231601
-0.00269440 0.00036757 -0.00229237
-0.00272253 0.00033524 -0.00226874
-0.00275067 0.00030290 -0.00224510
-0.00277880 0.00027057 -0.00222147
-0.00280694 0.00023823 -0.00219783
-0.00283507 0.00020590 -0.00217420
-0.00286321 0.00017356 -0.00215056
-0.00289134 0.00014123 -0.00212693
-0.00291947 0.00010890 -0.00210329
-0.00294761 0.00007656 -0.00207966
-0.00297574 0.00004423 -0.00205602
-0.00300388 0.00001189 -0.00203239
-0.00303201 -0.00002044 -0.00200875
-0.00306015 -0.00005278 -0.00198511
-0.00308828 -0.00008511 -0.00196148
-0.00311642 -0.00011745 -0.00193784
-0.00314455 -0.00014978 -0.00191421
-0.00317269 -0.00018212 -0.00189057
-0.00320082 -0.00021445 -0.00186694
-0.00322895 -0.00024679 -0.00184330
-0.00322256 -0.00026468 -0.00183062
-0.00321616 -0.00028257 -0.00181795
-0.00320976 -0.00030046 -0.00180527
-0.00320337 -0.00031835 -0.00179259
-0.00319697 -0.00033624 -0.00177991
-0.00319057 -0.00035413 -0.00176723
-0.00318417 -0.00037202 -0.00175456
-0.00317778 -0.00038991 -0.00174188
-0.00317138 -0.00040780 -0.00172920
-0.00316498 -0.00042569 -0.00171652
-0.00315859 -0.00044358 -0.00170384
-0.00315219 -0.00046147 -0.00169116
-0.00314579 -0.00047936 -0.00167849
-0.00313939 -0.00049726 -0.00166581
-0.00313300 -0.00051515 -0.00165313
-0.00312660 -0.00053304 -0.00164045
-0.00312020 -0.00055093 -0.00162777
-0.00311380 -0.00056882 -0.00161509
-0.00310741 -0.00058671 -0.00160242
-0.00310101 -0.00060460 -0.00158974
-0.00310922 -0.00065218 -0.00162632
-0.00311743 -0.00069977 -0.00166291
-0.00312564 -0.00074735 -0.00169950
-0.00313385 -0.00079493 -0.00173608
-0.00314205 -0.00084252 -0.00177267
-0.00315026 -0.00089010 -0.00180925
-0.00315847 -0.00093768 -0.00184584
-0.00316668 -0.00098527 -0.00188242
-0.00317489 -0.00103285 -0.00191901
-0.00318310 -0.00108044 -0.00195560
-0.00319131 -0.00112802 -0.00199218
-0.00319952 -0.00117560 -0.00202877
-0.00320773 -0.00122319 -0.00206535
-0.00321594 -0.00127077 -0.00210194
-0.00322414 -0.00131835 -0.00213852
-0.00323235 -0.00136594 -0.00217511
-0.00324056 -0.00141352 -0.00221170
-0.00324877 -0.00146111 -0.00224828
-0.00325698 -0.00150869 -0.00228487
-0.00326519 -0.00155627 -0.00232145
-0.00322498 -0.00153247 -0.00235656
-0.00318477 -0.00150867 -0.00239167
-0.00314456 -0.00148487 -0.00242678
-0.00310435 -0.00146108 -0.00246189
-0.00306413 -0.00143728 -0.00249700
-0.00302392 -0.00141348 -0.00253211
-0.00298371 -0.00138968 -0.00256722
-0.00294350 -0.00136588 -0.00260232
-0.00290329 -0.00134208 -0.00263743
-0.00286308 -0.00131828 -0.00267254
-0.00282287 -0.00129448 -0.00270765
-0.00278266 -0.00127068 -0.00274276
-0.00274245 -0.00124688 -0.00277787
-0.00270224 -0.00122308 -0.00281298
-0.00266203 -0.00119928 -0.00284809
-0.00262181 -0.00117548 -0.00288319
-0.00258160 -0.00115168 -0.00291830
-0.00254139 -0.00112788 -0.00295341
-0.00250118 -0.00110409 -0.00298852
-0.00246097 -0.00108029 -0.00302363
-0.00245543 -0.00107064 -0.00303346
-0.00244989 -0.00106099 -0.00304329
-0.00244434 -0.00105134 -0.00305312
-0.00243880 -0.00104169 -0.00306295
-0.00243326 -0.00103204 -0.00307278
-0.00242772 -0.00102239 -0.00308261
-0.00242218 -0.00101274 -0.00309244
-0.00241663 -0.00100309 -0.00310227
-0.00241109 -0.00099344 -0.00311210
-0.00240555 -0.00098379 -0.00312193
-0.00240001 -0.00097415 -0.00313176
-0.00239447 -0.00096450 -0.00314159
-0.00238892 -0.00095485 -0.00315142
-0.00238338 -0.00094520 -0.00316126
-0.00237784 -0.00093555 -0.00317109
-0.00237230 -0.00092590 -0.00318092
-0.00236676 -0.00091625 -0.00319075
-0.00236121 -0.00090660 -0.00320058
-0.00235567 -0.00089695 -0.00321041
-0.00235013 -0.00088730 -0.00322024
-0.00234366 -0.00086315 -0.00323022
-0.00233720 -0.00083899 -0.00324020
-0.00233073 -0.00081483 -0.00325018
-0.00232426 -0.00079068 -0.00326016
-0.00231780 -0.00076652 -0.00327014
-0.00231133 -0.00074237 -0.00328012
-0.00230486 -0.00071821 -0.00329010
-0.00229840 -0.00069405 -0.00330008
-0.00229193 -0.00066990 -0.00331006
-0.00228546 -0.00064574 -0.00332004
-0.00227900 -0.00062159 -0.00333002
-0.00227253 -0.00059743 -0.00334000
-0.00226606 -0.00057327 -0.00334998
-0.00225960 -0.00054912 -0.00335996
-0.00225313 -0.00052496 -0.00336994
-0.00224666 -0.00050081 -0.00337992
-0.00224020 -0.00047665 -0.00338990
-0.00223373 -0.00045249 -0.00339988
-0.00222726 -0.00042834 -0.00340986
-0.00222080 -0.00040418 -0.00341984
-0.00218847 -0.00041071 -0.00341091
-0.00215615 -0.00041725 -0.00340197
-0.00212382 -0.00042378 -0.00339304
-0.00209150 -0.00043031 -0.00338411
-0.00205918 -0.00043684 -0.00337517
-0.00202685 -0.00044338 -0.00336624
-0.00199453 -0.00044991 -0.00335731
-0.00196220 -0.00045644 -0.00334838
-0.00192988 -0.00046297 -0.00333944
-0.00189755 -0.00046951 -0.00333051
-0.00186523 -0.00047604 -0.00332158
-0.00183291 -0.00048257 -0.00331264
-0.00180058 -0.00048910 -0.00330371
-0.00176826 -0.00049564 -0.00329478
-0.00173593 -0.00050217 -0.00328585
-0.00170361 -0.00050870 -0.00327691
-0.00167128 -0.00051523 -0.00326798
-0.00163896 -0.00052177 -0.00325905
-0.00160663 -0.00052830 -0.00325011
-0.00157431 -0.00053483 -0.00324118
-0.00155141 -0.00055796 -0.00324296
-0.00152851 -0.00058109 -0.00324475
-0.00150561 -0.00060422 -0.00324653
-0.00148271 -0.00062735 -0.00324832
-0.00145981 -0.00065048 -0.00325010
-0.00143691 -0.00067361 -0.00325189
-0.00141401 -0.00069674 -0.00325367
-0.00139110 -0.00071987 -0.00325545
-0.00136820 -0.00074300 -0.00325724
-0.00134530 -0.00076613 -0.00325902
-0.00132240 -0.00078926 -0.00326081
-0.00129950 -0.00081239 -0.00326259
-0.00127660 -0.00083552 -0.00326438
-0.00125370 -0.00085865 -0.00326616
-0.00123080 -0.00088178 -0.00326794
-0.00120790 -0.00090491 -0.00326973
-0.00118500 -0.00092804 -0.00327151
-0.00116210 -0.00095117 -0.00327330
-0.00113920 -0.00097430 -0.00327508
-0.00111630 -0.00099743 -0.00327686
-0.00114927 -0.00097098 -0.00323371
-0.00118223 -0.00094452 -0.00319056
-0.00121520 -0.00091807 -0.00314740
-0.00124817 -0.00089162 -0.00310425
-0.00128114 -0.00086517 -0.00306109
-0.00131411 -0.00083871 -0.00301794
-0.00134708 -0.00081226 -0.00297478
-0.00138005 -0.00078581 -0.00293163
-0.00141302 -0.00075936 -0.00288848
-0.00144599 -0.00073290 -0.00284532
-0.00147896 -0.00070645 -0.00280217
-0.00151192 -0.00068000 -0.00275901
-0.00154489 -0.00065355 -0.00271586
-0.00157786 -0.00062709 -0.00267270
-0.00161083 -0.00060064 -0.00262955
-0.00164380 -0.00057419 -0.00258640
-0.00167677 -0.00054774 -0.00254324
-0.00170974 -0.00052128 -0.00250009
-0.00174271 -0.00049483 -0.00245693
-0.00177568 -0.00046838 -0.00241378
-0.00174640 -0.00050160 -0.00241501
-0.00171712 -0.00053482 -0.00241624
-0.00168784 -0.00056804 -0.00241747
-0.00165855 -0.00060126 -0.00241871
-0.00162927 -0.00063448 -0.00241994
-0.00159999 -0.00066770 -0.00242117
-0.00157071 -0.00070092 -0.00242240
-0.00154143 -0.00073414 -0.00242363
-0.00151215 -0.00076736 -0.00242486
-0.00148287 -0.00080058 -0.00242610
-0.00145359 -0.00083380 -0.00242733
-0.00142431 -0.00086701 -0.00242856
-0.00139503 -0.00090023 -0.00242979
-0.00136575 -0.00093345 -0.00243102
-0.00133647 -0.00096667 -0.00243226
-0.00130719 -0.00099989 -0.00243349
-0.00127791 -0.00103311 -0.00243472
-0.00124863 -0.00106633 -0.00243595
-0.00121935 -0.00109955 -0.00243718
-0.00119007 -0.00113277 -0.00243841
-0.00114192 -0.00110263 -0.00246289
-0.00109378 -0.00107249 -0.00248737
-0.00104563 -0.00104235 -0.00251185
-0.00099748 -0.00101221 -0.00253632
-0.00094934 -0.00098207 -0.00256080
-0.00090119 -0.00095193 -0.00258528
-0.00085305 -0.00092179 -0.00260976
-0.00080490 -0.00089165 -0.00263424
-0.00075676 -0.00086151 -0.00265871
-0.00070861 -0.00083137 -0.00268319
-0.00066046 -0.00080123 -0.00270767
-0.00061232 -0.00077109 -0.00273215
-0.00056417 -0.00074095 -0.00275662
-0.00051603 -0.00071081 -0.00278110
-0.00046788 -0.00068067 -0.00280558
-0.00041974 -0.00065053 -0.00283006
-0.00037159 -0.00062039 -0.00285453
-0.00032344 -0.00059025 -0.00287901
-0.00027530 -0.00056011 -0.00290349
-0.00022715 -0.00052997 -0.00292797
-0.00020493 -0.00056673 -0.00294957
-0.00018271 -0.00060349 -0.00297117
-0.00016049 -0.00064024 -0.00299278
-0.00013826 -0.00067700 -0.00301438
-0.00011604 -0.00071375 -0.00303599
-0.00009382 -0.00075051 -0.00305759
-0.00007160 -0.00078727 -0.00307919
-0.00004937 -0.00082402 -0.00310080
-0.00002715 -0.00086078 -0.00312240
-0.00000493 -0.00089753 -0.00314401
0.00001729 -0.00093429 -0.00316561
0.00003952 -0.00097105 -0.00318721
0.00006174 -0.00100780 -0.00320882
0.00008396 -0.00104456 -0.00323042
0.00010618 -0.00108131 -0.00325202
0.00012841 -0.00111807 -0.00327363
0.00015063 -0.00115483 -0.00329523
0.00017285 -0.00119158 -0.00331684
0.00019507 -0.00122834 -0.00333844
0.00021730 -0.00126510 -0.00336004
0.00020676 -0.00123098 -0.00336982
0.00019623 -0.00119687 -0.00337959
0.00018570 -0.00116276 -0.00338936
0.00017516 -0.00112865 -0.00339913
0.00016463 -0.00109454 -0.00340891
0.00015410 -0.00106042 -0.00341868
0.00014356 -0.00102631 -0.00342845
0.00013303 -0.00099220 -0.00343822
0.00012250 -0.00095809 -0.00344800
0.00011196 -0.00092398 -0.00345777
0.00010143 -0.00088986 -0.00346754
0.00009090 -0.00085575 -0.00347731
0.00008036 -0.00082164 -0.00348708
0.00006983 -0.00078753 -0.00349686
0.00005930 -0.00075342 -0.00350663
0.00004876 -0.00071930 -0.00351640
0.00003823 -0.00068519 -0.00352617
0.00002770 -0.00065108 -0.00353595
0.00001716 -0.00061697 -0.00354572
0.00000663 -0.00058286 -0.00355549
0.00001472 -0.00054966 -0.00359581
0.00002281 -0.00051646 -0.00363614
0.00003090 -0.00048326 -0.00367646
0.00003899 -0.00045006 -0.00371678
0.00004708 -0.00041687 -0.00375711
0.00005517 -0.00038367 -0.00379743
0.00006326 -0.00035047 -0.00383776
0.00007135 -0.00031727 -0.00387808
0.00007944 -0.00028407 -0.00391840
0.00008754 -0.00025088 -0.00395873
0.00009563 -0.00021768 -0.00399905
0.00010372 -0.00018448 -0.00403937
0.00011181 -0.00015128 -0.00407970
0.00011990 -0.00011808 -0.00412002
0.00012799 -0.00008489 -0.00416034
0.00013608 -0.00005169 -0.00420067
0.00014417 -0.00001849 -0.00424099
0.00015226 0.00001471 -0.00428131
0.00016035 0.00004791 -0.00432164
0.00016844 0.00008110 -0.00436196
0.00012990 0.00008684 -0.00433700
0.00009135 0.00009257 -0.00431203
0.00005280 0.00009831 -0.00428707
0.00001426 0.00010404 -0.00426211
-0.00002429 0.00010978 -0.00423715
-0.00006284 0.00011551 -0.00421218
-0.00010138 0.00012124 -0.00418722
-0.00013993 0.00012698 -0.00416226
-0.00017848 0.00013271 -0.00413729
-0.00021702 0.00013845 -0.00411233
-0.00025557 0.00014418 -0.00408737
-0.00029412 0.00014992 -0.00406241
-0.00033266 0.00015565 -0.00403744
-0.00037121 0.00016138 -0.00401248
-0.00040976 0.00016712 -0.00398752
-0.00044830 0.00017285 -0.00396255
-0.00048685 0.00017859 -0.00393759
-0.00052539 0.00018432 -0.00391263
-0.00056394 0.00019006 -0.00388767
-0.00060249 0.00019579 -0.00386270
-0.00059558 0.00014985 -0.00381710
-0.00058867 0.00010390 -0.00377149
-0.00058176 0.00005796 -0.00372589
-0.00057485 0.00001201 -0.00368028
-0.00056794 -0.00003393 -0.00363467
-0.00056103 -0.00007988 -0.00358907
-0.00055413 -0.00012582 -0.00354346
-0.00054722 -0.00017177 -0.00349786
-0.00054031 -0.00021771 -0.00345225
-0.00053340 -0.00026365 -0.00340664
-0.00052649 -0.00030960 -0.00336104
-0.00051958 -0.00035554 -0.00331543
-0.00051267 -0.00040149 -0.00326983
-0.00050576 -0.00044743 -0.00322422
-0.00049885 -0.00049338 -0.00317862
-0.00049194 -0.00053932 -0.00313301
-0.00048504 -0.00058527 -0.00308740
-0.00047813 -0.00063121 -0.00304180
-0.00047122 -0.00067716 -0.00299619
-0.00046431 -0.00072310 -0.00295059
-0.00048139 -0.00068003 -0.00294487
-0.00049848 -0.00063696 -0.00293916
-0.00051556 -0.00059388 -0.00293344
-0.00053265 -0.00055081 -0.00292773
-0.00054973 -0.00050774 -0.00292202
-0.00056681 -0.00046467 -0.00291630
-0.00058390 -0.00042159 -0.00291059
-0.00060098 -0.00037852 -0.00290487
-0.00061807 -0.00033545 -0.00289916
-0.00063515 -0.00029238 -0.00289345
-0.00065224 -0.00024931 -0.00288773
-0.00066932 -0.00020623 -0.00288202
-0.00068640 -0.00016316 -0.00287630
-0.00070349 -0.00012009 -0.00287059
-0.00072057 -0.00007702 -0.00286487
-0.00073766 -0.00003394 -0.00285916
-0.00075474 0.00000913 -0.00285345
-0.00077182 0.00005220 -0.00284773
-0.00078891 0.00009527 -0.00284202
-0.00080599 0.00013834 -0.00283630
-0.00077659 0.00016982 -0.00278929
-0.00074718 0.00020130 -0.00274227
-0.00071777 0.00023278 -0.00269525
-0.00068837 0.00026426 -0.00264824
-0.00065896 0.00029574 -0.00260122
-0.00062955 0.00032722 -0.00255420
-0.00060014 0.00035869 -0.00250718
-0.00057074 0.00039017 -0.00246017
-0.00054133 0.00042165 -0.00241315
-0.00051192 0.00045313 -0.00236613
-0.00048252 0.00048461 -0.00231912
-0.00045311 0.00051609 -0.00227210
-0.00042370 0.00054757 -0.00222508
-0.00039430 0.00057905 -0.00217807
-0.00036489 0.00061052 -0.00213105
-0.00033548 0.00064200 -0.00208403
-0.00030607 0.00067348 -0.00203702
-0.00027667 0.00070496 -0.00199000
-0.00024726 0.00073644 -0.00194298
-0.00021785 0.00076792 -0.00189597
-0.00020289 0.00076149 -0.00185267
-0.00018793 0.00075506 -0.00180937
-0.00017297 0.00074863 -0.00176607
-0.00015801 0.00074220 -0.00172277
-0.00014304 0.00073577 -0.00167947
-0.00012808 0.00072934 -0.00163617
-0.00011312 0.00072291 -0.00159287
-0.00009816 0.00071648 -0.00154958
-0.00008320 0.00071005 -0.00150628
-0.00006823 0.00070363 -0.00146298
-0.00005327 0.00069720 -0.00141968
-0.00003831 0.00069077 -0.00137638
-0.00002335 0.00068434 -0.00133308
-0.00000839 0.00067791 -0.00128978
0.00000658 0.00067148 -0.00124648
0.00002154 0.00066505 -0.00120319
0.00003650 0.00065862 -0.00115989
0.00005146 0.00065219 -0.00111659
0.00006642 0.00064576 -0.00107329
0.00008138 0.00063933 -0.00102999
0.00004846 0.00061222 -0.00105756
0.00001553 0.00058510 -0.00108513
-0.00001740 0.00055798 -0.00111269
-0.00005033 0.00053087 -0.00114026
-0.00008326 0.00050375 -0.00116783
-0.00011619 0.00047664 -0.00119540
-0.00014912 0.00044952 -0.00122296
-0.00018205 0.00042240 -0.00125053
-0.00021498 0.00039529 -0.00127810
-0.00024791 0.00036817 -0.00130567
-0.00028084 0.00034105 -0.00133323
-0.00031377 0.00031394 -0.00136080
-0.00034670 0.00028682 -0.00138837
-0.00037963 0.00025971 -0.00141594
-0.00041256 0.00023259 -0.00144350
-0.00044548 0.00020547 -0.00147107
-0.00047841 0.00017836 -0.00149864
-0.00051134 0.00015124 -0.00152621
-0.00054427 0.00012412 -0.00155377
-0.00057720 0.00009701 -0.00158134
-0.00059487 0.00008566 -0.00158320
-0.00061255 0.00007431 -0.00158506
-0.00063022 0.00006296 -0.00158692
-0.00064789 0.00005161 -0.00158878
-0.00066557 0.00004025 -0.00159064
-0.00068324 0.00002890 -0.00159250
-0.00070091 0.00001755 -0.00159436
-0.00071859 0.00000620 -0.00159621
-0.00073626 -0.00000515 -0.00159807
-0.00075393 -0.00001650 -0.00159993
-0.00077161 -0.00002785 -0.00160179
-0.00078928 -0.00003920 -0.00160365
-0.00080695 -0.00005055 -0.00160551
-0.00082462 -0.00006190 -0.00160737
-0.00084230 -0.00007325 -0.00160923
-0.00085997 -0.00008460 -0.00161109
-0.00087764 -0.00009595 -0.00161295
-0.00089532 -0.00010730 -0.00161481
-0.00091299 -0.00011865 -0.00161667
-0.00093066 -0.00013000 -0.00161852
-0.00095966 -0.00017768 -0.00160711
-0.00098866 -0.00022535 -0.00159570
-0.00101766 -0.00027302 -0.00158428
-0.00104666 -0.00032070 -0.00157287
-0.00107566 -0.00036837 -0.00156146
-0.00110466 -0.00041604 -0.00155004
-0.00113365 -0.00046371 -0.00153863
-0.00116265 -0.00051139 -0.00152721
-0.00119165 -0.00055906 -0.00151580
-0.00122065 -0.00060673 -0.00150439
-0.00124965 -0.00065440 -0.00149297
-0.00127865 -0.00070208 -0.00148156
-0.00130765 -0.00074975 -0.00147015
-0.00133665 -0.00079742 -0.00145873
-0.00136565 -0.00084509 -0.00144732
-0.00139464 -0.00089277 -0.00143590
-0.00142364 -0.00094044 -0.00142449
-0.00145264 -0.00098811 -0.00141308
-0.00148164 -0.00103578 -0.00140166
-0.00151064 -0.00108346 -0.00139025
-0.00147405 -0.00108670 -0.00141957
-0.00143745 -0.00108994 -0.00144889
-0.00140086 -0.00109318 -0.00147821
-0.00136426 -0.00109643 -0.00150753
-0.00132767 -0.00109967 -0.00153684
-0.00129107 -0.00110291 -0.00156616
-0.00125448 -0.00110615 -0.00159548
-0.00121789 -0.00110940 -0.00162480
-0.00118129 -0.00111264 -0.00165412
-0.00114470 -0.00111588 -0.00168344
-0.00110810 -0.00111912 -0.00171276
-0.00107151 -0.00112237 -0.00174208
-0.00103491 -0.00112561 -0.00177139
-0.00099832 -0.00112885 -0.00180071
-0.00096172 -0.00113210 -0.00183003
-0.00092513 -0.00113534 -0.00185935
-0.00088854 -0.00113858 -0.00188867
-0.00085194 -0.00114182 -0.00191799
-0.00081535 -0.00114507 -0.00194731
-0.00077875 -0.00114831 -0.00197663
-0.00081471 -0.00110136 -0.00198663
-0.00085068 -0.00105442 -0.00199663
-0.00088664 -0.00100747 -0.00200663
-0.00092260 -0.00096053 -0.00201663
-0.00095856 -0.00091358 -0.00202663
-0.00099452 -0.00086664 -0.00203663
-0.00103049 -0.00081969 -0.00204663
-0.00106645 -0.00077275 -0.00205663
-0.00110241 -0.00072580 -0.00206663
-0.00113837 -0.00067885 -0.00207663
-0.00117433 -0.00063191 -0.00208663
-0.00121029 -0.00058496 -0.00209663
-0.00124626 -0.00053802 -0.00210663
-0.00128222 -0.00049107 -0.00211663
-0.00131818 -0.00044413 -0.00212663
-0.00135414 -0.00039718 -0.00213663
-0.00139010 -0.00035024 -0.00214663
-0.00142606 -0.00030329 -0.00215663
-0.00146203 -0.00025635 -0.00216663
-0.00149799 -0.00020940 -0.00217663
-0.00152227 -0.00019953 -0.00220403
-0.00154655 -0.00018966 -0.00223143
-0.00157083 -0.00017979 -0.00225883
-0.00159511 -0.00016992 -0.00228623
-0.00161939 -0.00016005 -0.00231363
-0.00164367 -0.00015018 -0.00234103
-0.00166795 -0.00014030 -0.00236843
-0.00169223 -0.00013043 -0.00239583
-0.00171651 -0.00012056 -0.00242323
-0.00174079 -0.00011069 -0.00245063
-0.00176507 -0.00010082 -0.00247803
-0.00178935 -0.00009095 -0.00250543
-0.00181363 -0.00008108 -0.00253283
-0.00183791 -0.00007121 -0.00256023
-0.00186219 -0.00006134 -0.00258762
-0.00188647 -0.00005147 -0.00261502
-0.00191075 -0.00004159 -0.00264242
-0.00193503 -0.00003172 -0.00266982
-0.00195931 -0.00002185 -0.00269722
-0.00198359 -0.00001198 -0.00272462
-0.00199974 0.00002599 -0.00274873
-0.00201589 0.00006397 -0.00277283
-0.00203204 0.00010195 -0.00279693
-0.00204819 0.00013992 -0.00282104
-0.00206434 0.00017790 -0.00284514
-0.00208049 0.00021587 -0.00286924
-0.00209665 0.00025385 -0.00289335
-0.00211280 0.00029182 -0.00291745
-0.00212895 0.00032980 -0.00294155
-0.00214510 0.00036777 -0.00296566
-0.00216125 0.00040575 -0.00298976
-0.00217740 0.00044373 -0.00301386
-0.00219355 0.00048170 -0.00303797
-0.00220970 0.00051968 -0.00306207
-0.00222585 0.00055765 -0.00308617
-0.00224200 0.00059563 -0.00311028
-0.00225815 0.00063360 -0.00313438
-0.00227430 0.00067158 -0.00315848
-0.00229045 0.00070956 -0.00318259
-0.00230660 0.00074753 -0.00320669
-0.00228758 0.00078042 -0.00321587
-0.00226856 0.00081331 -0.00322505
-0.00224954 0.00084619 -0.00323423
-0.00223052 0.00087908 -0.00324340
-0.00221150 0.00091197 -0.00325258
-0.00219248 0.00094486 -0.00326176
-0.00217346 0.00097774 -0.00327094
-0.00215444 0.00101063 -0.00328012
-0.00213542 0.00104352 -0.00328930
-0.00211640 0.00107641 -0.00329848
-0.00209737 0.00110929 -0.00330765
-0.00207835 0.00114218 -0.00331683
-0.00205933 0.00117507 -0.00332601
-0.00204031 0.00120796 -0.00333519
-0.00202129 0.00124084 -0.00334437
-0.00200227 0.00127373 -0.00335355
-0.00198325 0.00130662 -0.00336273
-0.00196423 0.00133951 -0.00337190
-0.00194521 0.00137239 -0.00338108
-0.00192619 0.00140528 -0.00339026
-0.00192108 0.00137936 -0.00338549
-0.00191596 0.00135343 -0.00338072
-0.00191085 0.00132751 -0.00337594
-0.00190574 0.00130158 -0.00337117
-0.00190062 0.00127566 -0.00336640
-0.00189551 0.00124974 -0.00336162
-0.00189039 0.00122381 -0.00335685
-0.00188528 0.00119789 -0.00335208
-0.00188017 0.00117196 -0.00334730
-0.00187505 0.00114604 -0.00334253
-0.00186994 0.00112011 -0.00333776
-0.00186482 0.00109419 -0.00333299
-0.00185971 0.00106827 -0.00332821
-0.00185460 0.00104234 -0.00332344
-0.00184948 0.00101642 -0.00331867
-0.00184437 0.00099049 -0.00331389
-0.00183925 0.00096457 -0.00330912
-0.00183414 0.00093865 -0.00330435
-0.00182903 0.00091272 -0.00329958
-0.00182391 0.00088680 -0.00329480
-0.00178037 0.00085924 -0.00325058
-0.00173683 0.00083168 -0.00320635
-0.00169329 0.00080412 -0.00316213
-0.00164975 0.00077656 -0.00311791
-0.00160621 0.00074900 -0.00307368
-0.00156267 0.00072144 -0.00302946
-0.00151913 0.00069388 -0.00298523
-0.00147559 0.00066632 -0.00294101
-0.00143205 0.00063876 -0.00289679
-0.00138851 0.00061120 -0.00285256
-0.00134497 0.00058364 -0.00280834
-0.00130143 0.00055608 -0.00276411
-0.00125789 0.00052852 -0.00271989
-0.00121435 0.00050096 -0.00267567
-0.00117080 0.00047340 -0.00263144
-0.00112726 0.00044584 -0.00258722
-0.00108372 0.00041828 -0.00254299
-0.00104018 0.00039072 -0.00249877
-0.00099664 0.00036316 -0.00245454
-0.00095310 0.00033560 -0.00241032
-0.00094992 0.00031782 -0.00242138
-0.00094674 0.00030003 -0.00243245
-0.00094355 0.00028224 -0.00244351
-0.00094037 0.00026445 -0.00245457
-0.00093719 0.00024666 -0.00246564
-0.00093401 0.00022888 -0.00247670
-0.00093083 0.00021109 -0.00248776
-0.00092764 0.00019330 -0.00249883
-0.00092446 0.00017551 -0.00250989
-0.00092128 0.00015772 -0.00252095
-0.00091810 0.00013994 -0.00253202
-0.00091491 0.00012215 -0.00254308
-0.00091173 0.00010436 -0.00255414
-0.00090855 0.00008657 -0.00256521
-0.00090537 0.00006878 -0.00257627
-0.00090218 0.00005100 -0.00258733
-0.00089900 0.00003321 -0.00259840
-0.00089582 0.00001542 -0.00260946
-0.00089264 -0.00000237 -0.00262052
-0.00088945 -0.00002016 -0.00263159
-0.00089367 -0.00006207 -0.00261146
-0.00089789 -0.00010398 -0.00259133
-0.00090211 -0.00014589 -0.00257120
-0.00090632 -0.00018780 -0.00255108
-0.00091054 -0.00022971 -0.00253095
-0.00091476 -0.00027162 -0.00251082
-0.00091898 -0.00031353 -0.00249069
-0.00092319 -0.00035544 -0.00247057
-0.00092741 -0.00039735 -0.00245044
-0.00093163 -0.00043926 -0.00243031
-0.00093584 -0.00048118 -0.00241018
-0.00094006 -0.00052309 -0.00239005
-0.00094428 -0.00056500 -0.00236993
-0.00094850 -0.00060691 -0.00234980
-0.00095271 -0.00064882 -0.00232967
-0.00095693 -0.00069073 -0.00230954
-0.00096115 -0.00073264 -0.00228942
-0.00096537 -0.00077455 -0.00226929
-0.00096958 -0.00081646 -0.00224916
-0.00097380 -0.00085837 -0.00222903
-0.00098731 -0.00084673 -0.00221481
-0.00100083 -0.00083508 -0.00220058
-0.00101434 -0.00082344 -0.00218636
-0.00102786 -0.00081179 -0.00217213
-0.00104137 -0.00080015 -0.00215791
-0.00105489 -0.00078850 -0.00214368
-0.00106840 -0.00077686 -0.00212945
-0.00108191 -0.00076521 -0.00211523
-0.00109543 -0.00075357 -0.00210100
-0.00110894 -0.00074193 -0.00208678
-0.00112246 -0.00073028 -0.00207255
-0.00113597 -0.00071864 -0.00205832
-0.00114948 -0.00070699 -0.00204410
-0.00116300 -0.00069535 -0.00202987
-0.00117651 -0.00068370 -0.00201565
-0.00119003 -0.00067206 -0.00200142
-0.00120354 -0.00066041 -0.00198720
-0.00121706 -0.00064877 -0.00197297
-0.00123057 -0.00063712 -0.00195874
-0.00124408 -0.00062548 -0.00194452
-0.00126525 -0.00061055 -0.00194334
-0.00128641 -0.00059562 -0.00194216
-0.00130758 -0.00058070 -0.00194098
-0.00132875 -0.00056577 -0.00193980
-0.00134991 -0.00055085 -0.00193862
-0.00137108 -0.00053592 -0.00193744
-0.00139224 -0.00052100 -0.00193626
-0.00141341 -0.00050607 -0.00193508
-0.00143457 -0.00049114 -0.00193390
-0.00145574 -0.00047622 -0.00193272
-0.00147690 -0.00046129 -0.00193154
-0.00149807 -0.00044637 -0.00193037
-0.00151924 -0.00043144 -0.00192919
-0.00154040 -0.00041652 -0.00192801
-0.00156157 -0.00040159 -0.00192683
-0.00158273 -0.00038666 -0.00192565
-0.00160390 -0.00037174 -0.00192447
-0.00162506 -0.00035681 -0.00192329
-0.00164623 -0.00034189 -0.00192211
-0.00166739 -0.00032696 -0.00192093
-0.00166080 -0.00030272 -0.00189373
-0.00165420 -0.00027848 -0.00186653
-0.00164761 -0.00025424 -0.00183933
-0.00164101 -0.00023000 -0.00181213
-0.00163442 -0.00020576 -0.00178494
-0.00162782 -0.00018152 -0.00175774
-0.00162123 -0.00015727 -0.00173054
-0.00161463 -0.00013303 -0.00170334
-0.00160804 -0.00010879 -0.00167614
-0.00160144 -0.00008455 -0.00164894
-0.00159485 -0.00006031 -0.00162174
-0.00158825 -0.00003607 -0.00159454
-0.00158166 -0.00001183 -0.00156734
-0.00157506 0.00001241 -0.00154014
-0.00156847 0.00003665 -0.00151295
-0.00156187 0.00006089 -0.00148575
-0.00155528 0.00008514 -0.00145855
-0.00154868 0.00010938 -0.00143135
-0.00154209 0.00013362 -0.00140415
-0.00153549 0.00015786 -0.00137695
-0.00155569 0.00012945 -0.00137527
-0.00157588 0.00010104 -0.00137359
-0.00159608 0.00007262 -0.00137190
-0.00161627 0.00004421 -0.00137022
-0.00163647 0.00001580 -0.00136854
-0.00165666 -0.00001261 -0.00136686
-0.00167685 -0.00004102 -0.00136517
-0.00169705 -0.00006944 -0.00136349
-0.00171724 -0.00009785 -0.00136181
-0.00173744 -0.00012626 -0.00136013
-0.00175763 -0.00015467 -0.00135845
-0.00177783 -0.00018308 -0.00135676
-0.00179802 -0.00021149 -0.00135508
-0.00181822 -0.00023991 -0.00135340
-0.00183841 -0.00026832 -0.00135172
-0.00185861 -0.00029673 -0.00135003
-0.00187880 -0.00032514 -0.00134835
-0.00189900 -0.00035355 -0.00134667
-0.00191919 -0.00038196 -0.00134499
-0.00193939 -0.00041038 -0.00134331
-0.00195630 -0.00038957 -0.00135575
-0.00197322 -0.00036876 -0.00136819
-0.00199013 -0.00034796 -0.00138064
-0.00200705 -0.00032715 -0.00139308
-0.00202396 -0.00030634 -0.00140552
-0.00204088 -0.00028554 -0.00141797
-0.00205779 -0.00026473 -0.00143041
-0.00207471 -0.00024392 -0.00144286
-0.00209162 -0.00022312 -0.00145530
-0.00210853 -0.00020231 -0.00146774
-0.00212545 -0.00018150 -0.00148019
-0.00214236 -0.00016070 -0.00149263
-0.00215928 -0.00013989 -0.00150507
-0.00217619 -0.00011908 -0.00151752
-0.00219311 -0.00009828 -0.00152996
-0.00221002 -0.00007747 -0.00154241
-0.00222694 -0.00005666 -0.00155485
-0.00224385 -0.00003586 -0.00156729
-0.00226077 -0.00001505 -0.00157974
-0.00227768 0.00000576 -0.00159218
-0.00227479 0.00004674 -0.00159661
-0.00227190 0.00008772 -0.00160103
-0.00226901 0.00012870 -0.00160546
-0.00226612 0.00016968 -0.00160989
-0.00226322 0.00021066 -0.00161431
-0.00226033 0.00025164 -0.00161874
-0.00225744 0.00029262 -0.00162316
-0.00225455 0.00033360 -0.00162759
-0.00225166 0.00037458 -0.00163202
-0.00224877 0.00041556 -0.00163644
-0.00224587 0.00045654 -0.00164087
-0.00224298 0.00049752 -0.00164530
-0.00224009 0.00053850 -0.00164972
-0.00223720 0.00057948 -0.00165415
-0.00223431 0.00062046 -0.00165857
-0.00223141 0.00066144 -0.00166300
-0.00222852 0.00070242 -0.00166743
-0.00222563 0.00074340 -0.00167185
-0.00222274 0.00078438 -0.00167628
-0.00221985 0.00082536 -0.00168071
-0.00226936 0.00080623 -0.00170851
-0.00231888 0.00078710 -0.00173631
-0.00236840 0.00076796 -0.00176412
-0.00241791 0.00074883 -0.00179192
-0.00246743 0.00072970 -0.00181972
-0.00251695 0.00071056 -0.00184752
-0.00256646 0.00069143 -0.00187533
-0.00261598 0.00067230 -0.00190313
-0.00266550 0.00065316 -0.00193093
-0.00271501 0.00063403 -0.00195874
-0.00276453 0.00061490 -0.00198654
-0.00281405 0.00059576 -0.00201434
-0.00286356 0.00057663 -0.00204215
-0.00291308 0.00055750 -0.00206995
-0.00296260 0.00053837 -0.00209775
-0.00301211 0.00051923 -0.00212556
-0.00306163 0.00050010 -0.00215336
-0.00311115 0.00048097 -0.00218116
-0.00316066 0.00046183 -0.00220897
-0.00321018 0.00044270 -0.00223677
-0.00325519 0.00043534 -0.00220677
-0.00330020 0.00042798 -0.00217677
-0.00334521 0.00042062 -0.00214678
-0.00339022 0.00041325 -0.00211678
-0.00343523 0.00040589 -0.00208678
-0.00348024 0.00039853 -0.00205678
-0.00352525 0.00039117 -0.00202679
-0.00357026 0.00038381 -0.00199679
-0.00361527 0.00037645 -0.00196679
-0.00366028 0.00036909 -0.00193679
-0.00370529 0.00036172 -0.00190679
-0.00375030 0.00035436 -0.00187680
-0.00379531 0.00034700 -0.00184680
-0.00384032 0.00033964 -0.00181680
-0.00388533 0.00033228 -0.00178680
-0.00393034 0.00032492 -0.00175680
-0.00397535 0.00031756 -0.00172681
-0.00402036 0.00031019 -0.00169681
-0.00406537 0.00030283 -0.00166681
-0.00411038 0.00029547 -0.00163681
-0.00414574 0.00024591 -0.00161575
-0.00418110 0.00019634 -0.00159469
-0.00421647 0.00014678 -0.00157363
-0.00425183 0.00009721 -0.00155257
-0.00428719 0.00004765 -0.00153151
-0.00432256 -0.00000192 -0.00151045
-0.00435792 -0.00005148 -0.00148939
-0.00439328 -0.00010105 -0.00146833
-0.00442865 -0.00015061 -0.00144727
-0.00446401 -0.00020018 -0.00142621
-0.00449937 -0.00024974 -0.00140515
-0.00453474 -0.00029931 -0.00138409
-0.00457010 -0.00034888 -0.00136302
-0.00460546 -0.00039844 -0.00134196
-0.00464082 -0.00044801 -0.00132090
-0.00467619 -0.00049757 -0.00129984
-0.00471155 -0.00054714 -0.00127878
-0.00474691 -0.00059670 -0.00125772
-0.00478228 -0.00064627 -0.00123666
-0.00481764 -0.00069583 -0.00121560
-0.00483289 -0.00066900 -0.00119633
-0.00484814 -0.00064216 -0.00117705
-0.00486340 -0.00061533 -0.00115778
-0.00487865 -0.00058849 -0.00113850
-0.00489390 -0.00056166 -0.00111923
-0.00490915 -0.00053482 -0.00109995
-0.00492440 -0.00050799 -0.00108068
-0.00493965 -0.00048115 -0.00106140
-0.00495491 -0.00045432 -0.00104213
-0.00497016 -0.00042748 -0.00102285
-0.00498541 -0.00040065 -0.00100358
-0.00500066 -0.00037381 -0.00098431
-0.00501591 -0.00034698 -0.00096503
-0.00503117 -0.00032014 -0.00094576
-0.00504642 -0.00029331 -0.00092648
-0.00506167 -0.00026647 -0.00090721
-0.00507692 -0.00023964 -0.00088793
-0.00509217 -0.00021280 -0.00086866
-0.00510742 -0.00018597 -0.00084938
-0.00512268 -0.00015913 -0.00083011
-0.00512650 -0.00013691 -0.00085737
-0.00513033 -0.00011468 -0.00088463
-0.00513415 -0.00009246 -0.00091190
-0.00513798 -0.00007023 -0.00093916
-0.00514180 -0.00004801 -0.00096642
-0.00514563 -0.00002579 -0.00099368
-0.00514945 -0.00000356 -0.00102094
-0.00515328 0.00001866 -0.00104820
-0.00515710 0.00004089 -0.00107547
-0.00516093 0.00006311 -0.00110273
-0.00516475 0.00008534 -0.00112999
-0.00516858 0.00010756 -0.00115725
-0.00517240 0.00012979 -0.00118451
-0.00517623 0.00015201 -0.00121177
-0.00518005 0.00017423 -0.00123904
-0.00518388 0.00019646 -0.00126630
-0.00518770 0.00021868 -0.00129356
-0.00519153 0.00024091 -0.00132082
-0.00519535 0.00026313 -0.00134808
-0.00519918 0.00028536 -0.00137534
-0.00517586 0.00027748 -0.00133097
-0.00515254 0.00026961 -0.00128660
-0.00512922 0.00026174 -0.00124222
-0.00510590 0.00025386 -0.00119785
-0.00508258 0.00024599 -0.00115348
-0.00505926 0.00023812 -0.00110910
-0.00503594 0.00023024 -0.00106473
-0.00501263 0.00022237 -0.00102036
-0.00498931 0.00021450 -0.00097598
-0.00496599 0.00020662 -0.00093161
-0.00494267 0.00019875 -0.00088724
-0.00491935 0.00019087 -0.00084286
-0.00489603 0.00018300 -0.00079849
-0.00487271 0.00017513 -0.00075412
-0.00484939 0.00016725 -0.00070974
-0.00482608 0.00015938 -0.00066537
-0.00480276 0.00015151 -0.00062100
-0.00477944 0.00014363 -0.00057662
-0.00475612 0.00013576 -0.00053225
-0.00473280 0.00012789 -0.00048788
-0.00470609 0.00017712 -0.00050030
-0.00467938 0.00022636 -0.00051272
-0.00465267 0.00027560 -0.00052514
-0.00462596 0.00032484 -0.00053756
-0.00459925 0.00037408 -0.00054999
-0.00457254 0.00042332 -0.00056241
-0.00454583 0.00047255 -0.00057483
-0.00451912 0.00052179 -0.00058725
-0.00449241 0.00057103 -0.00059967
-0.00446570 0.00062027 -0.00061210
-0.00443900 0.00066951 -0.00062452
-0.00441229 0.00071874 -0.00063694
-0.00438558 0.00076798 -0.00064936
-0.00435887 0.00081722 -0.00066179
-0.00433216 0.00086646 -0.00067421
-0.00430545 0.00091570 -0.00068663
-0.00427874 0.00096493 -0.00069905
-0.00425203 0.00101417 -0.00071147
-0.00422532 0.00106341 -0.00072390
-0.00419861 0.00111265 -0.00073632
-0.00419647 0.00115868 -0.00072867
-0.00419432 0.00120471 -0.00072102
-0.00419218 0.00125074 -0.00071337
-0.00419004 0.00129678 -0.00070572
-0.00418790 0.00134281 -0.00069807
-0.00418575 0.00138884 -0.00069042
-0.00418361 0.00143487 -0.00068277
-0.00418147 0.00148090 -0.00067512
-0.00417933 0.00152694 -0.00066747
-0.00417718 0.00157297 -0.00065982
-0.00417504 0.00161900 -0.00065217
-0.00417290 0.00166503 -0.00064452
-0.00417076 0.00171106 -0.00063687
-0.00416862 0.00175710 -0.00062922
-0.00416647 0.00180313 -0.00062157
-0.00416433 0.00184916 -0.00061392
-0.00416219 0.00189519 -0.00060627
-0.00416005 0.00194122 -0.00059862
-0.00415790 0.00198726 -0.00059097
-0.00415576 0.00203329 -0.00058332
-0.00420530 0.00207073 -0.00062004
-0.00425484 0.00210817 -0.00065675
-0.00430438 0.00214561 -0.00069347
-0.00435392 0.00218306 -0.00073018
-0.00440346 0.00222050 -0.00076690
-0.00445300 0.00225794 -0.00080361
-0.00450254 0.00229538 -0.00084033
-0.00455208 0.00233282 -0.00087704
-0.00460162 0.00237026 -0.00091376
-0.00465116 0.00240771 -0.00095047
-0.00470070 0.00244515 -0.00098719
-0.00475024 0.00248259 -0.00102390
-0.00479978 0.00252003 -0.00106062
-0.00484932 0.00255747 -0.00109733
-0.00489886 0.00259491 -0.00113405
-0.00494840 0.00263236 -0.00117076
-0.00499794 0.00266980 -0.00120748
-0.00504748 0.00270724 -0.00124419
-0.00509703 0.00274468 -0.00128091
-0.00514657 0.00278212 -0.00131762
-0.00515627 0.00275774 -0.00127039
-0.00516597 0.00273336 -0.00122317
-0.00517567 0.00270898 -0.00117594
-0.00518537 0.00268460 -0.00112872
-0.00519507 0.00266022 -0.00108149
-0.00520477 0.00263584 -0.00103427
-0.00521447 0.00261145 -0.00098704
-0.00522417 0.00258707 -0.00093982
-0.00523387 0.00256269 -0.00089259
-0.00524357 0.00253831 -0.00084537
-0.00525327 0.00251393 -0.00079814
-0.00526297 0.00248955 -0.00075091
-0.00527267 0.00246517 -0.00070369
-0.00528237 0.00244079 -0.00065646
-0.00529207 0.00241641 -0.00060924
-0.00530177 0.00239202 -0.00056201
-0.00531147 0.00236764 -0.00051479
-0.00532117 0.00234326 -0.00046756
-0.00533087 0.00231888 -0.00042034
-0.00534057 0.00229450 -0.00037311
-0.00539044 0.00226294 -0.00035827
-0.00544030 0.00223138 -0.00034343
-0.00549017 0.00219983 -0.00032859
-0.00554004 0.00216827 -0.00031375
-0.00558990 0.00213671 -0.00029891
-0.00563977 0.00210515 -0.00028407
-0.00568963 0.00207360 -0.00026923
-0.00573950 0.00204204 -0.00025438
-0.00578937 0.00201048 -0.00023954
-0.00583923 0.00197892 -0.00022470
-0.00588910 0.00194737 -0.00020986
-0.00593897 0.00191581 -0.00019502
-0.00598883 0.00188425 -0.00018018
-0.00603870 0.00185269 -0.00016534
-0.00608857 0.00182114 -0.00015050
-0.00613843 0.00178958 -0.00013566
-0.00618830 0.00175802 -0.00012082
-0.00623817 0.00172647 -0.00010598
-0.00628803 0.00169491 -0.00009114
-0.00633790 0.00166335 -0.00007630
-0.00630328 0.00165862 -0.00003661
-0.00626866 0.00165388 0.00000307
-0.00623405 0.00164915 0.00004276
-0.00619943 0.00164442 0.00008244
-0.00616481 0.00163969 0.00012213
-0.00613019 0.00163495 0.00016181
-0.00609558 0.00163022 0.00020149
-0.00606096 0.00162549 0.00024118
-0.00602634 0.00162075 0.00028086
-0.00599173 0.00161602 0.00032055
-0.00595711 0.00161129 0.00036023
-0.00592249 0.00160655 0.00039992
-0.00588787 0.00160182 0.00043960
-0.00585326 0.00159709 0.00047929
-0.00581864 0.00159236 0.00051897
-0.00578402 0.00158762 0.00055865
-0.00574940 0.00158289 0.00059834
-0.00571479 0.00157816 0.00063802
-0.00568017 0.00157342 0.00067771
-0.00564555 0.00156869 0.00071739
-0.00564649 0.00152596 0.00068238
-0.00564743 0.00148323 0.00064737
-0.00564837 0.00144049 0.00061236
-0.00564931 0.00139776 0.00057735
-0.00565025 0.00135503 0.00054235
-0.00565119 0.00131230 0.00050734
-0.00565213 0.00126957 0.00047233
-0.00565308 0.00122684 0.00043732
-0.00565402 0.00118410 0.00040231
-0.00565496 0.00114137 0.00036730
-0.00565590 0.00109864 0.00033229
-0.00565684 0.00105591 0.00029728
-0.00565778 0.00101318 0.00026227
-0.00565872 0.00097044 0.00022726
-0.00565966 0.00092771 0.00019225
-0.00566060 0.00088498 0.00015724
-0.00566154 0.00084225 0.00012223
-0.00566248 0.00079952 0.00008723
-0.00566342 0.00075678 0.00005222
-0.00566436 0.00071405 0.00001721
-0.00561820 0.00070896 0.00001305
-0.00557205 0.00070387 0.00000890
-0.00552589 0.00069878 0.00000474
-0.00547974 0.00069369 0.00000059
-0.00543358 0.00068860 -0.00000356
-0.00538743 0.00068351 -0.00000772
-0.00534127 0.00067842 -0.00001187
-0.00529512 0.00067334 -0.00001603
-0.00524896 0.00066825 -0.00002018
-0.00520280 0.00066316 -0.00002434
-0.00515665 0.00065807 -0.00002849
-0.00511049 0.00065298 -0.00003264
-0.00506434 0.00064789 -0.00003680
-0.00501818 0.00064280 -0.00004095
-0.00497203 0.00063771 -0.00004511
-0.00492587 0.00063262 -0.00004926
-0.00487972 0.00062753 -0.00005341
-0.00483356 0.00062244 -0.00005757
-0.00478741 0.00061735 -0.00006172
-0.00474125 0.00061226 -0.00006588
-0.00472359 0.00064519 -0.00005009
-0.00470592 0.00067813 -0.00003430
-0.00468826 0.00071106 -0.00001851
-0.00467060 0.00074400 -0.00000272
-0.00465294 0.00077693 0.00001307
-0.00463527 0.00080987 0.00002886
-0.00461761 0.00084280 0.00004465
-0.00459995 0.00087573 0.00006044
-0.00458229 0.00090867 0.00007622
-0.00456462 0.00094160 0.00009201
-0.00454696 0.00097454 0.00010780
-0.00452930 0.00100747 0.00012359
-0.00451163 0.00104040 0.00013938
-0.00449397 0.00107334 0.00015517
-0.00447631 0.00110627 0.00017096
-0.00445865 0.00113921 0.00018675
-0.00444098 0.00117214 0.00020254
-0.00442332 0.00120507 0.00021833
-0.00440566 0.00123801 0.00023411
-0.00438800 0.00127094 0.00024990
-0.00436948 0.00125509 0.00023495
-0.00435097 0.00123924 0.00022000
-0.00433246 0.00122339 0.00020504
-0.00431395 0.00120754 0.00019009
-0.00429544 0.00119169 0.00017513
-0.00427693 0.00117584 0.00016018
-0.00425842 0.00115999 0.00014523
-0.00423991 0.00114414 0.00013027
-0.00422139 0.00112829 0.00011532
-0.00420288 0.00111244 0.00010037
-0.00418437 0.00109659 0.00008541
-0.00416586 0.00108074 0.00007046
-0.00414735 0.00106489 0.00005550
-0.00412884 0.00104904 0.00004055
-0.00411033 0.00103319 0.00002560
-0.00409182 0.00101734 0.00001064
-0.00407330 0.00100149 -0.00000431
-0.00405479 0.00098564 -0.00001927
-0.00403628 0.00096979 -0.00003422
-0.00401777 0.00095394 -0.00004917
-0.00399401 0.00091585 -0.00005152
-0.00397024 0.00087777 -0.00005387
-0.00394648 0.00083968 -0.00005622
-0.00392271 0.00080160 -0.00005856
-0.00389895 0.00076351 -0.00006091
-0.00387519 0.00072543 -0.00006326
-0.00385142 0.00068734 -0.00006561
-0.00382766 0.00064925 -0.00006795
-0.00380389 0.00061117 -0.00007030
-0.00378013 0.00057308 -0.00007265
-0.00375637 0.00053500 -0.00007500
-0.00373260 0.00049691 -0.00007734
-0.00370884 0.00045883 -0.00007969
-0.00368507 0.00042074 -0.00008204
-0.00366131 0.00038266 -0.00008439
-0.00363755 0.00034457 -0.00008673
-0.00361378 0.00030649 -0.00008908
-0.00359002 0.00026840 -0.00009143
-0.00356625 0.00023032 -0.00009378
-0.00354249 0.00019223 -0.00009612
-0.00358586 0.00019427 -0.00009532
-0.00362924 0.00019630 -0.00009451
-0.00367261 0.00019834 -0.00009370
-0.00371599 0.00020037 -0.00009290
-0.00375936 0.00020241 -0.00009209
-0.00380273 0.00020444 -0.00009128
-0.00384611 0.00020648 -0.00009048
-0.00388948 0.00020851 -0.00008967
-0.00393285 0.00021055 -0.00008887
-0.00397623 0.00021258 -0.00008806
-0.00401960 0.00021462 -0.00008725
-0.00406297 0.00021665 -0.00008645
-0.00410635 0.00021869 -0.00008564
-0.00414972 0.00022073 -0.00008483
-0.00419309 0.00022276 -0.00008403
-0.00423647 0.00022480 -0.00008322
-0.00427984 0.00022683 -0.00008241
-0.00432321 0.00022887 -0.00008161
-0.00436659 0.00023090 -0.00008080
-0.00440996 0.00023294 -0.00007999
-0.00445515 0.00026155 -0.00004063
-0.00450034 0.00029015 -0.00000126
-0.00454554 0.00031876 0.00003810
-0.00459073 0.00034737 0.00007747
-0.00463592 0.00037598 0.00011683
-0.00468111 0.00040458 0.00015620
-0.00472630 0.00043319 0.00019557
-0.00477149 0.00046180 0.00023493
-0.00481668 0.00049041 0.00027430
-0.00486187 0.00051901 0.00031366
-0.00490706 0.00054762 0.00035303
-0.00495226 0.00057623 0.00039239
-0.00499745 0.00060484 0.00043176
-0.00504264 0.00063345 0.00047113
-0.00508783 0.00066205 0.00051049
-0.00513302 0.00069066 0.00054986
-0.00517821 0.00071927 0.00058922
-0.00522340 0.00074788 0.00062859
-0.00526859 0.00077648 0.00066795
-0.00531378 0.00080509 0.00070732
-0.00528041 0.00082517 0.00065962
-0.00524704 0.00084524 0.00061191
-0.00521367 0.00086532 0.00056421
-0.00518030 0.00088539 0.00051650
-0.00514693 0.00090547 0.00046880
-0.00511355 0.00092554 0.00042109
-0.00508018 0.00094562 0.00037339
-0.00504681 0.00096569 0.00032568
-0.00501344 0.00098577 0.00027798
-0.00498007 0.00100584 0.00023027
-0.00494670 0.00102592 0.00018257
-0.00491332 0.00104599 0.00013486
-0.00487995 0.00106607 0.00008716
-0.00484658 0.00108614 0.00003945
-0.00481321 0.00110622 -0.00000825
-0.00477984 0.00112629 -0.00005596
-0.00474647 0.00114637 -0.00010366
-0.00471309 0.00116644 -0.00015137
-0.00467972 0.00118652 -0.00019907
-0.00464635 0.00120659 -0.00024678
-0.00461872 0.00125563 -0.00020697
-0.00459109 0.00130467 -0.00016717
-0.00456346 0.00135371 -0.00012737
-0.00453583 0.00140274 -0.00008757
-0.00450820 0.00145178 -0.00004777
-0.00448057 0.00150082 -0.00000797
-0.00445294 0.00154986 0.00003183
-0.00442532 0.00159890 0.00007163
-0.00439769 0.00164793 0.00011143
-0.00437006 0.00169697 0.00015124
-0.00434243 0.00174601 0.00019104
-0.00431480 0.00179505 0.00023084
-0.00428717 0.00184408 0.00027064
-0.00425954 0.00189312 0.00031044
-0.00423191 0.00194216 0.00035024
-0.00420428 0.00199120 0.00039004
-0.00417665 0.00204023 0.00042984
-0.00414902 0.00208927 0.00046965
-0.00412139 0.00213831 0.00050945
-0.00409376 0.00218735 0.00054925
-0.00409166 0.00214536 0.00052077
-0.00408956 0.00210336 0.00049228
-0.00408746 0.00206137 0.00046380
-0.00408536 0.00201938 0.00043532
-0.00408326 0.00197739 0.00040684
-0.00408116 0.00193540 0.00037835
-0.00407906 0.00189341 0.00034987
-0.00407696 0.00185142 0.00032139
-0.00407486 0.00180943 0.00029291
-0.00407276 0.00176744 0.00026442
-0.00407066 0.00172545 0.00023594
-0.00406856 0.00168345 0.00020746
-0.00406646 0.00164146 0.00017898
-0.00406436 0.00159947 0.00015049
-0.00406226 0.00155748 0.00012201
-0.00406016 0.00151549 0.00009353
-0.00405806 0.00147350 0.00006505
-0.00405596 0.00143151 0.00003656
-0.00405386 0.00138952 0.00000808
-0.00405176 0.00134753 -0.00002040
-0.00409825 0.00129945 -0.00002907
-0.00414473 0.00125137 -0.00003773
-0.00419122 0.00120330 -0.00004640
-0.00423771 0.00115522 -0.00005507
-0.00428419 0.00110715 -0.00006373
-0.00433068 0.00105907 -0.00007240
-0.00437717 0.00101099 -0.00008107
-0.00442365 0.00096292 -0.00008973
-0.00447014 0.00091484 -0.00009840
-0.00451663 0.00086676 -0.00010707
-0.00456311 0.00081869 -0.00011573
-0.00460960 0.00077061 -0.00012440
-0.00465609 0.00072254 -0.00013307
-0.00470258 0.00067446 -0.00014173
-0.00474906 0.00062638 -0.00015040
-0.00479555 0.00057831 -0.00015907
-0.00484204 0.00053023 -0.00016773
-0.00488852 0.00048216 -0.00017640
-0.00493501 0.00043408 -0.00018506
-0.00498150 0.00038600 -0.00019373
-0.00500098 0.00033797 -0.00020039
-0.00502047 0.00028993 -0.00020705
-0.00503996 0.00024189 -0.00021371
-0.00505945 0.00019385 -0.00022038
-0.00507894 0.00014581 -0.00022704
-0.00509843 0.00009777 -0.00023370
-0.00511791 0.00004973 -0.00024036
-0.00513740 0.00000170 -0.00024702
-0.00515689 -0.00004634 -0.00025368
-0.00517638 -0.00009438 -0.00026034
-0.00519587 -0.00014242 -0.00026700
-0.00521536 -0.00019046 -0.00027366
-0.00523485 -0.00023850 -0.00028032
-0.00525433 -0.00028653 -0.00028699
-0.00527382 -0.00033457 -0.00029365
-0.00529331 -0.00038261 -0.00030031
-0.00531280 -0.00043065 -0.00030697
-0.00533229 -0.00047869 -0.00031363
-0.00535178 -0.00052673 -0.00032029
-0.00537126 -0.00057476 -0.00032695
-0.00535568 -0.00054980 -0.00036195
-0.00534010 -0.00052483 -0.00039695
-0.00532451 -0.00049986 -0.00043196
-0.00530893 -0.00047489 -0.00046696
-0.00529335 -0.00044992 -0.00050196
-0.00527776 -0.00042495 -0.00053696
-0.00526218 -0.00039998 -0.00057196
-0.00524659 -0.00037502 -0.00060696
-0.00523101 -0.00035005 -0.00064196
-0.00521543 -0.00032508 -0.00067696
-0.00519984 -0.00030011 -0.00071197
-0.00518426 -0.00027514 -0.00074697
-0.00516868 -0.00025017 -0.00078197
-0.00515309 -0.00022520 -0.00081697
-0.00513751 -0.00020024 -0.00085197
-0.00512192 -0.00017527 -0.00088697
-0.00510634 -0.00015030 -0.00092197
-0.00509076 -0.00012533 -0.00095697
-0.00507517 -0.00010036 -0.00099198
-0.00505959 -0.00007539 -0.00102698
-0.00507026 -0.00006129 -0.00101418
-0.00508093 -0.00004719 -0.00100139
-0.00509161 -0.00003309 -0.00098860
-0.00510228 -0.00001898 -0.00097580
-0.00511295 -0.00000488 -0.00096301
-0.00512362 0.00000922 -0.00095022
-0.00513430 0.00002332 -0.00093742
-0.00514497 0.00003742 -0.00092463
-0.00515564 0.00005153 -0.00091184
-0.00516631 0.00006563 -0.00089904
-0.00517699 0.00007973 -0.00088625
-0.00518766 0.00009383 -0.00087345
-0.00519833 0.00010793 -0.00086066
-0.00520900 0.00012204 -0.00084787
-0.00521967 0.00013614 -0.00083507
-0.00523035 0.00015024 -0.00082228
-0.00524102 0.00016434 -0.00080949
-0.00525169 0.00017845 -0.00079669
-0.00526236 0.00019255 -0.00078390
-0.00527304 0.00020665 -0.00077111
-0.00530233 0.00019515 -0.00078247
-0.00533162 0.00018365 -0.00079384
-0.00536091 0.00017214 -0.00080520
-0.00539020 0.00016064 -0.00081657
-0.00541949 0.00014914 -0.00082793
-0.00544878 0.00013764 -0.00083930
-0.00547807 0.00012614 -0.00085066
-0.00550736 0.00011464 -0.00086202
-0.00553665 0.00010313 -0.00087339
-0.00556594 0.00009163 -0.00088475
-0.00559523 0.00008013 -0.00089612
-0.00562452 0.00006863 -0.00090748
-0.00565381 0.00005713 -0.00091885
-0.00568310 0.00004562 -0.00093021
-0.00571239 0.00003412 -0.00094158
-0.00574168 0.00002262 -0.00095294
-0.00577097 0.00001112 -0.00096431
-0.00580026 -0.00000038 -0.00097567
-0.00582955 -0.00001188 -0.00098704
-0.00585884 -0.00002339 -0.00099840
-0.00588464 -0.00001282 -0.00094990
-0.00591044 -0.00000226 -0.00090141
-0.00593624 0.00000830 -0.00085291
-0.00596204 0.00001886 -0.00080441
-0.00598783 0.00002942 -0.00075591
-0.00601363 0.00003998 -0.00070741
-0.00603943 0.00005055 -0.00065892
-0.00606523 0.00006111 -0.00061042
-0.00609103 0.00007167 -0.00056192
-0.00611683 0.00008223 -0.00051342
-0.00614262 0.00009279 -0.00046492
-0.00616842 0.00010335 -0.00041643
-0.00619422 0.00011392 -0.00036793
-0.00622002 0.00012448 -0.00031943
-0.00624582 0.00013504 -0.00027093
-0.00627162 0.00014560 -0.00022243
-0.00629741 0.00015616 -0.00017393
-0.00632321 0.00016672 -0.00012544
-0.00634901 0.00017729 -0.00007694
-0.00637481 0.00018785 -0.00002844
-0.00638190 0.00014707 -0.00001083
-0.00638898 0.00010630 0.00000678
-0.00639607 0.00006552 0.00002438
-0.00640316 0.00002475 0.00004199
-0.00641024 -0.00001603 0.00005960
-0.00641733 -0.00005681 0.00007721
-0.00642442 -0.00009758 0.00009482
-0.00643151 -0.00013836 0.00011242
-0.00643859 -0.00017913 0.00013003
-0.00644568 -0.00021991 0.00014764
-0.00645277 -0.00026068 0.00016525
-0.00645985 -0.00030146 0.00018286
-0.00646694 -0.00034223 0.00020046
-0.00647403 -0.00038301 0.00021807
-0.00648112 -0.00042378 0.00023568
-0.00648820 -0.00046456 0.00025329
-0.00649529 -0.00050533 0.00027089
-0.00650238 -0.00054611 0.00028850
-0.00650946 -0.00058689 0.00030611
-0.00651655 -0.00062766 0.00032372
-0.00649025 -0.00057804 0.00028211
-0.00646395 -0.00052842 0.00024049
-0.00643766 -0.00047880 0.00019888
-0.00641136 -0.00042918 0.00015727
-0.00638506 -0.00037956 0.00011565
-0.00635876 -0.00032994 0.00007404
-0.00633246 -0.00028032 0.00003243
-0.00630617 -0.00023070 -0.00000919
-0.00627987 -0.00018108 -0.00005080
-0.00625357 -0.00013146 -0.00009241
-0.00622727 -0.00008184 -0.00013402
-0.00620097 -0.00003222 -0.00017564
-0.00617468 0.00001740 -0.00021725
-0.00614838 0.00006702 -0.00025886
-0.00612208 0.00011664 -0.00030048
-0.00609578 0.00016626 -0.00034209
-0.00606948 0.00021588 -0.00038370
-0.00604319 0.00026550 -0.00042532
-0.00601689 0.00031512 -0.00046693
-0.00599059 0.00036474 -0.00050854
-0.00596229 0.00038802 -0.00051618
-0.00593400 0.00041130 -0.00052381
-0.00590570 0.00043459 -0.00053145
-0.00587741 0.00045787 -0.00053909
-0.00584911 0.00048115 -0.00054672
-0.00582082 0.00050443 -0.00055436
-0.00579252 0.00052771 -0.00056199
-0.00576423 0.00055099 -0.00056963
-0.00573593 0.00057428 -0.00057726
-0.00570764 0.00059756 -0.00058490
-0.00567934 0.00062084 -0.00059254
-0.00565105 0.00064412 -0.00060017
-0.00562275 0.00066740 -0.00060781
-0.00559446 0.00069069 -0.00061544
-0.00556616 0.00071397 -0.00062308
-0.00553787 0.00073725 -0.00063072
-0.00550957 0.00076053 -0.00063835
-0.00548128 0.00078381 -0.00064599
-0.00545298 0.00080709 -0.00065362
-0.00542469 0.00083038 -0.00066126
-0.00538973 0.00078341 -0.00068492
-0.00535478 0.00073644 -0.00070858
-0.00531983 0.00068948 -0.00073224
-0.00528487 0.00064251 -0.00075591
-0.00524992 0.00059555 -0.00077957
-0.00521497 0.00054858 -0.00080323
-0.00518002 0.00050161 -0.00082689
-0.00514506 0.00045465 -0.00085055
-0.00511011 0.00040768 -0.00087422
-0.00507516 0.00036072 -0.00089788
-0.00504020 0.00031375 -0.00092154
-0.00500525 0.00026678 -0.00094520
-0.00497030 0.00021982 -0.00096886
-0.00493534 0.00017285 -0.00099252
-0.00490039 0.00012589 -0.00101619
-0.00486544 0.00007892 -0.00103985
-0.00483048 0.00003195 -0.00106351
-0.00479553 -0.00001501 -0.00108717
-0.00476058 -0.00006198 -0.00111083
-0.00472562 -0.00010894 -0.00113450
-0.00473240 -0.00010759 -0.00117079
-0.00473918 -0.00010623 -0.00120709
-0.00474596 -0.00010487 -0.00124339
-0.00475273 -0.00010352 -0.00127969
-0.00475951 -0.00010216 -0.00131598
-0.00476629 -0.00010081 -0.00135228
-0.00477306 -0.00009945 -0.00138858
-0.00477984 -0.00009809 -0.00142487
-0.00478662 -0.00009674 -0.00146117
-0.00479339 -0.00009538 -0.00149747
-0.00480017 -0.00009403 -0.00153377
-0.00480695 -0.00009267 -0.00157006
-0.00481372 -0.00009131 -0.00160636
-0.00482050 -0.00008996 -0.00164266
-0.00482728 -0.00008860 -0.00167896
-0.00483406 -0.00008724 -0.00171525
-0.00484083 -0.00008589 -0.00175155
-0.00484761 -0.00008453 -0.00178785
-0.00485439 -0.00008318 -0.00182415
-0.00486116 -0.00008182 -0.00186044
-0.00483713 -0.00010450 -0.00187281
-0.00481311 -0.00012718 -0.00188517
-0.00478908 -0.00014985 -0.00189754
-0.00476505 -0.00017253 -0.00190990
-0.00474102 -0.00019521 -0.00192227
-0.00471699 -0.00021789 -0.00193463
-0.00469297 -0.00024056 -0.00194700
-0.00466894 -0.00026324 -0.00195936
-0.00464491 -0.00028592 -0.00197173
-0.00462088 -0.00030860 -0.00198409
-0.00459685 -0.00033128 -0.00199646
-0.00457283 -0.00035395 -0.00200882
-0.00454880 -0.00037663 -0.00202119
-0.00452477 -0.00039931 -0.00203355
-0.00450074 -0.00042199 -0.00204592
-0.00447671 -0.00044466 -0.00205828
-0.00445269 -0.00046734 -0.00207065
-0.00442866 -0.00049002 -0.00208301
-0.00440463 -0.00051270 -0.00209538
-0.00438060 -0.00053538 -0.00210774
-0.00438212 -0.00054940 -0.00205885
-0.00438364 -0.00056342 -0.00200995
-0.00438515 -0.00057744 -0.00196105
-0.00438667 -0.00059146 -0.00191215
-0.00438819 -0.00060548 -0.00186326
-0.00438971 -0.00061950 -0.00181436
-0.00439123 -0.00063352 -0.00176546
-0.00439274 -0.00064754 -0.00171656
-0.00439426 -0.00066156 -0.00166767
-0.00439578 -0.00067558 -0.00161877
-0.00439730 -0.00068961 -0.00156987
-0.00439882 -0.00070363 -0.00152097
-0.00440033 -0.00071765 -0.00147208
-0.00440185 -0.00073167 -0.00142318
-0.00440337 -0.00074569 -0.00137428
-0.00440489 -0.00075971 -0.00132539
-0.00440641 -0.00077373 -0.00127649
-0.00440792 -0.00078775 -0.00122759
-0.00440944 -0.00080177 -0.00117869
-0.00441096 -0.00081579 -0.00112980
-0.00443340 -0.00084243 -0.00113432
-0.00445584 -0.00086906 -0.00113884
-0.00447829 -0.00089569 -0.00114336
-0.00450073 -0.00092232 -0.00114788
-0.00452317 -0.00094895 -0.00115240
-0.00454561 -0.00097558 -0.00115692
-0.00456805 -0.00100221 -0.00116144
-0.00459050 -0.00102884 -0.00116597
-0.00461294 -0.00105547 -0.00117049
-0.00463538 -0.00108210 -0.00117501
-0.00465782 -0.00110873 -0.00117953
-0.00468026 -0.00113536 -0.00118405
-0.00470271 -0.00116199 -0.00118857
-0.00472515 -0.00118862 -0.00119309
-0.00474759 -0.00121525 -0.00119761
-0.00477003 -0.00124188 -0.00120214
-0.00479247 -0.00126851 -0.00120666
-0.00481491 -0.00129514 -0.00121118
-0.00483736 -0.00132177 -0.00121570
-0.00485980 -0.00134840 -0.00122022
-0.00482644 -0.00134052 -0.00124453
-0.00479309 -0.00133264 -0.00126884
-0.00475973 -0.00132476 -0.00129314
-0.00472638 -0.00131688 -0.00131745
-0.00469302 -0.00130899 -0.00134176
-0.00465967 -0.00130111 -0.00136607
-0.00462631 -0.00129323 -0.00139038
-0.00459296 -0.00128535 -0.00141468
-0.00455960 -0.00127747 -0.00143899
-0.00452625 -0.00126959 -0.00146330
-0.00449289 -0.00126171 -0.00148761
-0.00445954 -0.00125382 -0.00151192
-0.00442618 -0.00124594 -0.00153622
-0.00439283 -0.00123806 -0.00156053
-0.00435947 -0.00123018 -0.00158484
-0.00432612 -0.00122230 -0.00160915
-0.00429276 -0.00121442 -0.00163346
-0.00425941 -0.00120653 -0.00165777
-0.00422605 -0.00119865 -0.00168207
-0.00419270 -0.00119077 -0.00170638
-0.00420563 -0.00115239 -0.00174576
-0.00421856 -0.00111402 -0.00178514
-0.00423149 -0.00107564 -0.00182452
-0.00424442 -0.00103726 -0.00186390
-0.00425735 -0.00099889 -0.00190329
-0.00427028 -0.00096051 -0.00194267
-0.00428320 -0.00092213 -0.00198205
-0.00429613 -0.00088376 -0.00202143
-0.00430906 -0.00084538 -0.00206081
-0.00432199 -0.00080700 -0.00210019
-0.00433492 -0.00076863 -0.00213957
-0.00434785 -0.00073025 -0.00217895
-0.00436078 -0.00069187 -0.00221833
-0.00437371 -0.00065349 -0.00225771
-0.00438664 -0.00061512 -0.00229709
-0.00439957 -0.00057674 -0.00233647
-0.00441250 -0.00053836 -0.00237585
-0.00442543 -0.00049999 -0.00241524
-0.00443836 -0.00046161 -0.00245462
-0.00445129 -0.00042323 -0.00249400
-0.00445773 -0.00041415 -0.00252090
-0.00446416 -0.00040506 -0.00254781
-0.00447059 -0.00039598 -0.00257472
-0.00447702 -0.00038689 -0.00260162
-0.00448345 -0.00037781 -0.00262853
-0.00448989 -0.00036873 -0.00265544
-0.00449632 -0.00035964 -0.00268234
-0.00450275 -0.00035056 -0.00270925
-0.00450918 -0.00034147 -0.00273616
-0.00451561 -0.00033239 -0.00276306
-0.00452204 -0.00032330 -0.00278997
-0.00452848 -0.00031422 -0.00281688
-0.00453491 -0.00030513 -0.00284378
-0.00454134 -0.00029605 -0.00287069
-0.00454777 -0.00028696 -0.00289760
-0.00455420 -0.00027788 -0.00292450
-0.00456064 -0.00026879 -0.00295141
-0.00456707 -0.00025971 -0.00297832
-0.00457350 -0.00025063 -0.00300523
-0.00457993 -0.00024154 -0.00303213
-0.00453550 -0.00020189 -0.00300944
-0.00449107 -0.00016225 -0.00298675
-0.00444664 -0.00012260 -0.00296406
-0.00440221 -0.00008296 -0.00294137
-0.00435778 -0.00004331 -0.00291868
-0.00431335 -0.00000366 -0.00289599
-0.00426893 0.00003598 -0.00287330
-0.00422450 0.00007563 -0.00285061
-0.00418007 0.00011527 -0.00282792
-0.00413564 0.00015492 -0.00280523
-0.00409121 0.00019456 -0.00278254
-0.00404678 0.00023421 -0.00275985
-0.00400235 0.00027386 -0.00273716
-0.00395792 0.00031350 -0.00271448
-0.00391349 0.00035315 -0.00269179
-0.00386906 0.00039279 -0.00266910
-0.00382463 0.00043244 -0.00264641
-0.00378020 0.00047209 -0.00262372
-0.00373577 0.00051173 -0.00260103
-0.00369134 0.00055138 -0.00257834
-0.00371883 0.00058688 -0.00256029
-0.00374632 0.00062237 -0.00254225
-0.00377380 0.00065787 -0.00252420
-0.00380129 0.00069337 -0.00250615
-0.00382878 0.00072887 -0.00248811
-0.00385626 0.00076437 -0.00247006
-0.00388375 0.00079987 -0.00245202
-0.00391123 0.00083536 -0.00243397
-0.00393872 0.00087086 -0.00241593
-0.00396621 0.00090636 -0.00239788
-0.00399369 0.00094186 -0.00237984
-0.00402118 0.00097736 -0.00236179
-0.00404867 0.00101286 -0.00234375
-0.00407615 0.00104835 -0.00232570
-0.00410364 0.00108385 -0.00230766
-0.00413113 0.00111935 -0.00228961
-0.00415861 0.00115485 -0.00227157
-0.00418610 0.00119035 -0.00225352
-0.00421359 0.00122584 -0.00223547
-0.00424107 0.00126134 -0.00221743
-0.00424156 0.00125114 -0.00218625
-0.00424204 0.00124094 -0.00215507
-0.00424253 0.00123073 -0.00212390
-0.00424301 0.00122053 -0.00209272
-0.00424349 0.00121033 -0.00206154
-0.00424398 0.00120012 -0.00203036
-0.00424446 0.00118992 -0.00199919
-0.00424495 0.00117972 -0.00196801
-0.00424543 0.00116951 -0.00193683
-0.00424591 0.00115931 -0.00190565
-0.00424640 0.00114911 -0.00187448
-0.00424688 0.00113890 -0.00184330
-0.00424737 0.00112870 -0.00181212
-0.00424785 0.00111850 -0.00178095
-0.00424834 0.00110829 -0.00174977
-0.00424882 0.00109809 -0.00171859
-0.00424930 0.00108789 -0.00168741
-0.00424979 0.00107768 -0.00165624
-0.00425027 0.00106748 -0.00162506
-0.00425076 0.00105728 -0.00159388
-0.00428062 0.00109930 -0.00155407
-0.00431049 0.00114133 -0.00151426
-0.00434035 0.00118336 -0.00147445
-0.00437022 0.00122538 -0.00143464
-0.00440009 0.00126741 -0.00139483
-0.00442995 0.00130944 -0.00135503
-0.00445982 0.00135147 -0.00131522
-0.00448969 0.00139349 -0.00127541
-0.00451955 0.00143552 -0.00123560
-0.00454942 0.00147755 -0.00119579
-0.00457928 0.00151958 -0.00115598
-0.00460915 0.00156160 -0.00111617
-0.00463902 0.00160363 -0.00107636
-0.00466888 0.00164566 -0.00103655
-0.00469875 0.00168768 -0.00099674
-0.00472861 0.00172971 -0.00095693
-0.00475848 0.00177174 -0.00091712
-0.00478835 0.00181377 -0.00087731
-0.00481821 0.00185579 -0.00083751
-0.00484808 0.00189782 -0.00079770
-0.00480215 0.00189141 -0.00076219
-0.00475622 0.00188501 -0.00072669
-0.00471029 0.00187860 -0.00069118
-0.00466436 0.00187220 -0.00065568
-0.00461844 0.00186579 -0.00062017
-0.00457251 0.00185939 -0.00058467
-0.00452658 0.00185298 -0.00054917
-0.00448065 0.00184658 -0.00051366
-0.00443472 0.00184017 -0.00047816
-0.00438879 0.00183377 -0.00044265
-0.00434286 0.00182736 -0.00040715
-0.00429693 0.00182096 -0.00037164
-0.00425101 0.00181455 -0.00033614
-0.00420508 0.00180815 -0.00030064
-0.00415915 0.00180174 -0.00026513
-0.00411322 0.00179533 -0.00022963
-0.00406729 0.00178893 -0.00019412
-0.00402136 0.00178252 -0.00015862
-0.00397543 0.00177612 -0.00012311
-0.00392951 0.00176971 -0.00008761
-0.00395427 0.00180958 -0.00008480
-0.00397903 0.00184946 -0.00008200
-0.00400379 0.00188933 -0.00007919
-0.00402855 0.00192920 -0.00007639
-0.00405331 0.00196907 -0.00007358
-0.00407808 0.00200894 -0.00007078
-0.00410284 0.00204882 -0.00006797
-0.00412760 0.00208869 -0.00006517
-0.00415236 0.00212856 -0.00006237
-0.00417712 0.00216843 -0.00005956
-0.00420188 0.00220830 -0.00005676
-0.00422664 0.00224818 -0.00005395
-0.00425141 0.00228805 -0.00005115
-0.00427617 0.00232792 -0.00004834
-0.00430093 0.00236779 -0.00004554
-0.00432569 0.00240766 -0.00004273
-0.00435045 0.00244754 -0.00003993
-0.00437521 0.00248741 -0.00003712
-0.00439998 0.00252728 -0.00003432
-0.00442474 0.00256715 -0.00003151
-0.00443738 0.00259823 -0.00002045
-0.00445002 0.00262931 -0.00000940
-0.00446267 0.00266039 0.00000166
-0.00447531 0.00269147 0.00001271
-0.00448795 0.00272255 0.00002377
-0.00450060 0.00275363 0.00003482
-0.00451324 0.00278471 0.00004588
-0.00452589 0.00281579 0.00005694
-0.00453853 0.00284686 0.00006799
-0.00455117 0.00287794 0.00007905
-0.00456382 0.00290902 0.00009010
-0.00457646 0.00294010 0.00010116
-0.00458910 0.00297118 0.00011221
-0.00460175 0.00300226 0.00012327
-0.00461439 0.00303334 0.00013433
-0.00462703 0.00306442 0.00014538
-0.00463968 0.00309550 0.00015644
-0.00465232 0.00312658 0.00016749
-0.00466496 0.00315766 0.00017855
-0.00467761 0.00318874 0.00018961
-0.00464816 0.00318131 0.00023558
-0.00461872 0.00317388 0.00028155
-0.00458927 0.00316645 0.00032752
-0.00455982 0.00315903 0.00037350
-0.00453038 0.00315160 0.00041947
-0.00450093 0.00314417 0.00046544
-0.00447149 0.00313674 0.00051142
-0.00444204 0.00312932 0.00055739
-0.00441259 0.00312189 0.00060336
-0.00438315 0.00311446 0.00064934
-0.00435370 0.00310703 0.00069531
-0.00432426 0.00309960 0.00074128
-0.00429481 0.00309218 0.00078725
-0.00426536 0.00308475 0.00083323
-0.00423592 0.00307732 0.00087920
-0.00420647 0.00306989 0.00092517
-0.00417703 0.00306247 0.00097115
-0.00414758 0.00305504 0.00101712
-0.00411813 0.00304761 0.00106309
-0.00408869 0.00304018 0.00110907
-0.00409163 0.00301125 0.00108942
-0.00409457 0.00298233 0.00106977
-0.00409752 0.00295340 0.00105013
-0.00410046 0.00292447 0.00103048
-0.00410341 0.00289554 0.00101084
-0.00410635 0.00286661 0.00099119
-0.00410929 0.00283768 0.00097155
-0.00411224 0.00280875 0.00095190
-0.00411518 0.00277982 0.00093226
-0.00411812 0.00275089 0.00091261
-0.00412107 0.00272196 0.00089296
-0.00412401 0.00269303 0.00087332
-0.00412695 0.00266410 0.00085367
-0.00412990 0.00263517 0.00083403
-0.00413284 0.00260624 0.00081438
-0.00413578 0.00257731 0.00079474
-0.00413873 0.00254838 0.00077509
-0.00414167 0.00251945 0.00075545
-0.00414461 0.00249052 0.00073580
-0.00414756 0.00246160 0.00071615
-0.00410402 0.00245916 0.00067342
-0.00406049 0.00245672 0.00063069
-0.00401695 0.00245429 0.00058796
-0.00397342 0.00245185 0.00054523
-0.00392988 0.00244942 0.00050250
-0.00388634 0.00244698 0.00045977
-0.00384281 0.00244455 0.00041704
-0.00379927 0.00244211 0.00037430
-0.00375574 0.00243967 0.00033157
-0.00371220 0.00243724 0.00028884
-0.00366867 0.00243480 0.00024611
-0.00362513 0.00243237 0.00020338
-0.00358160 0.00242993 0.00016065
-0.00353806 0.00242750 0.00011792
-0.00349453 0.00242506 0.00007518
-0.00345099 0.00242262 0.00003245
-0.00340745 0.00242019 -0.00001028
-0.00336392 0.00241775 -0.00005301
-0.00332038 0.00241532 -0.00009574
-0.00327685 0.00241288 -0.00013847
-0.00327096 0.00238775 -0.00010363
-0.00326507 0.00236261 -0.00006879
-0.00325918 0.00233747 -0.00003395
-0.00325329 0.00231234 0.00000089
-0.00324740 0.00228720 0.00003574
-0.00324151 0.00226207 0.00007058
-0.00323562 0.00223693 0.00010542
-0.00322973 0.00221180 0.00014026
-0.00322384 0.00218666 0.00017510
-0.00321795 0.00216152 0.00020994
-0.00321206 0.00213639 0.00024479
-0.00320617 0.00211125 0.00027963
-0.00320028 0.00208612 0.00031447
-0.00319439 0.00206098 0.00034931
-0.00318850 0.00203585 0.00038415
-0.00318262 0.00201071 0.00041899
-0.00317673 0.00198557 0.00045383
-0.00317084 0.00196044 0.00048868
-0.00316495 0.00193530 0.00052352
-0.00315906 0.00191017 0.00055836
-0.00314213 0.00192640 0.00055673
-0.00312520 0.00194264 0.00055511
-0.00310827 0.00195887 0.00055348
-0.00309134 0.00197511 0.00055186
-0.00307441 0.00199135 0.00055023
-0.00305748 0.00200758 0.00054860
-0.00304055 0.00202382 0.00054698
-0.00302361 0.00204005 0.00054535
-0.00300668 0.00205629 0.00054373
-0.00298975 0.00207253 0.00054210
-0.00297282 0.00208876 0.00054048
-0.00295589 0.00210500 0.00053885
-0.00293896 0.00212123 0.00053722
-0.00292203 0.00213747 0.00053560
-0.00290510 0.00215370 0.00053397
-0.00288817 0.00216994 0.00053235
-0.00287124 0.00218618 0.00053072
-0.00285431 0.00220241 0.00052910
-0.00283738 0.00221865 0.00052747
-0.00282045 0.00223488 0.00052584
-0.00284198 0.00219321 0.00048926
-0.00286351 0.00215153 0.00045267
-0.00288504 0.00210985 0.00041609
-0.00290657 0.00206817 0.00037950
-0.00292810 0.00202649 0.00034292
-0.00294963 0.00198481 0.00030633
-0.00297116 0.00194313 0.00026975
-0.00299269 0.00190146 0.00023316
-0.00301422 0.00185978 0.00019657
-0.00303575 0.00181810 0.00015999
-0.00305728 0.00177642 0.00012340
-0.00307881 0.00173474 0.00008682
-0.00310034 0.00169306 0.00005023
-0.00312187 0.00165138 0.00001365
-0.00314339 0.00160971 -0.00002294
-0.00316492 0.00156803 -0.00005952
-0.00318645 0.00152635 -0.00009611
-0.00320798 0.00148467 -0.00013270
-0.00322951 0.00144299 -0.00016928
-0.00325104 0.00140131 -0.00020587
-0.00323430 0.00140410 -0.00023758
-0.00321756 0.00140688 -0.00026930
-0.00320082 0.00140966 -0.00030101
-0.00318408 0.00141245 -0.00033273
-0.00316734 0.00141523 -0.00036445
-0.00315060 0.00141801 -0.00039616
-0.00313386 0.00142080 -0.00042788
-0.00311711 0.00142358 -0.00045960
-0.00310037 0.00142636 -0.00049131
-0.00308363 0.00142915 -0.00052303
-0.00306689 0.00143193 -0.00055474
-0.00305015 0.00143471 -0.00058646
-0.00303341 0.00143750 -0.00061818
-0.00301667 0.00144028 -0.00064989
-0.00299993 0.00144306 -0.00068161
-0.00298319 0.00144585 -0.00071333
-0.00296645 0.00144863 -0.00074504
-0.00294970 0.00145141 -0.00077676
-0.00293296 0.00145420 -0.00080847
-0.00291622 0.00145698 -0.00084019
-0.00295359 0.00142915 -0.00080574
-0.00299096 0.00140131 -0.00077128
-0.00302833 0.00137348 -0.00073683
-0.00306570 0.00134565 -0.00070237
-0.00310307 0.00131781 -0.00066792
-0.00314044 0.00128998 -0.00063346
-0.00317781 0.00126215 -0.00059901
-0.00321518 0.00123431 -0.00056455
-0.00325255 0.00120648 -0.00053010
-0.00328992 0.00117865 -0.00049564
-0.00332729 0.00115081 -0.00046119
-0.00336466 0.00112298 -0.00042673
-0.00340202 0.00109515 -0.00039228
-0.00343939 0.00106732 -0.00035782
-0.00347676 0.00103948 -0.00032337
-0.00351413 0.00101165 -0.00028891
-0.00355150 0.00098382 -0.00025446
-0.00358887 0.00095598 -0.00022001
-0.00362624 0.00092815 -0.00018555
-0.00366361 0.00090032 -0.00015110
-0.00369786 0.00094089 -0.00015882
-0.00373211 0.00098146 -0.00016655
-0.00376636 0.00102203 -0.00017428
-0.00380061 0.00106260 -0.00018201
-0.00383486 0.00110317 -0.00018974
-0.00386911 0.00114374 -0.00019746
-0.00390336 0.00118431 -0.00020519
-0.00393761 0.00122488 -0.00021292
-0.00397186 0.00126545 -0.00022065
-0.00400611 0.00130602 -0.00022838
-0.00404036 0.00134659 -0.00023610
-0.00407461 0.00138716 -0.00024383
-0.00410886 0.00142773 -0.00025156
-0.00414311 0.00146830 -0.00025929
-0.00417735 0.00150887 -0.00026702
-0.00421160 0.00154944 -0.00027474
-0.00424585 0.00159001 -0.00028247
-0.00428010 0.00163058 -0.00029020
-0.00431435 0.00167115 -0.00029793
-0.00434860 0.00171172 -0.00030566
-0.00434099 0.00172958 -0.00029401
-0.00433337 0.00174745 -0.00028236
-0.00432575 0.00176531 -0.00027072
-0.00431813 0.00178317 -0.00025907
-0.00431052 0.00180103 -0.00024742
-0.00430290 0.00181889 -0.00023578
-0.00429528 0.00183675 -0.00022413
-0.00428766 0.00185461 -0.00021248
-0.00428005 0.00187247 -0.00020084
-0.00427243 0.00189033 -0.00018919
-0.00426481 0.00190819 -0.00017754
-0.00425719 0.00192605 -0.00016590
-0.00424958 0.00194391 -0.00015425
-0.00424196 0.00196177 -0.00014260
-0.00423434 0.00197963 -0.00013096
-0.00422672 0.00199749 -0.00011931
-0.00421910 0.00201535 -0.00010766
-0.00421149 0.00203322 -0.00009602
-0.00420387 0.00205108 -0.00008437
-0.00419625 0.00206894 -0.00007272
-0.00423060 0.00202787 -0.00004447
-0.00426494 0.00198680 -0.00001623
-0.00429929 0.00194573 0.00001202
-0.00433363 0.00190466 0.00004027
-0.00436798 0.00186359 0.00006852
-0.00440232 0.00182253 0.00009676
-0.00443667 0.00178146 0.00012501
-0.00447101 0.00174039 0.00015326
-0.00450535 0.00169932 0.00018151
-0.00453970 0.00165825 0.00020975
-0.00457404 0.00161718 0.00023800
-0.00460839 0.00157611 0.00026625
-0.00464273 0.00153505 0.00029450
-0.00467708 0.00149398 0.00032274
-0.00471142 0.00145291 0.00035099
-0.00474577 0.00141184 0.00037924
-0.00478011 0.00137077 0.00040749
-0.00481446 0.00132970 0.00043573
-0.00484880 0.00128863 0.00046398
-0.00488315 0.00124757 0.00049223
-0.00488798 0.00123376 0.00050527
-0.00489282 0.00121995 0.00051831
-0.00489765 0.00120614 0.00053135
-0.00490249 0.00119233 0.00054439
-0.00490732 0.00117852 0.00055743
-0.00491215 0.00116471 0.00057046
-0.00491699 0.00115090 0.00058350
-0.00492182 0.00113709 0.00059654
-0.00492666 0.00112328 0.00060958
-0.00493149 0.00110947 0.00062262
-0.00493633 0.00109566 0.00063566
-0.00494116 0.00108185 0.00064870
-0.00494600 0.00106804 0.00066174
-0.00495083 0.00105423 0.00067478
-0.00495567 0.00104042 0.00068782
-0.00496050 0.00102661 0.00070086
-0.00496534 0.00101280 0.00071390
-0.00497017 0.00099899 0.00072694
-0.00497501 0.00098518 0.00073998
-0.00497984 0.00097137 0.00075302
-0.00493873 0.00093529 0.00078486
-0.00489763 0.00089922 0.00081670
-0.00485653 0.00086314 0.00084854
-0.00481542 0.00082706 0.00088038
-0.00477432 0.00079099 0.00091222
-0.00473321 0.00075491 0.00094406
-0.00469211 0.00071884 0.00097591
-0.00465100 0.00068276 0.00100775
-0.00460990 0.00064668 0.00103959
-0.00456879 0.00061061 0.00107143
-0.00452769 0.00057453 0.00110327
-0.00448658 0.00053846 0.00113511
-0.00444548 0.00050238 0.00116695
-0.00440437 0.00046630 0.00119880
-0.00436327 0.00043023 0.00123064
-0.00432217 0.00039415 0.00126248
-0.00428106 0.00035808 0.00129432
-0.00423996 0.00032200 0.00132616
-0.00419885 0.00028592 0.00135800
-0.00415775 0.00024985 0.00138984
-0.00414767 0.00028377 0.00138489
-0.00413760 0.00031769 0.00137994
-0.00412753 0.00035161 0.00137499
-0.00411745 0.00038553 0.00137004
-0.00410738 0.00041945 0.00136509
-0.00409731 0.00045337 0.00136014
-0.00408723 0.00048729 0.00135519
-0.00407716 0.00052121 0.00135024
-0.00406709 0.00055513 0.00134529
-0.00405702 0.00058906 0.00134034
-0.00404694 0.00062298 0.00133539
-0.00403687 0.00065690 0.00133044
-0.00402680 0.00069082 0.00132549
-0.00401672 0.00072474 0.00132054
-0.00400665 0.00075866 0.00131559
-0.00399658 0.00079258 0.00131064
-0.00398650 0.00082650 0.00130569
-0.00397643 0.00086042 0.00130074
-0.00396636 0.00089434 0.00129579
-0.00395628 0.00092826 0.00129084
-0.00393125 0.00094024 0.00133854
-0.00390622 0.00095221 0.00138624
-0.00388119 0.00096419 0.00143394
-0.00385616 0.00097616 0.00148164
-0.00383113 0.00098814 0.00152934
-0.00380610 0.00100011 0.00157704
-0.00378107 0.00101209 0.00162474
-0.00375604 0.00102406 0.00167244
-0.00373101 0.00103604 0.00172014
-0.00370598 0.00104801 0.00176784
-0.00368095 0.00105999 0.00181554
-0.00365592 0.00107196 0.00186324
-0.00363089 0.00108394 0.00191094
-0.00360586 0.00109591 0.00195864
-0.00358082 0.00110789 0.00200634
-0.00355579 0.00111986 0.00205404
-0.00353076 0.00113184 0.00210174
-0.00350573 0.00114381 0.00214944
-0.00348070 0.00115578 0.00219714
-0.00345567 0.00116776 0.00224484
-0.00347257 0.00121019 0.00223453
-0.00348947 0.00125262 0.00222422
-0.00350636 0.00129505 0.00221391
-0.00352326 0.00133748 0.00220359
-0.00354015 0.00137991 0.00219328
-0.00355705 0.00142234 0.00218297
-0.00357395 0.00146477 0.00217266
-0.00359084 0.00150721 0.00216235
-0.00360774 0.00154964 0.00215203
-0.00362464 0.00159207 0.00214172
-0.00364153 0.00163450 0.00213141
-0.00365843 0.00167693 0.00212110
-0.00367533 0.00171936 0.00211079
-0.00369222 0.00176179 0.00210048
-0.00370912 0.00180422 0.00209016
-0.00372602 0.00184665 0.00207985
-0.00374291 0.00188908 0.00206954
-0.00375981 0.00193151 0.00205923
-0.00377671 0.00197394 0.00204892
-0.00379360 0.00201637 0.00203860
-0.00376367 0.00199388 0.00199701
-0.00373373 0.00197138 0.00195541
-0.00370379 0.00194888 0.00191381
-0.00367386 0.00192638 0.00187221
-0.00364392 0.00190388 0.00183061
-0.00361398 0.00188139 0.00178901
-0.00358405 0.00185889 0.00174741
-0.00355411 0.00183639 0.00170582
-0.00352417 0.00181389 0.00166422
-0.00349424 0.00179140 0.00162262
-0.00346430 0.00176890 0.00158102
-0.00343436 0.00174640 0.00153942
-0.00340443 0.00172390 0.00149782
-0.00337449 0.00170140 0.00145622
-0.00334455 0.00167891 0.00141463
-0.00331462 0.00165641 0.00137303
-0.00328468 0.00163391 0.00133143
-0.00325474 0.00161141 0.00128983
-0.00322481 0.00158891 0.00124823
-0.00319487 0.00156642 0.00120663
-0.00319526 0.00153757 0.00120739
-0.00319566 0.00150873 0.00120816
-0.00319605 0.00147988 0.00120892
-0.00319645 0.00145104 0.00120968
-0.00319684 0.00142220 0.00121044
-0.00319723 0.00139335 0.00121120
-0.00319763 0.00136451 0.00121196
-0.00319802 0.00133566 0.00121272
-0.00319842 0.00130682 0.00121348
-0.00319881 0.00127798 0.00121425
-0.00319920 0.00124913 0.00121501
-0.00319960 0.00122029 0.00121577
-0.00319999 0.00119144 0.00121653
-0.00320039 0.00116260 0.00121729
-0.00320078 0.00113375 0.00121805
-0.00320118 0.00110491 0.00121881
-0.00320157 0.00107607 0.00121957
-0.00320196 0.00104722 0.00122034
-0.00320236 0.00101838 0.00122110
-0.00320275 0.00098953 0.00122186
-0.00317275 0.00100684 0.00119985
-0.00314274 0.00102414 0.00117784
-0.00311274 0.00104144 0.00115582
-0.00308273 0.00105874 0.00113381
-0.00305272 0.00107604 0.00111180
-0.00302272 0.00109334 0.00108979
-0.00299271 0.00111064 0.00106778
-0.00296271 0.00112795 0.00104577
-0.00293270 0.00114525 0.00102376
-0.00290270 0.00116255 0.00100174
-0.00287269 0.00117985 0.00097973
-0.00284268 0.00119715 0.00095772
-0.00281268 0.00121445 0.00093571
-0.00278267 0.00123175 0.00091370
-0.00275267 0.00124905 0.00089169
-0.00272266 0.00126636 0.00086968
-0.00269266 0.00128366 0.00084767
-0.00266265 0.00130096 0.00082565
-0.00263264 0.00131826 0.00080364
-0.00260264 0.00133556 0.00078163
-0.00264795 0.00130433 0.00081331
-0.00269326 0.00127309 0.00084499
-0.00273857 0.00124185 0.00087666
-0.00278388 0.00121062 0.00090834
-0.00282919 0.00117938 0.00094002
-0.00287451 0.00114815 0.00097170
-0.00291982 0.00111691 0.00100337
-0.00296513 0.00108567 0.00103505
-0.00301044 0.00105444 0.00106673
-0.00305575 0.00102320 0.00109841
-0.00310106 0.00099197 0.00113008
-0.00314637 0.00096073 0.00116176
-0.00319168 0.00092949 0.00119344
-0.00323699 0.00089826 0.00122511
-0.00328231 0.00086702 0.00125679
-0.00332762 0.00083579 0.00128847
-0.00337293 0.00080455 0.00132015
-0.00341824 0.00077332 0.00135182
-0.00346355 0.00074208 0.00138350
-0.00350886 0.00071084 0.00141518
-0.00352877 0.00066431 0.00137979
-0.00354868 0.00061777 0.00134440
-0.00356859 0.00057124 0.00130901
-0.00358849 0.00052470 0.00127363
-0.00360840 0.00047817 0.00123824
-0.00362831 0.00043164 0.00120285
-0.00364822 0.00038510 0.00116746
-0.00366813 0.00033857 0.00113207
-0.00368804 0.00029203 0.00109669
-0.00370794 0.00024550 0.00106130
-0.00372785 0.00019896 0.00102591
-0.00374776 0.00015243 0.00099052
-0.00376767 0.00010589 0.00095513
-0.00378758 0.00005936 0.00091975
-0.00380749 0.00001282 0.00088436
-0.00382739 -0.00003371 0.00084897
-0.00384730 -0.00008025 0.00081358
-0.00386721 -0.00012678 0.00077819
-0.00388712 -0.00017332 0.00074281
-0.00390703 -0.00021985 0.00070742
-0.00394151 -0.00017060 0.00069081
-0.00397600 -0.00012135 0.00067421
-0.00401048 -0.00007209 0.00065761
-0.00404497 -0.00002284 0.00064100
-0.00407945 0.00002641 0.00062440
-0.00411393 0.00007566 0.00060780
-0.00414842 0.00012491 0.00059119
-0.00418290 0.00017417 0.00057459
-0.00421739 0.00022342 0.00055799
-0.00425187 0.00027267 0.00054138
-0.00428636 0.00032192 0.00052478
-0.00432084 0.00037117 0.00050818
-0.00435533 0.00042043 0.00049158
-0.00438981 0.00046968 0.00047497
-0.00442430 0.00051893 0.00045837
-0.00445878 0.00056818 0.00044177
-0.00449327 0.00061743 0.00042516
-0.00452775 0.00066669 0.00040856
-0.00456224 0.00071594 0.00039196
-0.00459672 0.00076519 0.00037535
-0.00462431 0.00073377 0.00034709
-0.00465189 0.00070236 0.00031882
-0.00467947 0.00067095 0.00029056
-0.00470706 0.00063953 0.00026229
-0.00473464 0.00060812 0.00023403
-0.00476223 0.00057670 0.00020576
-0.00478981 0.00054529 0.00017750
-0.00481739 0.00051387 0.00014923
-0.00484498 0.00048246 0.00012097
-0.00487256 0.00045104 0.00009271
-0.00490015 0.00041963 0.00006444
-0.00492773 0.00038822 0.00003618
-0.00495532 0.00035680 0.00000791
-0.00498290 0.00032539 -0.00002035
-0.00501048 0.00029397 -0.00004862
-0.00503807 0.00026256 -0.00007688
-0.00506565 0.00023114 -0.00010515
-0.00509324 0.00019973 -0.00013341
-0.00512082 0.00016831 -0.00016168
-0.00514841 0.00013690 -0.00018994
-0.00510041 0.00015754 -0.00016220
-0.00505242 0.00017817 -0.00013446
-0.00500443 0.00019881 -0.00010672
-0.00495644 0.00021944 -0.00007898
-0.00490844 0.00024008 -0.00005124
-0.00486045 0.00026071 -0.00002350
-0.00481246 0.00028135 0.00000424
-0.00476447 0.00030198 0.00003197
-0.00471647 0.00032262 0.00005971
-0.00466848 0.00034325 0.00008745
-0.00462049 0.00036389 0.00011519
-0.00457250 0.00038452 0.00014293
-0.00452450 0.00040516 0.00017067
-0.00447651 0.00042579 0.00019841
-0.00442852 0.00044643 0.00022615
-0.00438053 0.00046706 0.00025389
-0.00433253 0.00048770 0.00028163
-0.00428454 0.00050833 0.00030937
-0.00423655 0.00052897 0.00033711
-0.00418856 0.00054960 0.00036485
-0.00415063 0.00057234 0.00038317
-0.00411271 0.00059507 0.00040150
-0.00407479 0.00061780 0.00041982
-0.00403687 0.00064054 0.00043815
-0.00399894 0.00066327 0.00045647
-0.00396102 0.00068600 0.00047480
-0.00392310 0.00070874 0.00049312
-0.00388518 0.00073147 0.00051144
-0.00384725 0.00075420 0.00052977
-0.00380933 0.00077694 0.00054809
-0.00377141 0.00079967 0.00056642
-0.00373349 0.00082240 0.00058474
-0.00369556 0.00084514 0.00060307
-0.00365764 0.00086787 0.00062139
-0.00361972 0.00089060 0.00063972
-0.00358180 0.00091334 0.00065804
-0.00354387 0.00093607 0.00067637
-0.00350595 0.00095880 0.00069469
-0.00346803 0.00098154 0.00071302
-0.00343010 0.00100427 0.00073134
-0.00345926 0.00097162 0.00073457
-0.00348842 0.00093897 0.00073780
-0.00351758 0.00090632 0.00074103
-0.00354673 0.00087367 0.00074426
-0.00357589 0.00084103 0.00074749
-0.00360505 0.00080838 0.00075072
-0.00363421 0.00077573 0.00075395
-0.00366336 0.00074308 0.00075718
-0.00369252 0.00071043 0.00076041
-0.00372168 0.00067778 0.00076364
-0.00375084 0.00064514 0.00076687
-0.00377999 0.00061249 0.00077010
-0.00380915 0.00057984 0.00077333
-0.00383831 0.00054719 0.00077656
-0.00386747 0.00051454 0.00077979
-0.00389662 0.00048189 0.00078302
-0.00392578 0.00044925 0.00078625
-0.00395494 0.00041660 0.00078948
-0.00398410 0.00038395 0.00079271
-0.00401325 0.00035130 0.00079595
-0.00403620 0.00037257 0.00077344
-0.00405916 0.00039384 0.00075093
-0.00408211 0.00041511 0.00072842
-0.00410506 0.00043638 0.00070592
-0.00412801 0.00045766 0.00068341
-0.00415096 0.00047893 0.00066090
-0.00417391 0.00050020 0.00063839
-0.00419686 0.00052147 0.00061589
-0.00421982 0.00054274 0.00059338
-0.00424277 0.00056401 0.00057087
-0.00426572 0.00058528 0.00054836
-0.00428867 0.00060655 0.00052586
-0.00431162 0.00062782 0.00050335
-0.00433457 0.00064909 0.00048084
-0.00435752 0.00067037 0.00045833
-0.00438048 0.00069164 0.00043583
-0.00440343 0.00071291 0.00041332
-0.00442638 0.00073418 0.00039081
-0.00444933 0.00075545 0.00036831
-0.00447228 0.00077672 0.00034580
-0.00449255 0.00073045 0.00032556
-0.00451283 0.00068417 0.00030533
-0.00453310 0.00063790 0.00028509
-0.00455337 0.00059163 0.00026486
-0.00457364 0.00054535 0.00024462
-0.00459392 0.00049908 0.00022438
-0.00461419 0.00045281 0.00020415
-0.00463446 0.00040653 0.00018391
-0.00465473 0.00036026 0.00016368
-0.00467501 0.00031399 0.00014344
-0.00469528 0.00026771 0.00012321
-0.00471555 0.00022144 0.00010297
-0.00473582 0.00017517 0.00008273
-0.00475609 0.00012889 0.00006250
-0.00477637 0.00008262 0.00004226
-0.00479664 0.00003635 0.00002203
-0.00481691 -0.00000993 0.00000179
-0.00483718 -0.00005620 -0.00001844
-0.00485746 -0.00010247 -0.00003868
-0.00487773 -0.00014875 -0.00005891
-0.00488290 -0.00018063 -0.00001817
-0.00488807 -0.00021250 0.00002257
-0.00489324 -0.00024438 0.00006332
-0.00489841 -0.00027626 0.00010406
-0.00490358 -0.00030814 0.00014481
-0.00490875 -0.00034001 0.00018555
-0.00491392 -0.00037189 0.00022630
-0.00491909 -0.00040377 0.00026704
-0.00492426 -0.00043565 0.00030779
-0.00492943 -0.00046753 0.00034853
-0.00493460 -0.00049940 0.00038928
-0.00493977 -0.00053128 0.00043002
-0.00494494 -0.00056316 0.00047076
-0.00495011 -0.00059504 0.00051151
-0.00495528 -0.00062691 0.00055225
-0.00496045 -0.00065879 0.00059300
-0.00496561 -0.00069067 0.00063374
-0.00497078 -0.00072255 0.00067449
-0.00497595 -0.00075442 0.00071523
-0.00498112 -0.00078630 0.00075598
-0.00502408 -0.00081485 0.00070932
-0.00506704 -0.00084340 0.00066266
-0.00511000 -0.00087194 0.00061601
-0.00515296 -0.00090049 0.00056935
-0.00519592 -0.00092904 0.00052270
-0.00523888 -0.00095758 0.00047604
-0.00528183 -0.00098613 0.00042938
-0.00532479 -0.00101468 0.00038273
-0.00536775 -0.00104322 0.00033607
-0.00541071 -0.00107177 0.00028941
-0.00545367 -0.00110032 0.00024276
-0.00549663 -0.00112887 0.00019610
-0.00553958 -0.00115741 0.00014945
-0.00558254 -0.00118596 0.00010279
-0.00562550 -0.00121451 0.00005613
-0.00566846 -0.00124305 0.00000948
-0.00571142 -0.00127160 -0.00003718
-0.00575438 -0.00130015 -0.00008384
-0.00579734 -0.00132869 -0.00013049
-0.00584029 -0.00135724 -0.00017715
-0.00580832 -0.00138734 -0.00022484
-0.00577635 -0.00141743 -0.00027253
-0.00574438 -0.00144753 -0.00032022
-0.00571241 -0.00147763 -0.00036790
-0.00568044 -0.00150772 -0.00041559
-0.00564847 -0.00153782 -0.00046328
-0.00561651 -0.00156792 -0.00051097
-0.00558454 -0.00159801 -0.00055866
-0.00555257 -0.00162811 -0.00060635
-0.00552060 -0.00165820 -0.00065404
-0.00548863 -0.00168830 -0.00070173
-0.00545666 -0.00171840 -0.00074942
-0.00542469 -0.00174849 -0.00079711
-0.00539272 -0.00177859 -0.00084479
-0.00536075 -0.00180869 -0.00089248
-0.00532878 -0.00183878 -0.00094017
-0.00529681 -0.00186888 -0.00098786
-0.00526484 -0.00189897 -0.00103555
-0.00523287 -0.00192907 -0.00108324
-0.00520090 -0.00195917 -0.00113093
-0.00521839 -0.00197621 -0.00110821
-0.00523588 -0.00199325 -0.00108549
-0.00525337 -0.00201029 -0.00106276
-0.00527086 -0.00202733 -0.00104004
-0.00528835 -0.00204437 -0.00101732
-0.00530584 -0.00206141 -0.00099460
-0.00532333 -0.00207845 -0.00097188
-0.00534082 -0.00209549 -0.00094916
-0.00535831 -0.00211253 -0.00092644
-0.00537580 -0.00212958 -0.00090372
-0.00539329 -0.00214662 -0.00088100
-0.00541078 -0.00216366 -0.00085828
-0.00542827 -0.00218070 -0.00083556
-0.00544576 -0.00219774 -0.00081283
-0.00546325 -0.00221478 -0.00079011
-0.00548074 -0.00223182 -0.00076739
-0.00549823 -0.00224886 -0.00074467
-0.00551572 -0.00226590 -0.00072195
-0.00553321 -0.00228294 -0.00069923
-0.00555070 -0.00229998 -0.00067651
-0.00559991 -0.00227962 -0.00064751
-0.00564912 -0.00225925 -0.00061851
-0.00569833 -0.00223889 -0.00058951
-0.00574755 -0.00221853 -0.00056050
-0.00579676 -0.00219816 -0.00053150
-0.00584597 -0.00217780 -0.00050250
-0.00589518 -0.00215743 -0.00047350
-0.00594439 -0.00213707 -0.00044450
-0.00599360 -0.00211670 -0.00041550
-0.00604281 -0.00209634 -0.00038650
-0.00609202 -0.00207597 -0.00035750
-0.00614123 -0.00205561 -0.00032850
-0.00619045 -0.00203524 -0.00029950
-0.00623966 -0.00201488 -0.00027050
-0.00628887 -0.00199452 -0.00024150
-0.00633808 -0.00197415 -0.00021249
-0.00638729 -0.00195379 -0.00018349
-0.00643650 -0.00193342 -0.00015449
-0.00648571 -0.00191306 -0.00012549
-0.00653492 -0.00189269 -0.00009649
-0.00654552 -0.00188333 -0.00005569
-0.00655611 -0.00187397 -0.00001489
-0.00656671 -0.00186461 0.00002591
-0.00657730 -0.00185525 0.00006671
-0.00658789 -0.00184589 0.00010751
-0.00659849 -0.00183653 0.00014831
-0.00660908 -0.00182717 0.00018911
-0.00661967 -0.00181781 0.00022991
-0.00663027 -0.00180845 0.00027071
-0.00664086 -0.00179909 0.00031151
-0.00665145 -0.00178973 0.00035231
-0.00666205 -0.00178037 0.00039311
-0.00667264 -0.00177101 0.00043391
-0.00668324 -0.00176165 0.00047471
-0.00669383 -0.00175229 0.00051551
-0.00670442 -0.00174293 0.00055630
-0.00671502 -0.00173357 0.00059710
-0.00672561 -0.00172421 0.00063790
-0.00673620 -0.00171485 0.00067870
-0.00674680 -0.00170549 0.00071950
-0.00671497 -0.00166178 0.00074062
-0.00668315 -0.00161807 0.00076173
-0.00665132 -0.00157436 0.00078284
-0.00661950 -0.00153066 0.00080395
-0.00658768 -0.00148695 0.00082507
-0.00655585 -0.00144324 0.00084618
-0.00652403 -0.00139953 0.00086729
-0.00649220 -0.00135582 0.00088840
-0.00646038 -0.00131211 0.00090952
-0.00642855 -0.00126840 0.00093063
-0.00639673 -0.00122469 0.00095174
-0.00636490 -0.00118099 0.00097286
-0.00633308 -0.00113728 0.00099397
-0.00630125 -0.00109357 0.00101508
-0.00626943 -0.00104986 0.00103619
-0.00623760 -0.00100615 0.00105731
-0.00620578 -0.00096244 0.00107842
-0.00617395 -0.00091873 0.00109953
-0.00614213 -0.00087502 0.00112064
-0.00611031 -0.00083132 0.00114176
-0.00608143 -0.00080387 0.00115696
-0.00605255 -0.00077642 0.00117216
-0.00602367 -0.00074898 0.00118736
-0.00599479 -0.00072153 0.00120256
-0.00596591 -0.00069409 0.00121776
-0.00593703 -0.00066664 0.00123297
-0.00590815 -0.00063919 0.00124817
-0.00587927 -0.00061175 0.00126337
-0.00585039 -0.00058430 0.00127857
-0.00582151 -0.00055686 0.00129377
-0.00579263 -0.00052941 0.00130897
-0.00576375 -0.00050196 0.00132417
-0.00573487 -0.00047452 0.00133938
-0.00570599 -0.00044707 0.00135458
-0.00567711 -0.00041963 0.00136978
-0.00564823 -0.00039218 0.00138498
-0.00561936 -0.00036473 0.00140018
-0.00559048 -0.00033729 0.00141538
-0.00556160 -0.00030984 0.00143059
-0.00553272 -0.00028240 0.00144579
-0.00553893 -0.00023740 0.00146427
-0.00554515 -0.00019241 0.00148276
-0.00555137 -0.00014741 0.00150124
-0.00555758 -0.00010242 0.00151972
-0.00556380 -0.00005742 0.00153821
-0.00557001 -0.00001243 0.00155669
-0.00557623 0.00003257 0.00157518
-0.00558245 0.00007757 0.00159366
-0.00558866 0.00012256 0.00161214
-0.00559488 0.00016756 0.00163063
-0.00560109 0.00021255 0.00164911
-0.00560731 0.00025755 0.00166760
-0.00561353 0.00030254 0.00168608
-0.00561974 0.00034754 0.00170456
-0.00562596 0.00039253 0.00172305
-0.00563218 0.00043753 0.00174153
-0.00563839 0.00048252 0.00176002
-0.00564461 0.00052752 0.00177850
-0.00565082 0.00057251 0.00179699
-0.00565704 0.00061751 0.00181547
-0.00563394 0.00066557 0.00180903
-0.00561084 0.00071364 0.00180258
-0.00558775 0.00076170 0.00179614
-0.00556465 0.00080977 0.00178970
-0.00554155 0.00085783 0.00178326
-0.00551845 0.00090590 0.00177681
-0.00549535 0.00095397 0.00177037
-0.00547225 0.00100203 0.00176393
-0.00544916 0.00105010 0.00175749
-0.00542606 0.00109816 0.00175104
-0.00540296 0.00114623 0.00174460
-0.00537986 0.00119429 0.00173816
-0.00535676 0.00124236 0.00173171
-0.00533367 0.00129043 0.00172527
-0.00531057 0.00133849 0.00171883
-0.00528747 0.00138656 0.00171239
-0.00526437 0.00143462 0.00170594
-0.00524127 0.00148269 0.00169950
-0.00521817 0.00153075 0.00169306
-0.00519508 0.00157882 0.00168662
-0.00521592 0.00159481 0.00171703
-0.00523677 0.00161079 0.00174745
-0.00525762 0.00162678 0.00177787
-0.00527847 0.00164276 0.00180829
-0.00529931 0.00165875 0.00183870
-0.00532016 0.00167473 0.00186912
-0.00534101 0.00169072 0.00189954
-0.00536186 0.00170671 0.00192996
-0.00538270 0.00172269 0.00196037
-0.00540355 0.00173868 0.00199079
-0.00542440 0.00175466 0.00202121
-0.00544525 0.00177065 0.00205163
-0.00546609 0.00178664 0.00208204
-0.00548694 0.00180262 0.00211246
-0.00550779 0.00181861 0.00214288
-0.00552864 0.00183459 0.00217330
-0.00554948 0.00185058 0.00220371
-0.00557033 0.00186657 0.00223413
-0.00559118 0.00188255 0.00226455
-0.00561203 0.00189854 0.00229497
-0.00564327 0.00186984 0.00231433
-0.00567452 0.00184114 0.00233370
-0.00570577 0.00181244 0.00235307
-0.00573701 0.00178374 0.00237244
-0.00576826 0.00175504 0.00239180
-0.00579950 0.00172634 0.00241117
-0.00583075 0.00169764 0.00243054
-0.00586200 0.00166895 0.00244990
-0.00589324 0.00164025 0.00246927
-0.00592449 0.00161155 0.00248864
-0.00595574 0.00158285 0.00250800
-0.00598698 0.00155415 0.00252737
-0.00601823 0.00152545 0.00254674
-0.00604948 0.00149675 0.00256611
-0.00608072 0.00146805 0.00258547
-0.00611197 0.00143935 0.00260484
-0.00614322 0.00141065 0.00262421
-0.00617446 0.00138196 0.00264357
-0.00620571 0.00135326 0.00266294
-0.00623696 0.00132456 0.00268231
-0.00623391 0.00130242 0.00271722
-0.00623086 0.00128029 0.00275212
-0.00622782 0.00125815 0.00278703
-0.00622477 0.00123601 0.00282194
-0.00622172 0.00121388 0.00285685
-0.00621868 0.00119174 0.00289176
-0.00621563 0.00116961 0.00292667
-0.00621258 0.00114747 0.00296158
-0.00620954 0.00112533 0.00299648
-0.00620649 0.00110320 0.00303139
-0.00620345 0.00108106 0.00306630
-0.00620040 0.00105893 0.00310121
-0.00619735 0.00103679 0.00313612
-0.00619431 0.00101465 0.00317103
-0.00619126 0.00099252 0.00320593
-0.00618821 0.00097038 0.00324084
-0.00618517 0.00094825 0.00327575
-0.00618212 0.00092611 0.00331066
-0.00617907 0.00090397 0.00334557
-0.00617603 0.00088184 0.00338048
-0.00619935 0.00089803 0.00334711
-0.00622267 0.00091422 0.00331375
-0.00624600 0.00093041 0.00328038
-0.00626932 0.00094660 0.00324702
-0.00629264 0.00096279 0.00321365
-0.00631597 0.00097898 0.00318029
-0.00633929 0.00099517 0.00314693
-0.00636261 0.00101136 0.00311356
-0.00638594 0.00102755 0.00308020
-0.00640926 0.00104374 0.00304683
-0.00643258 0.00105993 0.00301347
-0.00645591 0.00107613 0.00298011
-0.00647923 0.00109232 0.00294674
-0.00650255 0.00110851 0.00291338
-0.00652588 0.00112470 0.00288001
-0.00654920 0.00114089 0.00284665
-0.00657252 0.00115708 0.00281328
-0.00659585 0.00117327 0.00277992
-0.00661917 0.00118946 0.00274656
-0.00664249 0.00120565 0.00271319
-0.00660234 0.00120888 0.00268819
-0.00656218 0.00121212 0.00266319
-0.00652202 0.00121535 0.00263819
-0.00648187 0.00121858 0.00261318
-0.00644171 0.00122181 0.00258818
-0.00640155 0.00122505 0.00256318
-0.00636140 0.00122828 0.00253818
-0.00632124 0.00123151 0.00251318
-0.00628109 0.00123475 0.00248818
-0.00624093 0.00123798 0.00246317
-0.00620077 0.00124121 0.00243817
-0.00616062 0.00124445 0.00241317
-0.00612046 0.00124768 0.00238817
-0.00608030 0.00125091 0.00236317
-0.00604015 0.00125415 0.00233817
-0.00599999 0.00125738 0.00231316
-0.00595983 0.00126061 0.00228816
-0.00591968 0.00126384 0.00226316
-0.00587952 0.00126708 0.00223816
-0.00583937 0.00127031 0.00221316
-0.00582968 0.00128095 0.00219555
-0.00582000 0.00129159 0.00217795
-0.00581031 0.00130222 0.00216034
-0.00580063 0.00131286 0.00214274
-0.00579094 0.00132350 0.00212513
-0.00578126 0.00133414 0.00210753
-0.00577157 0.00134477 0.00208992
-0.00576189 0.00135541 0.00207232
-0.00575220 0.00136605 0.00205471
-0.00574252 0.00137669 0.00203710
-0.00573283 0.00138733 0.00201950
-0.00572315 0.00139796 0.00200189
-0.00571346 0.00140860 0.00198429
-0.00570378 0.00141924 0.00196668
-0.00569410 0.00142988 0.00194908
-0.00568441 0.00144052 0.00193147
-0.00567473 0.00145115 0.00191387
-0.00566504 0.00146179 0.00189626
-0.00565536 0.00147243 0.00187866
-0.00564567 0.00148307 0.00186105
-0.00560477 0.00147839 0.00181598
-0.00556386 0.00147372 0.00177091
-0.00552295 0.00146905 0.00172584
-0.00548205 0.00146438 0.00168077
-0.00544114 0.00145971 0.00163570
-0.00540023 0.00145503 0.00159063
-0.00535933 0.00145036 0.00154556
-0.00531842 0.00144569 0.00150049
-0.00527752 0.00144102 0.00145543
-0.00523661 0.00143634 0.00141036
-0.00519570 0.00143167 0.00136529
-0.00515480 0.00142700 0.00132022
-0.00511389 0.00142233 0.00127515
-0.00507298 0.00141765 0.00123008
-0.00503208 0.00141298 0.00118501
-0.00499117 0.00140831 0.00113994
-0.00495026 0.00140364 0.00109487
-0.00490936 0.00139897 0.00104980
-0.00486845 0.00139429 0.00100473
-0.00482755 0.00138962 0.00095966
-0.00482817 0.00137718 0.00093236
-0.00482880 0.00136474 0.00090507
-0.00482943 0.00135230 0.00087777
-0.00483005 0.00133986 0.00085048
-0.00483068 0.00132742 0.00082318
-0.00483131 0.00131498 0.00079588
-0.00483193 0.00130253 0.00076859
-0.00483256 0.00129009 0.00074129
-0.00483319 0.00127765 0.00071399
-0.00483381 0.00126521 0.00068670
-0.00483444 0.00125277 0.00065940
-0.00483507 0.00124033 0.00063211
-0.00483570 0.00122789 0.00060481
-0.00483632 0.00121545 0.00057751
-0.00483695 0.00120301 0.00055022
-0.00483758 0.00119057 0.00052292
-0.00483820 0.00117812 0.00049563
-0.00483883 0.00116568 0.00046833
-0.00483946 0.00115324 0.00044103
-0.00484008 0.00114080 0.00041374
-0.00480529 0.00118905 0.00040287
-0.00477049 0.00123730 0.00039200
-0.00473570 0.00128555 0.00038113
-0.00470090 0.00133380 0.00037025
-0.00466611 0.00138204 0.00035938
-0.00463131 0.00143029 0.00034851
-0.00459652 0.00147854 0.00033764
-0.00456172 0.00152679 0.00032677
-0.00452693 0.00157504 0.00031590
-0.00449213 0.00162329 0.00030503
-0.00445734 0.00167154 0.00029416
-0.00442254 0.00171978 0.00028329
-0.00438775 0.00176803 0.00027242
-0.00435295 0.00181628 0.00026155
-0.00431816 0.00186453 0.00025068
-0.00428337 0.00191278 0.00023981
-0.00424857 0.00196103 0.00022893
-0.00421378 0.00200927 0.00021806
-0.00417898 0.00205752 0.00020719
-0.00414419 0.00210577 0.00019632
-0.00417880 0.00209300 0.00014689
-0.00421342 0.00208023 0.00009746
-0.00424804 0.00206747 0.00004803
-0.00428266 0.00205470 -0.00000141
-0.00431728 0.00204193 -0.00005084
-0.00435190 0.00202916 -0.00010027
-0.00438652 0.00201639 -0.00014970
-0.00442114 0.00200362 -0.00019914
-0.00445576 0.00199086 -0.00024857
-0.00449037 0.00197809 -0.00029800
-0.00452499 0.00196532 -0.00034743
-0.00455961 0.00195255 -0.00039686
-0.00459423 0.00193978 -0.00044630
-0.00462885 0.00192701 -0.00049573
-0.00466347 0.00191425 -0.00054516
-0.00469809 0.00190148 -0.00059459
-0.00473271 0.00188871 -0.00064403
-0.00476733 0.00187594 -0.00069346
-0.00480194 0.00186317 -0.00074289
-0.00483656 0.00185040 -0.00079232
-0.00486094 0.00180074 -0.00077169
-0.00488532 0.00175107 -0.00075106
-0.00490971 0.00170141 -0.00073043
-0.00493409 0.00165174 -0.00070979
-0.00495847 0.00160207 -0.00068916
-0.00498285 0.00155241 -0.00066853
-0.00500723 0.00150274 -0.00064790
-0.00503161 0.00145307 -0.00062727
-0.00505599 0.00140341 -0.00060663
-0.00508037 0.00135374 -0.00058600
-0.00510475 0.00130407 -0.00056537
-0.00512914 0.00125441 -0.00054474
-0.00515352 0.00120474 -0.00052410
-0.00517790 0.00115507 -0.00050347
-0.00520228 0.00110541 -0.00048284
-0.00522666 0.00105574 -0.00046221
-0.00525104 0.00100607 -0.00044158
-0.00527542 0.00095641 -0.00042094
-0.00529980 0.00090674 -0.00040031
-0.00532418 0.00085708 -0.00037968
-0.00528805 0.00083364 -0.00038178
-0.00525192 0.00081021 -0.00038387
-0.00521578 0.00078678 -0.00038597
-0.00517965 0.00076335 -0.00038807
-0.00514352 0.00073992 -0.00039016
-0.00510738 0.00071649 -0.00039226
-0.00507125 0.00069306 -0.00039436
-0.00503512 0.00066963 -0.00039646
-0.00499898 0.00064620 -0.00039855
-0.00496285 0.00062276 -0.00040065
-0.00492672 0.00059933 -0.00040275
-0.00489058 0.00057590 -0.00040484
-0.00485445 0.00055247 -0.00040694
-0.00481832 0.00052904 -0.00040904
-0.00478218 0.00050561 -0.00041114
-0.00474605 0.00048218 -0.00041323
-0.00470992 0.00045875 -0.00041533
-0.00467378 0.00043532 -0.00041743
-0.00463765 0.00041188 -0.00041952
-0.00460152 0.00038845 -0.00042162
-0.00457318 0.00041640 -0.00037827
-0.00454485 0.00044436 -0.00033491
-0.00451652 0.00047231 -0.00029155
-0.00448818 0.00050026 -0.00024819
-0.00445985 0.00052821 -0.00020484
-0.00443151 0.00055616 -0.00016148
-0.00440318 0.00058411 -0.00011812
-0.00437484 0.00061206 -0.00007477
-0.00434651 0.00064001 -0.00003141
-0.00431818 0.00066796 0.00001195
-0.00428984 0.00069591 0.00005530
-0.00426151 0.00072386 0.00009866
-0.00423317 0.00075181 0.00014202
-0.00420484 0.00077976 0.00018537
-0.00417651 0.00080772 0.00022873
-0.00414817 0.00083567 0.00027209
-0.00411984 0.00086362 0.00031544
-0.00409150 0.00089157 0.00035880
-0.00406317 0.00091952 0.00040216
-0.00403483 0.00094747 0.00044551
-0.00405728 0.00091680 0.00046437
-0.00407973 0.00088612 0.00048324
-0.00410218 0.00085545 0.00050210
-0.00412462 0.00082478 0.00052096
-0.00414707 0.00079410 0.00053982
-0.00416952 0.00076343 0.00055868
-0.00419196 0.00073276 0.00057754
-0.00421441 0.00070208 0.00059640
-0.00423686 0.00067141 0.00061526
-0.00425930 0.00064074 0.00063412
-0.00428175 0.00061006 0.00065298
-0.00430420 0.00057939 0.00067185
-0.00432664 0.00054872 0.00069071
-0.00434909 0.00051805 0.00070957
-0.00437154 0.00048737 0.00072843
-0.00439398 0.00045670 0.00074729
-0.00441643 0.00042603 0.00076615
-0.00443888 0.00039535 0.00078501
-0.00446132 0.00036468 0.00080387
-0.00448377 0.00033401 0.00082273
-0.00449125 0.00033862 0.00082731
-0.00449872 0.00034323 0.00083189
-0.00450620 0.00034784 0.00083647
-0.00451367 0.00035245 0.00084105
-0.00452115 0.00035706 0.00084563
-0.00452863 0.00036167 0.00085021
-0.00453610 0.00036628 0.00085479
-0.00454358 0.00037089 0.00085937
-0.00455105 0.00037550 0.00086395
-0.00455853 0.00038011 0.00086853
-0.00456601 0.00038472 0.00087311
-0.00457348 0.00038934 0.00087769
-0.00458096 0.00039395 0.00088227
-0.00458843 0.00039856 0.00088685
-0.00459591 0.00040317 0.00089143
-0.00460338 0.00040778 0.00089601
-0.00461086 0.00041239 0.00090059
-0.00461834 0.00041700 0.00090517
-0.00462581 0.00042161 0.00090975
-0.00463329 0.00042622 0.00091433
-0.00464194 0.00047462 0.00088877
-0.00465059 0.00052301 0.00086321
-0.00465924 0.00057140 0.00083765
-0.00466789 0.00061980 0.00081209
-0.00467654 0.00066819 0.00078652
-0.00468519 0.00071659 0.00076096
-0.00469384 0.00076498 0.00073540
-0.00470249 0.00081338 0.00070984
-0.00471114 0.00086177 0.00068428
-0.00471979 0.00091016 0.00065872
-0.00472844 0.00095856 0.00063316
-0.00473709 0.00100695 0.00060759
-0.00474574 0.00105535 0.00058203
-0.00475439 0.00110374 0.00055647
-0.00476304 0.00115214 0.00053091
-0.00477169 0.00120053 0.00050535
-0.00478034 0.00124892 0.00047979
-0.00478899 0.00129732 0.00045423
-0.00479764 0.00134571 0.00042866
-0.00480629 0.00139411 0.00040310
-0.00481549 0.00142964 0.00045142
-0.00482469 0.00146516 0.00049974
-0.00483389 0.00150069 0.00054806
-0.00484309 0.00153622 0.00059638
-0.00485229 0.00157175 0.00064470
-0.00486149 0.00160728 0.00069302
-0.00487069 0.00164280 0.00074134
-0.00487988 0.00167833 0.00078966
-0.00488908 0.00171386 0.00083798
-0.00489828 0.00174939 0.00088630
-0.00490748 0.00178492 0.00093462
-0.00491668 0.00182044 0.00098294
-0.00492588 0.00185597 0.00103126
-0.00493508 0.00189150 0.00107958
-0.00494428 0.00192703 0.00112790
-0.00495348 0.00196256 0.00117622
-0.00496268 0.00199809 0.00122454
-0.00497188 0.00203361 0.00127286
-0.00498108 0.00206914 0.00132118
-0.00499028 0.00210467 0.00136950
-0.00503326 0.00212285 0.00135369
-0.00507625 0.00214102 0.00133787
-0.00511923 0.00215920 0.00132205
-0.00516222 0.00217738 0.00130623
-0.00520520 0.00219555 0.00129041
-0.00524819 0.00221373 0.00127459
-0.00529117 0.00223191 0.00125877
-0.00533416 0.00225008 0.00124295
-0.00537715 0.00226826 0.00122714
-0.00542013 0.00228644 0.00121132
-0.00546312 0.00230462 0.00119550
-0.00550610 0.00232279 0.00117968
-0.00554909 0.00234097 0.00116386
-0.00559207 0.00235915 0.00114804
-0.00563506 0.00237732 0.00113222
-0.00567804 0.00239550 0.00111640
-0.00572103 0.00241368 0.00110058
-0.00576402 0.00243185 0.00108477
-0.00580700 0.00245003 0.00106895
-0.00584999 0.00246821 0.00105313
-0.00584771 0.00250892 0.00104831
-0.00584543 0.00254963 0.00104349
-0.00584316 0.00259035 0.00103868
-0.00584088 0.00263106 0.00103386
-0.00583860 0.00267177 0.00102904
-0.00583633 0.00271249 0.00102423
-0.00583405 0.00275320 0.00101941
-0.00583177 0.00279391 0.00101459
-0.00582950 0.00283462 0.00100978
-0.00582722 0.00287534 0.00100496
-0.00582494 0.00291605 0.00100014
-0.00582267 0.00295676 0.00099532
-0.00582039 0.00299748 0.00099051
-0.00581811 0.00303819 0.00098569
-0.00581583 0.00307890 0.00098087
-0.00581356 0.00311962 0.00097606
-0.00581128 0.00316033 0.00097124
-0.00580900 0.00320104 0.00096642
-0.00580673 0.00324176 0.00096161
-0.00580445 0.00328247 0.00095679
-0.00576844 0.00331725 0.00092350
-0.00573242 0.00335204 0.00089022
-0.00569641 0.00338682 0.00085693
-0.00566039 0.00342161 0.00082365
-0.00562438 0.00345639 0.00079037
-0.00558837 0.00349117 0.00075708
-0.00555235 0.00352596 0.00072380
-0.00551634 0.00356074 0.00069051
-0.00548032 0.00359553 0.00065723
-0.00544431 0.00363031 0.00062394
-0.00540830 0.00366510 0.00059066
-0.00537228 0.00369988 0.00055737
-0.00533627 0.00373466 0.00052409
-0.00530025 0.00376945 0.00049080
-0.00526424 0.00380423 0.00045752
-0.00522822 0.00383902 0.00042423
-0.00519221 0.00387380 0.00039095
-0.00515620 0.00390858 0.00035766
-0.00512018 0.00394337 0.00032438
-0.00508417 0.00397815 0.00029109
-0.00510558 0.00401735 0.00028122
-0.00512699 0.00405654 0.00027136
-0.00514841 0.00409573 0.00026149
-0.00516982 0.00413492 0.00025162
-0.00519124 0.00417411 0.00024175
-0.00521265 0.00421330 0.00023188
-0.00523406 0.00425250 0.00022202
-0.00525548 0.00429169 0.00021215
-0.00527689 0.00433088 0.00020228
-0.00529830 0.00437007 0.00019241
-0.00531972 0.00440926 0.00018254
-0.00534113 0.00444845 0.00017267
-0.00536254 0.00448765 0.00016281
-0.00538396 0.00452684 0.00015294
-0.00540537 0.00456603 0.00014307
-0.00542678 0.00460522 0.00013320
-0.00544820 0.00464441 0.00012333
-0.00546961 0.00468361 0.00011347
-0.00549102 0.00472280 0.00010360
-0.00551244 0.00476199 0.00009373
-0.00552817 0.00474249 0.00006321
-0.00554390 0.00472299 0.00003270
-0.00555964 0.00470350 0.00000218
-0.00557537 0.00468400 -0.00002833
-0.00559110 0.00466450 -0.00005884
-0.00560683 0.00464501 -0.00008936
-0.00562257 0.00462551 -0.00011987
-0.00563830 0.00460601 -0.00015039
-0.00565403 0.00458652 -0.00018090
-0.00566976 0.00456702 -0.00021142
-0.00568550 0.00454752 -0.00024193
-0.00570123 0.00452803 -0.00027245
-0.00571696 0.00450853 -0.00030296
-0.00573269 0.00448903 -0.00033348
-0.00574843 0.00446953 -0.00036399
-0.00576416 0.00445004 -0.00039450
-0.00577989 0.00443054 -0.00042502
-0.00579562 0.00441104 -0.00045553
-0.00581136 0.00439155 -0.00048605
-0.00582709 0.00437205 -0.00051656
-0.00581175 0.00438152 -0.00055491
-0.00579641 0.00439099 -0.00059326
-0.00578108 0.00440046 -0.00063160
-0.00576574 0.00440992 -0.00066995
-0.00575040 0.00441939 -0.00070830
-0.00573506 0.00442886 -0.00074665
-0.00571972 0.00443833 -0.00078499
-0.00570439 0.00444780 -0.00082334
-0.00568905 0.00445727 -0.00086169
-0.00567371 0.00446673 -0.00090003
-0.00565837 0.00447620 -0.00093838
-0.00564304 0.00448567 -0.00097673
-0.00562770 0.00449514 -0.00101508
-0.00561236 0.00450461 -0.00105342
-0.00559702 0.00451408 -0.00109177
-0.00558168 0.00452355 -0.00113012
-0.00556635 0.00453301 -0.00116846
-0.00555101 0.00454248 -0.00120681
-0.00553567 0.00455195 -0.00124516
-0.00552033 0.00456142 -0.00128351
-0.00547969 0.00458813 -0.00123517
-0.00543905 0.00461485 -0.00118683
-0.00539840 0.00464156 -0.00113850
-0.00535776 0.00466827 -0.00109016
-0.00531712 0.00469499 -0.00104183
-0.00527647 0.00472170 -0.00099349
-0.00523583 0.00474841 -0.00094516
-0.00519519 0.00477513 -0.00089682
-0.00515455 0.00480184 -0.00084849
-0.00511390 0.00482856 -0.00080015
-0.00507326 0.00485527 -0.00075181
-0.00503262 0.00488198 -0.00070348
-0.00499197 0.00490870 -0.00065514
-0.00495133 0.00493541 -0.00060681
-0.00491069 0.00496212 -0.00055847
-0.00487004 0.00498884 -0.00051014
-0.00482940 0.00501555 -0.00046180
-0.00478876 0.00504226 -0.00041347
-0.00474812 0.00506898 -0.00036513
-0.00470747 0.00509569 -0.00031680
-0.00468464 0.00514197 -0.00030219
-0.00466182 0.00518824 -0.00028759
-0.00463899 0.00523451 -0.00027298
-0.00461616 0.00528078 -0.00025838
-0.00459333 0.00532706 -0.00024377
-0.00457051 0.00537333 -0.00022917
-0.00454768 0.00541960 -0.00021456
-0.00452485 0.00546588 -0.00019996
-0.00450202 0.00551215 -0.00018536
-0.00447920 0.00555842 -0.00017075
-0.00445637 0.00560470 -0.00015615
-0.00443354 0.00565097 -0.00014154
-0.00441072 0.00569724 -0.00012694
-0.00438789 0.00574352 -0.00011233
-0.00436506 0.00578979 -0.00009773
-0.00434223 0.00583606 -0.00008312
-0.00431941 0.00588233 -0.00006852
-0.00429658 0.00592861 -0.00005392
-0.00427375 0.00597488 -0.00003931
-0.00425092 0.00602115 -0.00002471
-0.00423176 0.00597749 -0.00001910
-0.00421261 0.00593383 -0.00001349
-0.00419345 0.00589018 -0.00000788
-0.00417429 0.00584652 -0.00000228
-0.00415513 0.00580286 0.00000333
-0.00413597 0.00575920 0.00000894
-0.00411681 0.00571554 0.00001455
-0.00409765 0.00567188 0.00002015
-0.00407850 0.00562822 0.00002576
-0.00405934 0.00558456 0.00003137
-0.00404018 0.00554090 0.00003698
-0.00402102 0.00549724 0.00004258
-0.00400186 0.00545358 0.00004819
-0.00398270 0.00540992 0.00005380
-0.00396354 0.00536626 0.00005941
-0.00394439 0.00532260 0.00006502
-0.00392523 0.00527894 0.00007062
-0.00390607 0.00523528 0.00007623
-0.00388691 0.00519162 0.00008184
-0.00386775 0.00514796 0.00008745
-0.00391045 0.00510756 0.00008607
-0.00395314 0.00506716 0.00008469
-0.00399584 0.00502676 0.00008331
-0.00403853 0.00498636 0.00008193
-0.00408123 0.00494596 0.00008055
-0.00412392 0.00490556 0.00007917
-0.00416662 0.00486516 0.00007779
-0.00420932 0.00482476 0.00007641
-0.00425201 0.00478436 0.00007503
-0.00429471 0.00474396 0.00007365
-0.00433740 0.00470356 0.00007227
-0.00438010 0.00466316 0.00007089
-0.00442279 0.00462275 0.00006952
-0.00446549 0.00458235 0.00006814
-0.00450819 0.00454195 0.00006676
-0.00455088 0.00450155 0.00006538
-0.00459358 0.00446115 0.00006400
-0.00463627 0.00442075 0.00006262
-0.00467897 0.00438035 0.00006124
-0.00472166 0.00433995 0.00005986
-0.00470978 0.00430204 0.00010342
-0.00469790 0.00426414 0.00014698
-0.00468601 0.00422623 0.00019054
-0.00467413 0.00418833 0.00023410
-0.00466225 0.00415042 0.00027766
-0.00465036 0.00411252 0.00032122
-0.00463848 0.00407461 0.00036478
-0.00462659 0.00403670 0.00040834
-0.00461471 0.00399880 0.00045190
-0.00460283 0.00396089 0.00049546
-0.00459094 0.00392299 0.00053902
-0.00457906 0.00388508 0.00058258
-0.00456717 0.00384717 0.00062614
-0.00455529 0.00380927 0.00066970
-0.00454341 0.00377136 0.00071326
-0.00453152 0.00373346 0.00075682
-0.00451964 0.00369555 0.00080038
-0.00450776 0.00365765 0.00084394
-0.00449587 0.00361974 0.00088750
-0.00448399 0.00358183 0.00093105
-0.00444972 0.00360752 0.00089422
-0.00441544 0.00363321 0.00085739
-0.00438117 0.00365890 0.00082055
-0.00434690 0.00368459 0.00078372
-0.00431263 0.00371028 0.00074689
-0.00427836 0.00373597 0.00071005
-0.00424409 0.00376166 0.00067322
-0.00420981 0.00378735 0.00063639
-0.00417554 0.00381303 0.00059955
-0.00414127 0.00383872 0.00056272
-0.00410700 0.00386441 0.00052589
-0.00407273 0.00389010 0.00048905
-0.00403845 0.00391579 0.00045222
-0.00400418 0.00394148 0.00041539
-0.00396991 0.00396717 0.00037855
-0.00393564 0.00399286 0.00034172
-0.00390137 0.00401855 0.00030489
-0.00386710 0.00404423 0.00026805
-0.00383282 0.00406992 0.00023122
-0.00379855 0.00409561 0.00019439
-0.00383683 0.00414021 0.00021371
-0.00387510 0.00418480 0.00023303
-0.00391337 0.00422940 0.00025236
-0.00395164 0.00427399 0.00027168
-0.00398992 0.00431859 0.00029101
-0.00402819 0.00436318 0.00031033
-0.00406646 0.00440778 0.00032965
-0.00410474 0.00445237 0.00034898
-0.00414301 0.00449697 0.00036830
-0.00418128 0.00454156 0.00038762
-0.00421955 0.00458616 0.00040695
-0.00425783 0.00463075 0.00042627
-0.00429610 0.00467535 0.00044560
-0.00433437 0.00471995 0.00046492
-0.00437265 0.00476454 0.00048424
-0.00441092 0.00480914 0.00050357
-0.00444919 0.00485373 0.00052289
-0.00448746 0.00489833 0.00054221
-0.00452574 0.00494292 0.00056154
-0.00456401 0.00498752 0.00058086
-0.00454495 0.00497019 0.00061249
-0.00452590 0.00495287 0.00064412
-0.00450684 0.00493555 0.00067575
-0.00448778 0.00491823 0.00070738
-0.00446873 0.00490090 0.00073901
-0.00444967 0.00488358 0.00077064
-0.00443062 0.00486626 0.00080227
-0.00441156 0.00484894 0.00083390
-0.00439250 0.00483161 0.00086552
-0.00437345 0.00481429 0.00089715
-0.00435439 0.00479697 0.00092878
-0.00433533 0.00477965 0.00096041
-0.00431628 0.00476233 0.00099204
-0.00429722 0.00474500 0.00102367
-0.00427816 0.00472768 0.00105530
-0.00425911 0.00471036 0.00108693
-0.00424005 0.00469304 0.00111856
-0.00422100 0.00467571 0.00115019
-0.00420194 0.00465839 0.00118182
-0.00418288 0.00464107 0.00121345
-0.00414761 0.00460370 0.00124360
-0.00411235 0.00456634 0.00127375
-0.00407708 0.00452897 0.00130390
-0.00404181 0.00449160 0.00133405
-0.00400654 0.00445424 0.00136420
-0.00397127 0.00441687 0.00139436
-0.00393600 0.00437950 0.00142451
-0.00390073 0.00434214 0.00145466
-0.00386546 0.00430477 0.00148481
-0.00383019 0.00426740 0.00151496
-0.00379493 0.00423004 0.00154511
-0.00375966 0.00419267 0.00157527
-0.00372439 0.00415530 0.00160542
-0.00368912 0.00411794 0.00163557
-0.00365385 0.00408057 0.00166572
-0.00361858 0.00404320 0.00169587
-0.00358331 0.00400584 0.00172602
-0.00354804 0.00396847 0.00175617
-0.00351278 0.00393110 0.00178633
-0.00347751 0.00389374 0.00181648
-0.00349454 0.00387417 0.00186624
-0.00351158 0.00385460 0.00191599
-0.00352862 0.00383504 0.00196575
-0.00354565 0.00381547 0.00201551
-0.00356269 0.00379590 0.00206527
-0.00357973 0.00377633 0.00211502
-0.00359676 0.00375677 0.00216478
-0.00361380 0.00373720 0.00221454
-0.00363084 0.00371763 0.00226430
-0.00364787 0.00369806 0.00231405
-0.00366491 0.00367850 0.00236381
-0.00368195 0.00365893 0.00241357
-0.00369898 0.00363936 0.00246333
-0.00371602 0.00361980 0.00251308
-0.00373306 0.00360023 0.00256284
-0.00375009 0.00358066 0.00261260
-0.00376713 0.00356109 0.00266236
-0.00378417 0.00354153 0.00271211
-0.00380120 0.00352196 0.00276187
-0.00381824 0.00350239 0.00281163
-0.00378899 0.00348107 0.00284679
-0.00375974 0.00345974 0.00288196
-0.00373049 0.00343842 0.00291712
-0.00370123 0.00341709 0.00295228
-0.00367198 0.00339576 0.00298744
-0.00364273 0.00337444 0.00302261
-0.00361348 0.00335311 0.00305777
-0.00358423 0.00333179 0.00309293
-0.00355498 0.00331046 0.00312809
-0.00352573 0.00328914 0.00316326
-0.00349647 0.00326781 0.00319842
-0.00346722 0.00324649 0.00323358
-0.00343797 0.00322516 0.00326875
-0.00340872 0.00320384 0.00330391
-0.00337947 0.00318251 0.00333907
-0.00335022 0.00316119 0.00337423
-0.00332097 0.00313986 0.00340940
-0.00329171 0.00311853 0.00344456
-0.00326246 0.00309721 0.00347972
-0.00323321 0.00307588 0.00351488
-0.00327118 0.00310757 0.00350228
-0.00330915 0.00313927 0.00348967
-0.00334712 0.00317096 0.00347706
-0.00338508 0.00320265 0.00346445
-0.00342305 0.00323434 0.00345184
-0.00346102 0.00326603 0.00343924
-0.00349899 0.00329772 0.00342663
-0.00353696 0.00332941 0.00341402
-0.00357493 0.00336110 0.00340141
-0.00361289 0.00339279 0.00338880
-0.00365086 0.00342449 0.00337619
-0.00368883 0.00345618 0.00336359
-0.00372680 0.00348787 0.00335098
-0.00376477 0.00351956 0.00333837
-0.00380273 0.00355125 0.00332576
-0.00384070 0.00358294 0.00331315
-0.00387867 0.00361463 0.00330055
-0.00391664 0.00364632 0.00328794
-0.00395461 0.00367801 0.00327533
-0.00399258 0.00370970 0.00326272
-0.00397823 0.00375508 0.00323987
-0.00396388 0.00380045 0.00321701
-0.00394953 0.00384582 0.00319416
-0.00393518 0.00389119 0.00317130
-0.00392083 0.00393656 0.00314845
-0.00390648 0.00398193 0.00312560
-0.00389213 0.00402730 0.00310274
-0.00387778 0.00407267 0.00307989
-0.00386343 0.00411804 0.00305703
-0.00384908 0.00416341 0.00303418
-0.00383473 0.00420878 0.00301132
-0.00382038 0.00425415 0.00298847
-0.00380604 0.00429952 0.00296562
-0.00379169 0.00434489 0.00294276
-0.00377734 0.00439026 0.00291991
-0.00376299 0.00443563 0.00289705
-0.00374864 0.00448100 0.00287420
-0.00373429 0.00452637 0.00285135
-0.00371994 0.00457174 0.00282849
-0.00370559 0.00461711 0.00280564
-0.00369439 0.00464894 0.00282829
-0.00368319 0.00468077 0.00285094
-0.00367200 0.00471260 0.00287359
-0.00366080 0.00474443 0.00289624
-0.00364960 0.00477626 0.00291889
-0.00363840 0.00480809 0.00294154
-0.00362720 0.00483992 0.00296419
-0.00361601 0.00487175 0.00298684
-0.00360481 0.00490359 0.00300949
-0.00359361 0.00493542 0.00303215
-0.00358241 0.00496725 0.00305480
-0.00357121 0.00499908 0.00307745
-0.00356002 0.00503091 0.00310010
-0.00354882 0.00506274 0.00312275
-0.00353762 0.00509457 0.00314540
-0.00352642 0.00512640 0.00316805
-0.00351522 0.00515823 0.00319070
-0.00350403 0.00519006 0.00321335
-0.00349283 0.00522189 0.00323600
-0.00348163 0.00525372 0.00325865
-0.00352409 0.00522118 0.00327330
-0.00356656 0.00518865 0.00328795
-0.00360902 0.00515611 0.00330260
-0.00365149 0.00512357 0.00331724
-0.00369395 0.00509103 0.00333189
-0.00373642 0.00505849 0.00334654
-0.00377888 0.00502596 0.00336119
-0.00382134 0.00499342 0.00337583
-0.00386381 0.00496088 0.00339048
-0.00390627 0.00492834 0.00340513
-0.00394874 0.00489580 0.00341978
-0.00399120 0.00486327 0.00343443
-0.00403366 0.00483073 0.00344907
-0.00407613 0.00479819 0.00346372
-0.00411859 0.00476565 0.00347837
-0.00416106 0.00473312 0.00349302
-0.00420352 0.00470058 0.00350766
-0.00424599 0.00466804 0.00352231
-0.00428845 0.00463550 0.00353696
-0.00433091 0.00460296 0.00355161
-0.00430564 0.00460171 0.00356174
-0.00428037 0.00460046 0.00357188
-0.00425509 0.00459921 0.00358201
-0.00422982 0.00459796 0.00359214
-0.00420455 0.00459671 0.00360228
-0.00417927 0.00459545 0.00361241
-0.00415400 0.00459420 0.00362255
-0.00412872 0.00459295 0.00363268
-0.00410345 0.00459170 0.00364282
-0.00407818 0.00459045 0.00365295
-0.00405290 0.00458920 0.00366309
-0.00402763 0.00458795 0.00367322
-0.00400236 0.00458669 0.00368336
-0.00397708 0.00458544 0.00369349
-0.00395181 0.00458419 0.00370362
-0.00392653 0.00458294 0.00371376
-0.00390126 0.00458169 0.00372389
-0.00387599 0.00458044 0.00373403
-0.00385071 0.00457918 0.00374416
-0.00382544 0.00457793 0.00375430
-0.00378517 0.00459353 0.00380256
-0.00374490 0.00460913 0.00385083
-0.00370464 0.00462473 0.00389909
-0.00366437 0.00464033 0.00394735
-0.00362410 0.00465593 0.00399562
-0.00358383 0.00467153 0.00404388
-0.00354357 0.00468713 0.00409215
-0.00350330 0.00470273 0.00414041
-0.00346303 0.00471833 0.00418868
-0.00342276 0.00473393 0.00423694
-0.00338250 0.00474954 0.00428520
-0.00334223 0.00476514 0.00433347
-0.00330196 0.00478074 0.00438173
-0.00326169 0.00479634 0.00443000
-0.00322143 0.00481194 0.00447826
-0.00318116 0.00482754 0.00452653
-0.00314089 0.00484314 0.00457479
-0.00310062 0.00485874 0.00462305
-0.00306036 0.00487434 0.00467132
-0.00302009 0.00488994 0.00471958
-0.00306679 0.00487260 0.00467240
-0.00311348 0.00485526 0.00462522
-0.00316018 0.00483792 0.00457803
-0.00320688 0.00482058 0.00453085
-0.00325358 0.00480324 0.00448367
-0.00330027 0.00478590 0.00443649
-0.00334697 0.00476856 0.00438930
-0.00339367 0.00475122 0.00434212
-0.00344036 0.00473388 0.00429494
-0.00348706 0.00471654 0.00424776
-0.00353376 0.00469920 0.00420057
-0.00358046 0.00468186 0.00415339
-0.00362715 0.00466452 0.00410621
-0.00367385 0.00464718 0.00405902
-0.00372055 0.00462984 0.00401184
-0.00376725 0.00461251 0.00396466
-0.00381394 0.00459517 0.00391748
-0.00386064 0.00457783 0.00387029
-0.00390734 0.00456049 0.00382311
-0.00395404 0.00454315 0.00377593
-0.00397042 0.00452499 0.00379284
-0.00398680 0.00450683 0.00380975
-0.00400319 0.00448867 0.00382665
-0.00401957 0.00447051 0.00384356
-0.00403596 0.00445236 0.00386047
-0.00405234 0.00443420 0.00387738
-0.00406873 0.00441604 0.00389429
-0.00408511 0.00439788 0.00391120
-0.00410149 0.00437972 0.00392811
-0.00411788 0.00436156 0.00394501
-0.00413426 0.00434341 0.00396192
-0.00415065 0.00432525 0.00397883
-0.00416703 0.00430709 0.00399574
-0.00418341 0.00428893 0.00401265
-0.00419980 0.00427077 0.00402956
-0.00421618 0.00425261 0.00404647
-0.00423257 0.00423446 0.00406337
-0.00424895 0.00421630 0.00408028
-0.00426533 0.00419814 0.00409719
-0.00428172 0.00417998 0.00411410
-0.00428962 0.00418067 0.00414159
-0.00429752 0.00418135 0.00416907
-0.00430541 0.00418204 0.00419656
-0.00431331 0.00418272 0.00422404
-0.00432121 0.00418341 0.00425153
-0.00432911 0.00418409 0.00427901
-0.00433701 0.00418478 0.00430650
-0.00434491 0.00418546 0.00433398
-0.00435281 0.00418615 0.00436147
-0.00436070 0.00418683 0.00438895
-0.00436860 0.00418752 0.00441644
-0.00437650 0.00418820 0.00444392
-0.00438440 0.00418889 0.00447141
-0.00439230 0.00418957 0.00449889
-0.00440020 0.00419026 0.00452638
-0.00440810 0.00419094 0.00455386
-0.00441600 0.00419163 0.00458135
-0.00442389 0.00419231 0.00460883
-0.00443179 0.00419300 0.00463632
-0.00443969 0.00419368 0.00466380
-0.00445725 0.00418126 0.00464518
-0.00447481 0.00416884 0.00462657
-0.00449236 0.00415642 0.00460795
-0.00450992 0.00414400 0.00458933
-0.00452748 0.00413158 0.00457072
-0.00454503 0.00411915 0.00455210
-0.00456259 0.00410673 0.00453348
-0.00458015 0.00409431 0.00451487
-0.00459771 0.00408189 0.00449625
-0.00461526 0.00406947 0.00447763
-0.00463282 0.00405705 0.00445902
-0.00465038 0.00404463 0.00444040
-0.00466794 0.00403220 0.00442178
-0.00468549 0.00401978 0.00440316
-0.00470305 0.00400736 0.00438455
-0.00472061 0.00399494 0.00436593
-0.00473817 0.00398252 0.00434731
-0.00475572 0.00397010 0.00432870
-0.00477328 0.00395768 0.00431008
-0.00479084 0.00394525 0.00429146
-0.00479156 0.00393161 0.00433340
-0.00479228 0.00391797 0.00437534
-0.00479300 0.00390432 0.00441728
-0.00479372 0.00389068 0.00445922
-0.00479444 0.00387703 0.00450115
-0.00479516 0.00386339 0.00454309
-0.00479588 0.00384974 0.00458503
-0.00479661 0.00383610 0.00462697
-0.00479733 0.00382246 0.00466891
-0.00479805 0.00380881 0.00471085
-0.00479877 0.00379517 0.00475278
-0.00479949 0.00378152 0.00479472
-0.00480021 0.00376788 0.00483666
-0.00480093 0.00375424 0.00487860
-0.00480165 0.00374059 0.00492054
-0.00480238 0.00372695 0.00496248
-0.00480310 0.00371330 0.00500441
-0.00480382 0.00369966 0.00504635
-0.00480454 0.00368601 0.00508829
-0.00480526 0.00367237 0.00513023
-0.00484881 0.00367473 0.00517284
-0.00489235 0.00367710 0.00521544
-0.00493590 0.00367946 0.00525805
-0.00497945 0.00368182 0.00530066
-0.00502300 0.00368418 0.00534327
-0.00506654 0.00368655 0.00538587
-0.00511009 0.00368891 0.00542848
-0.00515364 0.00369127 0.00547109
-0.00519718 0.00369364 0.00551369
-0.00524073 0.00369600 0.00555630
-0.00528428 0.00369836 0.00559891
-0.00532783 0.00370072 0.00564152
-0.00537137 0.00370309 0.00568412
-0.00541492 0.00370545 0.00572673
-0.00545847 0.00370781 0.00576934
-0.00550201 0.00371018 0.00581195
-0.00554556 0.00371254 0.00585455
-0.00558911 0.00371490 0.00589716
-0.00563266 0.00371727 0.00593977
-0.00567620 0.00371963 0.00598238
-0.00569527 0.00368566 0.00603047
-0.00571434 0.00365170 0.00607856
-0.00573341 0.00361773 0.00612665
-0.00575248 0.00358377 0.00617474
-0.00577154 0.00354980 0.00622283
-0.00579061 0.00351583 0.00627092
-0.00580968 0.00348187 0.00631902
-0.00582875 0.00344790 0.00636711
-0.00584782 0.00341394 0.00641520
-0.00586688 0.00337997 0.00646329
-0.00588595 0.00334600 0.00651138
-0.00590502 0.00331204 0.00655947
-0.00592409 0.00327807 0.00660756
-0.00594316 0.00324411 0.00665565
-0.00596223 0.00321014 0.00670375
-0.00598129 0.00317618 0.00675184
-0.00600036 0.00314221 0.00679993
-0.00601943 0.00310824 0.00684802
-0.00603850 0.00307428 0.00689611
-0.00605757 0.00304031 0.00694420
-0.00607157 0.00305470 0.00689555
-0.00608556 0.00306909 0.00684690
-0.00609956 0.00308348 0.00679825
-0.00611356 0.00309787 0.00674959
-0.00612756 0.00311226 0.00670094
-0.00614156 0.00312665 0.00665229
-0.00615556 0.00314104 0.00660364
-0.00616956 0.00315543 0.00655498
-0.00618356 0.00316983 0.00650633
-0.00619756 0.00318422 0.00645768
-0.00621156 0.00319861 0.00640903
-0.00622556 0.00321300 0.00636038
-0.00623956 0.00322739 0.00631172
-0.00625355 0.00324178 0.00626307
-0.00626755 0.00325617 0.00621442
-0.00628155 0.00327056 0.00616577
-0.00629555 0.00328495 0.00611711
-0.00630955 0.00329934 0.00606846
-0.00632355 0.00331373 0.00601981
-0.00633755 0.00332812 0.00597116
-0.00633732 0.00330317 0.00599385
-0.00633709 0.00327822 0.00601655
-0.00633686 0.00325327 0.00603925
-0.00633662 0.00322832 0.00606195
-0.00633639 0.00320337 0.00608465
-0.00633616 0.00317842 0.00610735
-0.00633593 0.00315347 0.00613005
-0.00633570 0.00312852 0.00615275
-0.00633547 0.00310357 0.00617544
-0.00633524 0.00307862 0.00619814
-0.00633500 0.00305367 0.00622084
-0.00633477 0.00302872 0.00624354
-0.00633454 0.00300377 0.00626624
-0.00633431 0.00297882 0.00628894
-0.00633408 0.00295387 0.00631164
-0.00633385 0.00292892 0.00633433
-0.00633362 0.00290397 0.00635703
-0.00633338 0.00287902 0.00637973
-0.00633315 0.00285407 0.00640243
-0.00633292 0.00282912 0.00642513
-0.00634167 0.00279943 0.00639458
-0.00635042 0.00276974 0.00636402
-0.00635916 0.00274005 0.00633347
-0.00636791 0.00271036 0.00630292
-0.00637666 0.00268067 0.00627236
-0.00638540 0.00265098 0.00624181
-0.00639415 0.00262129 0.00621126
-0.00640290 0.00259160 0.00618071
-0.00641164 0.00256191 0.00615015
-0.00642039 0.00253221 0.00611960
-0.00642914 0.00250252 0.00608905
-0.00643788 0.00247283 0.00605849
-0.00644663 0.00244314 0.00602794
-0.00645538 0.00241345 0.00599739
-0.00646412 0.00238376 0.00596684
-0.00647287 0.00235407 0.00593628
-0.00648162 0.00232438 0.00590573
-0.00649037 0.00229469 0.00587518
-0.00649911 0.00226500 0.00584462
-0.00650786 0.00223531 0.00581407
-0.00652614 0.00224321 0.00577915
-0.00654442 0.00225111 0.00574423
-0.00656270 0.00225901 0.00570931
-0.00658098 0.00226691 0.00567439
-0.00659926 0.00227481 0.00563947
-0.00661755 0.00228271 0.00560455
-0.00663583 0.00229061 0.00556963
-0.00665411 0.00229851 0.00553471
-0.00667239 0.00230641 0.00549979
-0.00669067 0.00231431 0.00546487
-0.00670895 0.00232221 0.00542995
-0.00672723 0.00233011 0.00539503
-0.00674551 0.00233801 0.00536011
-0.00676379 0.00234591 0.00532519
-0.00678207 0.00235381 0.00529027
-0.00680036 0.00236171 0.00525535
-0.00681864 0.00236961 0.00522043
-0.00683692 0.00237751 0.00518551
-0.00685520 0.00238541 0.00515059
-0.00687348 0.00239331 0.00511567
-0.00688474 0.00234789 0.00510118
-0.00689601 0.00230247 0.00508669
-0.00690727 0.00225704 0.00507221
-0.00691853 0.00221162 0.00505772
-0.00692980 0.00216620 0.00504323
-0.00694106 0.00212078 0.00502874
-0.00695232 0.00207536 0.00501425
-0.00696358 0.00202994 0.00499976
-0.00697485 0.00198452 0.00498527
-0.00698611 0.00193909 0.00497079
-0.00699737 0.00189367 0.00495630
-0.00700864 0.00184825 0.00494181
-0.00701990 0.00180283 0.00492732
-0.00703116 0.00175741 0.00491283
-0.00704243 0.00171199 0.00489834
-0.00705369 0.00166657 0.00488385
-0.00706495 0.00162114 0.00486937
-0.00707622 0.00157572 0.00485488
-0.00708748 0.00153030 0.00484039
-0.00709874 0.00148488 0.00482590
-0.00709253 0.00151845 0.00486483
-0.00708633 0.00155201 0.00490377
-0.00708012 0.00158558 0.00494270
-0.00707391 0.00161915 0.00498163
-0.00706770 0.00165272 0.00502057
-0.00706149 0.00168628 0.00505950
-0.00705528 0.00171985 0.00509843
-0.00704907 0.00175342 0.00513737
-0.00704286 0.00178699 0.00517630
-0.00703666 0.00182055 0.00521524
-0.00703045 0.00185412 0.00525417
-0.00702424 0.00188769 0.00529310
-0.00701803 0.00192126 0.00533204
-0.00701182 0.00195482 0.00537097
-0.00700561 0.00198839 0.00540990
-0.00699940 0.00202196 0.00544884
-0.00699320 0.00205553 0.00548777
-0.00698699 0.00208909 0.00552670
-0.00698078 0.00212266 0.00556564
-0.00697457 0.00215623 0.00560457
-0.00696150 0.00216257 0.00558921
-0.00694843 0.00216890 0.00557384
-0.00693536 0.00217524 0.00555848
-0.00692230 0.00218158 0.00554311
-0.00690923 0.00218792 0.00552775
-0.00689616 0.00219425 0.00551238
-0.00688309 0.00220059 0.00549702
-0.00687002 0.00220693 0.00548165
-0.00685695 0.00221327 0.00546629
-0.00684388 0.00221960 0.00545092
-0.00683082 0.00222594 0.00543556
-0.00681775 0.00223228 0.00542019
-0.00680468 0.00223862 0.00540483
-0.00679161 0.00224495 0.00538947
-0.00677854 0.00225129 0.00537410
-0.00676547 0.00225763 0.00535874
-0.00675240 0.00226397 0.00534337
-0.00673934 0.00227030 0.00532801
-0.00672627 0.00227664 0.00531264
-0.00671320 0.00228298 0.00529728
-0.00670206 0.00230952 0.00528691
-0.00669092 0.00233605 0.00527655
-0.00667978 0.00236259 0.00526619
-0.00666865 0.00238913 0.00525582
-0.00665751 0.00241567 0.00524546
-0.00664637 0.00244220 0.00523509
-0.00663523 0.00246874 0.00522473
-0.00662409 0.00249528 0.00521436
-0.00661295 0.00252182 0.00520400
-0.00660181 0.00254835 0.00519364
-0.00659068 0.00257489 0.00518327
-0.00657954 0.00260143 0.00517291
-0.00656840 0.00262796 0.00516254
-0.00655726 0.00265450 0.00515218
-0.00654612 0.00268104 0.00514181
-0.00653498 0.00270758 0.00513145
-0.00652384 0.00273411 0.00512109
-0.00651271 0.00276065 0.00511072
-0.00650157 0.00278719 0.00510036
-0.00649043 0.00281373 0.00508999
-0.00653198 0.00277081 0.00507344
-0.00657353 0.00272789 0.00505688
-0.00661508 0.00268497 0.00504032
-0.00665663 0.00264205 0.00502376
-0.00669819 0.00259913 0.00500721
-0.00673974 0.00255621 0.00499065
-0.00678129 0.00251329 0.00497409
-0.00682284 0.00247037 0.00495754
-0.00686439 0.00242746 0.00494098
-0.00690594 0.00238454 0.00492442
-0.00694749 0.00234162 0.00490786
-0.00698904 0.00229870 0.00489131
-0.00703060 0.00225578 0.00487475
-0.00707215 0.00221286 0.00485819
-0.00711370 0.00216994 0.00484164
-0.00715525 0.00212702 0.00482508
-0.00719680 0.00208410 0.00480852
-0.00723835 0.00204118 0.00479196
-0.00727990 0.00199827 0.00477541
-0.00732145 0.00195535 0.00475885
-0.00733885 0.00193193 0.00476028
-0.00735624 0.00190851 0.00476170
-0.00737363 0.00188510 0.00476313
-0.00739103 0.00186168 0.00476456
-0.00740842 0.00183826 0.00476598
-0.00742581 0.00181484 0.00476741
-0.00744321 0.00179143 0.00476884
-0.00746060 0.00176801 0.00477026
-0.00747799 0.00174459 0.00477169
-0.00749539 0.00172118 0.00477312
-0.00751278 0.00169776 0.00477455
-0.00753017 0.00167434 0.00477597
-0.00754757 0.00165093 0.00477740
-0.00756496 0.00162751 0.00477883
-0.00758235 0.00160409 0.00478025
-0.00759975 0.00158067 0.00478168
-0.00761714 0.00155726 0.00478311
-0.00763453 0.00153384 0.00478453
-0.00765193 0.00151042 0.00478596
-0.00766932 0.00148701 0.00478739
-0.00768889 0.00146956 0.00483418
-0.00770846 0.00145210 0.00488098
-0.00772803 0.00143465 0.00492777
-0.00774760 0.00141720 0.00497456
-0.00776717 0.00139975 0.00502136
-0.00778674 0.00138230 0.00506815
-0.00780631 0.00136485 0.00511495
-0.00782588 0.00134740 0.00516174
-0.00784545 0.00132995 0.00520854
-0.00786501 0.00131250 0.00525533
-0.00788458 0.00129505 0.00530213
-0.00790415 0.00127760 0.00534892
-0.00792372 0.00126014 0.00539572
-0.00794329 0.00124269 0.00544251
-0.00796286 0.00122524 0.00548930
-0.00798243 0.00120779 0.00553610
-0.00800200 0.00119034 0.00558289
-0.00802157 0.00117289 0.00562969
-0.00804114 0.00115544 0.00567648
-0.00806071 0.00113799 0.00572328
-0.00804387 0.00118569 0.00567732
-0.00802704 0.00123340 0.00563137
-0.00801020 0.00128111 0.00558541
-0.00799337 0.00132881 0.00553946
-0.00797653 0.00137652 0.00549350
-0.00795970 0.00142422 0.00544755
-0.00794286 0.00147193 0.00540159
-0.00792603 0.00151963 0.00535564
-0.00790919 0.00156734 0.00530968
-0.00789236 0.00161505 0.00526373
-0.00787552 0.00166275 0.00521777
-0.00785868 0.00171046 0.00517182
-0.00784185 0.00175816 0.00512586
-0.00782501 0.00180587 0.00507991
-0.00780818 0.00185357 0.00503395
-0.00779134 0.00190128 0.00498800
-0.00777451 0.00194898 0.00494204
-0.00775767 0.00199669 0.00489609
-0.00774084 0.00204440 0.00485013
-0.00772400 0.00209210 0.00480418
-0.00775727 0.00212978 0.00484881
-0.00779054 0.00216746 0.00489345
-0.00782381 0.00220514 0.00493809
-0.00785708 0.00224282 0.00498273
-0.00789035 0.00228050 0.00502736
-0.00792362 0.00231818 0.00507200
-0.00795689 0.00235586 0.00511664
-0.00799016 0.00239354 0.00516128
-0.00802343 0.00243121 0.00520591
-0.00805670 0.00246889 0.00525055
-0.00808997 0.00250657 0.00529519
-0.00812323 0.00254425 0.00533983
-0.00815650 0.00258193 0.00538446
-0.00818977 0.00261961 0.00542910
-0.00822304 0.00265729 0.00547374
-0.00825631 0.00269497 0.00551838
-0.00828958 0.00273265 0.00556302
-0.00832285 0.00277033 0.00560765
-0.00835612 0.00280801 0.00565229
-0.00838939 0.00284569 0.00569693
-0.00842316 0.00283383 0.00573636
-0.00845694 0.00282198 0.00577580
-0.00849071 0.00281013 0.00581524
-0.00852449 0.00279828 0.00585467
-0.00855826 0.00278643 0.00589411
-0.00859203 0.00277458 0.00593355
-0.00862581 0.00276272 0.00597298
-0.00865958 0.00275087 0.00601242
-0.00869336 0.00273902 0.00605186
-0.00872713 0.00272717 0.00609129
-0.00876090 0.00271532 0.00613073
-0.00879468 0.00270347 0.00617017
-0.00882845 0.00269161 0.00620960
-0.00886223 0.00267976 0.00624904
-0.00889600 0.00266791 0.00628848
-0.00892977 0.00265606 0.00632791
-0.00896355 0.00264421 0.00636735
-0.00899732 0.00263236 0.00640679
-0.00903110 0.00262050 0.00644622
-0.00906487 0.00260865 0.00648566
-0.00906409 0.00256056 0.00646091
-0.00906331 0.00251248 0.00643616
-0.00906252 0.00246439 0.00641142
-0.00906174 0.00241630 0.00638667
-0.00906096 0.00236821 0.00636192
-0.00906018 0.00232013 0.00633718
-0.00905940 0.00227204 0.00631243
-0.00905861 0.00222395 0.00628768
-0.00905783 0.00217586 0.00626293
-0.00905705 0.00212778 0.00623819
-0.00905627 0.00207969 0.00621344
-0.00905549 0.00203160 0.00618869
-0.00905470 0.00198351 0.00616395
-0.00905392 0.00193543 0.00613920
-0.00905314 0.00188734 0.00611445
-0.00905236 0.00183925 0.00608970
-0.00905158 0.00179116 0.00606496
-0.00905080 0.00174308 0.00604021
-0.00905001 0.00169499 0.00601546
-0.00904923 0.00164690 0.00599072
-0.00907173 0.00165861 0.00597516
-0.00909423 0.00167031 0.00595960
-0.00911674 0.00168201 0.00594404
-0.00913924 0.00169372 0.00592848
-0.00916174 0.00170542 0.00591292
-0.00918424 0.00171713 0.00589736
-0.00920674 0.00172883 0.00588180
-0.00922924 0.00174053 0.00586624
-0.00925174 0.00175224 0.00585068
-0.00927425 0.00176394 0.00583512
-0.00929675 0.00177565 0.00581956
-0.00931925 0.00178735 0.00580400
-0.00934175 0.00179905 0.00578845
-0.00936425 0.00181076 0.00577289
-0.00938675 0.00182246 0.00575733
-0.00940925 0.00183417 0.00574177
-0.00943176 0.00184587 0.00572621
-0.00945426 0.00185757 0.00571065
-0.00947676 0.00186928 0.00569509
-0.00949926 0.00188098 0.00567953
-0.00947544 0.00190810 0.00572361
-0.00945162 0.00193521 0.00576769
-0.00942779 0.00196232 0.00581177
-0.00940397 0.00198944 0.00585585
-0.00938015 0.00201655 0.00589993
-0.00935633 0.00204366 0.00594401
-0.00933250 0.00207077 0.00598809
-0.00930868 0.00209789 0.00603216
-0.00928486 0.00212500 0.00607624
-0.00926104 0.00215211 0.00612032
-0.00923721 0.00217923 0.00616440
-0.00921339 0.00220634 0.00620848
-0.00918957 0.00223345 0.00625256
-0.00916575 0.00226057 0.00629664
-0.00914192 0.00228768 0.00634072
-0.00911810 0.00231479 0.00638480
-0.00909428 0.00234191 0.00642888
-0.00907046 0.00236902 0.00647296
-0.00904663 0.00239613 0.00651704
-0.00902281 0.00242324 0.00656112
-0.00902621 0.00238849 0.00651749
-0.00902961 0.00235374 0.00647385
-0.00903302 0.00231898 0.00643022
-0.00903642 0.00228423 0.00638659
-0.00903982 0.00224947 0.00634296
-0.00904322 0.00221472 0.00629933
-0.00904662 0.00217997 0.00625570
-0.00905003 0.00214521 0.00621207
-0.00905343 0.00211046 0.00616843
-0.00905683 0.00207570 0.00612480
-0.00906023 0.00204095 0.00608117
-0.00906363 0.00200619 0.00603754
-0.00906704 0.00197144 0.00599391
-0.00907044 0.00193669 0.00595028
-0.00907384 0.00190193 0.00590665
-0.00907724 0.00186718 0.00586301
-0.00908064 0.00183242 0.00581938
-0.00908404 0.00179767 0.00577575
-0.00908745 0.00176292 0.00573212
-0.00909085 0.00172816 0.00568849
-0.00913109 0.00173466 0.00568950
-0.00917133 0.00174116 0.00569052
-0.00921157 0.00174766 0.00569153
-0.00925181 0.00175416 0.00569255
-0.00929205 0.00176066 0.00569356
-0.00933230 0.00176715 0.00569457
-0.00937254 0.00177365 0.00569559
-0.00941278 0.00178015 0.00569660
-0.00945302 0.00178665 0.00569762
-0.00949326 0.00179315 0.00569863
-0.00953350 0.00179965 0.00569964
-0.00957374 0.00180615 0.00570066
-0.00961399 0.00181265 0.00570167
-0.00965423 0.00181915 0.00570269
-0.00969447 0.00182564 0.00570370
-0.00973471 0.00183214 0.00570472
-0.00977495 0.00183864 0.00570573
-0.00981519 0.00184514 0.00570674
-0.00985543 0.00185164 0.00570776
-0.00989567 0.00185814 0.00570877
-0.00989091 0.00186794 0.00566275
-0.00988616 0.00187774 0.00561672
-0.00988140 0.00188753 0.00557070
-0.00987664 0.00189733 0.00552468
-0.00987188 0.00190713 0.00547865
-0.00986712 0.00191693 0.00543263
-0.00986236 0.00192673 0.00538660
-0.00985760 0.00193652 0.00534058
-0.00985284 0.00194632 0.00529456
-0.00984808 0.00195612 0.00524853
-0.00984332 0.00196592 0.00520251
-0.00983856 0.00197572 0.00515649
-0.00983380 0.00198552 0.00511046
-0.00982904 0.00199531 0.00506444
-0.00982428 0.00200511 0.00501841
-0.00981952 0.00201491 0.00497239
-0.00981476 0.00202471 0.00492637
-0.00981000 0.00203451 0.00488034
-0.00980524 0.00204430 0.00483432
-0.00980048 0.00205410 0.00478829
-0.00976526 0.00201411 0.00475104
-0.00973003 0.00197411 0.00471379
-0.00969480 0.00193412 0.00467654
-0.00965958 0.00189412 0.00463928
-0.00962435 0.00185412 0.00460203
-0.00958912 0.00181413 0.00456478
-0.00955389 0.00177413 0.00452752
-0.00951867 0.00173414 0.00449027
-0.00948344 0.00169414 0.00445302
-0.00944821 0.00165414 0.00441576
-0.00941299 0.00161415 0.00437851
-0.00937776 0.00157415 0.00434126
-0.00934253 0.00153416 0.00430400
-0.00930730 0.00149416 0.00426675
-0.00927208 0.00145416 0.00422950
-0.00923685 0.00141417 0.00419224
-0.00920162 0.00137417 0.00415499
-0.00916640 0.00133418 0.00411774
-0.00913117 0.00129418 0.00408048
-0.00909594 0.00125418 0.00404323
-0.00913474 0.00126503 0.00401434
-0.00917354 0.00127588 0.00398546
-0.00921234 0.00128673 0.00395657
-0.00925114 0.00129758 0.00392769
-0.00928994 0.00130843 0.00389880
-0.00932874 0.00131928 0.00386992
-0.00936754 0.00133013 0.00384103
-0.00940634 0.00134098 0.00381214
-0.00944514 0.00135183 0.00378326
-0.00948394 0.00136268 0.00375437
-0.00952274 0.00137353 0.00372549
-0.00956154 0.00138438 0.00369660
-0.00960034 0.00139523 0.00366772
-0.00963914 0.00140608 0.00363883
-0.00967795 0.00141693 0.00360994
-0.00971675 0.00142778 0.00358106
-0.00975555 0.00143863 0.00355217
-0.00979435 0.00144948 0.00352329
-0.00983315 0.00146033 0.00349440
-0.00987195 0.00147118 0.00346552
-0.00990413 0.00143574 0.00350836
-0.00993632 0.00140029 0.00355121
-0.00996851 0.00136485 0.00359406
-0.01000070 0.00132941 0.00363690
-0.01003289 0.00129397 0.00367975
-0.01006507 0.00125852 0.00372260
-0.01009726 0.00122308 0.00376544
-0.01012945 0.00118764 0.00380829
-0.01016164 0.00115220 0.00385113
-0.01019382 0.00111675 0.00389398
-0.01022601 0.00108131 0.00393683
-0.01025820 0.00104587 0.00397967
-0.01029039 0.00101043 0.00402252
-0.01032258 0.00097498 0.00406537
-0.01035476 0.00093954 0.00410821
-0.01038695 0.00090410 0.00415106
-0.01041914 0.00086866 0.00419391
-0.01045133 0.00083321 0.00423675
-0.01048352 0.00079777 0.00427960
-0.01051570 0.00076233 0.00432245
-0.01052766 0.00072716 0.00435745
-0.01053962 0.00069199 0.00439244
-0.01055158 0.00065682 0.00442744
-0.01056354 0.00062165 0.00446244
-0.01057550 0.00058649 0.00449744
-0.01058745 0.00055132 0.00453244
-0.01059941 0.00051615 0.00456744
-0.01061137 0.00048098 0.00460244
-0.01062333 0.00044581 0.00463744
-0.01063529 0.00041065 0.00467244
-0.01064724 0.00037548 0.00470744
-0.01065920 0.00034031 0.00474244
-0.01067116 0.00030514 0.00477744
-0.01068312 0.00026997 0.00481243
-0.01069508 0.00023481 0.00484743
-0.01070704 0.00019964 0.00488243
-0.01071899 0.00016447 0.00491743
-0.01073095 0.00012930 0.00495243
-0.01074291 0.00009413 0.00498743
-0.01075487 0.00005896 0.00502243
-0.01077744 0.00002039 0.00506635
-0.01080001 -0.00001819 0.00511028
-0.01082259 -0.00005677 0.00515420
-0.01084516 -0.00009535 0.00519812
-0.01086773 -0.00013393 0.00524205
-0.01089030 -0.00017251 0.00528597
-0.01091288 -0.00021109 0.00532989
-0.01093545 -0.00024967 0.00537381
-0.01095802 -0.00028824 0.00541774
-0.01098059 -0.00032682 0.00546166
-0.01100317 -0.00036540 0.00550558
-0.01102574 -0.00040398 0.00554951
-0.01104831 -0.00044256 0.00559343
-0.01107088 -0.00048114 0.00563735
-0.01109346 -0.00051972 0.00568128
-0.01111603 -0.00055829 0.00572520
-0.01113860 -0.00059687 0.00576912
-0.01116117 -0.00063545 0.00581305
-0.01118375 -0.00067403 0.00585697
-0.01120632 -0.00071261 0.00590089
-0.01118746 -0.00071075 0.00593027
-0.01116861 -0.00070889 0.00595965
-0.01114975 -0.00070704 0.00598903
-0.01113089 -0.00070518 0.00601841
-0.01111204 -0.00070332 0.00604778
-0.01109318 -0.00070146 0.00607716
-0.01107433 -0.00069961 0.00610654
-0.01105547 -0.00069775 0.00613592
-0.01103661 -0.00069589 0.00616530
-0.01101776 -0.00069403 0.00619468
-0.01099890 -0.00069217 0.00622406
-0.01098004 -0.00069032 0.00625343
-0.01096119 -0.00068846 0.00628281
-0.01094233 -0.00068660 0.00631219
-0.01092348 -0.00068474 0.00634157
-0.01090462 -0.00068289 0.00637095
-0.01088576 -0.00068103 0.00640033
-0.01086691 -0.00067917 0.00642971
-0.01084805 -0.00067731 0.00645908
-0.01082919 -0.00067545 0.00648846
-0.01085306 -0.00068044 0.00646597
-0.01087693 -0.00068542 0.00644348
-0.01090080 -0.00069041 0.00642099
-0.01092466 -0.00069539 0.00639849
-0.01094853 -0.00070038 0.00637600
-0.01097240 -0.00070536 0.00635351
-0.01099626 -0.00071034 0.00633102
-0.01102013 -0.00071533 0.00630852
-0.01104400 -0.00072031 0.00628603
-0.01106786 -0.00072530 0.00626354
-0.01109173 -0.00073028 0.00624105
-0.01111560 -0.00073527 0.00621856
-0.01113946 -0.00074025 0.00619606
-0.01116333 -0.00074523 0.00617357
-0.01118720 -0.00075022 0.00615108
-0.01121106 -0.00075520 0.00612859
-0.01123493 -0.00076019 0.00610609
-0.01125880 -0.00076517 0.00608360
-0.01128266 -0.00077016 0.00606111
-0.01130653 -0.00077514 0.00603862
-0.01125677 -0.00081116 0.00603388
-0.01120701 -0.00084718 0.00602915
-0.01115725 -0.00088320 0.00602441
-0.01110749 -0.00091921 0.00601967
-0.01105773 -0.00095523 0.00601494
-0.01100797 -0.00099125 0.00601020
-0.01095821 -0.00102727 0.00600546
-0.01090845 -0.00106329 0.00600073
-0.01085869 -0.00109931 0.00599599
-0.01080893 -0.00113532 0.00599125
-0.01075917 -0.00117134 0.00598652
-0.01070941 -0.00120736 0.00598178
-0.01065965 -0.00124338 0.00597705
-0.01060990 -0.00127940 0.00597231
-0.01056014 -0.00131542 0.00596757
-0.01051038 -0.00135144 0.00596284
-0.01046062 -0.00138745 0.00595810
-0.01041086 -0.00142347 0.00595336
-0.01036110 -0.00145949 0.00594863
-0.01031134 -0.00149551 0.00594389
-0.01031397 -0.00149439 0.00589606
-0.01031660 -0.00149328 0.00584823
-0.01031923 -0.00149216 0.00580040
-0.01032186 -0.00149104 0.00575257
-0.01032449 -0.00148993 0.00570474
-0.01032712 -0.00148881 0.00565691
-0.01032975 -0.00148769 0.00560908
-0.01033239 -0.00148657 0.00556125
-0.01033502 -0.00148546 0.00551341
-0.01033765 -0.00148434 0.00546558
-0.01034028 -0.00148322 0.00541775
-0.01034291 -0.00148211 0.00536992
-0.01034554 -0.00148099 0.00532209
-0.01034817 -0.00147987 0.00527426
-0.01035080 -0.00147876 0.00522643
-0.01035343 -0.00147764 0.00517860
-0.01035606 -0.00147652 0.00513077
-0.01035870 -0.00147541 0.00508294
-0.01036133 -0.00147429 0.00503511
-0.01036396 -0.00147317 0.00498728
-0.01031589 -0.00144253 0.00495484
-0.01026781 -0.00141189 0.00492241
-0.01021974 -0.00138126 0.00488997
-0.01017167 -0.00135062 0.00485754
-0.01012359 -0.00131998 0.00482510
-0.01007552 -0.00128934 0.00479267
-0.01002745 -0.00125870 0.00476023
-0.00997938 -0.00122806 0.00472780
-0.00993130 -0.00119742 0.00469536
-0.00988323 -0.00116679 0.00466293
-0.00983516 -0.00113615 0.00463050
-0.00978708 -0.00110551 0.00459806
-0.00973901 -0.00107487 0.00456563
-0.00969094 -0.00104423 0.00453319
-0.00964287 -0.00101359 0.00450076
-0.00959479 -0.00098295 0.00446832
-0.00954672 -0.00095232 0.00443589
-0.00949865 -0.00092168 0.00440345
-0.00945058 -0.00089104 0.00437102
-0.00940250 -0.00086040 0.00433858
-0.00945100 -0.00090987 0.00436205
-0.00949950 -0.00095933 0.00438551
-0.00954799 -0.00100880 0.00440897
-0.00959649 -0.00105827 0.00443243
-0.00964499 -0.00110774 0.00445589
-0.00969349 -0.00115720 0.00447935
-0.00974198 -0.00120667 0.00450281
-0.00979048 -0.00125614 0.00452627
-0.00983898 -0.00130560 0.00454973
-0.00988748 -0.00135507 0.00457319
-0.00993597 -0.00140454 0.00459665
-0.00998447 -0.00145401 0.00462011
-0.01003297 -0.00150347 0.00464357
-0.01008147 -0.00155294 0.00466703
-0.01012996 -0.00160241 0.00469049
-0.01017846 -0.00165187 0.00471395
-0.01022696 -0.00170134 0.00473741
-0.01027546 -0.00175081 0.00476087
-0.01032395 -0.00180028 0.00478433
-0.01037245 -0.00184974 0.00480779
-0.01036457 -0.00188498 0.00477495
-0.01035670 -0.00192022 0.00474210
-0.01034882 -0.00195546 0.00470926
-0.01034094 -0.00199070 0.00467641
-0.01033306 -0.00202593 0.00464357
-0.01032518 -0.00206117 0.00461073
-0.01031731 -0.00209641 0.00457788
-0.01030943 -0.00213165 0.00454504
-0.01030155 -0.00216689 0.00451219
-0.01029367 -0.00220213 0.00447935
-0.01028579 -0.00223736 0.00444650
-0.01027792 -0.00227260 0.00441366
-0.01027004 -0.00230784 0.00438082
-0.01026216 -0.00234308 0.00434797
-0.01025428 -0.00237832 0.00431513
-0.01024640 -0.00241356 0.00428228
-0.01023853 -0.00244879 0.00424944
-0.01023065 -0.00248403 0.00421659
-0.01022277 -0.00251927 0.00418375
-0.01021489 -0.00255451 0.00415091
-0.01021516 -0.00259633 0.00416878
-0.01021543 -0.00263814 0.00418666
-0.01021570 -0.00267996 0.00420454
-0.01021597 -0.00272177 0.00422242
-0.01021624 -0.00276359 0.00424029
-0.01021650 -0.00280540 0.00425817
-0.01021677 -0.00284722 0.00427605
-0.01021704 -0.00288904 0.00429393
-0.01021731 -0.00293085 0.00431181
-0.01021758 -0.00297267 0.00432968
-0.01021785 -0.00301448 0.00434756
-0.01021812 -0.00305630 0.00436544
-0.01021838 -0.00309812 0.00438332
-0.01021865 -0.00313993 0.00440120
-0.01021892 -0.00318175 0.00441907
-0.01021919 -0.00322356 0.00443695
-0.01021946 -0.00326538 0.00445483
-0.01021973 -0.00330719 0.00447271
-0.01022000 -0.00334901 0.00449059
-0.01022026 -0.00339083 0.00450846
-0.01026671 -0.00336073 0.00449305
-0.01031315 -0.00333063 0.00447765
-0.01035960 -0.00330053 0.00446224
-0.01040604 -0.00327044 0.00444683
-0.01045249 -0.00324034 0.00443142
-0.01049894 -0.00321024 0.00441601
-0.01054538 -0.00318014 0.00440061
-0.01059183 -0.00315004 0.00438520
-0.01063827 -0.00311995 0.00436979
-0.01068472 -0.00308985 0.00435438
-0.01073116 -0.00305975 0.00433897
-0.01077761 -0.00302965 0.00432356
-0.01082405 -0.00299956 0.00430816
-0.01087050 -0.00296946 0.00429275
-0.01091694 -0.00293936 0.00427734
-0.01096339 -0.00290926 0.00426193
-0.01100983 -0.00287916 0.00424652
-0.01105628 -0.00284907 0.00423111
-0.01110272 -0.00281897 0.00421571
-0.01114917 -0.00278887 0.00420030
-0.01117014 -0.00280179 0.00420501
-0.01119111 -0.00281471 0.00420972
-0.01121209 -0.00282763 0.00421443
-0.01123306 -0.00284054 0.00421914
-0.01125403 -0.00285346 0.00422386
-0.01127500 -0.00286638 0.00422857
-0.01129598 -0.00287930 0.00423328
-0.01131695 -0.00289221 0.00423799
-0.01133792 -0.00290513 0.00424270
-0.01135889 -0.00291805 0.00424741
-0.01137986 -0.00293097 0.00425213
-0.01140084 -0.00294389 0.00425684
-0.01142181 -0.00295680 0.00426155
-0.01144278 -0.00296972 0.00426626
-0.01146375 -0.00298264 0.00427097
-0.01148473 -0.00299556 0.00427568
-0.01150570 -0.00300848 0.00428040
-0.01152667 -0.00302139 0.00428511
-0.01154764 -0.00303431 0.00428982
-0.01156862 -0.00304723 0.00429453
-0.01161040 -0.00301973 0.00427234
-0.01165219 -0.00299222 0.00425015
-0.01169398 -0.00296472 0.00422797
-0.01173577 -0.00293721 0.00420578
-0.01177756 -0.00290971 0.00418359
-0.01181935 -0.00288220 0.00416140
-0.01186114 -0.00285470 0.00413922
-0.01190292 -0.00282720 0.00411703
-0.01194471 -0.00279969 0.00409484
-0.01198650 -0.00277219 0.00407265
-0.01202829 -0.00274468 0.00405047
-0.01207008 -0.00271718 0.00402828
-0.01211187 -0.00268967 0.00400609
-0.01215366 -0.00266217 0.00398390
-0.01219544 -0.00263467 0.00396172
-0.01223723 -0.00260716 0.00393953
-0.01227902 -0.00257966 0.00391734
-0.01232081 -0.00255215 0.00389515
-0.01236260 -0.00252465 0.00387297
-0.01240439 -0.00249715 0.00385078
-0.01243545 -0.00244745 0.00383500
-0.01246652 -0.00239775 0.00381923
-0.01249758 -0.00234806 0.00380345
-0.01252865 -0.00229836 0.00378767
-0.01255971 -0.00224867 0.00377190
-0.01259078 -0.00219897 0.00375612
-0.01262184 -0.00214928 0.00374035
-0.01265291 -0.00209958 0.00372457
-0.01268397 -0.00204989 0.00370879
-0.01271504 -0.00200019 0.00369302
-0.01274610 -0.00195050 0.00367724
-0.01277717 -0.00190080 0.00366147
-0.01280823 -0.00185110 0.00364569
-0.01283929 -0.00180141 0.00362991
-0.01287036 -0.00175171 0.00361414
-0.01290142 -0.00170202 0.00359836
-0.01293249 -0.00165232 0.00358259
-0.01296355 -0.00160263 0.00356681
-0.01299462 -0.00155293 0.00355103
-0.01302568 -0.00150324 0.00353526
-0.01302538 -0.00146199 0.00352127
-0.01302509 -0.00142074 0.00350729
-0.01302479 -0.00137949 0.00349330
-0.01302449 -0.00133824 0.00347931
-0.01302419 -0.00129699 0.00346533
-0.01302389 -0.00125574 0.00345134
-0.01302359 -0.00121449 0.00343736
-0.01302329 -0.00117324 0.00342337
-0.01302300 -0.00113199 0.00340939
-0.01302270 -0.00109074 0.00339540
-0.01302240 -0.00104949 0.00338141
-0.01302210 -0.00100824 0.00336743
-0.01302180 -0.00096699 0.00335344
-0.01302150 -0.00092574 0.00333946
-0.01302120 -0.00088449 0.00332547
-0.01302091 -0.00084323 0.00331148
-0.01302061 -0.00080198 0.00329750
-0.01302031 -0.00076073 0.00328351
-0.01302001 -0.00071948 0.00326953
-0.01301971 -0.00067823 0.00325554
-0.01304149 -0.00065928 0.00326111
-0.01306328 -0.00064032 0.00326667
-0.01308506 -0.00062136 0.00327224
-0.01310684 -0.00060241 0.00327781
-0.01312862 -0.00058345 0.00328337
-0.01315041 -0.00056449 0.00328894
-0.01317219 -0.00054554 0.00329451
-0.01319397 -0.00052658 0.00330007
-0.01321575 -0.00050762 0.00330564
-0.01323754 -0.00048866 0.00331121
-0.01325932 -0.00046971 0.00331677
-0.01328110 -0.00045075 0.00332234
-0.01330288 -0.00043179 0.00332791
-0.01332467 -0.00041284 0.00333347
-0.01334645 -0.00039388 0.00333904
-0.01336823 -0.00037492 0.00334461
-0.01339001 -0.00035597 0.00335017
-0.01341180 -0.00033701 0.00335574
-0.01343358 -0.00031805 0.00336131
-0.01345536 -0.00029909 0.00336687
-0.01342342 -0.00032998 0.00337927
-0.01339149 -0.00036087 0.00339167
-0.01335955 -0.00039176 0.00340407
-0.01332761 -0.00042265 0.00341647
-0.01329567 -0.00045354 0.00342887
-0.01326373 -0.00048443 0.00344127
-0.01323180 -0.00051531 0.00345367
-0.01319986 -0.00054620 0.00346607
-0.01316792 -0.00057709 0.00347846
-0.01313598 -0.00060798 0.00349086
-0.01310405 -0.00063887 0.00350326
-0.01307211 -0.00066976 0.00351566
-0.01304017 -0.00070065 0.00352806
-0.01300823 -0.00073154 0.00354046
-0.01297629 -0.00076242 0.00355286
-0.01294436 -0.00079331 0.00356526
-0.01291242 -0.00082420 0.00357766
-0.01288048 -0.00085509 0.00359005
-0.01284854 -0.00088598 0.00360245
-0.01281661 -0.00091687 0.00361485
-0.01277920 -0.00090453 0.00362211
-0.01274180 -0.00089220 0.00362936
-0.01270440 -0.00087987 0.00363662
-0.01266699 -0.00086753 0.00364387
-0.01262959 -0.00085520 0.00365113
-0.01259219 -0.00084286 0.00365838
-0.01255478 -0.00083053 0.00366564
-0.01251738 -0.00081819 0.00367289
-0.01247998 -0.00080586 0.00368015
-0.01244257 -0.00079353 0.00368740
-0.01240517 -0.00078119 0.00369466
-0.01236777 -0.00076886 0.00370192
-0.01233036 -0.00075652 0.00370917
-0.01229296 -0.00074419 0.00371643
-0.01225556 -0.00073185 0.00372368
-0.01221815 -0.00071952 0.00373094
-0.01218075 -0.00070719 0.00373819
-0.01214335 -0.00069485 0.00374545
-0.01210594 -0.00068252 0.00375270
-0.01206854 -0.00067018 0.00375996
-0.01209957 -0.00066436 0.00371549
-0.01213060 -0.00065854 0.00367103
-0.01216163 -0.00065272 0.00362656
-0.01219266 -0.00064690 0.00358210
-0.01222369 -0.00064108 0.00353763
-0.01225472 -0.00063526 0.00349317
-0.01228575 -0.00062944 0.00344870
-0.01231678 -0.00062362 0.00340423
-0.01234781 -0.00061780 0.00335977
-0.01237884 -0.00061198 0.00331530
-0.01240987 -0.00060615 0.00327084
-0.01244090 -0.00060033 0.00322637
-0.01247193 -0.00059451 0.00318191
-0.01250296 -0.00058869 0.00313744
-0.01253399 -0.00058287 0.00309298
-0.01256502 -0.00057705 0.00304851
-0.01259605 -0.00057123 0.00300404
-0.01262708 -0.00056541 0.00295958
-0.01265811 -0.00055959 0.00291511
-0.01268914 -0.00055377 0.00287065
-0.01270063 -0.00053711 0.00284273
-0.01271212 -0.00052046 0.00281482
-0.01272360 -0.00050381 0.00278690
-0.01273509 -0.00048715 0.00275899
-0.01274658 -0.00047050 0.00273107
-0.01275806 -0.00045384 0.00270316
-0.01276955 -0.00043719 0.00267525
-0.01278104 -0.00042054 0.00264733
-0.01279252 -0.00040388 0.00261942
-0.01280401 -0.00038723 0.00259150
-0.01281550 -0.00037057 0.00256359
-0.01282698 -0.00035392 0.00253567
-0.01283847 -0.00033727 0.00250776
-0.01284996 -0.00032061 0.00247984
-0.01286144 -0.00030396 0.00245193
-0.01287293 -0.00028730 0.00242401
-0.01288442 -0.00027065 0.00239610
-0.01289590 -0.00025400 0.00236818
-0.01290739 -0.00023734 0.00234027
-0.01291887 -0.00022069 0.00231235
-0.01289451 -0.00025795 0.00230802
-0.01287015 -0.00029521 0.00230368
-0.01284580 -0.00033247 0.00229935
-0.01282144 -0.00036973 0.00229501
-0.01279708 -0.00040699 0.00229067
-0.01277272 -0.00044425 0.00228634
-0.01274836 -0.00048151 0.00228200
-0.01272400 -0.00051877 0.00227766
-0.01269964 -0.00055603 0.00227333
-0.01267528 -0.00059329 0.00226899
-0.01265092 -0.00063055 0.00226466
-0.01262656 -0.00066781 0.00226032
-0.01260220 -0.00070507 0.00225598
-0.01257784 -0.00074233 0.00225165
-0.01255348 -0.00077959 0.00224731
-0.01252912 -0.00081685 0.00224298
-0.01250476 -0.00085411 0.00223864
-0.01248040 -0.00089137 0.00223430
-0.01245604 -0.00092863 0.00222997
-0.01243168 -0.00096589 0.00222563
-0.01245145 -0.00097002 0.00220806
-0.01247123 -0.00097414 0.00219049
-0.01249100 -0.00097826 0.00217292
-0.01251077 -0.00098239 0.00215535
-0.01253055 -0.00098651 0.00213778
-0.01255032 -0.00099063 0.00212021
-0.01257009 -0.00099476 0.00210264
-0.01258987 -0.00099888 0.00208507
-0.01260964 -0.00100300 0.00206750
-0.01262941 -0.00100713 0.00204993
-0.01264919 -0.00101125 0.00203236
-0.01266896 -0.00101537 0.00201479
-0.01268873 -0.00101950 0.00199722
-0.01270851 -0.00102362 0.00197965
-0.01272828 -0.00102774 0.00196208
-0.01274806 -0.00103187 0.00194450
-0.01276783 -0.00103599 0.00192693
-0.01278760 -0.00104011 0.00190936
-0.01280738 -0.00104424 0.00189179
-0.01282715 -0.00104836 0.00187422
-0.01278083 -0.00103840 0.00190630
-0.01273451 -0.00102844 0.00193837
-0.01268819 -0.00101848 0.00197044
-0.01264187 -0.00100852 0.00200252
-0.01259555 -0.00099856 0.00203459
-0.01254922 -0.00098859 0.00206666
-0.01250290 -0.00097863 0.00209874
-0.01245658 -0.00096867 0.00213081
-0.01241026 -0.00095871 0.00216288
-0.01236394 -0.00094875 0.00219496
-0.01231762 -0.00093879 0.00222703
-0.01227130 -0.00092883 0.00225910
-0.01222498 -0.00091887 0.00229118
-0.01217866 -0.00090891 0.00232325
-0.01213234 -0.00089895 0.00235532
-0.01208602 -0.00088898 0.00238740
-0.01203970 -0.00087902 0.00241947
-0.01199338 -0.00086906 0.00245154
-0.01194705 -0.00085910 0.00248362
-0.01190073 -0.00084914 0.00251569
-0.01190354 -0.00086805 0.00254962
-0.01190634 -0.00088695 0.00258356
-0.01190915 -0.00090586 0.00261750
-0.01191195 -0.00092476 0.00265143
-0.01191476 -0.00094367 0.00268537
-0.01191756 -0.00096257 0.00271930
-0.01192036 -0.00098148 0.00275324
-0.01192317 -0.00100038 0.00278718
-0.01192597 -0.00101929 0.00282111
-0.01192878 -0.00103819 0.00285505
-0.01193158 -0.00105710 0.00288898
-0.01193438 -0.00107600 0.00292292
-0.01193719 -0.00109490 0.00295686
-0.01193999 -0.00111381 0.00299079
-0.01194280 -0.00113271 0.00302473
-0.01194560 -0.00115162 0.00305866
-0.01194841 -0.00117052 0.00309260
-0.01195121 -0.00118943 0.00312654
-0.01195401 -0.00120833 0.00316047
-0.01195682 -0.00122724 0.00319441
-0.01192182 -0.00124069 0.00318933
-0.01188682 -0.00125415 0.00318425
-0.01185182 -0.00126760 0.00317917
-0.01181682 -0.00128105 0.00317410
-0.01178182 -0.00129450 0.00316902
-0.01174682 -0.00130796 0.00316394
-0.01171182 -0.00132141 0.00315886
-0.01167682 -0.00133486 0.00315378
-0.01164182 -0.00134831 0.00314870
-0.01160682 -0.00136177 0.00314363
-0.01157182 -0.00137522 0.00313855
-0.01153682 -0.00138867 0.00313347
-0.01150182 -0.00140213 0.00312839
-0.01146682 -0.00141558 0.00312331
-0.01143182 -0.00142903 0.00311823
-0.01139682 -0.00144248 0.00311316
-0.01136182 -0.00145594 0.00310808
-0.01132682 -0.00146939 0.00310300
-0.01129182 -0.00148284 0.00309792
-0.01125682 -0.00149630 0.00309284
-0.01121894 -0.00153979 0.00306756
-0.01118106 -0.00158329 0.00304228
-0.01114317 -0.00162678 0.00301700
-0.01110529 -0.00167027 0.00299172
-0.01106741 -0.00171377 0.00296644
-0.01102953 -0.00175726 0.00294116
-0.01099164 -0.00180076 0.00291588
-0.01095376 -0.00184425 0.00289060
-0.01091588 -0.00188775 0.00286532
-0.01087800 -0.00193124 0.00284004
-0.01084011 -0.00197474 0.00281476
-0.01080223 -0.00201823 0.00278948
-0.01076435 -0.00206173 0.00276420
-0.01072647 -0.00210522 0.00273892
-0.01068859 -0.00214872 0.00271364
-0.01065070 -0.00219221 0.00268836
-0.01061282 -0.00223571 0.00266308
-0.01057494 -0.00227920 0.00263780
-0.01053706 -0.00232270 0.00261252
-0.01049917 -0.00236619 0.00258724
-0.01051344 -0.00237879 0.00258877
-0.01052772 -0.00239140 0.00259030
-0.01054199 -0.00240400 0.00259184
-0.01055626 -0.00241661 0.00259337
-0.01057053 -0.00242921 0.00259490
-0.01058480 -0.00244182 0.00259643
-0.01059907 -0.00245442 0.00259796
-0.01061334 -0.00246702 0.00259950
-0.01062761 -0.00247963 0.00260103
-0.01064188 -0.00249223 0.00260256
-0.01065616 -0.00250484 0.00260409
-0.01067043 -0.00251744 0.00260562
-0.01068470 -0.00253004 0.00260715
-0.01069897 -0.00254265 0.00260869
-0.01071324 -0.00255525 0.00261022
-0.01072751 -0.00256786 0.00261175
-0.01074178 -0.00258046 0.00261328
-0.01075605 -0.00259307 0.00261481
-0.01077032 -0.00260567 0.00261635
-0.01078460 -0.00261827 0.00261788
-0.01076426 -0.00264044 0.00263716
-0.01074393 -0.00266261 0.00265645
-0.01072360 -0.00268477 0.00267573
-0.01070326 -0.00270694 0.00269502
-0.01068293 -0.00272910 0.00271430
-0.01066260 -0.00275127 0.00273359
-0.01064226 -0.00277344 0.00275288
-0.01062193 -0.00279560 0.00277216
-0.01060160 -0.00281777 0.00279145
-0.01058126 -0.00283994 0.00281073
-0.01056093 -0.00286210 0.00283002
-0.01054060 -0.00288427 0.00284930
-0.01052026 -0.00290643 0.00286859
-0.01049993 -0.00292860 0.00288787
-0.01047960 -0.00295077 0.00290716
-0.01045926 -0.00297293 0.00292644
-0.01043893 -0.00299510 0.00294573
-0.01041860 -0.00301727 0.00296502
-0.01039827 -0.00303943 0.00298430
-0.01037793 -0.00306160 0.00300359
-0.01034212 -0.00303284 0.00298873
-0.01030631 -0.00300408 0.00297388
-0.01027050 -0.00297532 0.00295902
-0.01023469 -0.00294657 0.00294417
-0.01019888 -0.00291781 0.00292931
-0.01016306 -0.00288905 0.00291446
-0.01012725 -0.00286029 0.00289960
-0.01009144 -0.00283153 0.00288475
-0.01005563 -0.00280277 0.00286989
-0.01001982 -0.00277402 0.00285504
-0.00998401 -0.00274526 0.00284018
-0.00994820 -0.00271650 0.00282533
-0.00991239 -0.00268774 0.00281047
-0.00987657 -0.00265898 0.00279562
-0.00984076 -0.00263022 0.00278076
-0.00980495 -0.00260147 0.00276590
-0.00976914 -0.00257271 0.00275105
-0.00973333 -0.00254395 0.00273619
-0.00969752 -0.00251519 0.00272134
-0.00966171 -0.00248643 0.00270648
-0.00963876 -0.00249186 0.00275421
-0.00961581 -0.00249728 0.00280194
-0.00959287 -0.00250271 0.00284967
-0.00956992 -0.00250814 0.00289740
-0.00954697 -0.00251356 0.00294513
-0.00952403 -0.00251899 0.00299286
-0.00950108 -0.00252442 0.00304059
-0.00947814 -0.00252984 0.00308832
-0.00945519 -0.00253527 0.00313605
-0.00943224 -0.00254069 0.00318378
-0.00940930 -0.00254612 0.00323151
-0.00938635 -0.00255155 0.00327924
-0.00936340 -0.00255697 0.00332697
-0.00934046 -0.00256240 0.00337470
-0.00931751 -0.00256782 0.00342243
-0.00929456 -0.00257325 0.00347016
-0.00927162 -0.00257868 0.00351789
-0.00924867 -0.00258410 0.00356562
-0.00922572 -0.00258953 0.00361335
-0.00920278 -0.00259496 0.00366108
-0.00918927 -0.00254683 0.00367658
-0.00917576 -0.00249871 0.00369207
-0.00916226 -0.00245059 0.00370757
-0.00914875 -0.00240247 0.00372307
-0.00913524 -0.00235434 0.00373856
-0.00912173 -0.00230622 0.00375406
-0.00910823 -0.00225810 0.00376956
-0.00909472 -0.00220998 0.00378505
-0.00908121 -0.00216185 0.00380055
-0.00906771 -0.00211373 0.00381605
-0.00905420 -0.00206561 0.00383154
-0.00904069 -0.00201749 0.00384704
-0.00902719 -0.00196936 0.00386254
-0.00901368 -0.00192124 0.00387803
-0.00900017 -0.00187312 0.00389353
-0.00898666 -0.00182500 0.00390902
-0.00897316 -0.00177687 0.00392452
-0.00895965 -0.00172875 0.00394002
-0.00894614 -0.00168063 0.00395551
-0.00893264 -0.00163251 0.00397101
-0.00896066 -0.00160275 0.00396227
-0.00898869 -0.00157300 0.00395354
-0.00901672 -0.00154325 0.00394480
-0.00904475 -0.00151349 0.00393606
-0.00907277 -0.00148374 0.00392732
-0.00910080 -0.00145399 0.00391858
-0.00912883 -0.00142424 0.00390985
-0.00915685 -0.00139448 0.00390111
-0.00918488 -0.00136473 0.00389237
-0.00921291 -0.00133498 0.00388363
-0.00924094 -0.00130522 0.00387489
-0.00926896 -0.00127547 0.00386616
-0.00929699 -0.00124572 0.00385742
-0.00932502 -0.00121597 0.00384868
-0.00935304 -0.00118621 0.00383994
-0.00938107 -0.00115646 0.00383121
-0.00940910 -0.00112671 0.00382247
-0.00943713 -0.00109695 0.00381373
-0.00946515 -0.00106720 0.00380499
-0.00949318 -0.00103745 0.00379625
-0.00945139 -0.00106226 0.00381773
-0.00940960 -0.00108707 0.00383921
-0.00936781 -0.00111188 0.00386069
-0.00932602 -0.00113669 0.00388216
-0.00928424 -0.00116149 0.00390364
-0.00924245 -0.00118630 0.00392512
-0.00920066 -0.00121111 0.00394659
-0.00915887 -0.00123592 0.00396807
-0.00911708 -0.00126073 0.00398955
-0.00907529 -0.00128554 0.00401103
-0.00903350 -0.00131035 0.00403250
-0.00899171 -0.00133516 0.00405398
-0.00894992 -0.00135997 0.00407546
-0.00890813 -0.00138478 0.00409693
-0.00886635 -0.00140959 0.00411841
-0.00882456 -0.00143440 0.00413989
-0.00878277 -0.00145920 0.00416137
-0.00874098 -0.00148401 0.00418284
-0.00869919 -0.00150882 0.00420432
-0.00865740 -0.00153363 0.00422580
-0.00865683 -0.00157574 0.00422730
-0.00865626 -0.00161785 0.00422880
-0.00865569 -0.00165996 0.00423031
-0.00865512 -0.00170208 0.00423181
-0.00865455 -0.00174419 0.00423331
-0.00865398 -0.00178630 0.00423481
-0.00865340 -0.00182841 0.00423632
-0.00865283 -0.00187052 0.00423782
-0.00865226 -0.00191263 0.00423932
-0.00865169 -0.00195474 0.00424082
-0.00865112 -0.00199685 0.00424232
-0.00865055 -0.00203896 0.00424383
-0.00864998 -0.00208108 0.00424533
-0.00864941 -0.00212319 0.00424683
-0.00864884 -0.00216530 0.00424833
-0.00864827 -0.00220741 0.00424984
-0.00864770 -0.00224952 0.00425134
-0.00864713 -0.00229163 0.00425284
-0.00864656 -0.00233374 0.00425434
-0.00864598 -0.00237585 0.00425585
-0.00866385 -0.00240384 0.00425564
-0.00868172 -0.00243183 0.00425543
-0.00869959 -0.00245982 0.00425522
-0.00871745 -0.00248780 0.00425502
-0.00873532 -0.00251579 0.00425481
-0.00875319 -0.00254378 0.00425460
-0.00877105 -0.00257177 0.00425439
-0.00878892 -0.00259975 0.00425419
-0.00880679 -0.00262774 0.00425398
-0.00882466 -0.00265573 0.00425377
-0.00884252 -0.00268372 0.00425356
-0.00886039 -0.00271170 0.00425336
-0.00887826 -0.00273969 0.00425315
-0.00889612 -0.00276768 0.00425294
-0.00891399 -0.00279567 0.00425273
-0.00893186 -0.00282365 0.00425253
-0.00894973 -0.00285164 0.00425232
-0.00896759 -0.00287963 0.00425211
-0.00898546 -0.00290762 0.00425190
-0.00900333 -0.00293560 0.00425170
-0.00899834 -0.00288601 0.00425833
-0.00899336 -0.00283641 0.00426497
-0.00898838 -0.00278682 0.00427161
-0.00898339 -0.00273722 0.00427825
-0.00897841 -0.00268762 0.00428488
-0.00897343 -0.00263803 0.00429152
-0.00896844 -0.00258843 0.00429816
-0.00896346 -0.00253883 0.00430480
-0.00895848 -0.00248924 0.00431144
-0.00895349 -0.00243964 0.00431807
-0.00894851 -0.00239004 0.00432471
-0.00894353 -0.00234045 0.00433135
-0.00893854 -0.00229085 0.00433799
-0.00893356 -0.00224126 0.00434462
-0.00892858 -0.00219166 0.00435126
-0.00892360 -0.00214206 0.00435790
-0.00891861 -0.00209247 0.00436454
-0.00891363 -0.00204287 0.00437118
-0.00890865 -0.00199327 0.00437781
-0.00890366 -0.00194368 0.00438445
-0.00892710 -0.00190276 0.00434230
-0.00895054 -0.00186185 0.00430015
-0.00897398 -0.00182094 0.00425800
-0.00899742 -0.00178003 0.00421585
-0.00902085 -0.00173912 0.00417369
-0.00904429 -0.00169820 0.00413154
-0.00906773 -0.00165729 0.00408939
-0.00909117 -0.00161638 0.00404724
-0.00911461 -0.00157547 0.00400509
-0.00913805 -0.00153456 0.00396294
-0.00916149 -0.00149364 0.00392079
-0.00918492 -0.00145273 0.00387863
-0.00920836 -0.00141182 0.00383648
-0.00923180 -0.00137091 0.00379433
-0.00925524 -0.00133000 0.00375218
-0.00927868 -0.00128908 0.00371003
-0.00930212 -0.00124817 0.00366788
-0.00932556 -0.00120726 0.00362573
-0.00934899 -0.00116635 0.00358357
-0.00937243 -0.00112544 0.00354142
-0.00938572 -0.00109156 0.00353249
-0.00939901 -0.00105768 0.00352356
-0.00941230 -0.00102380 0.00351462
-0.00942559 -0.00098992 0.00350569
-0.00943888 -0.00095605 0.00349675
-0.00945217 -0.00092217 0.00348782
-0.00946545 -0.00088829 0.00347889
-0.00947874 -0.00085441 0.00346995
-0.00949203 -0.00082053 0.00346102
-0.00950532 -0.00078666 0.00345208
-0.00951861 -0.00075278 0.00344315
-0.00953190 -0.00071890 0.00343421
-0.00954519 -0.00068502 0.00342528
-0.00955848 -0.00065114 0.00341635
-0.00957177 -0.00061727 0.00340741
-0.00958505 -0.00058339 0.00339848
-0.00959834 -0.00054951 0.00338954
-0.00961163 -0.00051563 0.00338061
-0.00962492 -0.00048175 0.00337168
-0.00963821 -0.00044788 0.00336274
-0.00964557 -0.00041585 0.00338024
-0.00965292 -0.00038382 0.00339774
-0.00966028 -0.00035179 0.00341524
-0.00966764 -0.00031977 0.00343274
-0.00967499 -0.00028774 0.00345024
-0.00968235 -0.00025571 0.00346774
-0.00968971 -0.00022369 0.00348524
-0.00969707 -0.00019166 0.00350274
-0.00970442 -0.00015963 0.00352024
-0.00971178 -0.00012760 0.00353774
-0.00971914 -0.00009558 0.00355524
-0.00972649 -0.00006355 0.00357274
-0.00973385 -0.00003152 0.00359024
-0.00974121 0.00000051 0.00360774
-0.00974856 0.00003253 0.00362524
-0.00975592 0.00006456 0.00364274
-0.00976328 0.00009659 0.00366025
-0.00977063 0.00012862 0.00367775
-0.00977799 0.00016064 0.00369525
-0.00978535 0.00019267 0.00371275
-0.00974992 0.00015537 0.00374670
-0.00971450 0.00011808 0.00378065
-0.00967907 0.00008078 0.00381460
-0.00964365 0.00004348 0.00384855
-0.00960822 0.00000619 0.00388250
-0.00957280 -0.00003111 0.00391645
-0.00953737 -0.00006840 0.00395040
-0.00950194 -0.00010570 0.00398435
-0.00946652 -0.00014300 0.00401830
-0.00943109 -0.00018029 0.00405225
-0.00939567 -0.00021759 0.00408621
-0.00936024 -0.00025489 0.00412016
-0.00932482 -0.00029218 0.00415411
-0.00928939 -0.00032948 0.00418806
-0.00925397 -0.00036677 0.00422201
-0.00921854 -0.00040407 0.00425596
-0.00918312 -0.00044137 0.00428991
-0.00914769 -0.00047866 0.00432386
-0.00911227 -0.00051596 0.00435781
-0.00907684 -0.00055326 0.00439176
-0.00907422 -0.00057158 0.00442753
-0.00907161 -0.00058990 0.00446329
-0.00906899 -0.00060822 0.00449906
-0.00906638 -0.00062654 0.00453482
-0.00906376 -0.00064486 0.00457059
-0.00906114 -0.00066318 0.00460635
-0.00905853 -0.00068150 0.00464212
-0.00905591 -0.00069982 0.00467788
-0.00905330 -0.00071814 0.00471365
-0.00905068 -0.00073646 0.00474941
-0.00904807 -0.00075478 0.00478518
-0.00904545 -0.00077310 0.00482094
-0.00904283 -0.00079142 0.00485671
-0.00904022 -0.00080974 0.00489247
-0.00903760 -0.00082806 0.00492824
-0.00903499 -0.00084638 0.00496400
-0.00903237 -0.00086470 0.00499977
-0.00902976 -0.00088302 0.00503553
-0.00902714 -0.00090134 0.00507130
-0.00902452 -0.00091966 0.00510707
-0.00899829 -0.00095342 0.00515247
-0.00897205 -0.00098718 0.00519787
-0.00894582 -0.00102094 0.00524327
-0.00891959 -0.00105470 0.00528867
-0.00889335 -0.00108846 0.00533407
-0.00886712 -0.00112221 0.00537947
-0.00884088 -0.00115597 0.00542487
-0.00881465 -0.00118973 0.00547027
-0.00878841 -0.00122349 0.00551567
-0.00876218 -0.00125725 0.00556107
-0.00873594 -0.00129101 0.00560647
-0.00870971 -0.00132476 0.00565187
-0.00868347 -0.00135852 0.00569727
-0.00865724 -0.00139228 0.00574267
-0.00863100 -0.00142604 0.00578807
-0.00860477 -0.00145980 0.00583347
-0.00857853 -0.00149356 0.00587887
-0.00855230 -0.00152732 0.00592427
-0.00852607 -0.00156107 0.00596967
-0.00849983 -0.00159483 0.00601507
-0.00849632 -0.00160276 0.00604589
-0.00849281 -0.00161068 0.00607670
-0.00848930 -0.00161860 0.00610752
-0.00848579 -0.00162653 0.00613833
-0.00848228 -0.00163445 0.00616915
-0.00847876 -0.00164237 0.00619996
-0.00847525 -0.00165030 0.00623078
-0.00847174 -0.00165822 0.00626159
-0.00846823 -0.00166614 0.00629241
-0.00846472 -0.00167407 0.00632322
-0.00846121 -0.00168199 0.00635404
-0.00845770 -0.00168991 0.00638485
-0.00845419 -0.00169784 0.00641567
-0.00845068 -0.00170576 0.00644648
-0.00844717 -0.00171368 0.00647730
-0.00844365 -0.00172161 0.00650811
-0.00844014 -0.00172953 0.00653893
-0.00843663 -0.00173745 0.00656974
-0.00843312 -0.00174538 0.00660056
-0.00842961 -0.00175330 0.00663138
-0.00838369 -0.00178795 0.00663650
-0.00833777 -0.00182260 0.00664163
-0.00829185 -0.00185725 0.00664676
-0.00824594 -0.00189190 0.00665189
-0.00820002 -0.00192654 0.00665702
-0.00815410 -0.00196119 0.00666215
-0.00810818 -0.00199584 0.00666728
-0.00806226 -0.00203049 0.00667241
-0.00801634 -0.00206514 0.00667754
-0.00797042 -0.00209979 0.00668267
-0.00792450 -0.00213444 0.00668780
-0.00787859 -0.00216909 0.00669293
-0.00783267 -0.00220374 0.00669806
-0.00778675 -0.00223838 0.00670319
-0.00774083 -0.00227303 0.00670832
-0.00769491 -0.00230768 0.00671344
-0.00764899 -0.00234233 0.00671857
-0.00760307 -0.00237698 0.00672370
-0.00755715 -0.00241163 0.00672883
-0.00751124 -0.00244628 0.00673396
-0.00746650 -0.00248556 0.00672938
-0.00742177 -0.00252484 0.00672480
-0.00737703 -0.00256412 0.00672022
-0.00733230 -0.00260340 0.00671564
-0.00728757 -0.00264269 0.00671106
-0.00724283 -0.00268197 0.00670648
-0.00719810 -0.00272125 0.00670190
-0.00715337 -0.00276053 0.00669732
-0.00710863 -0.00279981 0.00669274
-0.00706390 -0.00283909 0.00668816
-0.00701916 -0.00287838 0.00668358
-0.00697443 -0.00291766 0.00667900
-0.00692970 -0.00295694 0.00667442
-0.00688496 -0.00299622 0.00666984
-0.00684023 -0.00303550 0.00666526
-0.00679550 -0.00307478 0.00666068
-0.00675076 -0.00311407 0.00665610
-0.00670603 -0.00315335 0.00665152
-0.00666129 -0.00319263 0.00664694
-0.00661656 -0.00323191 0.00664236
-0.00659283 -0.00322821 0.00665032
-0.00656909 -0.00322450 0.00665829
-0.00654536 -0.00322080 0.00666625
-0.00652162 -0.00321710 0.00667421
-0.00649789 -0.00321339 0.00668218
-0.00647415 -0.00320969 0.00669014
-0.00645042 -0.00320599 0.00669810
-0.00642668 -0.00320228 0.00670607
-0.00640295 -0.00319858 0.00671403
-0.00637922 -0.00319488 0.00672199
-0.00635548 -0.00319117 0.00672996
-0.00633175 -0.00318747 0.00673792
-0.00630801 -0.00318377 0.00674588
-0.00628428 -0.00318006 0.00675385
-0.00626054 -0.00317636 0.00676181
-0.00623681 -0.00317266 0.00676977
-0.00621308 -0.00316895 0.00677774
-0.00618934 -0.00316525 0.00678570
-0.00616561 -0.00316155 0.00679366
-0.00614187 -0.00315784 0.00680163
-0.00617215 -0.00320594 0.00683373
-0.00620244 -0.00325403 0.00686584
-0.00623272 -0.00330213 0.00689795
-0.00626300 -0.00335022 0.00693005
-0.00629328 -0.00339832 0.00696216
-0.00632356 -0.00344641 0.00699427
-0.00635385 -0.00349451 0.00702638
-0.00638413 -0.00354260 0.00705848
-0.00641441 -0.00359070 0.00709059
-0.00644469 -0.00363879 0.00712270
-0.00647497 -0.00368689 0.00715481
-0.00650526 -0.00373498 0.00718691
-0.00653554 -0.00378308 0.00721902
-0.00656582 -0.00383117 0.00725113
-0.00659610 -0.00387927 0.00728324
-0.00662638 -0.00392736 0.00731534
-0.00665667 -0.00397545 0.00734745
-0.00668695 -0.00402355 0.00737956
-0.00671723 -0.00407164 0.00741167
-0.00674751 -0.00411974 0.00744377
-0.00675913 -0.00408260 0.00742949
-0.00677074 -0.00404546 0.00741520
-0.00678235 -0.00400831 0.00740092
-0.00679397 -0.00397117 0.00738663
-0.00680558 -0.00393403 0.00737235
-0.00681719 -0.00389689 0.00735806
-0.00682880 -0.00385975 0.00734377
-0.00684042 -0.00382261 0.00732949
-0.00685203 -0.00378546 0.00731520
-0.00686364 -0.00374832 0.00730092
-0.00687526 -0.00371118 0.00728663
-0.00688687 -0.00367404 0.00727235
-0.00689848 -0.00363690 0.00725806
-0.00691010 -0.00359976 0.00724378
-0.00692171 -0.00356262 0.00722949
-0.00693332 -0.00352547 0.00721520
-0.00694494 -0.00348833 0.00720092
-0.00695655 -0.00345119 0.00718663
-0.00696816 -0.00341405 0.00717235
-0.00697978 -0.00337691 0.00715806
-0.00699657 -0.00341875 0.00719471
-0.00701337 -0.00346059 0.00723136
-0.00703017 -0.00350243 0.00726801
-0.00704696 -0.00354427 0.00730466
-0.00706376 -0.00358611 0.00734131
-0.00708056 -0.00362795 0.00737797
-0.00709735 -0.00366979 0.00741462
-0.00711415 -0.00371163 0.00745127
-0.00713095 -0.00375347 0.00748792
-0.00714774 -0.00379531 0.00752457
-0.00716454 -0.00383715 0.00756122
-0.00718134 -0.00387899 0.00759787
-0.00719813 -0.00392083 0.00763452
-0.00721493 -0.00396267 0.00767117
-0.00723173 -0.00400451 0.00770782
-0.00724852 -0.00404635 0.00774447
-0.00726532 -0.00408820 0.00778112
-0.00728211 -0.00413004 0.00781777
-0.00729891 -0.00417188 0.00785442
-0.00731571 -0.00421372 0.00789107
-0.00734307 -0.00419292 0.00784145
-0.00737043 -0.00417212 0.00779183
-0.00739779 -0.00415132 0.00774220
-0.00742515 -0.00413052 0.00769258
-0.00745251 -0.00410973 0.00764296
-0.00747987 -0.00408893 0.00759334
-0.00750724 -0.00406813 0.00754371
-0.00753460 -0.00404733 0.00749409
-0.00756196 -0.00402653 0.00744447
-0.00758932 -0.00400574 0.00739485
-0.00761668 -0.00398494 0.00734522
-0.00764404 -0.00396414 0.00729560
-0.00767140 -0.00394334 0.00724598
-0.00769876 -0.00392254 0.00719636
-0.00772612 -0.00390175 0.00714673
-0.00775349 -0.00388095 0.00709711
-0.00778085 -0.00386015 0.00704749
-0.00780821 -0.00383935 0.00699787
-0.00783557 -0.00381855 0.00694824
-0.00786293 -0.00379776 0.00689862
-0.00782121 -0.00384486 0.00694637
-0.00777949 -0.00389197 0.00699413
-0.00773777 -0.00393908 0.00704188
-0.00769605 -0.00398619 0.00708963
-0.00765433 -0.00403330 0.00713738
-0.00761261 -0.00408040 0.00718514
-0.00757089 -0.00412751 0.00723289
-0.00752917 -0.00417462 0.00728064
-0.00748745 -0.00422173 0.00732839
-0.00744573 -0.00426884 0.00737614
-0.00740401 -0.00431595 0.00742390
-0.00736228 -0.00436305 0.00747165
-0.00732056 -0.00441016 0.00751940
-0.00727884 -0.00445727 0.00756715
-0.00723712 -0.00450438 0.00761490
-0.00719540 -0.00455149 0.00766266
-0.00715368 -0.00459860 0.00771041
-0.00711196 -0.00464570 0.00775816
-0.00707024 -0.00469281 0.00780591
-0.00702852 -0.00473992 0.00785367
-0.00704736 -0.00477362 0.00786830
-0.00706619 -0.00480733 0.00788293
-0.00708503 -0.00484103 0.00789756
-0.00710387 -0.00487473 0.00791220
-0.00712270 -0.00490844 0.00792683
-0.00714154 -0.00494214 0.00794146
-0.00716037 -0.00497585 0.00795609
-0.00717921 -0.00500955 0.00797073
-0.00719805 -0.00504325 0.00798536
-0.00721688 -0.00507696 0.00799999
-0.00723572 -0.00511066 0.00801462
-0.00725455 -0.00514436 0.00802926
-0.00727339 -0.00517807 0.00804389
-0.00729223 -0.00521177 0.00805852
-0.00731106 -0.00524547 0.00807316
-0.00732990 -0.00527918 0.00808779
-0.00734873 -0.00531288 0.00810242
-0.00736757 -0.00534658 0.00811705
-0.00738641 -0.00538029 0.00813169
-0.00740524 -0.00541399 0.00814632
-0.00739644 -0.00538518 0.00819004
-0.00738764 -0.00535637 0.00823376
-0.00737884 -0.00532755 0.00827748
-0.00737003 -0.00529874 0.00832120
-0.00736123 -0.00526993 0.00836492
-0.00735243 -0.00524112 0.00840864
-0.00734363 -0.00521231 0.00845236
-0.00733483 -0.00518350 0.00849608
-0.00732602 -0.00515468 0.00853980
-0.00731722 -0.00512587 0.00858352
-0.00730842 -0.00509706 0.00862724
-0.00729962 -0.00506825 0.00867096
-0.00729082 -0.00503944 0.00871467
-0.00728201 -0.00501063 0.00875839
-0.00727321 -0.00498181 0.00880211
-0.00726441 -0.00495300 0.00884583
-0.00725561 -0.00492419 0.00888955
-0.00724681 -0.00489538 0.00893327
-0.00723800 -0.00486657 0.00897699
-0.00722920 -0.00483776 0.00902071
-0.00724172 -0.00484341 0.00897352
-0.00725424 -0.00484907 0.00892634
-0.00726676 -0.00485473 0.00887915
-0.00727928 -0.00486039 0.00883196
-0.00729181 -0.00486605 0.00878477
-0.00730433 -0.00487171 0.00873758
-0.00731685 -0.00487737 0.00869039
-0.00732937 -0.00488303 0.00864320
-0.00734189 -0.00488868 0.00859602
-0.00735441 -0.00489434 0.00854883
-0.00736693 -0.00490000 0.00850164
-0.00737945 -0.00490566 0.00845445
-0.00739197 -0.00491132 0.00840726
-0.00740449 -0.00491698 0.00836007
-0.00741701 -0.00492264 0.00831288
-0.00742953 -0.00492830 0.00826569
-0.00744205 -0.00493396 0.00821851
-0.00745457 -0.00493961 0.00817132
-0.00746709 -0.00494527 0.00812413
-0.00747961 -0.00495093 0.00807694
-0.00749252 -0.00495166 0.00803176
-0.00750542 -0.00495239 0.00798658
-0.00751833 -0.00495313 0.00794140
-0.00753123 -0.00495386 0.00789622
-0.00754414 -0.00495459 0.00785104
-0.00755704 -0.00495532 0.00780586
-0.00756995 -0.00495605 0.00776068
-0.00758285 -0.00495678 0.00771550
-0.00759576 -0.00495751 0.00767032
-0.00760866 -0.00495824 0.00762514
-0.00762157 -0.00495898 0.00757996
-0.00763447 -0.00495971 0.00753478
-0.00764738 -0.00496044 0.00748960
-0.00766028 -0.00496117 0.00744442
-0.00767319 -0.00496190 0.00739924
-0.00768610 -0.00496263 0.00735406
-0.00769900 -0.00496336 0.00730888
-0.00771191 -0.00496409 0.00726370
-0.00772481 -0.00496482 0.00721852
-0.00773772 -0.00496556 0.00717334
-0.00774413 -0.00499731 0.00719894
-0.00775054 -0.00502906 0.00722454
-0.00775696 -0.00506082 0.00725014
-0.00776337 -0.00509257 0.00727574
-0.00776979 -0.00512432 0.00730134
-0.00777620 -0.00515608 0.00732694
-0.00778261 -0.00518783 0.00735254
-0.00778903 -0.00521958 0.00737814
-0.00779544 -0.00525134 0.00740374
-0.00780186 -0.00528309 0.00742934
-0.00780827 -0.00531484 0.00745494
-0.00781468 -0.00534660 0.00748054
-0.00782110 -0.00537835 0.00750614
-0.00782751 -0.00541010 0.00753174
-0.00783393 -0.00544186 0.00755734
-0.00784034 -0.00547361 0.00758294
-0.00784675 -0.00550537 0.00760854
-0.00785317 -0.00553712 0.00763413
-0.00785958 -0.00556887 0.00765973
-0.00786600 -0.00560063 0.00768533
-0.00783571 -0.00563548 0.00770388
-0.00780543 -0.00567033 0.00772242
-0.00777515 -0.00570518 0.00774096
-0.00774487 -0.00574003 0.00775950
-0.00771459 -0.00577488 0.00777804
-0.00768431 -0.00580974 0.00779658
-0.00765402 -0.00584459 0.00781512
-0.00762374 -0.00587944 0.00783366
-0.00759346 -0.00591429 0.00785220
-0.00756318 -0.00594914 0.00787074
-0.00753290 -0.00598399 0.00788929
-0.00750262 -0.00601885 0.00790783
-0.00747233 -0.00605370 0.00792637
-0.00744205 -0.00608855 0.00794491
-0.00741177 -0.00612340 0.00796345
-0.00738149 -0.00615825 0.00798199
-0.00735121 -0.00619311 0.00800053
-0.00732093 -0.00622796 0.00801907
-0.00729064 -0.00626281 0.00803761
-0.00726036 -0.00629766 0.00805615
-0.00725250 -0.00631316 0.00805040
-0.00724463 -0.00632865 0.00804465
-0.00723677 -0.00634415 0.00803890
-0.00722890 -0.00635965 0.00803314
-0.00722103 -0.00637514 0.00802739
-0.00721317 -0.00639064 0.00802164
-0.00720530 -0.00640614 0.00801588
-0.00719744 -0.00642163 0.00801013
-0.00718957 -0.00643713 0.00800438
-0.00718171 -0.00645263 0.00799862
-0.00717384 -0.00646812 0.00799287
-0.00716598 -0.00648362 0.00798712
-0.00715811 -0.00649912 0.00798136
-0.00715024 -0.00651461 0.00797561
-0.00714238 -0.00653011 0.00796986
-0.00713451 -0.00654560 0.00796410
-0.00712665 -0.00656110 0.00795835
-0.00711878 -0.00657660 0.00795260
-0.00711092 -0.00659209 0.00794684
-0.00710305 -0.00660759 0.00794109
-0.00713924 -0.00656475 0.00795895
-0.00717542 -0.00652191 0.00797681
-0.00721161 -0.00647907 0.00799468
-0.00724779 -0.00643622 0.00801254
-0.00728398 -0.00639338 0.00803040
-0.00732016 -0.00635054 0.00804826
-0.00735635 -0.00630770 0.00806612
-0.00739253 -0.00626486 0.00808398
-0.00742872 -0.00622202 0.00810185
-0.00746490 -0.00617917 0.00811971
-0.00750109 -0.00613633 0.00813757
-0.00753727 -0.00609349 0.00815543
-0.00757346 -0.00605065 0.00817329
-0.00760964 -0.00600781 0.00819115
-0.00764583 -0.00596496 0.00820902
-0.00768202 -0.00592212 0.00822688
-0.00771820 -0.00587928 0.00824474
-0.00775439 -0.00583644 0.00826260
-0.00779057 -0.00579360 0.00828046
-0.00782676 -0.00575076 0.00829832
-0.00782681 -0.00571376 0.00826976
-0.00782687 -0.00567677 0.00824119
-0.00782693 -0.00563977 0.00821262
-0.00782698 -0.00560278 0.00818406
-0.00782704 -0.00556579 0.00815549
-0.00782710 -0.00552879 0.00812692
-0.00782716 -0.00549180 0.00809836
-0.00782721 -0.00545480 0.00806979
-0.00782727 -0.00541781 0.00804122
-0.00782733 -0.00538081 0.00801266
-0.00782738 -0.00534382 0.00798409
-0.00782744 -0.00530683 0.00795552
-0.00782750 -0.00526983 0.00792696
-0.00782755 -0.00523284 0.00789839
-0.00782761 -0.00519584 0.00786982
-0.00782767 -0.00515885 0.00784126
-0.00782773 -0.00512186 0.00781269
-0.00782778 -0.00508486 0.00778412
-0.00782784 -0.00504787 0.00775556
-0.00782790 -0.00501087 0.00772699
-0.00782052 -0.00503785 0.00775106
-0.00781315 -0.00506482 0.00777512
-0.00780578 -0.00509179 0.00779919
-0.00779841 -0.00511876 0.00782325
-0.00779104 -0.00514573 0.00784732
-0.00778367 -0.00517271 0.00787138
-0.00777629 -0.00519968 0.00789545
-0.00776892 -0.00522665 0.00791951
-0.00776155 -0.00525362 0.00794358
-0.00775418 -0.00528059 0.00796765
-0.00774681 -0.00530756 0.00799171
-0.00773943 -0.00533454 0.00801578
-0.00773206 -0.00536151 0.00803984
-0.00772469 -0.00538848 0.00806391
-0.00771732 -0.00541545 0.00808797
-0.00770995 -0.00544242 0.00811204
-0.00770257 -0.00546940 0.00813610
-0.00769520 -0.00549637 0.00816017
-0.00768783 -0.00552334 0.00818424
-0.00768046 -0.00555031 0.00820830
-0.00771209 -0.00551175 0.00818474
-0.00774372 -0.00547320 0.00816118
-0.00777535 -0.00543464 0.00813762
-0.00780698 -0.00539608 0.00811407
-0.00783861 -0.00535753 0.00809051
-0.00787024 -0.00531897 0.00806695
-0.00790187 -0.00528041 0.00804339
-0.00793350 -0.00524186 0.00801983
-0.00796513 -0.00520330 0.00799627
-0.00799676 -0.00516474 0.00797271
-0.00802839 -0.00512618 0.00794915
-0.00806002 -0.00508763 0.00792559
-0.00809165 -0.00504907 0.00790204
-0.00812328 -0.00501051 0.00787848
-0.00815491 -0.00497196 0.00785492
-0.00818654 -0.00493340 0.00783136
-0.00821817 -0.00489484 0.00780780
-0.00824980 -0.00485629 0.00778424
-0.00828143 -0.00481773 0.00776068
-0.00831306 -0.00477917 0.00773712
-0.00831424 -0.00478928 0.00770837
-0.00831542 -0.00479939 0.00767961
-0.00831659 -0.00480950 0.00765086
-0.00831777 -0.00481961 0.00762210
-0.00831895 -0.00482972 0.00759335
-0.00832013 -0.00483983 0.00756459
-0.00832130 -0.00484994 0.00753584
-0.00832248 -0.00486005 0.00750708
-0.00832366 -0.00487016 0.00747832
-0.00832484 -0.00488027 0.00744957
-0.00832601 -0.00489038 0.00742081
-0.00832719 -0.00490049 0.00739206
-0.00832837 -0.00491060 0.00736330
-0.00832955 -0.00492071 0.00733455
-0.00833072 -0.00493082 0.00730579
-0.00833190 -0.00494093 0.00727704
-0.00833308 -0.00495104 0.00724828
-0.00833426 -0.00496115 0.00721953
-0.00833543 -0.00497126 0.00719077
-0.00833661 -0.00498137 0.00716201
-0.00835164 -0.00500605 0.00718656
-0.00836667 -0.00503073 0.00721111
-0.00838170 -0.00505541 0.00723566
-0.00839673 -0.00508010 0.00726021
-0.00841176 -0.00510478 0.00728476
-0.00842679 -0.00512946 0.00730931
-0.00844182 -0.00515414 0.00733386
-0.00845685 -0.00517882 0.00735841
-0.00847188 -0.00520350 0.00738296
-0.00848691 -0.00522818 0.00740751
-0.00850193 -0.00525286 0.00743205
-0.00851696 -0.00527754 0.00745660
-0.00853199 -0.00530222 0.00748115
-0.00854702 -0.00532691 0.00750570
-0.00856205 -0.00535159 0.00753025
-0.00857708 -0.00537627 0.00755480
-0.00859211 -0.00540095 0.00757935
-0.00860714 -0.00542563 0.00760390
-0.00862217 -0.00545031 0.00762845
-0.00863720 -0.00547499 0.00765300
-0.00862779 -0.00551871 0.00766352
-0.00861838 -0.00556243 0.00767404
-0.00860897 -0.00560614 0.00768457
-0.00859956 -0.00564986 0.00769509
-0.00859015 -0.00569358 0.00770561
-0.00858074 -0.00573729 0.00771614
-0.00857133 -0.00578101 0.00772666
-0.00856192 -0.00582473 0.00773719
-0.00855251 -0.00586845 0.00774771
-0.00854310 -0.00591216 0.00775823
-0.00853369 -0.00595588 0.00776876
-0.00852428 -0.00599960 0.00777928
-0.00851486 -0.00604331 0.00778980
-0.00850545 -0.00608703 0.00780033
-0.00849604 -0.00613075 0.00781085
-0.00848663 -0.00617447 0.00782138
-0.00847722 -0.00621818 0.00783190
-0.00846781 -0.00626190 0.00784242
-0.00845840 -0.00630562 0.00785295
-0.00844899 -0.00634933 0.00786347
-0.00844437 -0.00638165 0.00782528
-0.00843975 -0.00641396 0.00778708
-0.00843513 -0.00644627 0.00774889
-0.00843051 -0.00647859 0.00771070
-0.00842589 -0.00651090 0.00767250
-0.00842127 -0.00654321 0.00763431
-0.00841665 -0.00657553 0.00759612
-0.00841202 -0.00660784 0.00755792
-0.00840740 -0.00664015 0.00751973
-0.00840278 -0.00667247 0.00748154
-0.00839816 -0.00670478 0.00744334
-0.00839354 -0.00673709 0.00740515
-0.00838892 -0.00676941 0.00736696
-0.00838430 -0.00680172 0.00732876
-0.00837968 -0.00683403 0.00729057
-0.00837506 -0.00686635 0.00725238
-0.00837044 -0.00689866 0.00721418
-0.00836582 -0.00693097 0.00717599
-0.00836119 -0.00696329 0.00713780
-0.00835657 -0.00699560 0.00709960
-0.00837448 -0.00694562 0.00712159
-0.00839238 -0.00689564 0.00714358
-0.00841028 -0.00684566 0.00716558
-0.00842819 -0.00679567 0.00718757
-0.00844609 -0.00674569 0.00720956
-0.00846400 -0.00669571 0.00723155
-0.00848190 -0.00664573 0.00725354
-0.00849980 -0.00659575 0.00727553
-0.00851771 -0.00654577 0.00729752
-0.00853561 -0.00649579 0.00731951
-0.00855351 -0.00644581 0.00734151
-0.00857142 -0.00639583 0.00736350
-0.00858932 -0.00634584 0.00738549
-0.00860723 -0.00629586 0.00740748
-0.00862513 -0.00624588 0.00742947
-0.00864303 -0.00619590 0.00745146
-0.00866094 -0.00614592 0.00747345
-0.00867884 -0.00609594 0.00749544
-0.00869674 -0.00604596 0.00751743
-0.00871465 -0.00599598 0.00753943
-0.00871497 -0.00594674 0.00753153
-0.00871528 -0.00589750 0.00752363
-0.00871560 -0.00584827 0.00751573
-0.00871592 -0.00579903 0.00750783
-0.00871624 -0.00574980 0.00749994
-0.00871656 -0.00570056 0.00749204
-0.00871687 -0.00565132 0.00748414
-0.00871719 -0.00560209 0.00747624
-0.00871751 -0.00555285 0.00746834
-0.00871783 -0.00550362 0.00746045
-0.00871815 -0.00545438 0.00745255
-0.00871846 -0.00540514 0.00744465
-0.00871878 -0.00535591 0.00743675
-0.00871910 -0.00530667 0.00742885
-0.00871942 -0.00525744 0.00742095
-0.00871974 -0.00520820 0.00741306
-0.00872005 -0.00515896 0.00740516
-0.00872037 -0.00510973 0.00739726
-0.00872069 -0.00506049 0.00738936
-0.00872101 -0.00501126 0.00738146
-0.00874613 -0.00496549 0.00734605
-0.00877125 -0.00491973 0.00731063
-0.00879637 -0.00487396 0.00727522
-0.00882150 -0.00482820 0.00723980
-0.00884662 -0.00478243 0.00720439
-0.00887174 -0.00473667 0.00716897
-0.00889686 -0.00469090 0.00713356
-0.00892198 -0.00464514 0.00709814
-0.00894711 -0.00459937 0.00706273
-0.00897223 -0.00455361 0.00702731
-0.00899735 -0.00450784 0.00699190
-0.00902247 -0.00446208 0.00695648
-0.00904759 -0.00441631 0.00692107
-0.00907272 -0.00437055 0.00688565
-0.00909784 -0.00432478 0.00685024
-0.00912296 -0.00427902 0.00681482
-0.00914808 -0.00423325 0.00677941
-0.00917320 -0.00418749 0.00674399
-0.00919833 -0.00414172 0.00670858
-0.00922345 -0.00409596 0.00667316
-0.00922694 -0.00412177 0.00662462
-0.00923044 -0.00414759 0.00657609
-0.00923394 -0.00417340 0.00652755
-0.00923744 -0.00419922 0.00647901
-0.00924093 -0.00422504 0.00643047
-0.00924443 -0.00425085 0.00638193
-0.00924793 -0.00427667 0.00633340
-0.00925142 -0.00430248 0.00628486
-0.00925492 -0.00432830 0.00623632
-0.00925842 -0.00435412 0.00618778
-0.00926191 -0.00437993 0.00613925
-0.00926541 -0.00440575 0.00609071
-0.00926891 -0.00443156 0.00604217
-0.00927241 -0.00445738 0.00599363
-0.00927590 -0.00448320 0.00594510
-0.00927940 -0.00450901 0.00589656
-0.00928290 -0.00453483 0.00584802
-0.00928639 -0.00456064 0.00579948
-0.00928989 -0.00458646 0.00575095
-0.00929339 -0.00461227 0.00570241
-0.00926809 -0.00460988 0.00568571
-0.00924278 -0.00460749 0.00566902
-0.00921748 -0.00460510 0.00565233
-0.00919218 -0.00460271 0.00563563
-0.00916688 -0.00460032 0.00561894
-0.00914157 -0.00459793 0.00560225
-0.00911627 -0.00459554 0.00558555
-0.00909097 -0.00459315 0.00556886
-0.00906567 -0.00459076 0.00555217
-0.00904036 -0.00458837 0.00553547
-0.00901506 -0.00458598 0.00551878
-0.00898976 -0.00458359 0.00550209
-0.00896446 -0.00458120 0.00548539
-0.00893915 -0.00457881 0.00546870
-0.00891385 -0.00457642 0.00545201
-0.00888855 -0.00457403 0.00543531
-0.00886325 -0.00457164 0.00541862
-0.00883794 -0.00456925 0.00540193
-0.00881264 -0.00456686 0.00538523
-0.00878734 -0.00456447 0.00536854
-0.00874565 -0.00456395 0.00541679
-0.00870396 -0.00456343 0.00546504
-0.00866227 -0.00456291 0.00551329
-0.00862058 -0.00456239 0.00556154
-0.00857889 -0.00456186 0.00560978
-0.00853720 -0.00456134 0.00565803
-0.00849551 -0.00456082 0.00570628
-0.00845382 -0.00456030 0.00575453
-0.00841214 -0.00455978 0.00580278
-0.00837045 -0.00455925 0.00585103
-0.00832876 -0.00455873 0.00589928
-0.00828707 -0.00455821 0.00594753
-0.00824538 -0.00455769 0.00599577
-0.00820369 -0.00455716 0.00604402
-0.00816200 -0.00455664 0.00609227
-0.00812031 -0.00455612 0.00614052
-0.00807862 -0.00455560 0.00618877
-0.00803693 -0.00455508 0.00623702
-0.00799524 -0.00455455 0.00628527
-0.00795355 -0.00455403 0.00633352
-0.00799562 -0.00455659 0.00635169
-0.00803768 -0.00455915 0.00636987
-0.00807975 -0.00456171 0.00638804
-0.00812182 -0.00456427 0.00640622
-0.00816388 -0.00456683 0.00642439
-0.00820595 -0.00456939 0.00644257
-0.00824802 -0.00457195 0.00646075
-0.00829008 -0.00457451 0.00647892
-0.00833215 -0.00457707 0.00649710
-0.00837422 -0.00457963 0.00651527
-0.00841628 -0.00458219 0.00653345
-0.00845835 -0.00458475 0.00655162
-0.00850042 -0.00458730 0.00656980
-0.00854248 -0.00458986 0.00658798
-0.00858455 -0.00459242 0.00660615
-0.00862662 -0.00459498 0.00662433
-0.00866868 -0.00459754 0.00664250
-0.00871075 -0.00460010 0.00666068
-0.00875282 -0.00460266 0.00667885
-0.00879488 -0.00460522 0.00669703
-0.00880023 -0.00461240 0.00665651
-0.00880557 -0.00461958 0.00661599
-0.00881091 -0.00462676 0.00657548
-0.00881625 -0.00463394 0.00653496
-0.00882159 -0.00464112 0.00649444
-0.00882694 -0.00464830 0.00645392
-0.00883228 -0.00465548 0.00641340
-0.00883762 -0.00466266 0.00637288
-0.00884296 -0.00466984 0.00633237
-0.00884831 -0.00467702 0.00629185
-0.00885365 -0.00468420 0.00625133
-0.00885899 -0.00469138 0.00621081
-0.00886433 -0.00469856 0.00617029
-0.00886967 -0.00470574 0.00612977
-0.00887502 -0.00471292 0.00608926
-0.00888036 -0.00472010 0.00604874
-0.00888570 -0.00472728 0.00600822
-0.00889104 -0.00473446 0.00596770
-0.00889638 -0.00474164 0.00592718
-0.00890173 -0.00474882 0.00588667
-0.00889443 -0.00479484 0.00588311
-0.00888713 -0.00484086 0.00587955
-0.00887984 -0.00488689 0.00587599
-0.00887254 -0.00493291 0.00587244
-0.00886524 -0.00497893 0.00586888
-0.00885795 -0.00502495 0.00586532
-0.00885065 -0.00507097 0.00586177
-0.00884335 -0.00511699 0.00585821
-0.00883606 -0.00516301 0.00585465
-0.00882876 -0.00520903 0.00585109
-0.00882146 -0.00525505 0.00584754
-0.00881417 -0.00530107 0.00584398
-0.00880687 -0.00534710 0.00584042
-0.00879957 -0.00539312 0.00583687
-0.00879227 -0.00543914 0.00583331
-0.00878498 -0.00548516 0.00582975
-0.00877768 -0.00553118 0.00582620
-0.00877038 -0.00557720 0.00582264
-0.00876309 -0.00562322 0.00581908
-0.00875579 -0.00566924 0.00581552
-0.00872205 -0.00563662 0.00578077
-0.00868830 -0.00560399 0.00574601
-0.00865456 -0.00557136 0.00571126
-0.00862081 -0.00553874 0.00567650
-0.00858707 -0.00550611 0.00564174
-0.00855332 -0.00547348 0.00560699
-0.00851958 -0.00544086 0.00557223
-0.00848584 -0.00540823 0.00553747
-0.00845209 -0.00537560 0.00550272
-0.00841835 -0.00534298 0.00546796
-0.00838460 -0.00531035 0.00543321
-0.00835086 -0.00527772 0.00539845
-0.00831711 -0.00524510 0.00536369
-0.00828337 -0.00521247 0.00532894
-0.00824962 -0.00517984 0.00529418
-0.00821588 -0.00514722 0.00525942
-0.00818213 -0.00511459 0.00522467
-0.00814839 -0.00508196 0.00518991
-0.00811465 -0.00504934 0.00515515
-0.00808090 -0.00501671 0.00512040
-0.00807862 -0.00506275 0.00515029
-0.00807635 -0.00510879 0.00518019
-0.00807407 -0.00515484 0.00521008
-0.00807179 -0.00520088 0.00523998
-0.00806951 -0.00524692 0.00526987
-0.00806724 -0.00529297 0.00529977
-0.00806496 -0.00533901 0.00532966
-0.00806268 -0.00538505 0.00535956
-0.00806041 -0.00543109 0.00538945
-0.00805813 -0.00547714 0.00541935
-0.00805585 -0.00552318 0.00544924
-0.00805357 -0.00556922 0.00547914
-0.00805130 -0.00561527 0.00550903
-0.00804902 -0.00566131 0.00553893
-0.00804674 -0.00570735 0.00556882
-0.00804447 -0.00575339 0.00559872
-0.00804219 -0.00579944 0.00562862
-0.00803991 -0.00584548 0.00565851
-0.00803763 -0.00589152 0.00568841
-0.00803536 -0.00593756 0.00571830
-0.00800946 -0.00592852 0.00567748
-0.00798357 -0.00591948 0.00563666
-0.00795768 -0.00591043 0.00559583
-0.00793179 -0.00590139 0.00555501
-0.00790590 -0.00589234 0.00551419
-0.00788000 -0.00588330 0.00547337
-0.00785411 -0.00587426 0.00543255
-0.00782822 -0.00586521 0.00539172
-0.00780233 -0.00585617 0.00535090
-0.00777644 -0.00584712 0.00531008
-0.00775055 -0.00583808 0.00526926
-0.00772465 -0.00582904 0.00522844
-0.00769876 -0.00581999 0.00518762
-0.00767287 -0.00581095 0.00514679
-0.00764698 -0.00580190 0.00510597
-0.00762109 -0.00579286 0.00506515
-0.00759519 -0.00578382 0.00502433
-0.00756930 -0.00577477 0.00498351
-0.00754341 -0.00576573 0.00494268
-0.00751752 -0.00575668 0.00490186
-0.00750184 -0.00576375 0.00486204
-0.00748616 -0.00577081 0.00482221
-0.00747048 -0.00577787 0.00478238
-0.00745481 -0.00578493 0.00474256
-0.00743913 -0.00579200 0.00470273
-0.00742345 -0.00579906 0.00466290
-0.00740777 -0.00580612 0.00462308
-0.00739209 -0.00581318 0.00458325
-0.00737642 -0.00582025 0.00454342
-0.00736074 -0.00582731 0.00450360
-0.00734506 -0.00583437 0.00446377
-0.00732938 -0.00584143 0.00442394
-0.00731370 -0.00584850 0.00438412
-0.00729803 -0.00585556 0.00434429
-0.00728235 -0.00586262 0.00430447
-0.00726667 -0.00586968 0.00426464
-0.00725099 -0.00587675 0.00422481
-0.00723532 -0.00588381 0.00418499
-0.00721964 -0.00589087 0.00414516
-0.00720396 -0.00589793 0.00410533
-0.00722827 -0.00585258 0.00406170
-0.00725257 -0.00580722 0.00401807
-0.00727688 -0.00576186 0.00397444
-0.00730118 -0.00571650 0.00393082
-0.00732549 -0.00567114 0.00388719
-0.00734979 -0.00562578 0.00384356
-0.00737410 -0.00558042 0.00379993
-0.00739841 -0.00553507 0.00375630
-0.00742271 -0.00548971 0.00371267
-0.00744702 -0.00544435 0.00366904
-0.00747132 -0.00539899 0.00362541
-0.00749563 -0.00535363 0.00358178
-0.00751993 -0.00530827 0.00353815
-0.00754424 -0.00526291 0.00349452
-0.00756855 -0.00521755 0.00345089
-0.00759285 -0.00517220 0.00340726
-0.00761716 -0.00512684 0.00336363
-0.00764146 -0.00508148 0.00332000
-0.00766577 -0.00503612 0.00327637
-0.00769007 -0.00499076 0.00323274
-0.00771924 -0.00500246 0.00320956
-0.00774840 -0.00501417 0.00318639
-0.00777757 -0.00502587 0.00316321
-0.00780673 -0.00503757 0.00314003
-0.00783589 -0.00504928 0.00311685
-0.00786506 -0.00506098 0.00309367
-0.00789422 -0.00507268 0.00307049
-0.00792339 -0.00508439 0.00304732
-0.00795255 -0.00509609 0.00302414
-0.00798171 -0.00510779 0.00300096
-0.00801088 -0.00511950 0.00297778
-0.00804004 -0.00513120 0.00295460
-0.00806920 -0.00514290 0.00293142
-0.00809837 -0.00515460 0.00290825
-0.00812753 -0.00516631 0.00288507
-0.00815670 -0.00517801 0.00286189
-0.00818586 -0.00518971 0.00283871
-0.00821502 -0.00520142 0.00281553
-0.00824419 -0.00521312 0.00279235
-0.00827335 -0.00522482 0.00276918
-0.00824601 -0.00526545 0.00279050
-0.00821867 -0.00530608 0.00281182
-0.00819133 -0.00534670 0.00283314
-0.00816399 -0.00538733 0.00285446
-0.00813665 -0.00542795 0.00287578
-0.00810931 -0.00546858 0.00289710
-0.00808196 -0.00550921 0.00291842
-0.00805462 -0.00554983 0.00293974
-0.00802728 -0.00559046 0.00296106
-0.00799994 -0.00563109 0.00298238
-0.00797260 -0.00567171 0.00300370
-0.00794526 -0.00571234 0.00302502
-0.00791792 -0.00575297 0.00304634
-0.00789058 -0.00579359 0.00306766
-0.00786323 -0.00583422 0.00308898
-0.00783589 -0.00587484 0.00311030
-0.00780855 -0.00591547 0.00313162
-0.00778121 -0.00595610 0.00315294
-0.00775387 -0.00599672 0.00317426
-0.00772653 -0.00603735 0.00319558
-0.00772711 -0.00603468 0.00316147
-0.00772768 -0.00603200 0.00312735
-0.00772826 -0.00602933 0.00309323
-0.00772884 -0.00602666 0.00305912
-0.00772941 -0.00602399 0.00302500
-0.00772999 -0.00602131 0.00299089
-0.00773057 -0.00601864 0.00295677
-0.00773115 -0.00601597 0.00292265
-0.00773172 -0.00601329 0.00288854
-0.00773230 -0.00601062 0.00285442
-0.00773288 -0.00600795 0.00282031
-0.00773346 -0.00600528 0.00278619
-0.00773403 -0.00600260 0.00275207
-0.00773461 -0.00599993 0.00271796
-0.00773519 -0.00599726 0.00268384
-0.00773576 -0.00599459 0.00264973
-0.00773634 -0.00599191 0.00261561
-0.00773692 -0.00598924 0.00258149
-0.00773750 -0.00598657 0.00254738
-0.00773807 -0.00598389 0.00251326
-0.00770337 -0.00600778 0.00250722
-0.00766867 -0.00603166 0.00250117
-0.00763397 -0.00605555 0.00249513
-0.00759927 -0.00607943 0.00248909
-0.00756457 -0.00610331 0.00248304
-0.00752987 -0.00612720 0.00247700
-0.00749517 -0.00615108 0.00247096
-0.00746047 -0.00617496 0.00246491
-0.00742577 -0.00619885 0.00245887
-0.00739107 -0.00622273 0.00245282
-0.00735637 -0.00624662 0.00244678
-0.00732167 -0.00627050 0.00244074
-0.00728697 -0.00629438 0.00243469
-0.00725227 -0.00631827 0.00242865
-0.00721757 -0.00634215 0.00242261
-0.00718287 -0.00636603 0.00241656
-0.00714816 -0.00638992 0.00241052
-0.00711346 -0.00641380 0.00240447
-0.00707876 -0.00643769 0.00239843
-0.00704406 -0.00646157 0.00239239
-0.00708888 -0.00641511 0.00242185
-0.00713370 -0.00636865 0.00245131
-0.00717852 -0.00632219 0.00248077
-0.00722334 -0.00627573 0.00251024
-0.00726815 -0.00622928 0.00253970
-0.00731297 -0.00618282 0.00256916
-0.00735779 -0.00613636 0.00259862
-0.00740261 -0.00608990 0.00262808
-0.00744743 -0.00604344 0.00265755
-0.00749225 -0.00599698 0.00268701
-0.00753707 -0.00595052 0.00271647
-0.00758188 -0.00590407 0.00274593
-0.00762670 -0.00585761 0.00277540
-0.00767152 -0.00581115 0.00280486
-0.00771634 -0.00576469 0.00283432
-0.00776116 -0.00571823 0.00286378
-0.00780598 -0.00567177 0.00289324
-0.00785079 -0.00562531 0.00292271
-0.00789561 -0.00557885 0.00295217
-0.00794043 -0.00553240 0.00298163
-0.00797598 -0.00551466 0.00299965
-0.00801154 -0.00549692 0.00301767
-0.00804709 -0.00547919 0.00303569
-0.00808265 -0.00546145 0.00305371
-0.00811820 -0.00544371 0.00307173
-0.00815375 -0.00542598 0.00308975
-0.00818931 -0.00540824 0.00310777
-0.00822486 -0.00539050 0.00312579
-0.00826042 -0.00537277 0.00314381
-0.00829597 -0.00535503 0.00316183
-0.00833152 -0.00533729 0.00317985
-0.00836708 -0.00531956 0.00319787
-0.00840263 -0.00530182 0.00321589
-0.00843819 -0.00528408 0.00323391
-0.00847374 -0.00526635 0.00325193
-0.00850929 -0.00524861 0.00326995
-0.00854485 -0.00523087 0.00328797
-0.00858040 -0.00521314 0.00330599
-0.00861596 -0.00519540 0.00332401
-0.00865151 -0.00517766 0.00334203
-0.00868027 -0.00518141 0.00331358
-0.00870903 -0.00518516 0.00328513
-0.00873779 -0.00518890 0.00325668
-0.00876655 -0.00519265 0.00322822
-0.00879531 -0.00519639 0.00319977
-0.00882407 -0.00520014 0.00317132
-0.00885283 -0.00520389 0.00314287
-0.00888159 -0.00520763 0.00311442
-0.00891035 -0.00521138 0.00308597
-0.00893911 -0.00521512 0.00305752
-0.00896788 -0.00521887 0.00302907
-0.00899664 -0.00522262 0.00300061
-0.00902540 -0.00522636 0.00297216
-0.00905416 -0.00523011 0.00294371
-0.00908292 -0.00523385 0.00291526
-0.00911168 -0.00523760 0.00288681
-0.00914044 -0.00524135 0.00285836
-0.00916920 -0.00524509 0.00282991
-0.00919796 -0.00524884 0.00280145
-0.00922672 -0.00525258 0.00277300
-0.00920110 -0.00525769 0.00275718
-0.00917548 -0.00526279 0.00274135
-0.00914986 -0.00526790 0.00272553
-0.00912423 -0.00527300 0.00270970
-0.00909861 -0.00527811 0.00269387
-0.00907299 -0.00528321 0.00267805
-0.00904737 -0.00528832 0.00266222
-0.00902175 -0.00529342 0.00264640
-0.00899613 -0.00529853 0.00263057
-0.00897051 -0.00530363 0.00261474
-0.00894489 -0.00530874 0.00259892
-0.00891926 -0.00531384 0.00258309
-0.00889364 -0.00531895 0.00256727
-0.00886802 -0.00532405 0.00255144
-0.00884240 -0.00532916 0.00253562
-0.00881678 -0.00533426 0.00251979
-0.00879116 -0.00533937 0.00250396
-0.00876554 -0.00534447 0.00248814
-0.00873992 -0.00534958 0.00247231
-0.00871429 -0.00535468 0.00245649
-0.00873679 -0.00540334 0.00248167
-0.00875928 -0.00545201 0.00250685
-0.00878177 -0.00550067 0.00253203
-0.00880426 -0.00554934 0.00255721
-0.00882676 -0.00559800 0.00258239
-0.00884925 -0.00564666 0.00260757
-0.00887174 -0.00569533 0.00263275
-0.00889424 -0.00574399 0.00265793
-0.00891673 -0.00579266 0.00268311
-0.00893922 -0.00584132 0.00270829
-0.00896171 -0.00588998 0.00273347
-0.00898421 -0.00593865 0.00275865
-0.00900670 -0.00598731 0.00278383
-0.00902919 -0.00603598 0.00280901
-0.00905168 -0.00608464 0.00283419
-0.00907418 -0.00613330 0.00285937
-0.00909667 -0.00618197 0.00288455
-0.00911916 -0.00623063 0.00290973
-0.00914165 -0.00627929 0.00293491
-0.00916415 -0.00632796 0.00296010
-0.00920082 -0.00633540 0.00300949
-0.00923749 -0.00634284 0.00305889
-0.00927416 -0.00635028 0.00310829
-0.00931083 -0.00635773 0.00315769
-0.00934750 -0.00636517 0.00320709
-0.00938418 -0.00637261 0.00325649
-0.00942085 -0.00638005 0.00330589
-0.00945752 -0.00638749 0.00335529
-0.00949419 -0.00639493 0.00340469
-0.00953086 -0.00640238 0.00345409
-0.00956753 -0.00640982 0.00350349
-0.00960420 -0.00641726 0.00355289
-0.00964088 -0.00642470 0.00360229
-0.00967755 -0.00643214 0.00365169
-0.00971422 -0.00643958 0.00370109
-0.00975089 -0.00644702 0.00375049
-0.00978756 -0.00645447 0.00379989
-0.00982423 -0.00646191 0.00384929
-0.00986091 -0.00646935 0.00389869
-0.00989758 -0.00647679 0.00394809
-0.00990088 -0.00643293 0.00395861
-0.00990418 -0.00638907 0.00396913
-0.00990749 -0.00634522 0.00397966
-0.00991079 -0.00630136 0.00399018
-0.00991409 -0.00625750 0.00400070
-0.00991740 -0.00621364 0.00401122
-0.00992070 -0.00616978 0.00402175
-0.00992400 -0.00612592 0.00403227
-0.00992731 -0.00608206 0.00404279
-0.00993061 -0.00603820 0.00405332
-0.00993392 -0.00599434 0.00406384
-0.00993722 -0.00595049 0.00407436
-0.00994052 -0.00590663 0.00408489
-0.00994383 -0.00586277 0.00409541
-0.00994713 -0.00581891 0.00410593
-0.00995043 -0.00577505 0.00411645
-0.00995374 -0.00573119 0.00412698
-0.00995704 -0.00568733 0.00413750
-0.00996034 -0.00564347 0.00414802
-0.00996365 -0.00559962 0.00415855
-0.00997912 -0.00564850 0.00413059
-0.00999460 -0.00569739 0.00410263
-0.01001007 -0.00574627 0.00407467
-0.01002555 -0.00579516 0.00404672
-0.01004103 -0.00584404 0.00401876
-0.01005650 -0.00589293 0.00399080
-0.01007198 -0.00594182 0.00396284
-0.01008745 -0.00599070 0.00393488
-0.01010293 -0.00603959 0.00390693
-0.01011840 -0.00608847 0.00387897
-0.01013388 -0.00613736 0.00385101
-0.01014935 -0.00618624 0.00382305
-0.01016483 -0.00623513 0.00379510
-0.01018031 -0.00628401 0.00376714
-0.01019578 -0.00633290 0.00373918
-0.01021126 -0.00638179 0.00371122
-0.01022673 -0.00643067 0.00368326
-0.01024221 -0.00647956 0.00365531
-0.01025768 -0.00652844 0.00362735
-0.01027316 -0.00657733 0.00359939
-0.01023007 -0.00655866 0.00362679
-0.01018698 -0.00653998 0.00365418
-0.01014388 -0.00652131 0.00368157
-0.01010079 -0.00650264 0.00370897
-0.01005770 -0.00648397 0.00373636
-0.01001461 -0.00646530 0.00376376
-0.00997152 -0.00644663 0.00379115
-0.00992842 -0.00642796 0.00381854
-0.00988533 -0.00640928 0.00384594
-0.00984224 -0.00639061 0.00387333
-0.00979915 -0.00637194 0.00390073
-0.00975605 -0.00635327 0.00392812
-0.00971296 -0.00633460 0.00395552
-0.00966987 -0.00631593 0.00398291
-0.00962678 -0.00629725 0.00401030
-0.00958369 -0.00627858 0.00403770
-0.00954059 -0.00625991 0.00406509
-0.00949750 -0.00624124 0.00409249
-0.00945441 -0.00622257 0.00411988
-0.00941132 -0.00620390 0.00414727
-0.00938325 -0.00615934 0.00418307
-0.00935518 -0.00611479 0.00421887
-0.00932711 -0.00607024 0.00425466
-0.00929904 -0.00602569 0.00429046
-0.00927098 -0.00598113 0.00432625
-0.00924291 -0.00593658 0.00436205
-0.00921484 -0.00589203 0.00439784
-0.00918677 -0.00584748 0.00443364
-0.00915870 -0.00580292 0.00446944
-0.00913063 -0.00575837 0.00450523
-0.00910257 -0.00571382 0.00454103
-0.00907450 -0.00566927 0.00457682
-0.00904643 -0.00562471 0.00461262
-0.00901836 -0.00558016 0.00464841
-0.00899029 -0.00553561 0.00468421
-0.00896222 -0.00549105 0.00472000
-0.00893416 -0.00544650 0.00475580
-0.00890609 -0.00540195 0.00479160
-0.00887802 -0.00535740 0.00482739
-0.00884995 -0.00531284 0.00486319
-0.00887156 -0.00533641 0.00486499
-0.00889317 -0.00535998 0.00486680
-0.00891477 -0.00538354 0.00486861
-0.00893638 -0.00540711 0.00487042
-0.00895799 -0.00543067 0.00487222
-0.00897960 -0.00545424 0.00487403
-0.00900121 -0.00547780 0.00487584
-0.00902281 -0.00550137 0.00487764
-0.00904442 -0.00552494 0.00487945
-0.00906603 -0.00554850 0.00488126
-0.00908764 -0.00557207 0.00488306
-0.00910925 -0.00559563 0.00488487
-0.00913085 -0.00561920 0.00488668
-0.00915246 -0.00564276 0.00488849
-0.00917407 -0.00566633 0.00489029
-0.00919568 -0.00568989 0.00489210
-0.00921728 -0.00571346 0.00489391
-0.00923889 -0.00573703 0.00489571
-0.00926050 -0.00576059 0.00489752
-0.00928211 -0.00578416 0.00489933
-0.00925308 -0.00576152 0.00487277
-0.00922405 -0.00573889 0.00484621
-0.00919502 -0.00571626 0.00481965
-0.00916599 -0.00569363 0.00479310
-0.00913697 -0.00567100 0.00476654
-0.00910794 -0.00564837 0.00473998
-0.00907891 -0.00562573 0.00471342
-0.00904988 -0.00560310 0.00468686
-0.00902085 -0.00558047 0.00466031
-0.00899182 -0.00555784 0.00463375
-0.00896279 -0.00553521 0.00460719
-0.00893377 -0.00551258 0.00458063
-0.00890474 -0.00548994 0.00455407
-0.00887571 -0.00546731 0.00452752
-0.00884668 -0.00544468 0.00450096
-0.00881765 -0.00542205 0.00447440
-0.00878862 -0.00539942 0.00444784
-0.00875960 -0.00537678 0.00442128
-0.00873057 -0.00535415 0.00439473
-0.00870154 -0.00533152 0.00436817
-0.00865607 -0.00529901 0.00436685
-0.00861060 -0.00526651 0.00436553
-0.00856514 -0.00523400 0.00436421
-0.00851967 -0.00520149 0.00436289
-0.00847420 -0.00516899 0.00436157
-0.00842874 -0.00513648 0.00436025
-0.00838327 -0.00510397 0.00435893
-0.00833780 -0.00507147 0.00435761
-0.00829233 -0.00503896 0.00435629
-0.00824687 -0.00500645 0.00435497
-0.00820140 -0.00497394 0.00435365
-0.00815593 -0.00494144 0.00435233
-0.00811047 -0.00490893 0.00435101
-0.00806500 -0.00487642 0.00434969
-0.00801953 -0.00484392 0.00434837
-0.00797406 -0.00481141 0.00434705
-0.00792860 -0.00477890 0.00434573
-0.00788313 -0.00474640 0.00434441
-0.00783766 -0.00471389 0.00434309
-0.00779220 -0.00468138 0.00434176
-0.00774839 -0.00472113 0.00437078
-0.00770458 -0.00476088 0.00439979
-0.00766077 -0.00480063 0.00442881
-0.00761696 -0.00484038 0.00445782
-0.00757315 -0.00488013 0.00448684
-0.00752934 -0.00491988 0.00451585
-0.00748553 -0.00495963 0.00454486
-0.00744172 -0.00499938 0.00457388
-0.00739792 -0.00503913 0.00460289
-0.00735411 -0.00507888 0.00463191
-0.00731030 -0.00511863 0.00466092
-0.00726649 -0.00515838 0.00468993
-0.00722268 -0.00519813 0.00471895
-0.00717887 -0.00523788 0.00474796
-0.00713506 -0.00527762 0.00477698
-0.00709125 -0.00531737 0.00480599
-0.00704745 -0.00535712 0.00483500
-0.00700364 -0.00539687 0.00486402
-0.00695983 -0.00543662 0.00489303
-0.00691602 -0.00547637 0.00492205
-0.00687030 -0.00552284 0.00494242
-0.00682459 -0.00556930 0.00496280
-0.00677888 -0.00561577 0.00498318
-0.00673316 -0.00566223 0.00500356
-0.00668745 -0.00570870 0.00502393
-0.00664173 -0.00575516 0.00504431
-0.00659602 -0.00580163 0.00506469
-0.00655030 -0.00584809 0.00508507
-0.00650459 -0.00589456 0.00510544
-0.00645887 -0.00594102 0.00512582
-0.00641316 -0.00598749 0.00514620
-0.00636744 -0.00603395 0.00516658
-0.00632173 -0.00608042 0.00518696
-0.00627601 -0.00612688 0.00520733
-0.00623030 -0.00617335 0.00522771
-0.00618458 -0.00621981 0.00524809
-0.00613887 -0.00626628 0.00526847
-0.00609315 -0.00631274 0.00528884
-0.00604744 -0.00635921 0.00530922
-0.00600173 -0.00640567 0.00532960
-0.00599429 -0.00643545 0.00532576
-0.00598685 -0.00646523 0.00532191
-0.00597942 -0.00649501 0.00531807
-0.00597198 -0.00652478 0.00531422
-0.00596455 -0.00655456 0.00531038
-0.00595711 -0.00658434 0.00530654
-0.00594968 -0.00661412 0.00530269
-0.00594224 -0.00664390 0.00529885
-0.00593481 -0.00667367 0.00529501
-0.00592737 -0.00670345 0.00529116
-0.00591994 -0.00673323 0.00528732
-0.00591250 -0.00676301 0.00528348
-0.00590507 -0.00679278 0.00527963
-0.00589763 -0.00682256 0.00527579
-0.00589020 -0.00685234 0.00527194
-0.00588276 -0.00688212 0.00526810
-0.00587533 -0.00691190 0.00526426
-0.00586789 -0.00694167 0.00526041
-0.00586045 -0.00697145 0.00525657
-0.00585302 -0.00700123 0.00525273
-0.00587146 -0.00698284 0.00525032
-0.00588990 -0.00696445 0.00524791
-0.00590834 -0.00694607 0.00524550
-0.00592678 -0.00692768 0.00524309
-0.00594522 -0.00690929 0.00524068
-0.00596366 -0.00689091 0.00523828
-0.00598210 -0.00687252 0.00523587
-0.00600054 -0.00685413 0.00523346
-0.00601898 -0.00683574 0.00523105
-0.00603742 -0.00681736 0.00522864
-0.00605586 -0.00679897 0.00522623
-0.00607430 -0.00678058 0.00522382
-0.00609274 -0.00676219 0.00522142
-0.00611118 -0.00674381 0.00521901
-0.00612961 -0.00672542 0.00521660
-0.00614805 -0.00670703 0.00521419
-0.00616649 -0.00668864 0.00521178
-0.00618493 -0.00667026 0.00520937
-0.00620337 -0.00665187 0.00520696
-0.00622181 -0.00663348 0.00520456
-0.00618617 -0.00664768 0.00525447
-0.00615052 -0.00666187 0.00530438
-0.00611488 -0.00667607 0.00535429
-0.00607923 -0.00669027 0.00540419
-0.00604359 -0.00670446 0.00545410
-0.00600795 -0.00671866 0.00550401
-0.00597230 -0.00673285 0.00555392
-0.00593666 -0.00674705 0.00560383
-0.00590101 -0.00676125 0.00565374
-0.00586537 -0.00677544 0.00570365
-0.00582972 -0.00678964 0.00575356
-0.00579408 -0.00680383 0.00580347
-0.00575843 -0.00681803 0.00585338
-0.00572279 -0.00683223 0.00590329
-0.00568714 -0.00684642 0.00595320
-0.00565150 -0.00686062 0.00600311
-0.00561586 -0.00687482 0.00605302
-0.00558021 -0.00688901 0.00610293
-0.00554457 -0.00690321 0.00615284
-0.00550892 -0.00691740 0.00620275
-0.00549405 -0.00693375 0.00616910
-0.00547918 -0.00695010 0.00613545
-0.00546430 -0.00696645 0.00610180
-0.00544943 -0.00698280 0.00606814
-0.00543456 -0.00699915 0.00603449
-0.00541969 -0.00701550 0.00600084
-0.00540482 -0.00703185 0.00596719
-0.00538994 -0.00704820 0.00593354
-0.00537507 -0.00706455 0.00589988
-0.00536020 -0.00708090 0.00586623
-0.00534533 -0.00709725 0.00583258
-0.00533045 -0.00711360 0.00579893
-0.00531558 -0.00712995 0.00576528
-0.00530071 -0.00714630 0.00573162
-0.00528584 -0.00716265 0.00569797
-0.00527096 -0.00717900 0.00566432
-0.00525609 -0.00719535 0.00563067
-0.00524122 -0.00721170 0.00559702
-0.00522635 -0.00722805 0.00556336
-0.00521147 -0.00724440 0.00552971
-0.00520780 -0.00723341 0.00556395
-0.00520412 -0.00722241 0.00559818
-0.00520044 -0.00721142 0.00563242
-0.00519676 -0.00720042 0.00566666
-0.00519308 -0.00718943 0.00570089
-0.00518940 -0.00717843 0.00573513
-0.00518572 -0.00716744 0.00576936
-0.00518204 -0.00715644 0.00580360
-0.00517836 -0.00714545 0.00583783
-0.00517468 -0.00713445 0.00587207
-0.00517100 -0.00712346 0.00590631
-0.00516732 -0.00711246 0.00594054
-0.00516364 -0.00710147 0.00597478
-0.00515996 -0.00709048 0.00600901
-0.00515628 -0.00707948 0.00604325
-0.00515260 -0.00706849 0.00607749
-0.00514892 -0.00705749 0.00611172
-0.00514524 -0.00704650 0.00614596
-0.00514156 -0.00703550 0.00618019
-0.00513788 -0.00702451 0.00621443
-0.00511327 -0.00698254 0.00617161
-0.00508865 -0.00694057 0.00612880
-0.00506404 -0.00689860 0.00608598
-0.00503943 -0.00685664 0.00604316
-0.00501481 -0.00681467 0.00600035
-0.00499020 -0.00677270 0.00595753
-0.00496559 -0.00673073 0.00591472
-0.00494098 -0.00668877 0.00587190
-0.00491636 -0.00664680 0.00582908
-0.00489175 -0.00660483 0.00578627
-0.00486714 -0.00656286 0.00574345
-0.00484252 -0.00652090 0.00570064
-0.00481791 -0.00647893 0.00565782
-0.00479330 -0.00643696 0.00561500
-0.00476869 -0.00639499 0.00557219
-0.00474407 -0.00635303 0.00552937
-0.00471946 -0.00631106 0.00548656
-0.00469485 -0.00626909 0.00544374
-0.00467023 -0.00622712 0.00540092
-0.00464562 -0.00618516 0.00535811
-0.00465048 -0.00621544 0.00535072
-0.00465533 -0.00624573 0.00534333
-0.00466019 -0.00627601 0.00533594
-0.00466505 -0.00630629 0.00532854
-0.00466990 -0.00633658 0.00532115
-0.00467476 -0.00636686 0.00531376
-0.00467962 -0.00639715 0.00530637
-0.00468447 -0.00642743 0.00529898
-0.00468933 -0.00645771 0.00529159
-0.00469419 -0.00648800 0.00528420
-0.00469904 -0.00651828 0.00527681
-0.00470390 -0.00654857 0.00526942
-0.00470876 -0.00657885 0.00526203
-0.00471362 -0.00660913 0.00525463
-0.00471847 -0.00663942 0.00524724
-0.00472333 -0.00666970 0.00523985
-0.00472819 -0.00669999 0.00523246
-0.00473304 -0.00673027 0.00522507
-0.00473790 -0.00676055 0.00521768
-0.00474276 -0.00679084 0.00521029
-0.00473189 -0.00677236 0.00522097
-0.00472102 -0.00675389 0.00523165
-0.00471016 -0.00673541 0.00524233
-0.00469929 -0.00671694 0.00525301
-0.00468842 -0.00669847 0.00526369
-0.00467755 -0.00667999 0.00527437
-0.00466669 -0.00666152 0.00528505
-0.00465582 -0.00664304 0.00529573
-0.00464495 -0.00662457 0.00530641
-0.00463409 -0.00660609 0.00531709
-0.00462322 -0.00658762 0.00532777
-0.00461235 -0.00656914 0.00533845
-0.00460149 -0.00655067 0.00534913
-0.00459062 -0.00653219 0.00535981
-0.00457975 -0.00651372 0.00537049
-0.00456888 -0.00649524 0.00538117
-0.00455802 -0.00647677 0.00539185
-0.00454715 -0.00645830 0.00540253
-0.00453628 -0.00643982 0.00541320
-0.00452542 -0.00642135 0.00542388
-0.00455311 -0.00643947 0.00541259
-0.00458081 -0.00645759 0.00540129
-0.00460851 -0.00647572 0.00538999
-0.00463620 -0.00649384 0.00537870
-0.00466390 -0.00651196 0.00536740
-0.00469160 -0.00653009 0.00535610
-0.00471929 -0.00654821 0.00534480
-0.00474699 -0.00656633 0.00533351
-0.00477469 -0.00658446 0.00532221
-0.00480238 -0.00660258 0.00531091
-0.00483008 -0.00662070 0.00529961
-0.00485778 -0.00663882 0.00528832
-0.00488547 -0.00665695 0.00527702
-0.00491317 -0.00667507 0.00526572
-0.00494087 -0.00669319 0.00525442
-0.00496856 -0.00671132 0.00524313
-0.00499626 -0.00672944 0.00523183
-0.00502396 -0.00674756 0.00522053
-0.00505165 -0.00676569 0.00520923
-0.00507935 -0.00678381 0.00519794
-0.00511760 -0.00677668 0.00524338
-0.00515586 -0.00676955 0.00528881
-0.00519411 -0.00676241 0.00533425
-0.00523237 -0.00675528 0.00537969
-0.00527062 -0.00674815 0.00542513
-0.00530888 -0.00674102 0.00547057
-0.00534713 -0.00673388 0.00551601
-0.00538539 -0.00672675 0.00556145
-0.00542364 -0.00671962 0.00560688
-0.00546190 -0.00671249 0.00565232
-0.00550015 -0.00670535 0.00569776
-0.00553841 -0.00669822 0.00574320
-0.00557667 -0.00669109 0.00578864
-0.00561492 -0.00668396 0.00583408
-0.00565318 -0.00667682 0.00587951
-0.00569143 -0.00666969 0.00592495
-0.00572969 -0.00666256 0.00597039
-0.00576794 -0.00665543 0.00601583
-0.00580620 -0.00664829 0.00606127
-0.00584445 -0.00664116 0.00610671
-0.00580927 -0.00662264 0.00613829
-0.00577408 -0.00660413 0.00616988
-0.00573890 -0.00658561 0.00620146
-0.00570372 -0.00656709 0.00623305
-0.00566853 -0.00654858 0.00626464
-0.00563335 -0.00653006 0.00629622
-0.00559816 -0.00651154 0.00632781
-0.00556298 -0.00649303 0.00635939
-0.00552780 -0.00647451 0.00639098
-0.00549261 -0.00645599 0.00642256
-0.00545743 -0.00643748 0.00645415
-0.00542224 -0.00641896 0.00648574
-0.00538706 -0.00640044 0.00651732
-0.00535188 -0.00638192 0.00654891
-0.00531669 -0.00636341 0.00658049
-0.00528151 -0.00634489 0.00661208
-0.00524632 -0.00632637 0.00664366
-0.00521114 -0.00630786 0.00667525
-0.00517596 -0.00628934 0.00670684
-0.00514077 -0.00627082 0.00673842
-0.00510691 -0.00623776 0.00669733
-0.00507305 -0.00620470 0.00665624
-0.00503919 -0.00617164 0.00661515
-0.00500533 -0.00613858 0.00657406
-0.00497146 -0.00610551 0.00653296
-0.00493760 -0.00607245 0.00649187
-0.00490374 -0.00603939 0.00645078
-0.00486988 -0.00600633 0.00640969
-0.00483602 -0.00597326 0.00636860
-0.00480215 -0.00594020 0.00632751
-0.00476829 -0.00590714 0.00628642
-0.00473443 -0.00587408 0.00624532
-0.00470057 -0.00584102 0.00620423
-0.00466671 -0.00580795 0.00616314
-0.00463284 -0.00577489 0.00612205
-0.00459898 -0.00574183 0.00608096
-0.00456512 -0.00570877 0.00603987
-0.00453126 -0.00567571 0.00599878
-0.00449740 -0.00564264 0.00595768
-0.00446354 -0.00560958 0.00591659
-0.00447218 -0.00557922 0.00593954
-0.00448083 -0.00554886 0.00596249
-0.00448948 -0.00551850 0.00598544
-0.00449812 -0.00548814 0.00600839
-0.00450677 -0.00545778 0.00603133
-0.00451542 -0.00542742 0.00605428
-0.00452406 -0.00539706 0.00607723
-0.00453271 -0.00536671 0.00610018
-0.00454136 -0.00533635 0.00612313
-0.00455000 -0.00530599 0.00614608
-0.00455865 -0.00527563 0.00616903
-0.00456730 -0.00524527 0.00619197
-0.00457595 -0.00521491 0.00621492
-0.00458459 -0.00518455 0.00623787
-0.00459324 -0.00515419 0.00626082
-0.00460189 -0.00512383 0.00628377
-0.00461053 -0.00509347 0.00630672
-0.00461918 -0.00506311 0.00632966
-0.00462783 -0.00503275 0.00635261
-0.00463647 -0.00500239 0.00637556
-0.00463055 -0.00501192 0.00641362
-0.00462462 -0.00502145 0.00645167
-0.00461870 -0.00503099 0.00648973
-0.00461277 -0.00504052 0.00652779
-0.00460685 -0.00505005 0.00656584
-0.00460092 -0.00505958 0.00660390
-0.00459500 -0.00506911 0.00664196
-0.00458907 -0.00507864 0.00668001
-0.00458315 -0.00508817 0.00671807
-0.00457722 -0.00509771 0.00675613
-0.00457130 -0.00510724 0.00679418
-0.00456537 -0.00511677 0.00683224
-0.00455945 -0.00512630 0.00687029
-0.00455352 -0.00513583 0.00690835
-0.00454760 -0.00514536 0.00694641
-0.00454167 -0.00515489 0.00698446
-0.00453575 -0.00516442 0.00702252
-0.00452982 -0.00517396 0.00706058
-0.00452390 -0.00518349 0.00709863
-0.00451797 -0.00519302 0.00713669
-0.00447577 -0.00514499 0.00716172
-0.00443357 -0.00509695 0.00718676
-0.00439137 -0.00504892 0.00721179
-0.00434917 -0.00500089 0.00723683
-0.00430697 -0.00495286 0.00726186
-0.00426477 -0.00490483 0.00728689
-0.00422257 -0.00485680 0.00731193
-0.00418037 -0.00480877 0.00733696
-0.00413817 -0.00476073 0.00736199
-0.00409597 -0.00471270 0.00738703
-0.00405377 -0.00466467 0.00741206
-0.00401157 -0.00461664 0.00743710
-0.00396937 -0.00456861 0.00746213
-0.00392717 -0.00452058 0.00748716
-0.00388497 -0.00447255 0.00751220
-0.00384277 -0.00442451 0.00753723
-0.00380057 -0.00437648 0.00756227
-0.00375837 -0.00432845 0.00758730
-0.00371617 -0.00428042 0.00761233
-0.00367397 -0.00423239 0.00763737
-0.00371632 -0.00424695 0.00765223
-0.00375866 -0.00426152 0.00766710
-0.00380101 -0.00427609 0.00768197
-0.00384335 -0.00429065 0.00769683
-0.00388570 -0.00430522 0.00771170
-0.00392805 -0.00431979 0.00772656
-0.00397039 -0.00433435 0.00774143
-0.00401274 -0.00434892 0.00775630
-0.00405508 -0.00436349 0.00777116
-0.00409743 -0.00437805 0.00778603
-0.00413978 -0.00439262 0.00780089
-0.00418212 -0.00440719 0.00781576
-0.00422447 -0.00442175 0.00783063
-0.00426682 -0.00443632 0.00784549
-0.00430916 -0.00445089 0.00786036
-0.00435151 -0.00446545 0.00787522
-0.00439385 -0.00448002 0.00789009
-0.00443620 -0.00449459 0.00790496
-0.00447855 -0.00450915 0.00791982
-0.00452089 -0.00452372 0.00793469
-0.00454404 -0.00453354 0.00793451
-0.00456718 -0.00454335 0.00793433
-0.00459033 -0.00455317 0.00793415
-0.00461347 -0.00456299 0.00793397
-0.00463662 -0.00457281 0.00793379
-0.00465977 -0.00458262 0.00793361
-0.00468291 -0.00459244 0.00793343
-0.00470606 -0.00460226 0.00793325
-0.00472920 -0.00461208 0.00793307
-0.00475235 -0.00462189 0.00793289
-0.00477549 -0.00463171 0.00793271
-0.00479864 -0.00464153 0.00793252
-0.00482178 -0.00465135 0.00793234
-0.00484493 -0.00466116 0.00793216
-0.00486807 -0.00467098 0.00793198
-0.00489122 -0.00468080 0.00793180
-0.00491437 -0.00469062 0.00793162
-0.00493751 -0.00470043 0.00793144
-0.00496066 -0.00471025 0.00793126
-0.00498380 -0.00472007 0.00793108
-0.00502793 -0.00467539 0.00788372
-0.00507206 -0.00463072 0.00783635
-0.00511619 -0.00458604 0.00778899
-0.00516033 -0.00454137 0.00774162
-0.00520446 -0.00449669 0.00769425
-0.00524859 -0.00445202 0.00764689
-0.00529272 -0.00440734 0.00759952
-0.00533685 -0.00436267 0.00755216
-0.00538098 -0.00431799 0.00750479
-0.00542511 -0.00427332 0.00745743
-0.00546924 -0.00422864 0.00741006
-0.00551338 -0.00418397 0.00736269
-0.00555751 -0.00413929 0.00731533
-0.00560164 -0.00409462 0.00726796
-0.00564577 -0.00404994 0.00722060
-0.00568990 -0.00400527 0.00717323
-0.00573403 -0.00396059 0.00712586
-0.00577816 -0.00391592 0.00707850
-0.00582229 -0.00387124 0.00703113
-0.00586642 -0.00382657 0.00698377
-0.00591562 -0.00387619 0.00700926
-0.00596481 -0.00392582 0.00703476
-0.00601400 -0.00397544 0.00706025
-0.00606320 -0.00402507 0.00708575
-0.00611239 -0.00407469 0.00711124
-0.00616158 -0.00412432 0.00713674
-0.00621077 -0.00417394 0.00716223
-0.00625997 -0.00422356 0.00718772
-0.00630916 -0.00427319 0.00721322
-0.00635835 -0.00432281 0.00723871
-0.00640755 -0.00437244 0.00726421
-0.00645674 -0.00442206 0.00728970
-0.00650593 -0.00447169 0.00731520
-0.00655512 -0.00452131 0.00734069
-0.00660432 -0.00457094 0.00736619
-0.00665351 -0.00462056 0.00739168
-0.00670270 -0.00467018 0.00741718
-0.00675190 -0.00471981 0.00744267
-0.00680109 -0.00476943 0.00746817
-0.00685028 -0.00481906 0.00749366
-0.00683806 -0.00485313 0.00749640
-0.00682584 -0.00488720 0.00749915
-0.00681362 -0.00492127 0.00750190
-0.00680140 -0.00495534 0.00750464
-0.00678918 -0.00498942 0.00750739
-0.00677697 -0.00502349 0.00751013
-0.00676475 -0.00505756 0.00751288
-0.00675253 -0.00509163 0.00751562
-0.00674031 -0.00512570 0.00751837
-0.00672809 -0.00515977 0.00752111
-0.00671587 -0.00519384 0.00752386
-0.00670365 -0.00522791 0.00752660
-0.00669143 -0.00526199 0.00752935
-0.00667921 -0.00529606 0.00753209
-0.00666699 -0.00533013 0.00753484
-0.00665477 -0.00536420 0.00753758
-0.00664255 -0.00539827 0.00754033
-0.00663033 -0.00543234 0.00754307
-0.00661811 -0.00546641 0.00754582
-0.00660589 -0.00550048 0.00754857
-0.00660051 -0.00548711 0.00756162
-0.00659513 -0.00547374 0.00757468
-0.00658974 -0.00546037 0.00758773
-0.00658436 -0.00544700 0.00760079
-0.00657898 -0.00543363 0.00761385
-0.00657360 -0.00542026 0.00762690
-0.00656821 -0.00540688 0.00763996
-0.00656283 -0.00539351 0.00765302
-0.00655745 -0.00538014 0.00766607
-0.00655206 -0.00536677 0.00767913
-0.00654668 -0.00535340 0.00769218
-0.00654130 -0.00534003 0.00770524
-0.00653591 -0.00532666 0.00771830
-0.00653053 -0.00531329 0.00773135
-0.00652515 -0.00529991 0.00774441
-0.00651977 -0.00528654 0.00775747
-0.00651438 -0.00527317 0.00777052
-0.00650900 -0.00525980 0.00778358
-0.00650362 -0.00524643 0.00779663
-0.00649823 -0.00523306 0.00780969
-0.00651318 -0.00523111 0.00777307
-0.00652812 -0.00522916 0.00773645
-0.00654306 -0.00522722 0.00769983
-0.00655800 -0.00522527 0.00766322
-0.00657295 -0.00522333 0.00762660
-0.00658789 -0.00522138 0.00758998
-0.00660283 -0.00521943 0.00755336
-0.00661778 -0.00521749 0.00751674
-0.00663272 -0.00521554 0.00748012
-0.00664766 -0.00521359 0.00744350
-0.00666260 -0.00521165 0.00740688
-0.00667755 -0.00520970 0.00737026
-0.00669249 -0.00520775 0.00733365
-0.00670743 -0.00520581 0.00729703
-0.00672238 -0.00520386 0.00726041
-0.00673732 -0.00520192 0.00722379
-0.00675226 -0.00519997 0.00718717
-0.00676720 -0.00519802 0.00715055
-0.00678215 -0.00519608 0.00711393
-0.00679709 -0.00519413 0.00707731
-0.00682931 -0.00515190 0.00706334
-0.00686153 -0.00510966 0.00704937
-0.00689375 -0.00506743 0.00703540
-0.00692597 -0.00502520 0.00702142
-0.00695819 -0.00498296 0.00700745
-0.00699041 -0.00494073 0.00699348
-0.00702263 -0.00489850 0.00697951
-0.00705485 -0.00485626 0.00696554
-0.00708708 -0.00481403 0.00695156
-0.00711930 -0.00477180 0.00693759
-0.00715152 -0.00472956 0.00692362
-0.00718374 -0.00468733 0.00690965
-0.00721596 -0.00464509 0.00689567
-0.00724818 -0.00460286 0.00688170
-0.00728040 -0.00456063 0.00686773
-0.00731262 -0.00451839 0.00685376
-0.00734484 -0.00447616 0.00683979
-0.00737706 -0.00443393 0.00682581
-0.00740928 -0.00439169 0.00681184
-0.00744150 -0.00434946 0.00679787
-0.00742583 -0.00438381 0.00675217
-0.00741015 -0.00441816 0.00670647
-0.00739447 -0.00445250 0.00666077
-0.00737880 -0.00448685 0.00661507
-0.00736312 -0.00452120 0.00656937
-0.00734744 -0.00455555 0.00652367
-0.00733177 -0.00458990 0.00647797
-0.00731609 -0.00462424 0.00643227
-0.00730041 -0.00465859 0.00638658
-0.00728474 -0.00469294 0.00634088
-0.00726906 -0.00472729 0.00629518
-0.00725339 -0.00476163 0.00624948
-0.00723771 -0.00479598 0.00620378
-0.00722203 -0.00483033 0.00615808
-0.00720636 -0.00486468 0.00611238
-0.00719068 -0.00489903 0.00606668
-0.00717500 -0.00493337 0.00602098
-0.00715933 -0.00496772 0.00597528
-0.00714365 -0.00500207 0.00592958
-0.00712797 -0.00503642 0.00588388
-0.00713795 -0.00499427 0.00585645
-0.00714793 -0.00495212 0.00582901
-0.00715791 -0.00490997 0.00580158
-0.00716789 -0.00486783 0.00577414
-0.00717788 -0.00482568 0.00574670
-0.00718786 -0.00478353 0.00571927
-0.00719784 -0.00474138 0.00569183
-0.00720782 -0.00469923 0.00566440
-0.00721780 -0.00465708 0.00563696
-0.00722778 -0.00461494 0.00560952
-0.00723776 -0.00457279 0.00558209
-0.00724774 -0.00453064 0.00555465
-0.00725772 -0.00448849 0.00552722
-0.00726770 -0.00444634 0.00549978
-0.00727768 -0.00440420 0.00547234
-0.00728766 -0.00436205 0.00544491
-0.00729764 -0.00431990 0.00541747
-0.00730762 -0.00427775 0.00539004
-0.00731760 -0.00423560 0.00536260
-0.00732758 -0.00419345 0.00533517
-0.00734217 -0.00418541 0.00532774
-0.00735676 -0.00417737 0.00532032
-0.00737135 -0.00416933 0.00531290
-0.00738593 -0.00416129 0.00530548
-0.00740052 -0.00415325 0.00529806
-0.00741511 -0.00414521 0.00529064
-0.00742970 -0.00413717 0.00528321
-0.00744429 -0.00412913 0.00527579
-0.00745888 -0.00412109 0.00526837
-0.00747346 -0.00411305 0.00526095
-0.00748805 -0.00410501 0.00525353
-0.00750264 -0.00409697 0.00524611
-0.00751723 -0.00408893 0.00523869
-0.00753182 -0.00408089 0.00523126
-0.00754640 -0.00407285 0.00522384
-0.00756099 -0.00406480 0.00521642
-0.00757558 -0.00405676 0.00520900
-0.00759017 -0.00404872 0.00520158
-0.00760476 -0.00404068 0.00519416
-0.00761935 -0.00403264 0.00518674
-0.00760631 -0.00399786 0.00515325
-0.00759327 -0.00396308 0.00511977
-0.00758023 -0.00392831 0.00508629
-0.00756720 -0.00389353 0.00505280
-0.00755416 -0.00385875 0.00501932
-0.00754112 -0.00382397 0.00498584
-0.00752808 -0.00378919 0.00495236
-0.00751505 -0.00375441 0.00491887
-0.00750201 -0.00371963 0.00488539
-0.00748897 -0.00368486 0.00485191
-0.00747593 -0.00365008 0.00481843
-0.00746289 -0.00361530 0.00478494
-0.00744986 -0.00358052 0.00475146
-0.00743682 -0.00354574 0.00471798
-0.00742378 -0.00351096 0.00468449
-0.00741074 -0.00347618 0.00465101
-0.00739771 -0.00344141 0.00461753
-0.00738467 -0.00340663 0.00458405
-0.00737163 -0.00337185 0.00455056
-0.00735859 -0.00333707 0.00451708
-0.00733355 -0.00329372 0.00452848
-0.00730850 -0.00325037 0.00453987
-0.00728345 -0.00320702 0.00455127
-0.00725840 -0.00316367 0.00456267
-0.00723335 -0.00312032 0.00457406
-0.00720830 -0.00307696 0.00458546
-0.00718326 -0.00303361 0.00459686
-0.00715821 -0.00299026 0.00460825
-0.00713316 -0.00294691 0.00461965
-0.00710811 -0.00290356 0.00463105
-0.00708306 -0.00286021 0.00464244
-0.00705801 -0.00281686 0.00465384
-0.00703297 -0.00277351 0.00466524
-0.00700792 -0.00273016 0.00467663
-0.00698287 -0.00268681 0.00468803
-0.00695782 -0.00264346 0.00469943
-0.00693277 -0.00260010 0.00471082
-0.00690772 -0.00255675 0.00472222
-0.00688268 -0.00251340 0.00473361
-0.00685763 -0.00247005 0.00474501
-0.00687067 -0.00251728 0.00479124
-0.00688371 -0.00256450 0.00483747
-0.00689676 -0.00261173 0.00488370
-0.00690980 -0.00265896 0.00492993
-0.00692285 -0.00270618 0.00497616
-0.00693589 -0.00275341 0.00502238
-0.00694893 -0.00280064 0.00506861
-0.00696198 -0.00284786 0.00511484
-0.00697502 -0.00289509 0.00516107
-0.00698807 -0.00294232 0.00520730
-0.00700111 -0.00298954 0.00525353
-0.00701415 -0.00303677 0.00529976
-0.00702720 -0.00308400 0.00534599
-0.00704024 -0.00313122 0.00539222
-0.00705329 -0.00317845 0.00543844
-0.00706633 -0.00322568 0.00548467
-0.00707937 -0.00327290 0.00553090
-0.00709242 -0.00332013 0.00557713
-0.00710546 -0.00336736 0.00562336
-0.00711850 -0.00341458 0.00566959
-0.00712460 -0.00341936 0.00563706
-0.00713069 -0.00342413 0.00560454
-0.00713678 -0.00342890 0.00557201
-0.00714287 -0.00343368 0.00553949
-0.00714896 -0.00343845 0.00550696
-0.00715506 -0.00344322 0.00547443
-0.00716115 -0.00344800 0.00544191
-0.00716724 -0.00345277 0.00540938
-0.00717333 -0.00345754 0.00537686
-0.00717942 -0.00346232 0.00534433
-0.00718552 -0.00346709 0.00531181
-0.00719161 -0.00347186 0.00527928
-0.00719770 -0.00347664 0.00524675
-0.00720379 -0.00348141 0.00521423
-0.00720988 -0.00348618 0.00518170
-0.00721598 -0.00349096 0.00514918
-0.00722207 -0.00349573 0.00511665
-0.00722816 -0.00350050 0.00508413
-0.00723425 -0.00350528 0.00505160
-0.00724034 -0.00351005 0.00501908
-0.00724161 -0.00352001 0.00503005
-0.00724287 -0.00352998 0.00504103
-0.00724414 -0.00353994 0.00505201
-0.00724540 -0.00354991 0.00506298
-0.00724667 -0.00355987 0.00507396
-0.00724793 -0.00356984 0.00508493
-0.00724920 -0.00357981 0.00509591
-0.00725046 -0.00358977 0.00510689
-0.00725173 -0.00359974 0.00511786
-0.00725299 -0.00360970 0.00512884
-0.00725426 -0.00361967 0.00513982
-0.00725553 -0.00362963 0.00515079
-0.00725679 -0.00363960 0.00516177
-0.00725806 -0.00364956 0.00517275
-0.00725932 -0.00365953 0.00518372
-0.00726059 -0.00366949 0.00519470
-0.00726185 -0.00367946 0.00520568
-0.00726312 -0.00368942 0.00521665
-0.00726438 -0.00369939 0.00522763
-0.00726565 -0.00370935 0.00523861
-0.00727878 -0.00367706 0.00524304
-0.00729192 -0.00364477 0.00524747
-0.00730505 -0.00361248 0.00525190
-0.00731819 -0.00358019 0.00525634
-0.00733132 -0.00354790 0.00526077
-0.00734446 -0.00351561 0.00526520
-0.00735759 -0.00348332 0.00526964
-0.00737073 -0.00345103 0.00527407
-0.00738386 -0.00341874 0.00527850
-0.00739700 -0.00338645 0.00528293
-0.00741013 -0.00335417 0.00528737
-0.00742327 -0.00332188 0.00529180
-0.00743640 -0.00328959 0.00529623
-0.00744954 -0.00325730 0.00530066
-0.00746267 -0.00322501 0.00530510
-0.00747581 -0.00319272 0.00530953
-0.00748894 -0.00316043 0.00531396
-0.00750208 -0.00312814 0.00531839
-0.00751521 -0.00309585 0.00532283
-0.00752835 -0.00306356 0.00532726
-0.00755212 -0.00302534 0.00531646
-0.00757589 -0.00298713 0.00530566
-0.00759967 -0.00294891 0.00529486
-0.00762344 -0.00291070 0.00528406
-0.00764722 -0.00287248 0.00527326
-0.00767099 -0.00283427 0.00526246
-0.00769477 -0.00279605 0.00525167
-0.00771854 -0.00275784 0.00524087
-0.00774231 -0.00271962 0.00523007
-0.00776609 -0.00268141 0.00521927
-0.00778986 -0.00264319 0.00520847
-0.00781364 -0.00260498 0.00519767
-0.00783741 -0.00256676 0.00518687
-0.00786119 -0.00252855 0.00517607
-0.00788496 -0.00249033 0.00516527
-0.00790873 -0.00245212 0.00515447
-0.00793251 -0.00241390 0.00514367
-0.00795628 -0.00237569 0.00513287
-0.00798006 -0.00233747 0.00512207
-0.00800383 -0.00229926 0.00511128
-0.00802930 -0.00224936 0.00511084
-0.00805477 -0.00219946 0.00511040
-0.00808024 -0.00214956 0.00510996
-0.00810571 -0.00209966 0.00510952
-0.00813118 -0.00204977 0.00510909
-0.00815666 -0.00199987 0.00510865
-0.00818213 -0.00194997 0.00510821
-0.00820760 -0.00190007 0.00510777
-0.00823307 -0.00185017 0.00510733
-0.00825854 -0.00180027 0.00510689
-0.00828401 -0.00175037 0.00510646
-0.00830948 -0.00170048 0.00510602
-0.00833495 -0.00165058 0.00510558
-0.00836042 -0.00160068 0.00510514
-0.00838589 -0.00155078 0.00510470
-0.00841136 -0.00150088 0.00510427
-0.00843683 -0.00145098 0.00510383
-0.00846230 -0.00140108 0.00510339
-0.00848777 -0.00135118 0.00510295
-0.00851324 -0.00130129 0.00510251
-0.00852530 -0.00126317 0.00506269
-0.00853736 -0.00122506 0.00502286
-0.00854942 -0.00118695 0.00498304
-0.00856148 -0.00114884 0.00494321
-0.00857354 -0.00111072 0.00490339
-0.00858560 -0.00107261 0.00486356
-0.00859766 -0.00103450 0.00482374
-0.00860972 -0.00099639 0.00478391
-0.00862177 -0.00095827 0.00474409
-0.00863383 -0.00092016 0.00470426
-0.00864589 -0.00088205 0.00466444
-0.00865795 -0.00084394 0.00462461
-0.00867001 -0.00080583 0.00458479
-0.00868207 -0.00076771 0.00454496
-0.00869413 -0.00072960 0.00450514
-0.00870619 -0.00069149 0.00446531
-0.00871825 -0.00065338 0.00442549
-0.00873031 -0.00061526 0.00438566
-0.00874237 -0.00057715 0.00434584
-0.00875443 -0.00053904 0.00430601
-0.00871501 -0.00057011 0.00428472
-0.00867559 -0.00060118 0.00426342
-0.00863617 -0.00063225 0.00424212
-0.00859676 -0.00066332 0.00422082
-0.00855734 -0.00069439 0.00419953
-0.00851792 -0.00072546 0.00417823
-0.00847851 -0.00075653 0.00415693
-0.00843909 -0.00078760 0.00413563
-0.00839967 -0.00081867 0.00411434
-0.00836026 -0.00084974 0.00409304
-0.00832084 -0.00088081 0.00407174
-0.00828142 -0.00091188 0.00405044
-0.00824201 -0.00094295 0.00402915
-0.00820259 -0.00097402 0.00400785
-0.00816317 -0.00100508 0.00398655
-0.00812376 -0.00103615 0.00396525
-0.00808434 -0.00106722 0.00394396
-0.00804492 -0.00109829 0.00392266
-0.00800551 -0.00112936 0.00390136
-0.00796609 -0.00116043 0.00388006
-0.00793869 -0.00118980 0.00385862
-0.00791130 -0.00121918 0.00383719
-0.00788390 -0.00124855 0.00381575
-0.00785651 -0.00127792 0.00379431
-0.00782912 -0.00130729 0.00377287
-0.00780172 -0.00133666 0.00375144
-0.00777433 -0.00136603 0.00373000
-0.00774693 -0.00139541 0.00370856
-0.00771954 -0.00142478 0.00368712
-0.00769214 -0.00145415 0.00366568
-0.00766475 -0.00148352 0.00364425
-0.00763735 -0.00151289 0.00362281
-0.00760996 -0.00154226 0.00360137
-0.00758257 -0.00157163 0.00357993
-0.00755517 -0.00160101 0.00355850
-0.00752778 -0.00163038 0.00353706
-0.00750038 -0.00165975 0.00351562
-0.00747299 -0.00168912 0.00349418
-0.00744559 -0.00171849 0.00347274
-0.00741820 -0.00174786 0.00345131
-0.00745876 -0.00174543 0.00345466
-0.00749932 -0.00174300 0.00345802
-0.00753988 -0.00174056 0.00346137
-0.00758044 -0.00173813 0.00346472
-0.00762100 -0.00173570 0.00346808
-0.00766156 -0.00173326 0.00347143
-0.00770212 -0.00173083 0.00347479
-0.00774268 -0.00172839 0.00347814
-0.00778324 -0.00172596 0.00348150
-0.00782380 -0.00172353 0.00348485
-0.00786436 -0.00172109 0.00348821
-0.00790492 -0.00171866 0.00349156
-0.00794548 -0.00171623 0.00349492
-0.00798604 -0.00171379 0.00349827
-0.00802660 -0.00171136 0.00350162
-0.00806716 -0.00170892 0.00350498
-0.00810772 -0.00170649 0.00350833
-0.00814828 -0.00170406 0.00351169
-0.00818884 -0.00170162 0.00351504
-0.00822940 -0.00169919 0.00351840
-0.00826316 -0.00172513 0.00355245
-0.00829691 -0.00175107 0.00358650
-0.00833067 -0.00177701 0.00362055
-0.00836443 -0.00180295 0.00365461
-0.00839819 -0.00182889 0.00368866
-0.00843195 -0.00185483 0.00372271
-0.00846571 -0.00188077 0.00375676
-0.00849946 -0.00190671 0.00379082
-0.00853322 -0.00193265 0.00382487
-0.00856698 -0.00195859 0.00385892
-0.00860074 -0.00198453 0.00389297
-0.00863450 -0.00201047 0.00392703
-0.00866826 -0.00203641 0.00396108
-0.00870201 -0.00206235 0.00399513
-0.00873577 -0.00208829 0.00402919
-0.00876953 -0.00211423 0.00406324
-0.00880329 -0.00214017 0.00409729
-0.00883705 -0.00216611 0.00413134
-0.00887081 -0.00219205 0.00416540
-0.00890456 -0.00221799 0.00419945
-0.00891829 -0.00219107 0.00419098
-0.00893201 -0.00216415 0.00418251
-0.00894573 -0.00213723 0.00417404
-0.00895945 -0.00211031 0.00416557
-0.00897317 -0.00208339 0.00415710
-0.00898689 -0.00205647 0.00414863
-0.00900061 -0.00202955 0.00414016
-0.00901433 -0.00200263 0.00413169
-0.00902805 -0.00197570 0.00412322
-0.00904177 -0.00194878 0.00411475
-0.00905549 -0.00192186 0.00410628
-0.00906921 -0.00189494 0.00409781
-0.00908294 -0.00186802 0.00408934
-0.00909666 -0.00184110 0.00408087
-0.00911038 -0.00181418 0.00407240
-0.00912410 -0.00178726 0.00406393
-0.00913782 -0.00176034 0.00405546
-0.00915154 -0.00173341 0.00404700
-0.00916526 -0.00170649 0.00403853
-0.00917898 -0.00167957 0.00403006
-0.00919582 -0.00163481 0.00400625
-0.00921266 -0.00159004 0.00398244
-0.00922949 -0.00154528 0.00395863
-0.00924633 -0.00150051 0.00393482
-0.00926317 -0.00145574 0.00391101
-0.00928001 -0.00141098 0.00388720
-0.00929685 -0.00136621 0.00386339
-0.00931368 -0.00132145 0.00383958
-0.00933052 -0.00127668 0.00381577
-0.00934736 -0.00123191 0.00379196
-0.00936420 -0.00118715 0.00376815
-0.00938103 -0.00114238 0.00374435
-0.00939787 -0.00109762 0.00372054
-0.00941471 -0.00105285 0.00369673
-0.00943155 -0.00100809 0.00367292
-0.00944838 -0.00096332 0.00364911
-0.00946522 -0.00091855 0.00362530
-0.00948206 -0.00087379 0.00360149
-0.00949890 -0.00082902 0.00357768
-0.00951574 -0.00078426 0.00355387
-0.00951941 -0.00081866 0.00352202
-0.00952309 -0.00085307 0.00349017
-0.00952676 -0.00088748 0.00345832
-0.00953044 -0.00092188 0.00342647
-0.00953411 -0.00095629 0.00339462
-0.00953779 -0.00099070 0.00336277
-0.00954146 -0.00102510 0.00333093
-0.00954514 -0.00105951 0.00329908
-0.00954882 -0.00109391 0.00326723
-0.00955249 -0.00112832 0.00323538
-0.00955617 -0.00116273 0.00320353
-0.00955984 -0.00119713 0.00317168
-0.00956352 -0.00123154 0.00313983
-0.00956719 -0.00126595 0.00310798
-0.00957087 -0.00130035 0.00307613
-0.00957455 -0.00133476 0.00304428
-0.00957822 -0.00136917 0.00301243
-0.00958190 -0.00140357 0.00298058
-0.00958557 -0.00143798 0.00294873
-0.00958925 -0.00147239 0.00291688
-0.00959994 -0.00146906 0.00294353
-0.00961063 -0.00146572 0.00297017
-0.00962132 -0.00146239 0.00299682
-0.00963201 -0.00145906 0.00302346
-0.00964270 -0.00145573 0.00305011
-0.00965339 -0.00145240 0.00307676
-0.00966408 -0.00144907 0.00310340
-0.00967477 -0.00144574 0.00313005
-0.00968546 -0.00144241 0.00315669
-0.00969615 -0.00143907 0.00318334
-0.00970684 -0.00143574 0.00320998
-0.00971753 -0.00143241 0.00323663
-0.00972822 -0.00142908 0.00326327
-0.00973891 -0.00142575 0.00328992
-0.00974960 -0.00142242 0.00331656
-0.00976029 -0.00141909 0.00334321
-0.00977098 -0.00141576 0.00336986
-0.00978167 -0.00141243 0.00339650
-0.00979236 -0.00140909 0.00342315
-0.00980304 -0.00140576 0.00344979
-0.00977671 -0.00139847 0.00344622
-0.00975038 -0.00139117 0.00344264
-0.00972405 -0.00138387 0.00343906
-0.00969772 -0.00137658 0.00343549
-0.00967139 -0.00136928 0.00343191
-0.00964506 -0.00136199 0.00342834
-0.00961873 -0.00135469 0.00342476
-0.00959240 -0.00134739 0.00342119
-0.00956606 -0.00134010 0.00341761
-0.00953973 -0.00133280 0.00341403
-0.00951340 -0.00132551 0.00341046
-0.00948707 -0.00131821 0.00340688
-0.00946074 -0.00131091 0.00340331
-0.00943441 -0.00130362 0.00339973
-0.00940808 -0.00129632 0.00339616
-0.00938175 -0.00128902 0.00339258
-0.00935542 -0.00128173 0.00338900
-0.00932908 -0.00127443 0.00338543
-0.00930275 -0.00126714 0.00338185
-0.00927642 -0.00125984 0.00337828
-0.00928901 -0.00125272 0.00337526
-0.00930160 -0.00124560 0.00337224
-0.00931418 -0.00123848 0.00336923
-0.00932677 -0.00123137 0.00336621
-0.00933935 -0.00122425 0.00336320
-0.00935194 -0.00121713 0.00336018
-0.00936453 -0.00121001 0.00335716
-0.00937711 -0.00120289 0.00335415
-0.00938970 -0.00119577 0.00335113
-0.00940229 -0.00118865 0.00334811
-0.00941487 -0.00118154 0.00334510
-0.00942746 -0.00117442 0.00334208
-0.00944005 -0.00116730 0.00333907
-0.00945263 -0.00116018 0.00333605
-0.00946522 -0.00115306 0.00333303
-0.00947781 -0.00114594 0.00333002
-0.00949039 -0.00113882 0.00332700
-0.00950298 -0.00113171 0.00332398
-0.00951557 -0.00112459 0.00332097
-0.00952815 -0.00111747 0.00331795
-0.00952666 -0.00109711 0.00336374
-0.00952517 -0.00107675 0.00340953
-0.00952368 -0.00105639 0.00345531
-0.00952219 -0.00103604 0.00350110
-0.00952070 -0.00101568 0.00354689
-0.00951921 -0.00099532 0.00359268
-0.00951772 -0.00097496 0.00363846
-0.00951623 -0.00095460 0.00368425
-0.00951474 -0.00093424 0.00373004
-0.00951325 -0.00091389 0.00377583
-0.00951176 -0.00089353 0.00382161
-0.00951027 -0.00087317 0.00386740
-0.00950878 -0.00085281 0.00391319
-0.00950729 -0.00083245 0.00395898
-0.00950580 -0.00081210 0.00400476
-0.00950431 -0.00079174 0.00405055
-0.00950282 -0.00077138 0.00409634
-0.00950133 -0.00075102 0.00414213
-0.00949984 -0.00073066 0.00418791
-0.00949835 -0.00071031 0.00423370
-0.00954410 -0.00075361 0.00422047
-0.00958986 -0.00079691 0.00420723
-0.00963561 -0.00084021 0.00419399
-0.00968137 -0.00088351 0.00418076
-0.00972712 -0.00092681 0.00416752
-0.00977287 -0.00097011 0.00415429
-0.00981863 -0.00101341 0.00414105
-0.00986438 -0.00105671 0.00412782
-0.00991014 -0.00110001 0.00411458
-0.00995589 -0.00114331 0.00410134
-0.01000164 -0.00118661 0.00408811
-0.01004740 -0.00122991 0.00407487
-0.01009315 -0.00127321 0.00406164
-0.01013891 -0.00131651 0.00404840
-0.01018466 -0.00135981 0.00403517
-0.01023041 -0.00140311 0.00402193
-0.01027617 -0.00144641 0.00400869
-0.01032192 -0.00148971 0.00399546
-0.01036767 -0.00153301 0.00398222
-0.01041343 -0.00157631 0.00396899
-0.01043438 -0.00157097 0.00398940
-0.01045533 -0.00156563 0.00400981
-0.01047628 -0.00156029 0.00403022
-0.01049723 -0.00155495 0.00405063
-0.01051818 -0.00154961 0.00407104
-0.01053912 -0.00154427 0.00409145
-0.01056007 -0.00153893 0.00411185
-0.01058102 -0.00153359 0.00413226
-0.01060197 -0.00152825 0.00415267
-0.01062292 -0.00152291 0.00417308
-0.01064387 -0.00151757 0.00419349
-0.01066482 -0.00151223 0.00421390
-0.01068577 -0.00150689 0.00423431
-0.01070672 -0.00150155 0.00425472
-0.01072767 -0.00149621 0.00427513
-0.01074862 -0.00149087 0.00429554
-0.01076957 -0.00148553 0.00431595
-0.01079052 -0.00148020 0.00433636
-0.01081147 -0.00147486 0.00435677
-0.01083242 -0.00146952 0.00437718
-0.01078565 -0.00145678 0.00440472
-0.01073889 -0.00144404 0.00443226
-0.01069213 -0.00143129 0.00445980
-0.01064537 -0.00141855 0.00448734
-0.01059861 -0.00140581 0.00451488
-0.01055185 -0.00139307 0.00454242
-0.01050509 -0.00138033 0.00456997
-0.01045833 -0.00136759 0.00459751
-0.01041157 -0.00135485 0.00462505
-0.01036481 -0.00134211 0.00465259
-0.01031805 -0.00132937 0.00468013
-0.01027129 -0.00131663 0.00470767
-0.01022453 -0.00130389 0.00473521
-0.01017777 -0.00129115 0.00476275
-0.01013101 -0.00127841 0.00479029
-0.01008425 -0.00126567 0.00481783
-0.01003749 -0.00125293 0.00484537
-0.00999073 -0.00124019 0.00487291
-0.00994397 -0.00122745 0.00490046
-0.00989721 -0.00121471 0.00492800
-0.00985213 -0.00121755 0.00491749
-0.00980706 -0.00122039 0.00490699
-0.00976198 -0.00122324 0.00489649
-0.00971690 -0.00122608 0.00488598
-0.00967183 -0.00122892 0.00487548
-0.00962675 -0.00123177 0.00486497
-0.00958168 -0.00123461 0.00485447
-0.00953660 -0.00123745 0.00484397
-0.00949153 -0.00124030 0.00483346
-0.00944645 -0.00124314 0.00482296
-0.00940138 -0.00124598 0.00481246
-0.00935630 -0.00124882 0.00480195
-0.00931122 -0.00125167 0.00479145
-0.00926615 -0.00125451 0.00478095
-0.00922107 -0.00125735 0.00477044
-0.00917600 -0.00126020 0.00475994
-0.00913092 -0.00126304 0.00474944
-0.00908585 -0.00126588 0.00473893
-0.00904077 -0.00126873 0.00472843
-0.00899570 -0.00127157 0.00471793
-0.00897144 -0.00127136 0.00473947
-0.00894718 -0.00127115 0.00476101
-0.00892293 -0.00127094 0.00478255
-0.00889867 -0.00127073 0.00480409
-0.00887441 -0.00127052 0.00482563
-0.00885016 -0.00127031 0.00484717
-0.00882590 -0.00127010 0.00486871
-0.00880165 -0.00126989 0.00489025
-0.00877739 -0.00126968 0.00491179
-0.00875313 -0.00126947 0.00493333
-0.00872888 -0.00126926 0.00495487
-0.00870462 -0.00126905 0.00497641
-0.00868036 -0.00126884 0.00499795
-0.00865611 -0.00126863 0.00501949
-0.00863185 -0.00126842 0.00504103
-0.00860760 -0.00126821 0.00506257
-0.00858334 -0.00126800 0.00508411
-0.00855908 -0.00126779 0.00510565
-0.00853483 -0.00126758 0.00512719
-0.00851057 -0.00126737 0.00514873
-0.00852768 -0.00124411 0.00519018
-0.00854479 -0.00122084 0.00523163
-0.00856191 -0.00119758 0.00527308
-0.00857902 -0.00117432 0.00531453
-0.00859613 -0.00115106 0.00535598
-0.00861324 -0.00112780 0.00539743
-0.00863035 -0.00110454 0.00543888
-0.00864746 -0.00108128 0.00548034
-0.00866458 -0.00105802 0.00552179
-0.00868169 -0.00103475 0.00556324
-0.00869880 -0.00101149 0.00560469
-0.00871591 -0.00098823 0.00564614
-0.00873302 -0.00096497 0.00568759
-0.00875013 -0.00094171 0.00572904
-0.00876725 -0.00091845 0.00577049
-0.00878436 -0.00089519 0.00581194
-0.00880147 -0.00087193 0.00585339
-0.00881858 -0.00084867 0.00589485
-0.00883569 -0.00082540 0.00593630
-0.00885280 -0.00080214 0.00597775
-0.00890019 -0.00077653 0.00602169
-0.00894758 -0.00075091 0.00606564
-0.00899496 -0.00072529 0.00610959
-0.00904235 -0.00069967 0.00615353
-0.00908974 -0.00067405 0.00619748
-0.00913712 -0.00064844 0.00624143
-0.00918451 -0.00062282 0.00628537
-0.00923190 -0.00059720 0.00632932
-0.00927929 -0.00057158 0.00637327
-0.00932667 -0.00054597 0.00641721
-0.00937406 -0.00052035 0.00646116
-0.00942145 -0.00049473 0.00650511
-0.00946883 -0.00046911 0.00654905
-0.00951622 -0.00044350 0.00659300
-0.00956361 -0.00041788 0.00663694
-0.00961099 -0.00039226 0.00668089
-0.00965838 -0.00036664 0.00672484
-0.00970577 -0.00034102 0.00676878
-0.00975316 -0.00031541 0.00681273
-0.00980054 -0.00028979 0.00685668
-0.00982221 -0.00029503 0.00684627
-0.00984388 -0.00030028 0.00683587
-0.00986555 -0.00030552 0.00682547
-0.00988722 -0.00031077 0.00681507
-0.00990889 -0.00031601 0.00680467
-0.00993056 -0.00032125 0.00679426
-0.00995223 -0.00032650 0.00678386
-0.00997390 -0.00033174 0.00677346
-0.00999557 -0.00033699 0.00676306
-0.01001724 -0.00034223 0.00675266
-0.01003890 -0.00034747 0.00674225
-0.01006057 -0.00035272 0.00673185
-0.01008224 -0.00035796 0.00672145
-0.01010391 -0.00036321 0.00671105
-0.01012558 -0.00036845 0.00670065
-0.01014725 -0.00037369 0.00669024
-0.01016892 -0.00037894 0.00667984
-0.01019059 -0.00038418 0.00666944
-0.01021226 -0.00038943 0.00665904
-0.01023393 -0.00039467 0.00664864
-0.01019646 -0.00042686 0.00667571
-0.01015900 -0.00045905 0.00670278
-0.01012153 -0.00049124 0.00672985
-0.01008407 -0.00052343 0.00675692
-0.01004661 -0.00055562 0.00678399
-0.01000914 -0.00058780 0.00681106
-0.00997168 -0.00061999 0.00683813
-0.00993421 -0.00065218 0.00686520
-0.00989675 -0.00068437 0.00689227
-0.00985928 -0.00071656 0.00691934
-0.00982182 -0.00074875 0.00694642
-0.00978435 -0.00078094 0.00697349
-0.00974689 -0.00081313 0.00700056
-0.00970943 -0.00084532 0.00702763
-0.00967196 -0.00087750 0.00705470
-0.00963450 -0.00090969 0.00708177
-0.00959703 -0.00094188 0.00710884
-0.00955957 -0.00097407 0.00713591
-0.00952210 -0.00100626 0.00716298
-0.00948464 -0.00103845 0.00719005
-0.00945159 -0.00099076 0.00715619
-0.00941855 -0.00094308 0.00712233
-0.00938550 -0.00089539 0.00708847
-0.00935246 -0.00084770 0.00705461
-0.00931941 -0.00080002 0.00702074
-0.00928637 -0.00075233 0.00698688
-0.00925332 -0.00070465 0.00695302
-0.00922028 -0.00065696 0.00691916
-0.00918723 -0.00060927 0.00688530
-0.00915419 -0.00056159 0.00685144
-0.00912114 -0.00051390 0.00681757
-0.00908810 -0.00046621 0.00678371
-0.00905506 -0.00041853 0.00674985
-0.00902201 -0.00037084 0.00671599
-0.00898897 -0.00032316 0.00668213
-0.00895592 -0.00027547 0.00664827
-0.00892288 -0.00022778 0.00661440
-0.00888983 -0.00018010 0.00658054
-0.00885679 -0.00013241 0.00654668
-0.00882374 -0.00008472 0.00651282
-0.00881117 -0.00011824 0.00655695
-0.00879860 -0.00015176 0.00660108
-0.00878603 -0.00018527 0.00664521
-0.00877346 -0.00021879 0.00668934
-0.00876088 -0.00025231 0.00673346
-0.00874831 -0.00028583 0.00677759
-0.00873574 -0.00031934 0.00682172
-0.00872317 -0.00035286 0.00686585
-0.00871060 -0.00038638 0.00690998
-0.00869803 -0.00041989 0.00695411
-0.00868546 -0.00045341 0.00699824
-0.00867288 -0.00048693 0.00704237
-0.00866031 -0.00052044 0.00708650
-0.00864774 -0.00055396 0.00713062
-0.00863517 -0.00058748 0.00717475
-0.00862260 -0.00062100 0.00721888
-0.00861003 -0.00065451 0.00726301
-0.00859746 -0.00068803 0.00730714
-0.00858488 -0.00072155 0.00735127
-0.00857231 -0.00075506 0.00739540
-0.00859807 -0.00073063 0.00743194
-0.00862383 -0.00070620 0.00746849
-0.00864959 -0.00068177 0.00750504
-0.00867534 -0.00065734 0.00754159
-0.00870110 -0.00063291 0.00757813
-0.00872686 -0.00060848 0.00761468
-0.00875262 -0.00058405 0.00765123
-0.00877837 -0.00055962 0.00768778
-0.00880413 -0.00053519 0.00772433
-0.00882989 -0.00051076 0.00776087
-0.00885565 -0.00048633 0.00779742
-0.00888140 -0.00046189 0.00783397
-0.00890716 -0.00043746 0.00787052
-0.00893292 -0.00041303 0.00790706
-0.00895868 -0.00038860 0.00794361
-0.00898444 -0.00036417 0.00798016
-0.00901019 -0.00033974 0.00801671
-0.00903595 -0.00031531 0.00805325
-0.00906171 -0.00029088 0.00808980
-0.00908747 -0.00026645 0.00812635
-0.00904978 -0.00024501 0.00810748
-0.00901209 -0.00022358 0.00808860
-0.00897440 -0.00020214 0.00806973
-0.00893671 -0.00018071 0.00805086
-0.00889902 -0.00015927 0.00803199
-0.00886133 -0.00013783 0.00801311
-0.00882365 -0.00011640 0.00799424
-0.00878596 -0.00009496 0.00797537
-0.00874827 -0.00007353 0.00795650
-0.00871058 -0.00005209 0.00793762
-0.00867289 -0.00003065 0.00791875
-0.00863520 -0.00000922 0.00789988
-0.00859751 0.00001222 0.00788101
-0.00855983 0.00003365 0.00786213
-0.00852214 0.00005509 0.00784326
-0.00848445 0.00007653 0.00782439
-0.00844676 0.00009796 0.00780551
-0.00840907 0.00011940 0.00778664
-0.00837138 0.00014083 0.00776777
-0.00833369 0.00016227 0.00774890
-0.00835673 0.00013501 0.00778827
-0.00837977 0.00010775 0.00782763
-0.00840281 0.00008049 0.00786700
-0.00842584 0.00005324 0.00790637
-0.00844888 0.00002598 0.00794574
-0.00847192 -0.00000128 0.00798511
-0.00849495 -0.00002854 0.00802447
-0.00851799 -0.00005580 0.00806384
-0.00854103 -0.00008306 0.00810321
-0.00856407 -0.00011032 0.00814258
-0.00858710 -0.00013757 0.00818195
-0.00861014 -0.00016483 0.00822132
-0.00863318 -0.00019209 0.00826068
-0.00865622 -0.00021935 0.00830005
-0.00867925 -0.00024661 0.00833942
-0.00870229 -0.00027387 0.00837879
-0.00872533 -0.00030113 0.00841816
-0.00874837 -0.00032838 0.00845752
-0.00877140 -0.00035564 0.00849689
-0.00879444 -0.00038290 0.00853626
-0.00876799 -0.00039632 0.00856348
-0.00874154 -0.00040974 0.00859069
-0.00871509 -0.00042316 0.00861791
-0.00868864 -0.00043658 0.00864513
-0.00866219 -0.00044999 0.00867235
-0.00863574 -0.00046341 0.00869956
-0.00860929 -0.00047683 0.00872678
-0.00858284 -0.00049025 0.00875400
-0.00855639 -0.00050367 0.00878121
-0.00852994 -0.00051709 0.00880843
-0.00850349 -0.00053051 0.00883565
-0.00847704 -0.00054392 0.00886286
-0.00845059 -0.00055734 0.00889008
-0.00842414 -0.00057076 0.00891730
-0.00839769 -0.00058418 0.00894451
-0.00837124 -0.00059760 0.00897173
-0.00834479 -0.00061102 0.00899895
-0.00831834 -0.00062444 0.00902616
-0.00829189 -0.00063786 0.00905338
-0.00826544 -0.00065127 0.00908060
-0.00826208 -0.00066538 0.00905899
-0.00825871 -0.00067949 0.00903739
-0.00825534 -0.00069359 0.00901578
-0.00825197 -0.00070770 0.00899418
-0.00824860 -0.00072181 0.00897258
-0.00824523 -0.00073591 0.00895097
-0.00824187 -0.00075002 0.00892937
-0.00823850 -0.00076413 0.00890776
-0.00823513 -0.00077824 0.00888616
-0.00823176 -0.00079234 0.00886455
-0.00822839 -0.00080645 0.00884295
-0.00822502 -0.00082056 0.00882134
-0.00822166 -0.00083466 0.00879974
-0.00821829 -0.00084877 0.00877814
-0.00821492 -0.00086288 0.00875653
-0.00821155 -0.00087698 0.00873493
-0.00820818 -0.00089109 0.00871332
-0.00820482 -0.00090520 0.00869172
-0.00820145 -0.00091930 0.00867011
-0.00819808 -0.00093341 0.00864851
-0.00817259 -0.00097786 0.00863923
-0.00814711 -0.00102231 0.00862996
-0.00812162 -0.00106676 0.00862068
-0.00809614 -0.00111120 0.00861140
-0.00807065 -0.00115565 0.00860212
-0.00804517 -0.00120010 0.00859284
-0.00801968 -0.00124455 0.00858357
-0.00799420 -0.00128900 0.00857429
-0.00796871 -0.00133345 0.00856501
-0.00794323 -0.00137790 0.00855573
-0.00791774 -0.00142234 0.00854646
-0.00789226 -0.00146679 0.00853718
-0.00786677 -0.00151124 0.00852790
-0.00784129 -0.00155569 0.00851862
-0.00781580 -0.00160014 0.00850935
-0.00779031 -0.00164459 0.00850007
-0.00776483 -0.00168904 0.00849079
-0.00773934 -0.00173348 0.00848151
-0.00771386 -0.00177793 0.00847224
-0.00768837 -0.00182238 0.00846296
-0.00771313 -0.00181221 0.00848545
-0.00773789 -0.00180204 0.00850795
-0.00776265 -0.00179186 0.00853045
-0.00778740 -0.00178169 0.00855295
-0.00781216 -0.00177152 0.00857544
-0.00783692 -0.00176134 0.00859794
-0.00786168 -0.00175117 0.00862044
-0.00788643 -0.00174100 0.00864293
-0.00791119 -0.00173083 0.00866543
-0.00793595 -0.00172065 0.00868793
-0.00796071 -0.00171048 0.00871042
-0.00798546 -0.00170031 0.00873292
-0.00801022 -0.00169013 0.00875542
-0.00803498 -0.00167996 0.00877792
-0.00805974 -0.00166979 0.00880041
-0.00808449 -0.00165961 0.00882291
-0.00810925 -0.00164944 0.00884541
-0.00813401 -0.00163927 0.00886790
-0.00815877 -0.00162910 0.00889040
-0.00818352 -0.00161892 0.00891290
-0.00817113 -0.00157514 0.00887426
-0.00815874 -0.00153135 0.00883563
-0.00814635 -0.00148756 0.00879699
-0.00813396 -0.00144377 0.00875835
-0.00812157 -0.00139999 0.00871972
-0.00810918 -0.00135620 0.00868108
-0.00809679 -0.00131241 0.00864245
-0.00808440 -0.00126863 0.00860381
-0.00807201 -0.00122484 0.00856518
-0.00805962 -0.00118105 0.00852654
-0.00804723 -0.00113727 0.00848790
-0.00803484 -0.00109348 0.00844927
-0.00802245 -0.00104969 0.00841063
-0.00801006 -0.00100591 0.00837200
-0.00799767 -0.00096212 0.00833336
-0.00798528 -0.00091833 0.00829473
-0.00797289 -0.00087454 0.00825609
-0.00796050 -0.00083076 0.00821745
-0.00794811 -0.00078697 0.00817882
-0.00793572 -0.00074318 0.00814018
-0.00789437 -0.00073802 0.00816500
-0.00785303 -0.00073286 0.00818982
-0.00781168 -0.00072769 0.00821464
-0.00777034 -0.00072253 0.00823946
-0.00772899 -0.00071736 0.00826428
-0.00768765 -0.00071220 0.00828910
-0.00764630 -0.00070703 0.00831392
-0.00760495 -0.00070187 0.00833874
-0.00756361 -0.00069670 0.00836356
-0.00752226 -0.00069154 0.00838838
-0.00748092 -0.00068638 0.00841320
-0.00743957 -0.00068121 0.00843802
-0.00739823 -0.00067605 0.00846284
-0.00735688 -0.00067088 0.00848766
-0.00731553 -0.00066572 0.00851248
-0.00727419 -0.00066055 0.00853730
-0.00723284 -0.00065539 0.00856212
-0.00719150 -0.00065022 0.00858694
-0.00715015 -0.00064506 0.00861176
-0.00710881 -0.00063990 0.00863658
-0.00707225 -0.00060472 0.00860149
-0.00703569 -0.00056954 0.00856641
-0.00699913 -0.00053436 0.00853132
-0.00696257 -0.00049918 0.00849623
-0.00692601 -0.00046400 0.00846115
-0.00688946 -0.00042882 0.00842606
-0.00685290 -0.00039364 0.00839097
-0.00681634 -0.00035846 0.00835588
-0.00677978 -0.00032328 0.00832080
-0.00674322 -0.00028810 0.00828571
-0.00670666 -0.00025293 0.00825062
-0.00667011 -0.00021775 0.00821553
-0.00663355 -0.00018257 0.00818045
-0.00659699 -0.00014739 0.00814536
-0.00656043 -0.00011221 0.00811027
-0.00652387 -0.00007703 0.00807518
-0.00648731 -0.00004185 0.00804010
-0.00645076 -0.00000667 0.00800501
-0.00641420 0.00002851 0.00796992
-0.00637764 0.00006369 0.00793483
-0.00642243 0.00002755 0.00791492
-0.00646723 -0.00000858 0.00789501
-0.00651202 -0.00004472 0.00787509
-0.00655682 -0.00008085 0.00785518
-0.00660161 -0.00011698 0.00783527
-0.00664640 -0.00015312 0.00781535
-0.00669120 -0.00018925 0.00779544
-0.00673599 -0.00022539 0.00777553
-0.00678079 -0.00026152 0.00775561
-0.00682558 -0.00029766 0.00773570
-0.00687038 -0.00033379 0.00771579
-0.00691517 -0.00036992 0.00769588
-0.00695996 -0.00040606 0.00767596
-0.00700476 -0.00044219 0.00765605
-0.00704955 -0.00047833 0.00763614
-0.00709435 -0.00051446 0.00761622
-0.00713914 -0.00055060 0.00759631
-0.00718394 -0.00058673 0.00757640
-0.00722873 -0.00062287 0.00755648
-0.00727352 -0.00065900 0.00753657
-0.00722868 -0.00065551 0.00758173
-0.00718384 -0.00065201 0.00762688
-0.00713900 -0.00064852 0.00767204
-0.00709416 -0.00064502 0.00771719
-0.00704932 -0.00064153 0.00776235
-0.00700448 -0.00063804 0.00780750
-0.00695964 -0.00063454 0.00785266
-0.00691480 -0.00063105 0.00789781
-0.00686995 -0.00062756 0.00794297
-0.00682511 -0.00062406 0.00798813
-0.00678027 -0.00062057 0.00803328
-0.00673543 -0.00061708 0.00807844
-0.00669059 -0.00061358 0.00812359
-0.00664575 -0.00061009 0.00816875
-0.00660091 -0.00060660 0.00821390
-0.00655607 -0.00060310 0.00825906
-0.00651123 -0.00059961 0.00830421
-0.00646638 -0.00059611 0.00834937
-0.00642154 -0.00059262 0.00839453
-0.00637670 -0.00058913 0.00843968
-0.00634287 -0.00062121 0.00843325
-0.00630904 -0.00065330 0.00842683
-0.00627521 -0.00068539 0.00842040
-0.00624138 -0.00071747 0.00841398
-0.00620755 -0.00074956 0.00840755
-0.00617372 -0.00078165 0.00840112
-0.00613989 -0.00081374 0.00839470
-0.00610606 -0.00084582 0.00838827
-0.00607223 -0.00087791 0.00838185
-0.00603840 -0.00091000 0.00837542
-0.00600457 -0.00094208 0.00836899
-0.00597074 -0.00097417 0.00836257
-0.00593691 -0.00100626 0.00835614
-0.00590308 -0.00103834 0.00834971
-0.00586925 -0.00107043 0.00834329
-0.00583542 -0.00110252 0.00833686
-0.00580159 -0.00113460 0.00833044
-0.00576776 -0.00116669 0.00832401
-0.00573393 -0.00119878 0.00831758
-0.00570010 -0.00123087 0.00831116
-0.00574466 -0.00126860 0.00829287
-0.00578922 -0.00130633 0.00827459
-0.00583378 -0.00134407 0.00825631
-0.00587834 -0.00138180 0.00823803
-0.00592290 -0.00141954 0.00821974
-0.00596746 -0.00145727 0.00820146
-0.00601202 -0.00149501 0.00818318
-0.00605658 -0.00153274 0.00816490
-0.00610114 -0.00157048 0.00814662
-0.00614570 -0.00160821 0.00812833
-0.00619026 -0.00164595 0.00811005
-0.00623482 -0.00168368 0.00809177
-0.00627938 -0.00172142 0.00807349
-0.00632394 -0.00175915 0.00805520
-0.00636850 -0.00179689 0.00803692
-0.00641306 -0.00183462 0.00801864
-0.00645762 -0.00187236 0.00800036
-0.00650218 -0.00191009 0.00798207
-0.00654674 -0.00194783 0.00796379
-0.00659130 -0.00198556 0.00794551
-0.00655783 -0.00202969 0.00795536
-0.00652436 -0.00207382 0.00796521
-0.00649089 -0.00211796 0.00797506
-0.00645742 -0.00216209 0.00798492
-0.00642395 -0.00220622 0.00799477
-0.00639048 -0.00225035 0.00800462
-0.00635700 -0.00229448 0.00801447
-0.00632353 -0.00233861 0.00802432
-0.00629006 -0.00238275 0.00803418
-0.00625659 -0.00242688 0.00804403
-0.00622312 -0.00247101 0.00805388
-0.00618965 -0.00251514 0.00806373
-0.00615618 -0.00255927 0.00807358
-0.00612271 -0.00260341 0.00808344
-0.00608923 -0.00264754 0.00809329
-0.00605576 -0.00269167 0.00810314
-0.00602229 -0.00273580 0.00811299
-0.00598882 -0.00277993 0.00812284
-0.00595535 -0.00282407 0.00813270
-0.00592188 -0.00286820 0.00814255
-0.00593292 -0.00284631 0.00810535
-0.00594397 -0.00282441 0.00806815
-0.00595502 -0.00280252 0.00803094
-0.00596606 -0.00278063 0.00799374
-0.00597711 -0.00275874 0.00795654
-0.00598816 -0.00273685 0.00791934
-0.00599920 -0.00271495 0.00788214
-0.00601025 -0.00269306 0.00784494
-0.00602130 -0.00267117 0.00780774
-0.00603234 -0.00264928 0.00777054
-0.00604339 -0.00262739 0.00773334
-0.00605444 -0.00260549 0.00769614
-0.00606548 -0.00258360 0.00765893
-0.00607653 -0.00256171 0.00762173
-0.00608758 -0.00253982 0.00758453
-0.00609862 -0.00251793 0.00754733
-0.00610967 -0.00249604 0.00751013
-0.00612072 -0.00247414 0.00747293
-0.00613176 -0.00245225 0.00743573
-0.00614281 -0.00243036 0.00739853
-0.00612230 -0.00239276 0.00739350
-0.00610180 -0.00235516 0.00738847
-0.00608129 -0.00231756 0.00738343
-0.00606078 -0.00227996 0.00737840
-0.00604028 -0.00224236 0.00737337
-0.00601977 -0.00220476 0.00736834
-0.00599926 -0.00216716 0.00736331
-0.00597875 -0.00212956 0.00735828
-0.00595825 -0.00209196 0.00735325
-0.00593774 -0.00205436 0.00734822
-0.00591723 -0.00201676 0.00734318
-0.00589673 -0.00197916 0.00733815
-0.00587622 -0.00194156 0.00733312
-0.00585571 -0.00190396 0.00732809
-0.00583521 -0.00186636 0.00732306
-0.00581470 -0.00182876 0.00731803
-0.00579419 -0.00179116 0.00731300
-0.00577369 -0.00175356 0.00730797
-0.00575318 -0.00171595 0.00730294
-0.00573267 -0.00167835 0.00729790
-0.00574633 -0.00172095 0.00732832
-0.00576000 -0.00176355 0.00735873
-0.00577366 -0.00180615 0.00738914
-0.00578732 -0.00184875 0.00741956
-0.00580098 -0.00189135 0.00744997
-0.00581464 -0.00193394 0.00748038
-0.00582831 -0.00197654 0.00751080
-0.00584197 -0.00201914 0.00754121
-0.00585563 -0.00206174 0.00757162
-0.00586929 -0.00210434 0.00760204
-0.00588295 -0.00214693 0.00763245
-0.00589662 -0.00218953 0.00766286
-0.00591028 -0.00223213 0.00769328
-0.00592394 -0.00227473 0.00772369
-0.00593760 -0.00231733 0.00775410
-0.00595127 -0.00235992 0.00778452
-0.00596493 -0.00240252 0.00781493
-0.00597859 -0.00244512 0.00784534
-0.00599225 -0.00248772 0.00787576
-0.00600591 -0.00253032 0.00790617
-0.00599239 -0.00251730 0.00793457
-0.00597887 -0.00250428 0.00796296
-0.00596535 -0.00249126 0.00799135
-0.00595183 -0.00247824 0.00801975
-0.00593831 -0.00246522 0.00804814
-0.00592479 -0.00245220 0.00807654
-0.00591126 -0.00243919 0.00810493
-0.00589774 -0.00242617 0.00813333
-0.00588422 -0.00241315 0.00816172
-0.00587070 -0.00240013 0.00819012
-0.00585718 -0.00238711 0.00821851
-0.00584366 -0.00237409 0.00824691
-0.00583014 -0.00236107 0.00827530
-0.00581662 -0.00234805 0.00830369
-0.00580309 -0.00233504 0.00833209
-0.00578957 -0.00232202 0.00836048
-0.00577605 -0.00230900 0.00838888
-0.00576253 -0.00229598 0.00841727
-0.00574901 -0.00228296 0.00844567
-0.00573549 -0.00226994 0.00847406
-0.00572570 -0.00225821 0.00844827
-0.00571591 -0.00224647 0.00842247
-0.00570612 -0.00223473 0.00839668
-0.00569633 -0.00222300 0.00837088
-0.00568654 -0.00221126 0.00834508
-0.00567675 -0.00219953 0.00831929
-0.00566696 -0.00218779 0.00829349
-0.00565717 -0.00217605 0.00826770
-0.00564738 -0.00216432 0.00824190
-0.00563759 -0.00215258 0.00821611
-0.00562780 -0.00214084 0.00819031
-0.00561801 -0.00212911 0.00816452
-0.00560822 -0.00211737 0.00813872
-0.00559843 -0.00210564 0.00811293
-0.00558864 -0.00209390 0.00808713
-0.00557885 -0.00208216 0.00806134
-0.00556906 -0.00207043 0.00803554
-0.00555927 -0.00205869 0.00800975
-0.00554948 -0.00204696 0.00798395
-0.00553969 -0.00203522 0.00795815
-0.00557118 -0.00206015 0.00799190
-0.00560266 -0.00208508 0.00802564
-0.00563415 -0.00211001 0.00805938
-0.00566563 -0.00213494 0.00809312
-0.00569712 -0.00215988 0.00812686
-0.00572860 -0.00218481 0.00816060
-0.00576008 -0.00220974 0.00819434
-0.00579157 -0.00223467 0.00822808
-0.00582305 -0.00225960 0.00826182
-0.00585454 -0.00228453 0.00829556
-0.00588602 -0.00230946 0.00832930
-0.00591751 -0.00233440 0.00836305
-0.00594899 -0.00235933 0.00839679
-0.00598048 -0.00238426 0.00843053
-0.00601196 -0.00240919 0.00846427
-0.00604345 -0.00243412 0.00849801
-0.00607493 -0.00245905 0.00853175
-0.00610642 -0.00248398 0.00856549
-0.00613790 -0.00250892 0.00859923
-0.00616938 -0.00253385 0.00863297
-0.00613153 -0.00254550 0.00864141
-0.00609367 -0.00255715 0.00864984
-0.00605581 -0.00256880 0.00865827
-0.00601795 -0.00258045 0.00866671
-0.00598009 -0.00259210 0.00867514
-0.00594224 -0.00260375 0.00868358
-0.00590438 -0.00261540 0.00869201
-0.00586652 -0.00262705 0.00870045
-0.00582866 -0.00263870 0.00870888
-0.00579080 -0.00265035 0.00871731
-0.00575295 -0.00266200 0.00872575
-0.00571509 -0.00267365 0.00873418
-0.00567723 -0.00268530 0.00874262
-0.00563937 -0.00269695 0.00875105
-0.00560151 -0.00270860 0.00875949
-0.00556366 -0.00272025 0.00876792
-0.00552580 -0.00273190 0.00877635
-0.00548794 -0.00274355 0.00878479
-0.00545008 -0.00275520 0.00879322
-0.00541222 -0.00276685 0.00880166
-0.00543367 -0.00280981 0.00880036
-0.00545511 -0.00285277 0.00879906
-0.00547655 -0.00289573 0.00879776
-0.00549799 -0.00293869 0.00879646
-0.00551944 -0.00298166 0.00879516
-0.00554088 -0.00302462 0.00879387
-0.00556232 -0.00306758 0.00879257
-0.00558377 -0.00311054 0.00879127
-0.00560521 -0.00315350 0.00878997
-0.00562665 -0.00319646 0.00878867
-0.00564810 -0.00323942 0.00878737
-0.00566954 -0.00328239 0.00878608
-0.00569098 -0.00332535 0.00878478
-0.00571242 -0.00336831 0.00878348
-0.00573387 -0.00341127 0.00878218
-0.00575531 -0.00345423 0.00878088
-0.00577675 -0.00349719 0.00877958
-0.00579820 -0.00354015 0.00877829
-0.00581964 -0.00358312 0.00877699
-0.00584108 -0.00362608 0.00877569
-0.00582048 -0.00359434 0.00880415
-0.00579989 -0.00356261 0.00883262
-0.00577929 -0.00353088 0.00886108
-0.00575869 -0.00349915 0.00888955
-0.00573810 -0.00346741 0.00891801
-0.00571750 -0.00343568 0.00894647
-0.00569690 -0.00340395 0.00897494
-0.00567631 -0.00337222 0.00900340
-0.00565571 -0.00334048 0.00903187
-0.00563511 -0.00330875 0.00906033
-0.00561452 -0.00327702 0.00908880
-0.00559392 -0.00324528 0.00911726
-0.00557332 -0.00321355 0.00914572
-0.00555272 -0.00318182 0.00917419
-0.00553213 -0.00315009 0.00920265
-0.00551153 -0.00311835 0.00923112
-0.00549093 -0.00308662 0.00925958
-0.00547034 -0.00305489 0.00928805
-0.00544974 -0.00302316 0.00931651
-0.00542914 -0.00299142 0.00934498
-0.00542843 -0.00299862 0.00935626
-0.00542772 -0.00300583 0.00936754
-0.00542701 -0.00301303 0.00937883
-0.00542629 -0.00302023 0.00939011
-0.00542558 -0.00302743 0.00940139
-0.00542487 -0.00303463 0.00941268
-0.00542416 -0.00304183 0.00942396
-0.00542345 -0.00304903 0.00943524
-0.00542273 -0.00305623 0.00944653
-0.00542202 -0.00306343 0.00945781
-0.00542131 -0.00307064 0.00946910
-0.00542060 -0.00307784 0.00948038
-0.00541989 -0.00308504 0.00949166
-0.00541917 -0.00309224 0.00950295
-0.00541846 -0.00309944 0.00951423
-0.00541775 -0.00310664 0.00952551
-0.00541704 -0.00311384 0.00953680
-0.00541633 -0.00312104 0.00954808
-0.00541561 -0.00312824 0.00955936
-0.00541490 -0.00313545 0.00957065
-0.00543503 -0.00316405 0.00955882
-0.00545516 -0.00319266 0.00954700
-0.00547529 -0.00322127 0.00953517
-0.00549542 -0.00324988 0.00952335
-0.00551554 -0.00327849 0.00951152
-0.00553567 -0.00330710 0.00949970
-0.00555580 -0.00333571 0.00948787
-0.00557593 -0.00336432 0.00947605
-0.00559606 -0.00339293 0.00946422
-0.00561619 -0.00342154 0.00945239
-0.00563632 -0.00345014 0.00944057
-0.00565644 -0.00347875 0.00942874
-0.00567657 -0.00350736 0.00941692
-0.00569670 -0.00353597 0.00940509
-0.00571683 -0.00356458 0.00939327
-0.00573696 -0.00359319 0.00938144
-0.00575709 -0.00362180 0.00936962
-0.00577722 -0.00365041 0.00935779
-0.00579735 -0.00367902 0.00934597
-0.00581747 -0.00370763 0.00933414
-0.00586190 -0.00373935 0.00931450
-0.00590633 -0.00377107 0.00929485
-0.00595076 -0.00380280 0.00927520
-0.00599519 -0.00383452 0.00925556
-0.00603962 -0.00386624 0.00923591
-0.00608406 -0.00389797 0.00921627
-0.00612849 -0.00392969 0.00919662
-0.00617292 -0.00396141 0.00917697
-0.00621735 -0.00399314 0.00915733
-0.00626178 -0.00402486 0.00913768
-0.00630621 -0.00405658 0.00911804
-0.00635064 -0.00408831 0.00909839
-0.00639507 -0.00412003 0.00907874
-0.00643950 -0.00415175 0.00905910
-0.00648393 -0.00418348 0.00903945
-0.00652836 -0.00421520 0.00901981
-0.00657279 -0.00424692 0.00900016
-0.00661722 -0.00427865 0.00898051
-0.00666165 -0.00431037 0.00896087
-0.00670608 -0.00434209 0.00894122
-0.00670600 -0.00438664 0.00895534
-0.00670592 -0.00443119 0.00896946
-0.00670583 -0.00447574 0.00898359
-0.00670575 -0.00452029 0.00899771
-0.00670567 -0.00456484 0.00901183
-0.00670559 -0.00460938 0.00902595
-0.00670551 -0.00465393 0.00904007
-0.00670543 -0.00469848 0.00905419
-0.00670534 -0.00474303 0.00906831
-0.00670526 -0.00478758 0.00908244
-0.00670518 -0.00483213 0.00909656
-0.00670510 -0.00487668 0.00911068
-0.00670502 -0.00492122 0.00912480
-0.00670494 -0.00496577 0.00913892
-0.00670485 -0.00501032 0.00915304
-0.00670477 -0.00505487 0.00916717
-0.00670469 -0.00509942 0.00918129
-0.00670461 -0.00514397 0.00919541
-0.00670453 -0.00518852 0.00920953
-0.00670445 -0.00523306 0.00922365
-0.00675186 -0.00519994 0.00924141
-0.00679927 -0.00516681 0.00925918
-0.00684668 -0.00513369 0.00927694
-0.00689410 -0.00510056 0.00929470
-0.00694151 -0.00506744 0.00931246
-0.00698892 -0.00503431 0.00933022
-0.00703633 -0.00500119 0.00934799
-0.00708375 -0.00496806 0.00936575
-0.00713116 -0.00493494 0.00938351
-0.00717857 -0.00490181 0.00940127
-0.00722598 -0.00486869 0.00941903
-0.00727340 -0.00483556 0.00943680
-0.00732081 -0.00480244 0.00945456
-0.00736822 -0.00476931 0.00947232
-0.00741564 -0.00473618 0.00949008
-0.00746305 -0.00470306 0.00950784
-0.00751046 -0.00466993 0.00952561
-0.00755787 -0.00463681 0.00954337
-0.00760529 -0.00460368 0.00956113
-0.00765270 -0.00457056 0.00957889
-0.00763671 -0.00457589 0.00954883
-0.00762072 -0.00458122 0.00951876
-0.00760473 -0.00458655 0.00948870
-0.00758873 -0.00459188 0.00945863
-0.00757274 -0.00459721 0.00942857
-0.00755675 -0.00460254 0.00939851
-0.00754076 -0.00460787 0.00936844
-0.00752477 -0.00461320 0.00933838
-0.00750878 -0.00461853 0.00930831
-0.00749279 -0.00462386 0.00927825
-0.00747680 -0.00462919 0.00924819
-0.00746080 -0.00463452 0.00921812
-0.00744481 -0.00463985 0.00918806
-0.00742882 -0.00464518 0.00915799
-0.00741283 -0.00465051 0.00912793
-0.00739684 -0.00465584 0.00909787
-0.00738085 -0.00466117 0.00906780
-0.00736486 -0.00466650 0.00903774
-0.00734886 -0.00467183 0.00900767
-0.00733287 -0.00467716 0.00897761
-0.00736648 -0.00469722 0.00895175
-0.00740008 -0.00471728 0.00892589
-0.00743368 -0.00473734 0.00890004
-0.00746729 -0.00475740 0.00887418
-0.00750089 -0.00477746 0.00884832
-0.00753449 -0.00479752 0.00882246
-0.00756809 -0.00481758 0.00879660
-0.00760170 -0.00483764 0.00877074
-0.00763530 -0.00485769 0.00874489
-0.00766890 -0.00487775 0.00871903
-0.00770251 -0.00489781 0.00869317
-0.00773611 -0.00491787 0.00866731
-0.00776971 -0.00493793 0.00864145
-0.00780331 -0.00495799 0.00861560
-0.00783692 -0.00497805 0.00858974
-0.00787052 -0.00499811 0.00856388
-0.00790412 -0.00501817 0.00853802
-0.00793773 -0.00503822 0.00851216
-0.00797133 -0.00505828 0.00848631
-0.00800493 -0.00507834 0.00846045
-0.00796283 -0.00505771 0.00843157
-0.00792074 -0.00503708 0.00840270
-0.00787864 -0.00501645 0.00837382
-0.00783655 -0.00499581 0.00834495
-0.00779445 -0.00497518 0.00831607
-0.00775235 -0.00495455 0.00828720
-0.00771026 -0.00493392 0.00825832
-0.00766816 -0.00491328 0.00822945
-0.00762606 -0.00489265 0.00820057
-0.00758397 -0.00487202 0.00817170
-0.00754187 -0.00485139 0.00814282
-0.00749978 -0.00483076 0.00811395
-0.00745768 -0.00481012 0.00808507
-0.00741558 -0.00478949 0.00805620
-0.00737349 -0.00476886 0.00802732
-0.00733139 -0.00474823 0.00799845
-0.00728929 -0.00472759 0.00796957
-0.00724720 -0.00470696 0.00794069
-0.00720510 -0.00468633 0.00791182
-0.00716300 -0.00466570 0.00788294
-0.00714240 -0.00461666 0.00789392
-0.00712180 -0.00456762 0.00790489
-0.00710120 -0.00451857 0.00791586
-0.00708060 -0.00446953 0.00792683
-0.00706000 -0.00442049 0.00793780
-0.00703940 -0.00437145 0.00794878
-0.00701880 -0.00432241 0.00795975
-0.00699820 -0.00427337 0.00797072
-0.00697760 -0.00422433 0.00798169
-0.00695700 -0.00417529 0.00799267
-0.00693640 -0.00412625 0.00800364
-0.00691580 -0.00407720 0.00801461
-0.00689520 -0.00402816 0.00802558
-0.00687460 -0.00397912 0.00803655
-0.00685400 -0.00393008 0.00804753
-0.00683340 -0.00388104 0.00805850
-0.00681280 -0.00383200 0.00806947
-0.00679220 -0.00378296 0.00808044
-0.00677160 -0.00373392 0.00809141
-0.00675100 -0.00368488 0.00810239
-0.00673570 -0.00371636 0.00810069
-0.00672041 -0.00374784 0.00809899
-0.00670511 -0.00377932 0.00809729
-0.00668982 -0.00381080 0.00809559
-0.00667452 -0.00384228 0.00809389
-0.00665923 -0.00387376 0.00809219
-0.00664393 -0.00390524 0.00809049
-0.00662864 -0.00393672 0.00808879
-0.00661334 -0.00396820 0.00808709
-0.00659805 -0.00399968 0.00808538
-0.00658275 -0.00403116 0.00808368
-0.00656746 -0.00406264 0.00808198
-0.00655216 -0.00409412 0.00808028
-0.00653687 -0.00412560 0.00807858
-0.00652157 -0.00415708 0.00807688
-0.00650628 -0.00418856 0.00807518
-0.00649098 -0.00422005 0.00807348
-0.00647569 -0.00425153 0.00807178
-0.00646039 -0.00428301 0.00807008
-0.00644510 -0.00431449 0.00806838
-0.00645705 -0.00431327 0.00810789
-0.00646901 -0.00431205 0.00814739
-0.00648097 -0.00431083 0.00818689
-0.00649292 -0.00430961 0.00822639
-0.00650488 -0.00430840 0.00826590
-0.00651683 -0.00430718 0.00830540
-0.00652879 -0.00430596 0.00834490
-0.00654075 -0.00430474 0.00838440
-0.00655270 -0.00430352 0.00842391
-0.00656466 -0.00430231 0.00846341
-0.00657662 -0.00430109 0.00850291
-0.00658857 -0.00429987 0.00854241
-0.00660053 -0.00429865 0.00858191
-0.00661249 -0.00429743 0.00862142
-0.00662444 -0.00429621 0.00866092
-0.00663640 -0.00429500 0.00870042
-0.00664835 -0.00429378 0.00873992
-0.00666031 -0.00429256 0.00877943
-0.00667227 -0.00429134 0.00881893
-0.00668422 -0.00429012 0.00885843
-0.00666664 -0.00431823 0.00883954
-0.00664906 -0.00434634 0.00882065
-0.00663148 -0.00437444 0.00880176
-0.00661390 -0.00440255 0.00878287
-0.00659632 -0.00443065 0.00876398
-0.00657874 -0.00445876 0.00874509
-0.00656116 -0.00448686 0.00872620
-0.00654357 -0.00451497 0.00870731
-0.00652599 -0.00454308 0.00868841
-0.00650841 -0.00457118 0.00866952
-0.00649083 -0.00459929 0.00865063
-0.00647325 -0.00462739 0.00863174
-0.00645567 -0.00465550 0.00861285
-0.00643809 -0.00468361 0.00859396
-0.00642051 -0.00471171 0.00857507
-0.00640293 -0.00473982 0.00855618
-0.00638534 -0.00476792 0.00853729
-0.00636776 -0.00479603 0.00851840
-0.00635018 -0.00482413 0.00849951
-0.00633260 -0.00485224 0.00848062
-0.00633419 -0.00488220 0.00852292
-0.00633578 -0.00491215 0.00856522
-0.00633737 -0.00494211 0.00860752
-0.00633896 -0.00497206 0.00864982
-0.00634055 -0.00500202 0.00869212
-0.00634214 -0.00503198 0.00873441
-0.00634373 -0.00506193 0.00877671
-0.00634532 -0.00509189 0.00881901
-0.00634691 -0.00512185 0.00886131
-0.00634850 -0.00515180 0.00890361
-0.00635009 -0.00518176 0.00894591
-0.00635168 -0.00521171 0.00898821
-0.00635327 -0.00524167 0.00903051
-0.00635486 -0.00527163 0.00907281
-0.00635645 -0.00530158 0.00911511
-0.00635804 -0.00533154 0.00915741
-0.00635963 -0.00536150 0.00919971
-0.00636122 -0.00539145 0.00924201
-0.00636281 -0.00542141 0.00928431
-0.00636440 -0.00545136 0.00932661
-0.00639523 -0.00546372 0.00928358
-0.00642605 -0.00547607 0.00924056
-0.00645688 -0.00548842 0.00919753
-0.00648770 -0.00550078 0.00915450
-0.00651853 -0.00551313 0.00911148
-0.00654936 -0.00552548 0.00906845
-0.00658018 -0.00553784 0.00902543
-0.00661101 -0.00555019 0.00898240
-0.00664183 -0.00556254 0.00893937
-0.00667266 -0.00557490 0.00889635
-0.00670348 -0.00558725 0.00885332
-0.00673431 -0.00559960 0.00881030
-0.00676514 -0.00561196 0.00876727
-0.00679596 -0.00562431 0.00872424
-0.00682679 -0.00563666 0.00868122
-0.00685761 -0.00564902 0.00863819
-0.00688844 -0.00566137 0.00859517
-0.00691927 -0.00567372 0.00855214
-0.00695009 -0.00568608 0.00850911
-0.00698092 -0.00569843 0.00846609
-0.00702739 -0.00573000 0.00842205
-0.00707386 -0.00576156 0.00837802
-0.00712033 -0.00579312 0.00833398
-0.00716680 -0.00582469 0.00828994
-0.00721327 -0.00585625 0.00824591
-0.00725974 -0.00588782 0.00820187
-0.00730621 -0.00591938 0.00815783
-0.00735268 -0.00595095 0.00811380
-0.00739915 -0.00598251 0.00806976
-0.00744563 -0.00601408 0.00802573
-0.00749210 -0.00604564 0.00798169
-0.00753857 -0.00607721 0.00793765
-0.00758504 -0.00610877 0.00789362
-0.00763151 -0.00614034 0.00784958
-0.00767798 -0.00617190 0.00780554
-0.00772445 -0.00620347 0.00776151
-0.00777092 -0.00623503 0.00771747
-0.00781739 -0.00626660 0.00767343
-0.00786386 -0.00629816 0.00762940
-0.00791033 -0.00632972 0.00758536
-0.00790249 -0.00630865 0.00754489
-0.00789464 -0.00628758 0.00750441
-0.00788680 -0.00626651 0.00746393
-0.00787895 -0.00624544 0.00742346
-0.00787110 -0.00622437 0.00738298
-0.00786326 -0.00620330 0.00734250
-0.00785541 -0.00618222 0.00730203
-0.00784757 -0.00616115 0.00726155
-0.00783972 -0.00614008 0.00722107
-0.00783187 -0.00611901 0.00718060
-0.00782403 -0.00609794 0.00714012
-0.00781618 -0.00607687 0.00709964
-0.00780834 -0.00605580 0.00705917
-0.00780049 -0.00603473 0.00701869
-0.00779265 -0.00601365 0.00697821
-0.00778480 -0.00599258 0.00693774
-0.00777695 -0.00597151 0.00689726
-0.00776911 -0.00595044 0.00685678
-0.00776126 -0.00592937 0.00681631
-0.00775342 -0.00590830 0.00677583
-0.00773673 -0.00589092 0.00679408
-0.00772004 -0.00587354 0.00681233
-0.00770335 -0.00585617 0.00683058
-0.00768667 -0.00583879 0.00684883
-0.00766998 -0.00582141 0.00686708
-0.00765329 -0.00580404 0.00688533
-0.00763660 -0.00578666 0.00690358
-0.00761992 -0.00576928 0.00692183
-0.00760323 -0.00575191 0.00694008
-0.00758654 -0.00573453 0.00695833
-0.00756985 -0.00571716 0.00697658
-0.00755317 -0.00569978 0.00699483
-0.00753648 -0.00568240 0.00701308
-0.00751979 -0.00566503 0.00703133
-0.00750310 -0.00564765 0.00704958
-0.00748642 -0.00563027 0.00706783
-0.00746973 -0.00561290 0.00708608
-0.00745304 -0.00559552 0.00710433
-0.00743635 -0.00557814 0.00712258
-0.00741967 -0.00556077 0.00714082
-0.00740280 -0.00558708 0.00718931
-0.00738594 -0.00561340 0.00723779
-0.00736908 -0.00563972 0.00728628
-0.00735221 -0.00566604 0.00733476
-0.00733535 -0.00569236 0.00738325
-0.00731849 -0.00571867 0.00743173
-0.00730163 -0.00574499 0.00748022
-0.00728476 -0.00577131 0.00752870
-0.00726790 -0.00579763 0.00757719
-0.00725104 -0.00582395 0.00762567
-0.00723417 -0.00585026 0.00767416
-0.00721731 -0.00587658 0.00772264
-0.00720045 -0.00590290 0.00777113
-0.00718359 -0.00592922 0.00781961
-0.00716672 -0.00595554 0.00786809
-0.00714986 -0.00598185 0.00791658
-0.00713300 -0.00600817 0.00796506
-0.00711613 -0.00603449 0.00801355
-0.00709927 -0.00606081 0.00806203
-0.00708241 -0.00608713 0.00811052
-0.00706351 -0.00613372 0.00815359
-0.00704462 -0.00618031 0.00819666
-0.00702572 -0.00622690 0.00823973
-0.00700683 -0.00627349 0.00828280
-0.00698794 -0.00632008 0.00832587
-0.00696904 -0.00636667 0.00836894
-0.00695015 -0.00641327 0.00841201
-0.00693125 -0.00645986 0.00845507
-0.00691236 -0.00650645 0.00849814
-0.00689346 -0.00655304 0.00854121
-0.00687457 -0.00659963 0.00858428
-0.00685567 -0.00664622 0.00862735
-0.00683678 -0.00669281 0.00867042
-0.00681788 -0.00673941 0.00871349
-0.00679899 -0.00678600 0.00875656
-0.00678009 -0.00683259 0.00879963
-0.00676120 -0.00687918 0.00884270
-0.00674231 -0.00692577 0.00888577
-0.00672341 -0.00697236 0.00892884
-0.00670452 -0.00701895 0.00897191
-0.00668853 -0.00704521 0.00899129
-0.00667255 -0.00707146 0.00901067
-0.00665657 -0.00709771 0.00903005
-0.00664059 -0.00712396 0.00904944
-0.00662461 -0.00715021 0.00906882
-0.00660863 -0.00717646 0.00908820
-0.00659265 -0.00720272 0.00910758
-0.00657666 -0.00722897 0.00912696
-0.00656068 -0.00725522 0.00914634
-0.00654470 -0.00728147 0.00916572
-0.00652872 -0.00730772 0.00918511
-0.00651274 -0.00733397 0.00920449
-0.00649676 -0.00736023 0.00922387
-0.00648077 -0.00738648 0.00924325
-0.00646479 -0.00741273 0.00926263
-0.00644881 -0.00743898 0.00928201
-0.00643283 -0.00746523 0.00930139
-0.00641685 -0.00749148 0.00932078
-0.00640087 -0.00751774 0.00934016
-0.00638489 -0.00754399 0.00935954
-0.00637492 -0.00750897 0.00931256
-0.00636495 -0.00747396 0.00926558
-0.00635498 -0.00743895 0.00921860
-0.00634501 -0.00740393 0.00917163
-0.00633504 -0.00736892 0.00912465
-0.00632507 -0.00733391 0.00907767
-0.00631510 -0.00729889 0.00903069
-0.00630513 -0.00726388 0.00898371
-0.00629516 -0.00722886 0.00893674
-0.00628519 -0.00719385 0.00888976
-0.00627522 -0.00715884 0.00884278
-0.00626525 -0.00712382 0.00879580
-0.00625528 -0.00708881 0.00874882
-0.00624531 -0.00705380 0.00870184
-0.00623534 -0.00701878 0.00865487
-0.00622537 -0.00698377 0.00860789
-0.00621540 -0.00694875 0.00856091
-0.00620543 -0.00691374 0.00851393
-0.00619546 -0.00687873 0.00846695
-0.00618549 -0.00684371 0.00841998
-0.00617144 -0.00688109 0.00839897
-0.00615739 -0.00691847 0.00837796
-0.00614335 -0.00695585 0.00835696
-0.00612930 -0.00699323 0.00833595
-0.00611525 -0.00703061 0.00831494
-0.00610121 -0.00706799 0.00829393
-0.00608716 -0.00710537 0.00827293
-0.00607312 -0.00714275 0.00825192
-0.00605907 -0.00718013 0.00823091
-0.00604502 -0.00721751 0.00820991
-0.00603098 -0.00725489 0.00818890
-0.00601693 -0.00729227 0.00816789
-0.00600288 -0.00732965 0.00814689
-0.00598884 -0.00736703 0.00812588
-0.00597479 -0.00740441 0.00810487
-0.00596074 -0.00744179 0.00808387
-0.00594670 -0.00747917 0.00806286
-0.00593265 -0.00751655 0.00804185
-0.00591860 -0.00755393 0.00802084
-0.00590456 -0.00759131 0.00799984
-0.00588827 -0.00759108 0.00797995
-0.00587199 -0.00759084 0.00796007
-0.00585571 -0.00759061 0.00794019
-0.00583942 -0.00759037 0.00792030
-0.00582314 -0.00759013 0.00790042
-0.00580686 -0.00758990 0.00788054
-0.00579057 -0.00758966 0.00786065
-0.00577429 -0.00758943 0.00784077
-0.00575800 -0.00758919 0.00782089
-0.00574172 -0.00758895 0.00780100
-0.00572544 -0.00758872 0.00778112
-0.00570915 -0.00758848 0.00776123
-0.00569287 -0.00758825 0.00774135
-0.00567659 -0.00758801 0.00772147
-0.00566030 -0.00758777 0.00770158
-0.00564402 -0.00758754 0.00768170
-0.00562774 -0.00758730 0.00766182
-0.00561145 -0.00758707 0.00764193
-0.00559517 -0.00758683 0.00762205
-0.00557889 -0.00758659 0.00760217
-0.00562661 -0.00761615 0.00756905
-0.00567433 -0.00764571 0.00753594
-0.00572205 -0.00767527 0.00750282
-0.00576978 -0.00770483 0.00746971
-0.00581750 -0.00773439 0.00743659
-0.00586522 -0.00776394 0.00740348
-0.00591295 -0.00779350 0.00737037
-0.00596067 -0.00782306 0.00733725
-0.00600839 -0.00785262 0.00730414
-0.00605611 -0.00788218 0.00727102
-0.00610384 -0.00791174 0.00723791
-0.00615156 -0.00794130 0.00720480
-0.00619928 -0.00797085 0.00717168
-0.00624700 -0.00800041 0.00713857
-0.00629473 -0.00802997 0.00710545
-0.00634245 -0.00805953 0.00707234
-0.00639017 -0.00808909 0.00703922
-0.00643789 -0.00811865 0.00700611
-0.00648562 -0.00814821 0.00697300
-0.00653334 -0.00817776 0.00693988
-0.00649359 -0.00821557 0.00689735
-0.00645384 -0.00825338 0.00685482
-0.00641410 -0.00829118 0.00681229
-0.00637435 -0.00832899 0.00676976
-0.00633460 -0.00836679 0.00672723
-0.00629486 -0.00840460 0.00668470
-0.00625511 -0.00844240 0.00664217
-0.00621536 -0.00848021 0.00659964
-0.00617561 -0.00851802 0.00655711
-0.00613587 -0.00855582 0.00651458
-0.00609612 -0.00859363 0.00647205
-0.00605637 -0.00863143 0.00642952
-0.00601663 -0.00866924 0.00638699
-0.00597688 -0.00870704 0.00634446
-0.00593713 -0.00874485 0.00630192
-0.00589738 -0.00878266 0.00625939
-0.00585764 -0.00882046 0.00621686
-0.00581789 -0.00885827 0.00617433
-0.00577814 -0.00889607 0.00613180
-0.00573839 -0.00893388 0.00608927
-0.00571936 -0.00889657 0.00607451
-0.00570032 -0.00885925 0.00605975
-0.00568128 -0.00882194 0.00604499
-0.00566224 -0.00878462 0.00603023
-0.00564321 -0.00874731 0.00601546
-0.00562417 -0.00870999 0.00600070
-0.00560513 -0.00867268 0.00598594
-0.00558609 -0.00863536 0.00597118
-0.00556706 -0.00859805 0.00595642
-0.00554802 -0.00856073 0.00594165
-0.00552898 -0.00852342 0.00592689
-0.00550994 -0.00848611 0.00591213
-0.00549091 -0.00844879 0.00589737
-0.00547187 -0.00841148 0.00588261
-0.00545283 -0.00837416 0.00586785
-0.00543379 -0.00833685 0.00585308
-0.00541475 -0.00829953 0.00583832
-0.00539572 -0.00826222 0.00582356
-0.00537668 -0.00822490 0.00580880
-0.00535764 -0.00818759 0.00579404
-0.00533432 -0.00816791 0.00582393
-0.00531100 -0.00814823 0.00585382
-0.00528768 -0.00812856 0.00588371
-0.00526435 -0.00810888 0.00591361
-0.00524103 -0.00808920 0.00594350
-0.00521771 -0.00806952 0.00597339
-0.00519439 -0.00804985 0.00600329
-0.00517107 -0.00803017 0.00603318
-0.00514774 -0.00801049 0.00606307
-0.00512442 -0.00799081 0.00609296
-0.00510110 -0.00797114 0.00612286
-0.00507778 -0.00795146 0.00615275
-0.00505446 -0.00793178 0.00618264
-0.00503113 -0.00791210 0.00621253
-0.00500781 -0.00789243 0.00624243
-0.00498449 -0.00787275 0.00627232
-0.00496117 -0.00785307 0.00630221
-0.00493785 -0.00783339 0.00633211
-0.00491452 -0.00781371 0.00636200
-0.00489120 -0.00779404 0.00639189
-0.00490454 -0.00780490 0.00638058
-0.00491787 -0.00781577 0.00636927
-0.00493121 -0.00782664 0.00635796
-0.00494454 -0.00783751 0.00634665
-0.00495788 -0.00784837 0.00633534
-0.00497121 -0.00785924 0.00632403
-0.00498455 -0.00787011 0.00631272
-0.00499788 -0.00788097 0.00630141
-0.00501122 -0.00789184 0.00629010
-0.00502455 -0.00790271 0.00627879
-0.00503789 -0.00791358 0.00626748
-0.00505122 -0.00792444 0.00625617
-0.00506456 -0.00793531 0.00624486
-0.00507789 -0.00794618 0.00623355
-0.00509123 -0.00795704 0.00622224
-0.00510457 -0.00796791 0.00621093
-0.00511790 -0.00797878 0.00619962
-0.00513124 -0.00798965 0.00618831
-0.00514457 -0.00800051 0.00617700
-0.00515791 -0.00801138 0.00616569
-0.00519642 -0.00800241 0.00615350
-0.00523493 -0.00799344 0.00614131
-0.00527344 -0.00798447 0.00612912
-0.00531195 -0.00797550 0.00611693
-0.00535046 -0.00796653 0.00610474
-0.00538897 -0.00795756 0.00609256
-0.00542748 -0.00794859 0.00608037
-0.00546599 -0.00793962 0.00606818
-0.00550450 -0.00793065 0.00605599
-0.00554301 -0.00792168 0.00604380
-0.00558152 -0.00791271 0.00603161
-0.00562004 -0.00790374 0.00601942
-0.00565855 -0.00789478 0.00600723
-0.00569706 -0.00788581 0.00599504
-0.00573557 -0.00787684 0.00598285
-0.00577408 -0.00786787 0.00597066
-0.00581259 -0.00785890 0.00595848
-0.00585110 -0.00784993 0.00594629
-0.00588961 -0.00784096 0.00593410
-0.00592812 -0.00783199 0.00592191
-0.00593670 -0.00788148 0.00593339
-0.00594527 -0.00793098 0.00594487
-0.00595385 -0.00798047 0.00595635
-0.00596243 -0.00802997 0.00596783
-0.00597100 -0.00807947 0.00597930
-0.00597958 -0.00812896 0.00599078
-0.00598816 -0.00817846 0.00600226
-0.00599673 -0.00822795 0.00601374
-0.00600531 -0.00827745 0.00602522
-0.00601388 -0.00832694 0.00603670
-0.00602246 -0.00837644 0.00604818
-0.00603104 -0.00842593 0.00605966
-0.00603961 -0.00847543 0.00607114
-0.00604819 -0.00852493 0.00608262
-0.00605677 -0.00857442 0.00609410
-0.00606534 -0.00862392 0.00610558
-0.00607392 -0.00867341 0.00611706
-0.00608250 -0.00872291 0.00612854
-0.00609107 -0.00877240 0.00614001
-0.00609965 -0.00882190 0.00615149
-0.00614160 -0.00882091 0.00618629
-0.00618356 -0.00881992 0.00622109
-0.00622551 -0.00881893 0.00625589
-0.00626747 -0.00881794 0.00629069
-0.00630942 -0.00881696 0.00632549
-0.00635137 -0.00881597 0.00636029
-0.00639333 -0.00881498 0.00639508
-0.00643528 -0.00881399 0.00642988
-0.00647724 -0.00881300 0.00646468
-0.00651919 -0.00881201 0.00649948
-0.00656115 -0.00881102 0.00653428
-0.00660310 -0.00881003 0.00656908
-0.00664506 -0.00880905 0.00660388
-0.00668701 -0.00880806 0.00663867
-0.00672897 -0.00880707 0.00667347
-0.00677092 -0.00880608 0.00670827
-0.00681287 -0.00880509 0.00674307
-0.00685483 -0.00880410 0.00677787
-0.00689678 -0.00880311 0.00681267
-0.00693874 -0.00880212 0.00684747
-0.00689175 -0.00877182 0.00680342
-0.00684475 -0.00874152 0.00675938
-0.00679776 -0.00871122 0.00671533
-0.00675077 -0.00868092 0.00667129
-0.00670377 -0.00865062 0.00662724
-0.00665678 -0.00862032 0.00658320
-0.00660979 -0.00859002 0.00653916
-0.00656279 -0.00855972 0.00649511
-0.00651580 -0.00852942 0.00645107
-0.00646881 -0.00849912 0.00640702
-0.00642182 -0.00846881 0.00636298
-0.00637482 -0.00843851 0.00631893
-0.00632783 -0.00840821 0.00627489
-0.00628084 -0.00837791 0.00623085
-0.00623384 -0.00834761 0.00618680
-0.00618685 -0.00831731 0.00614276
-0.00613986 -0.00828701 0.00609871
-0.00609287 -0.00825671 0.00605467
-0.00604587 -0.00822641 0.00601062
-0.00599888 -0.00819611 0.00596658
