score,distance_to_goal,n_steps,sum_dists,payload_pos_w,payload_vel_w,payload_accel_w,payload_quat_w_0,payload_quat_w_1,payload_quat_w_2,payload_quat_w_3,drone_quat_w_0,drone_quat_w_1,drone_quat_w_2,drone_quat_w_3,payload_angvel_w,drone_angvel_w,cable_angles_w,N,r_T,r_tau,W_Tf,T_f_initial,N_lookahead,velocity_ref
26.179860601618817,26.179860601618817,12001,11.634545152562945,3.0992441205835317,0.28920463947639263,0.1098237668954052,0.16723450802231446,0.19812488567542325,0.1978735184255616,0.20429007332876165,0.043604601444684706,0.17520343905482932,0.20657367605896543,0.07738435290260677,0.15888815472659182,0.14511181956876062,0.08191050147892043,5,0.16556898128625933,0.19396941360854106,0.2656539731291306,0.3914059801727967,2,2.2360429566761564
28.407714171852263,28.407714171852263,12001,5.960665914485238,9.284129658146828,0.02080281902861435,0.08688314387406257,0.13508247271027887,0.1097427741410747,0.17801423124328208,0.11906788799830953,0.05913749185661543,0.08811169281327468,0.21938613623947528,0.28633038092980756,0.11036126316959169,0.1991022008603938,0.17895915856724,9,0.09426612668371787,0.14256754085641535,0.26453819239496534,0.16539496940408172,8,2.0508435338138935
23.57741379406174,23.57741379406174,12001,17.694001228152903,2.3686732512180035,0.19206933617977132,0.05342429610443154,0.17102389370067253,0.12433626776698518,0.11220038131190502,0.2567093378612779,0.07552021167589489,0.10066401244377483,0.24299148971688483,0.011382162522500116,0.0018644020453051024,0.04748608974944511,0.21404788050482207,6,0.11659781201034262,0.2412322436161877,0.25058057633420544,0.4104897564290837,9,4.489533808814533
28.423341728896837,28.423341728896837,12001,0.07698216257392838,0.5633554210947448,0.2008749387384614,0.006280611096988886,0.12180248643815857,0.13338210447911705,0.045730356500192526,0.0006096094956397512,0.13207969875521489,0.26979393258493284,0.2764735383739625,0.17784764691008753,0.25901460651909197,0.26187208281305024,0.045132899560277974,19,0.0697436742332845,0.26371658555424204,0.03219413991214841,0.10092048412363552,6,0.5875657727184069
0.9664927715808311,0.9664927715808311,7814,581.2071224235834,5.9066120858283675,0.00530582814462689,0.0378888951316249,0.22820325855274023,0.2643755331102253,0.14600158055262574,0.2449897751259664,0.07358640784829316,0.08887793767213892,0.24280255704595155,0.21744085696424503,0.19650271040494904,0.07727544067148988,0.09608657437052685,8,0.18790160519255134,0.09839022840902747,0.10689984241115101,1.3045319305980099,5,0.8729931789313287
1.2038671219843997,1.2038671219843997,3599,350.8181579456247,2.0651157268625537,0.2177054926361824,0.20956594858895047,0.12335045950532632,0.2595002776504497,0.0452703507622337,0.13760123716972236,0.030938763322097673,0.22383657890550016,0.20579625109006106,0.2382621187579166,0.19132377322145513,0.26561275974267395,0.023747440513268426,5,0.12279757234546373,0.29488851395391286,0.0777411491994111,1.4340798574940097,9,4.058712764212621
21.42629193001479,21.42629193001479,12001,14.801613402456988,6.924745083125233,0.17725851561260123,0.06629894622402631,0.2529949480572258,0.003057267679852793,0.1886049967622225,0.18527558950103998,0.13913675088799154,0.12157987334018193,0.16043172687607038,0.028221239985615043,0.035308094448979796,0.18074782440360804,0.2698062228202453,14,0.12637982294777397,0.20051598183039387,0.27612515071649035,0.5672455252801696,5,3.8225023029299967
0.6629156982407328,0.6629156982407328,3794,424.20394853340684,9.546674268073287,0.018515128159223394,0.09137668012768857,0.016021224677611055,0.15030870194190035,0.16405592101480884,0.28862712801493456,0.18700240748887104,0.2501946077147315,0.06685101775568798,0.2356299180959083,0.15521038527267797,0.0602147619322262,0.13533898157871346,16,0.06392444786421896,0.04348733056670196,0.24502182815809104,1.9451252319837098,6,1.5490863668436794
1.1572347106754113,1.1572347106754113,4462,641.5337835427448,9.587445054118659,0.024579517479146284,0.16282550694560727,0.004892941976251141,0.0468786568560927,0.22144959806067074,0.1678492663635514,0.23038180996612045,0.2035780211268102,0.019515974731535702,0.26131239231633435,0.13490272085442698,0.12656310505028154,0.19875619827958432,14,0.2993670292550287,0.12463151555963851,0.23653407133582927,1.7169079145243242,6,3.2274853798966054
0.34596897884620137,0.38552371558828935,7979,810.6387307720823,4.17504863430045,0.07172572914565362,0.263441872653586,0.14823970970493608,0.17667075422484974,0.27202572019773014,0.041090897021526795,0.2590389213637515,0.012640681386109442,0.10487347429690104,0.04569533050722475,0.20414164382827424,0.02059107502715236,0.042678522631898176,10,0.03568060461672529,0.2577589451980617,0.16705562153116474,1.3406353809822245,2,4.285797101336229
1.2727447744858356,1.2727447744858356,4199,614.67343957712,9.072388777093613,0.2016343533592947,0.00844962876648161,0.2882871746060285,0.13312401358361856,0.23770208849414087,0.1758337812419219,0.07396220940203493,0.19063250111920516,0.15231293861491135,0.19477080490313314,0.07285326871394811,0.25978971874665185,0.057107765697381116,18,0.1787300553030025,0.26431308654895563,0.13079611782655776,1.7712252226494265,9,1.2081174414807414
21.328445640796264,21.328445640796264,12001,17.50290715421006,3.030340493816576,0.269956105133693,0.25094734721624534,0.24694417189717077,0.199270818431281,0.09974821896249748,0.1745923016518117,0.1889951828999417,0.015290825374986071,0.19761507588076518,0.2991042239576362,0.07947040594456527,0.08503234749788184,0.0370925058011683,18,0.24513394381117837,0.006262552581206682,0.24382296212708396,0.5723779279923711,9,3.6032652674537475
0.26315805430989847,0.4661143495516984,6259,141.9832585939083,0.6810752256183152,0.28898555123688807,0.2920449819859187,0.13490495831098184,0.04241125399169927,0.19707442790392263,0.2414970894236424,0.05369763830519556,0.2616001420229704,0.008707348642204859,0.026447203120930473,0.2430777640827605,0.13139905712950814,0.11796283056691462,5,0.17598253748100587,0.14835249006033893,0.22424402274915814,1.3908501428525826,4,1.7941891553872236
1.1786479381893484,1.1786479381893484,3526,405.1212567984389,5.208604222190536,0.2853745725672459,0.08320093005501945,0.1363471237394281,0.19868578944069182,0.27059199713088056,0.006623934336574866,0.04577351015184548,0.2838734605533545,0.010622281632882856,0.11484497630376966,0.1676170451466837,0.13044144175329922,0.030122724970441838,10,0.24231186334773946,0.1749572266499584,0.23169178014138564,1.8147312886041196,7,2.3855849767785546
18.634007176931885,18.634007176931885,12001,149.88181074361293,4.099313602035473,0.17880341274208503,0.10962893716908884,0.07060011214247293,0.07080930164344214,0.28846410673606593,0.07558799243550016,0.030076261547707216,0.25370637912567223,0.22333943763625144,0.2460914052378674,0.2406933761385074,0.016028671987844887,0.14885562219019938,15,0.08385099251189783,0.24596487969584396,0.29102326054453137,0.7505798278194566,7,4.2015576872265195
28.12793518072014,28.12793518072014,12001,14.779784461616828,1.6369930061652396,0.1942804315657272,0.11553728930461733,0.24010326378388608,0.23670521668078626,0.2840630955822183,0.13770375876913032,0.10951373195091282,0.20615636435686135,0.19392673133408944,0.028144647261817767,0.16737509256360866,0.04613538446381097,0.2282112767793139,7,0.057956760343432064,0.07161951458964856,0.15711395160968356,0.250299388751134,1,4.026975498906182
28.35084544337507,28.35084544337507,12001,19.448124796009715,0.5865744415273215,0.23654767314926883,0.025347264200653207,0.23216646269083846,0.13051872734046588,0.27223953186917405,0.1773618850191843,0.22181058657352812,0.1304806801073501,0.19323544733374698,0.14277419109520392,0.2929856227678219,0.23164708749057472,0.07159922965107063,16,0.2995418473464026,0.02991423992587979,0.21938561657262956,0.23133007895947477,10,3.630590899026765
1.0963797396933255,1.0963797396933255,5292,800.952881917198,5.865367616478153,0.019951362198407707,0.23601224572456556,0.2639441103680691,0.08021732657446277,0.281418591870987,0.025935128404216235,0.0905023835505861,0.14046175948230263,0.019734952916400005,0.12625112957344672,0.2420946837628517,0.1799012533907899,0.04325415610420279,20,0.08361377866291785,0.024300552384559214,0.052279291007092485,1.6665271217363244,5,3.9431927952169885
3.9350970263918525,3.9350970263918525,12001,734.4829281894182,0.717772658441723,0.1,0.0187917205764987,0.0331155008882317,0.1,0.07329845579838,0.0108886275568025,0.0625989314601602,0.0695436339210184,0.0394924473090709,0.0281401674579522,0.0607238685856127,0.0282264616868958,0.0428453232747861,12,0.0754469120902419,0.0484885762410102,0.0901042538465612,1.1366754275882,2,2
0.84321733926788,0.84321733926788,4363,258.7263374427714,4.472962393115444,0.0855068286419893,0.29497942107684216,0.0042758059209583865,0.19418158962891666,0.29213056473042887,0.04713160976713354,0.2973257916613474,0.0036394435528360435,0.05425159764532547,0.1275435694377168,0.2681899964862873,0.007454589070174964,0.12202245777178478,11,0.0016263875313599283,0.027036039877212453,0.19670617758937423,1.9862577771185075,1,2.903943974693672
28.373514944256343,28.373514944256343,12001,19.886746514732973,0.6301746936250552,0.10925207011152073,0.15867125357534934,0.1348516863395521,0.010341685624676999,0.002901021374006951,0.2620212252567699,0.048928980350685526,0.07576355995571289,0.04520267866326825,0.2599163224709137,0.13994688356938947,0.17351026305674488,0.021944435665377283,19,0.21004900369564955,0.1718325368672471,0.06824315821697392,0.22714695376984406,9,4.480988992252751
0.19191183096523234,0.15838932223164354,4535,177.20985791394082,4.63170216308834,0.08622727777429591,0.2674409727493403,0.013881082081945939,0.1999215866077978,0.29919429309998324,0.06562971810600779,0.2858286696291231,0.2934494179433962,0.06412100484903491,0.10246159256120455,0.25641716271730464,0.0030192857113170435,0.12884821152884987,11,0.012200798866726436,0.049486673621883366,0.19293589846535536,1.9909878340113814,1,1.856067368658306
18.11488287249357,18.11488287249357,12001,240.07080274369034,4.418343066909833,0.10244441519779704,0.2886322737599186,0.058917597251198814,0.2199011614572455,0.2992352458640183,0.03279659463043874,0.29871569341322185,0.018038366949750306,0.10636362943197128,0.09999302289195547,0.28403904276696584,0.006196432364021148,0.014011483403151517,11,0.00236159756995611,0.20334061542893103,0.1745484385193584,0.8662733971762926,1,4.906554007334421
1.0380925255178366,1.0380925255178366,7158,900.4233109487639,8.465379974874708,0.08405183743853818,0.1765836106132466,0.0677341379449357,0.2600559942406071,0.08523733735963425,0.12044595584856255,0.038294210547934394,0.01663265014546811,0.19816707548642384,0.20762264098263986,0.15119464415949743,0.0604157794377665,0.08836859489044228,17,0.13370518994772132,0.16985777516836997,0.07872778632917461,1.4138543148007203,6,2.2095896171297853
18.99495222672816,18.99495222672816,12001,18.452389724501973,3.462186375493611,0.19151628471305274,0.2915980606948436,0.05136797795021889,0.007147935637072977,0.22300173743140805,0.14573841611847196,0.0963806291952191,0.01251421545479815,0.003210360993716199,0.12329579118230224,0.1367747098217805,0.0434024580172804,0.1256892331847731,18,0.21966799755202923,0.13606612158365042,0.14832498345047213,0.7487593597619564,6,3.3650750976335835
17.9851524440122,17.9851524440122,12001,204.58358175944886,8.794322806193632,0.014511038904669192,0.23364847106664427,0.28182897916832145,0.1981446064609388,0.26765184964835076,0.15011984380095164,0.23023021849283606,0.20495021984549644,0.07429046130451093,0.22438893730777038,0.26767287485794733,0.06160901304888494,0.12138371566740913,19,0.12242192941793599,0.2279276547682185,0.013542857208508863,0.8621048207464572,3,4.601199707214955
6.8581710129794855,6.8581710129794855,12001,915.6351604009283,9.885622812123852,0.21707137498083715,0.03395479239633623,0.15224818425730485,0.0698043679376132,0.2599879764007792,0.14092911607927472,0.02261346233981293,0.11191265372938959,0.028441771283075443,0.025510171411919778,0.2543739515874117,0.09179099343349661,0.04569371320891014,19,0.17917882128741255,0.2845397648370066,0.2822950040130006,1.186196624222133,1,0.9342132499922426
6.818868917411229,6.818868917411229,12001,520.6479353347278,4.373231612302599,0.09367317789408952,0.29740703193302975,0.06689523371198933,0.06564759515588302,0.29566162466510437,0.06087600437582974,0.2863978715516868,0.008253950984069926,0.07606236737622135,0.102775945253304,0.29240472515861893,0.003296173770932498,0.11965651822075325,10,0.020808246210870553,0.18350270035390367,0.17596346914065222,1.0928080954596688,1,2.8245830974778507
0.7209213747718978,0.7209213747718978,10441,987.2411998510781,0.7501622660852781,0.0890557666453535,0.2971208492153066,0.0815657532465469,0.29934678217425426,0.2496228621645631,0.08605765300421256,0.28375649468528175,0.016223120202008,0.06830798639312877,0.07215304804316389,0.2954082483883732,0.0015657706331299384,0.11484406181778642,11,0.018208555652145415,0.1666017751961151,0.1866414808165005,1.1215207712948276,3,4.855875600103357
2.827777594747152,2.827777594747152,12001,799.3891122670595,0.694827776824887,0.08814336918290128,0.2943749299166894,0.07772972549786503,0.007301387465242393,0.2520660406946595,0.05379743074714596,0.28765474458421714,0.03690549629857963,0.08760917499613419,0.05664354603291642,0.29516140282508363,0.024392362257977,0.10744880208367763,11,0.012250040230596039,0.08108840474074543,0.1859558789273488,1.1105219900586958,2,2.915519618195075
5.593429406673329,5.593429406673329,12001,966.2752402151759,0.4561051011945661,0.08885309505736995,0.29666193268094515,0.052428858133111836,0.07492667734397326,0.288631873481809,0.07455047676915616,0.25647946774771657,0.01139570997725262,0.07956681587918663,0.06501233061831105,0.27552128541216775,0.017336909488191006,0.13086490575803905,12,0.004901458189138619,0.08702141602764127,0.1887604087017878,1.0229044014917785,2,4.8533412412536885
0.9898927405865762,0.9898927405865762,6715,783.4131173202403,7.524141651284083,0.05483988504881152,0.28117755359349456,0.06021144512098681,0.16301964988679213,0.22553739497169184,0.060607549502741886,0.29596358706537174,0.2961771221954534,0.09017934194805513,0.0734583047096268,0.211719511614276,0.09914105098186239,0.10012444649541696,9,0.002344970313452925,0.11314726436300351,0.17358097302218883,1.506181672950486,3,1.5346039841958516
0.4951092406314006,0.4507628937179727,11577,764.0544378840349,7.524876907573142,0.12649102172049553,0.29123590731472887,0.08570147479403314,0.01865523967767399,0.23820701617403273,0.09209219964559023,0.29375044750528,0.04434119520439926,0.10769616589340299,0.07977766734664744,0.2156614677118885,0.10217215247167395,0.0018470507045771564,8,0.0023024396636209185,0.21402693364773417,0.1786972065213076,1.0234959286814345,3,4.6505207969123115
0.259831410006678,0.36131712386074294,6071,412.3846004006771,7.9156733047400705,0.05476470131523063,0.2576745471854203,0.09370762853723628,0.163594435624465,0.24583698728585018,0.08375167123430308,0.25998077002728565,0.2999955627653211,0.09363035478448295,0.06689166367206903,0.21869204025088546,0.09500489043896458,0.10568583415218963,8,0.03637377609347105,0.09040850888112861,0.1877590748091136,1.5595301837719064,3,1.6784509459666144
0.2858608833438179,0.4946542570452615,6617,609.1530006290727,7.807238341253677,0.060617177982228015,0.26444962015033413,0.19963239184923343,0.1670978777662926,0.24620048189768956,0.08455413113462637,0.25951225412797757,0.2888784064616666,0.09554758523944405,0.06651397908811199,0.21670905907967458,0.1002430570520625,0.10932407470299937,8,0.04362513048828462,0.10135147240121595,0.1929689435086076,1.494877136232204,3,1.6824416500428097
0.6847628901254795,0.6847628901254795,10758,998.6876154807329,6.878442118270103,0.09670400457113304,0.29834505638095776,0.08969157576602502,0.07604864099853673,0.24704319527013816,0.05919227734604823,0.2928850972461091,0.00877794200824896,0.08441053157626284,0.06807569794808319,0.230797768493593,0.009530177255250405,0.11924339882548868,11,0.012567403801078347,0.2144262228101262,0.18727828250052844,1.104388991162245,3,4.848336412884338
10.854818499338165,10.854818499338165,12001,564.2059744944826,7.960807730587053,0.11644472505479025,0.2999441763529239,0.08213637977652163,0.2976769164014439,0.24101805502828696,0.0823447544691753,0.2960813981437719,0.005754504847996195,0.09585402110658128,0.0906116378405668,0.20630781542868037,0.09466556824622642,0.0004819631209469627,11,0.005885048819123089,0.16906148083079106,0.18833328466389235,0.9821115612137826,3,2.8699102055866144
0.2548254655667252,0.3586498103582362,5949,417.0279340035094,7.506756777126243,0.0542517708385351,0.2706060780365095,0.09361955885249404,0.16473406040420327,0.24586762609916835,0.07264939763687249,0.2614510873885152,0.29601424271914734,0.1038451548300538,0.06618130537968028,0.20986434384456004,0.10614963786705862,0.1741853287009908,8,0.03323507468494499,0.10428655439909408,0.19852494534970944,1.5712116206138775,3,1.7785694867355617
0.2587434566466709,0.3699592391061455,6047,407.10739880025596,5.759832882219859,0.05729294340991241,0.265163261912601,0.1993922331890608,0.16200907812950813,0.24697262214461752,0.09292133034089278,0.2636317963727465,0.05022167749957713,0.10754719479490088,0.06805806119967286,0.22012269031595919,0.09978208587187447,0.16702445687234155,8,0.03185980295616254,0.09443771048543473,0.2115228770904822,1.5626588903030632,3,1.6755874041780385
0.49199093640909936,0.4763856255041677,11584,559.4561845459592,7.212066911496174,0.05390739903999449,0.2649631757187657,0.09408791717024517,0.1678906647736306,0.2504799168517234,0.06826719139079697,0.2590765634335484,0.2924417902607718,0.09126401388454908,0.062072019901447124,0.2135930273600364,0.10265913252231378,0.11232656840681234,8,0.0332517046582625,0.09570689156855447,0.1847344478945432,1.1328020513015455,3,1.6808356510039755
0.46699737018457976,0.4390987418440181,10982,564.8422110747842,7.749298744001647,0.1269878709405634,0.2643620827923463,0.09163337819600526,0.16282043899757284,0.2510903802514309,0.08657222736413073,0.2685476511273569,0.29221507665741175,0.11518102813726734,0.058829563702313056,0.21304372929592882,0.10586465772203649,0.17774761278534484,8,0.03707466389143295,0.0903429544507357,0.18675203479358984,1.1619720856672633,3,1.702943730347634
0.31766808311949696,0.4264146293984302,7332,730.0849871698174,8.115354644993152,0.060957244605657324,0.29965386094686597,0.0898644439140727,0.15487688399626517,0.145229656587445,0.2955227455165174,0.293180807688589,0.23749891869222237,0.0941994422701053,0.07728928695062272,0.21266774436658492,0.09001680100951798,0.1332831348506284,12,0.01191948647164999,0.09252362234944526,0.17357364342096904,1.4758996165814477,3,1.5789964930595666
0.21451951396834393,0.48583037026723797,5030,296.1708381006352,8.124367018207376,0.05243700228623967,0.20486159887252414,0.20259495432531563,0.1577750755964345,0.15368453955412503,0.10623209741844876,0.18475952279020774,0.24224142430804896,0.13737242124530316,0.043700289134862215,0.23111005424675238,0.11651824766657898,0.16301986643364405,7,0.05336343069350283,0.057355759674459605,0.20110621632952919,1.617921348412241,4,1.7174179709970596
0.22534151713931524,0.4530500914578882,5282,315.49102835891443,5.3430876608812525,0.06672979549222985,0.267823625041237,0.1948084389618957,0.17945939346975018,0.20334409505385515,0.10551468422890958,0.26595137016080994,0.2478351028077572,0.128977312839306,0.04713959458321361,0.22691185852489415,0.29808299455001175,0.17792667952358426,7,0.04717625857470291,0.05523039160137784,0.21258172868395192,1.5835389201005505,4,1.59835643820532
0.1464883324122793,0.4715926046981646,3462,134.29994473675887,6.346852676590664,0.03903415618822628,0.19716104730503078,0.10400966915562501,0.10608768664717848,0.15682089407127994,0.10978552956747915,0.00019089189254958838,0.24256627174063525,0.1314968698992774,0.0011523581489917625,0.1860506120267376,0.11971909307445915,0.17034855703970395,6,0.045704249939071684,0.058329255363693155,0.21377825590755914,1.9116410264795072,4,1.8743373280399245
0.22515037383430767,0.43779408531066444,5259,361.5224300584615,8.351679218475116,0.04388834490413935,0.26768648619094215,0.1947359029105935,0.15601384070589316,0.15572017944629468,0.10629416617411776,0.1820551267475276,0.24785576798410058,0.11815394505587086,0.0010199609582981634,0.22650791563020656,0.11735599964635247,0.15721876999350284,7,0.04626602931170974,0.10364697444306452,0.21445295932701489,1.5805545166304604,4,1.7568232821630778
0.6248565581075414,0.6248565581075414,11270,1011.8069673045204,7.675634647841687,0.09209504024937601,0.29721693361470325,0.19858795404202673,0.007162023465556749,0.2308342725149064,0.07741277438574556,0.2946263139989013,0.04051445569647595,0.09254292510441951,0.07005721508208962,0.20731155853482444,0.008504147661630806,0.0015755494603670803,11,0.021979826655275182,0.16595279820399625,0.18908282912780344,1.0795644391173385,3,4.796589687229649
0.23787526225785602,0.4849727706026382,5538,427.515735471361,6.295127856025324,0.03884402436558729,0.20324752386230888,0.20831428921670098,0.15559064134557857,0.14883202539489643,0.10705046265312719,0.008187636476520661,0.2426573440983612,0.12557563049442644,0.0020952267321075746,0.18373928672002576,0.12575995908122628,0.15943314261886232,7,0.05717964303797321,0.05992532851864616,0.21157094576392735,1.5433052511295,4,1.6927756797188478
0.6611330167409583,0.6611330167409583,7731,535.0345396520318,6.926928873162567,0.13932593317045255,0.2629738693805681,0.1996728216699387,0.16342823802163375,0.20460919691935775,0.08927788752413388,0.26590761986599093,0.050504131556825864,0.11723343018698315,0.04749819195806501,0.22277350721749395,0.10873523969752921,0.004779925675956399,7,0.04496619240273385,0.2199962642476128,0.20793073304517753,1.3102685824141629,4,1.6469089710823255
0.51518245592314,0.51518245592314,3956,397.47555372179227,7.7235091534945965,0.05896477015294195,0.2671273258368516,0.18828450662080026,0.16370514859018925,0.1514794807387851,0.2969474585802238,0.19918698028531184,0.2952635636568035,0.1292709896137262,0.04862576639816063,0.22382155205697138,0.10374354038680257,0.16195198915636114,14,0.0405824347344131,0.053002059570370186,0.2075172385346853,1.9770200542379568,4,1.546333610801229
0.5537923468774208,0.5537923468774208,3833,194.4354861983308,5.898838415478661,0.03668658048700663,0.2089391874214622,0.025522912778135662,0.14963509850851603,0.1521101965061951,0.10832897118876278,0.1941665312036815,0.23852519707709632,0.12517453153072625,0.16887309631977915,0.18820725958817983,0.15665050055704455,0.16380625648491354,7,0.05105923885000903,0.06884679529778695,0.2136230233976756,1.8687689095792748,4,1.2802597226324843
1.1640068837622923,1.1640068837622923,6959,873.4801228267658,7.1948455708596,0.04998014305541249,0.26433217040143175,0.20280288706162608,0.16176009182544973,0.20925598408961865,0.09479834373181426,0.2520872325621794,0.29320367809890413,0.10477860298171393,0.06083950286552928,0.2107174005554822,0.10861679134494673,0.1653419164783262,13,0.039023539227504206,0.08752525148320717,0.20212519548184665,1.5110825592207837,3,1.9869169809610687
0.6376767958213653,0.6376767958213653,3795,196.96106893609448,6.353947834563601,0.04243843854331639,0.2077801463124096,0.027249650322668975,0.14755921693082572,0.15201149161977914,0.10911562347115941,0.18971121096962476,0.23753223009567348,0.13615484985855264,0.04706447250511639,0.18902023832484552,0.12235630901308323,0.16618996402427316,7,0.05059058488556198,0.08176964815786017,0.20658333542933932,1.877919551542135,4,1.276058861066959
0.7749603206364827,0.7749603206364827,6596,781.9849073742898,7.780757189656073,0.054703950473452154,0.2636408642808699,0.20094666120946897,0.17456044209942462,0.1358185531762236,0.21831655153498908,0.25438217681915964,0.29954407611716216,0.12224829870395773,0.052340682447636025,0.21380913197341533,0.0993361739573535,0.16629572783263136,13,0.04406354123267198,0.10599857366679644,0.21466300907686314,1.5621070444172185,3,1.6918278023928899
0.5619683450871588,0.5619683450871588,4654,259.19891073839847,5.929121313187104,0.034637219066349784,0.20960356709809275,0.03563751151955448,0.14637627257159277,0.20807391808335757,0.10773219573046153,0.010234266519992923,0.2636942554720636,0.13242276384324667,0.04214289305786423,0.18991254079626776,0.15284532094234465,0.1646766927362259,6,0.05588760607479315,0.04968978398283591,0.2133856737294114,1.5947669910137476,5,1.3439245765610406
0.8437259855243257,0.8437259855243257,3698,219.45621272888584,6.502976354158399,0.03934273831385014,0.19215219976073963,0.024565944265433737,0.1041116099863956,0.16152460016544812,0.10915490450957985,0.009648442652921696,0.16291636575275978,0.13610164300151956,0.04258887779152891,0.1873138578569282,0.28288832967828637,0.14800368973764624,6,0.05585824052652458,0.05639307800683934,0.20903168416159745,1.8718068747046253,4,1.2933685648219284
0.8245774165134532,0.8245774165134532,3664,237.1109793995687,6.199141731547338,0.03747000518278183,0.20469060052958823,0.20839851053418482,0.14475421558409032,0.1651665590345296,0.10884591579562064,0.1871883999095042,0.2693816474598039,0.12908298384015512,0.03886793801536062,0.18529114221974122,0.28967702760455394,0.16679621024768665,6,0.09891510405859574,0.06062707399427552,0.20495152580087395,1.8794119924823072,4,1.3018528065058417
0.1659707913989506,0.4498377616930327,3926,143.2474839370361,6.037211033739087,0.035415072048837065,0.2007653800542117,0.20865917665681982,0.10311522422329154,0.1611602615385746,0.11547834209643965,0.18374856237624498,0.1590382460789448,0.13106811711199534,0.006073809482696967,0.18366241960983054,0.16301495549457234,0.15058839183983472,6,0.06095831817398281,0.05742227639948015,0.2540702223434773,1.823216171379371,4,1.189993155197609
0.8225054574560584,0.8225054574560584,3688,221.86778383529153,6.413321169172695,0.03529764419688505,0.19857493978529006,0.21559619544698078,0.10607514348189859,0.1580741403998468,0.10555702249522667,0.16978182083933074,0.23889855849809655,0.1295149413888251,0.005419887095911145,0.18217228730293267,0.16020193882214412,0.1515560414409157,6,0.05459138106350919,0.05697740338959169,0.25724278132182565,1.8742987804180384,4,1.283340040789422
0.6565530186466251,0.6565530186466251,3700,284.83167501683687,5.179492277705257,0.1485099935990851,0.23818948415655988,0.1714509390283935,0.10965545798572697,0.12675080516044035,0.11190145223731024,0.16857265553968617,0.16537299456308427,0.13440799934235106,0.04098817993961679,0.24712152685469488,0.15708352445204482,0.19481408482759816,6,0.08725596326180105,0.04790689085061206,0.2597725933858332,1.875719195733901,4,1.1278832759343698
0.7430677078947783,0.7430677078947783,5256,317.71345743978435,6.123459866504069,0.040986194873288855,0.2043547620410059,0.20368415914173332,0.10326433078963942,0.1592874264365305,0.10785178474479597,0.17743461479011174,0.2786138615854817,0.12934313553891366,0.001700594073578643,0.19176911155408097,0.15639150023008316,0.16715656194738518,7,0.05897369780843727,0.0671434467358122,0.2073754219469654,1.6022995368950481,4,1.2579543652813021
1.0565593502657569,1.0565593502657569,3938,428.41472035134734,6.997693413151136,0.04739080871015033,0.26339292489962823,0.19751233419394476,0.151918789714091,0.15550929006007924,0.298654090137082,0.1812368068842461,0.24445319178625083,0.11834168411121504,0.04557989218756125,0.22116748472008813,0.10775656515396463,0.16404595399944236,13,0.04609898320064425,0.06051494488378521,0.21364514888389818,1.9630700329458048,4,1.682467651771382
0.2185346461628008,0.442683564439659,5178,167.07876976804803,6.353692063943038,0.039475809433310236,0.23233409645585715,0.03373901854725134,0.104552457729186,0.20239226719445502,0.22387273565055804,0.009617101158037267,0.272452204319493,0.12833352415779192,0.01452094934416781,0.18371572249899287,0.12927358183085744,0.16299958318782806,6,0.05211897838847879,0.060227984697556775,0.2133326601121121,1.581971969893986,4,1.266454691532322
0.5684338032251435,0.5684338032251435,3722,260.01671229398323,5.1416212444976415,0.03728624046348526,0.23926489064516643,0.17622835845013818,0.10544993659644113,0.17112564922354515,0.11148484486598595,0.17703186733575382,0.16046177307169363,0.13938664084385638,0.011921271157010584,0.25364555306168257,0.16030071581642724,0.1458558573395899,6,0.09406699580294497,0.048850961502385604,0.2617123297228868,1.7848216411413496,5,1.197931625973022
0.5447593474232446,0.5447593474232446,3569,212.7287979372668,5.160990162492741,0.0008922596566781488,0.22905824005795233,0.02776769581324956,0.10433456376520157,0.1734888973890268,0.11317761039520996,0.16114410140504984,0.17414756829807992,0.1673320483447401,0.012080301243178678,0.25236277148563346,0.15618304817285597,0.19822742988469705,6,0.10636077969816127,0.008688135397697534,0.2502262133503109,1.8189839873599816,5,1.2571637268500262
0.5375010064260366,0.5375010064260366,4102,253.1098475658881,6.244616546790196,0.03113597056581941,0.1978809785906108,0.21576603188444204,0.09898453691623697,0.17306541686916674,0.10997419874853125,0.00016036149696902965,0.16572414172087446,0.16746051675092113,0.00020730190560054682,0.18096035904884109,0.19953455712990587,0.19552432227251482,6,0.07384005527807364,0.04994791002882795,0.25793255844538054,1.6696729460509367,5,2.057347983909112
0.5368223805487244,0.5368223805487244,3854,264.1124561022301,5.2452365416375955,0.002475484674783285,0.19727678732664997,0.21816239681108834,0.09500539806213604,0.17401085021818816,0.11205772285274924,0.013507661875780619,0.17133086078062693,0.1747900692297895,0.004162716620499175,0.1824698717745759,0.15150478686805044,0.19233550921164813,6,0.09976117006770727,0.04899849207137427,0.2564435508513405,1.7066078321257512,5,2.476319164779589
0.5990936097222196,0.5990936097222196,3982,349.0223643296854,5.233888524904414,0.0050462803450043656,0.2349044814848204,0.2191962432139632,0.10312949526679108,0.17286632447065448,0.1219334664783226,0.008148715179460987,0.16948352897781493,0.162583637625325,0.013568308597260263,0.25283616256106184,0.21109022132511757,0.1453161664190841,6,0.09965652753764195,0.047058836318786906,0.2599515579428765,1.6764533789171188,5,2.5347846158921854
1.1297545487179932,1.1297545487179932,4260,353.70192817057347,5.254531939952832,0.00032483370109927245,0.233503049120773,0.21934232721405045,0.11253577804027463,0.17785885919812783,0.116326349453297,0.003944920370028433,0.16489830623589857,0.16978211657128803,0.006387461345954493,0.2498603127375548,0.20900845808768315,0.19388699423216432,6,0.07016377957473942,0.04530691909874797,0.2649025108278265,1.6816478824082712,5,0.9607147482984421
1.03445536880718,1.03445536880718,4234,336.7738662115512,5.038868636003249,0.0008407034338692512,0.23981220819233404,0.21637510955263126,0.08955051336038529,0.17905788242004242,0.12262723732398831,0.16377629996343657,0.27540681787659504,0.17679931302884228,0.0014282732496282947,0.25175027957340723,0.2102071664087551,0.20266963250930517,6,0.10330010982866866,0.007563332103155927,0.26987646793649533,1.6884166193878303,5,0.8935969284058246
0.7565599864974331,0.7565599864974331,4009,230.13086908470802,4.994458691374148,0.004334733440906499,0.23078860157935666,0.16673354914597532,0.1187064386598067,0.12326120958682382,0.15808461395541712,0.1565311655789275,0.22137762613573442,0.16824334427304627,0.01775633594539277,0.2581326553185363,0.20462349315970138,0.19287709100593775,5,0.07642565801885859,0.03584453740915189,0.23876686625562898,1.6853095737812294,5,0.9388804493783165
0.6719662699778914,0.6719662699778914,4100,277.4999637298262,4.86604634467704,0.003668207005495701,0.23295679308986228,0.21802599591462885,0.11013787484199655,0.17179261222156833,0.12097810872429181,0.16458847105852892,0.27716526549299064,0.16758803405499817,0.0006345257018625251,0.25358642597775843,0.22065570427468037,0.19355494732671547,6,0.09867264369449381,0.014726321953199215,0.2600361766922313,1.717456017447486,5,0.8025738766929005
0.7556487944766375,0.7556487944766375,4129,197.50920238114594,5.079480827174921,0.00044179080194255843,0.23752366242273504,0.22231890608388982,0.18469209854953683,0.12632333380185456,0.1214424406587358,0.16663988473294988,0.2170268503225714,0.16975029940815517,0.0008609639799050767,0.24984862081420794,0.2188419850307805,0.18854166264553276,5,0.07663847030959908,0.0033372910057225605,0.2525417852620922,1.6634120054308175,5,0.8878209486907587
0.6387082827120696,0.6387082827120696,3792,319.3800070800969,5.020803775554254,0.005891183006121653,0.2355639354032501,0.1703391763561733,0.11534476227903231,0.181219791733729,0.12684537955237302,0.16443547527691624,0.22141827212021858,0.16859331350134465,0.014358807639599066,0.24738462183502524,0.2489551959981017,0.193183119623614,5,0.10376588894673405,0.0011160329859403392,0.2601771134994036,1.7336290826700869,5,0.9292552492111643
0.5960658042003416,0.5960658042003416,3936,297.48773796639006,4.8352010347084216,0.005499455919982674,0.22029000819708403,0.18221821460048235,0.12133534386313294,0.17633195295669862,0.12849569960250828,0.15042683096869203,0.22187772656181826,0.1745162892043531,0.017722362113882617,0.11976348424164956,0.211377600821672,0.18934731274631036,5,0.07426495321116548,0.011428755730544304,0.23606785178548323,1.7079286991322893,5,0.7695688274960366
0.9785234525866005,0.9785234525866005,3987,259.16324103847205,4.802698121594096,0.0048881199856598,0.2430679184986253,0.1794779730544833,0.18656255722039455,0.17802898178018003,0.1244558977528563,0.13528605318231712,0.21947715032934922,0.17127681271093823,0.01810365031317901,0.25614106494146105,0.1982838300777023,0.18961139218181028,5,0.0710366228611191,0.007456832080228612,0.27839227996371524,1.706858581881102,5,0.5411927081870136
0.6595004918315082,0.6595004918315082,3893,299.73264236422216,4.8108207473245415,0.0068001306297719236,0.22394838017089574,0.17843942047986533,0.08720926921132045,0.17959999317144676,0.1564006554319396,0.15634575112584775,0.22296234830350872,0.16337227428906248,0.01744616113033912,0.16969189532469298,0.20937816578839427,0.19596564800420888,5,0.06738518343387134,0.03561425222946273,0.2370077256620963,1.7165214154809958,5,0.7987507113745035
0.5367274565242597,0.5367274565242597,3952,285.6815745344185,5.437462228558055,0.07549760446542542,0.2244259757577209,0.18396096373221266,0.09122095720483703,0.1819594589692772,0.12704647070861103,0.15002877167312884,0.22340501529933743,0.16128811330779477,0.019266388492010098,0.258262746776294,0.22644954852679292,0.19336120647121197,5,0.0725408386803425,0.0022145581610294868,0.22949209598046696,1.703183094750139,5,0.8055728027419522
0.5382631585980978,0.5382631585980978,4005,283.66890929494576,5.541004390904185,0.010871981738928328,0.22272405812310736,0.1573693399082008,0.12025811895495708,0.1845113503135376,0.15811563368453202,0.14501509835187143,0.21928639812676742,0.16815258738375452,0.012787309736776682,0.12284163159348495,0.20911430917330864,0.18922861558200885,5,0.06684453978870285,0.0091167928071176,0.2352639228724566,1.694097371427137,5,0.7452569049451172
0.8788381522578559,0.8788381522578559,3883,293.93989509783364,5.547640415375912,0.011565197852622396,0.22641930242724806,0.21987035090509996,0.08880881750190484,0.1913902663234493,0.12973862125698085,0.20665836800935097,0.2250055090294219,0.1700373720466116,0.019693545920805158,0.23288366477775543,0.20673450813457622,0.19072406183019724,5,0.06940637398660757,0.034442084166649456,0.23340583762967243,1.7216824162206028,5,0.7344671528743946
0.7945364977022754,0.7945364977022754,3169,215.5239673379612,9.017985885724684,0.07276880720154616,0.2211606005985713,0.1532580196862553,0.1186821627913669,0.18821805060101027,0.12665467438928052,0.13687074123776763,0.21951344893099,0.14833580862544707,0.02040379743027012,0.12496948151164283,0.13751628732779667,0.23181106230481752,5,0.07261651912645772,0.03726913526622242,0.23755957943299508,1.744103888172361,7,0.6605809493797437
0.859755060154344,0.859755060154344,3185,262.5180881786762,9.240025228970767,0.07277127168215394,0.22348334287436594,0.1545309008171198,0.1259776844955227,0.11624103438655364,0.12577873716861493,0.21428187592878306,0.2234633671216853,0.14758098381318518,0.018296301100138065,0.23425909123986316,0.0800762709180207,0.21515550326863375,5,0.0693337649057117,0.037376305220495384,0.23803097756275643,1.735715855055432,7,0.7962699839061622
0.7820535657076186,0.7820535657076186,3154,184.17008149953278,8.955710334105964,0.015092131739239255,0.22073878212956302,0.18227790234629598,0.18604658746737499,0.18722675337565053,0.12514997053529725,0.1321436083321451,0.22420519793937052,0.15445387161452584,0.022943707410058245,0.23480220861706147,0.07477019949283586,0.22193637052664797,5,0.15808125326045416,0.03383414218534117,0.23321255855593537,1.7532539600119361,7,0.5064676204545444
0.753916975926395,0.753916975926395,4011,269.6812075451761,9.981632972860595,0.07399549168819616,0.22033275729050206,0.15526818070163984,0.12034810109109421,0.190202780318523,0.12785130082505972,0.20963404775823746,0.2237424486441437,0.14881285428555951,0.018913428126205993,0.11436729103090446,0.14034130971255013,0.24397185111022182,5,0.07492615493723466,0.03907473871278752,0.231747971634193,1.6986106325795456,5,0.6199843874684687
0.7976718384711853,0.7976718384711853,3122,214.1785866581747,9.957351476535223,0.016538087571673434,0.1345717832744316,0.1603016295725479,0.18612607972169476,0.11867667285375066,0.16599068781209703,0.14256125727241437,0.222920143349552,0.15082243140701798,0.01832510173947845,0.23472653872875893,0.06705258731986473,0.2292482202240942,5,0.14316529905629324,0.03341783574904586,0.23582742050182698,1.754470149975294,7,0.7437185286721918
1.0591059656852098,1.0591059656852098,3236,286.3282839100704,9.19649279017354,0.07030397357006923,0.18194903337952018,0.2571741096350066,0.19146570440614158,0.10401307405575948,0.12992125741318628,0.14507714198485944,0.25341568077653265,0.15280318331778683,0.03110118111185118,0.2343314565601979,0.1391854221114918,0.213891011835589,5,0.06293275235328186,0.07366026076066545,0.22422515414524286,1.7621773384727815,6,1.8742212173001338
1.2889838356178112,1.2889838356178112,3446,402.37910238008914,3.5003715548797425,0.07225361248796201,0.18187600984192115,0.1855447835324024,0.21620357817943275,0.18806948856936756,0.017591668796434957,0.20953945982849007,0.25293076421315164,0.14825980983743478,0.026317127821683876,0.16773290878407038,0.07703152677615474,0.22015522224649786,7,0.0665131562737986,0.03206448916318332,0.1189097762309017,1.7529756354406814,7,1.4383734099427263
0.9190379931950584,0.9190379931950584,3695,408.1007756438074,8.869940261278261,0.018639839423241295,0.18107339989354077,0.1841205801830963,0.18771250161226702,0.18906320148900918,0.13358678518905664,0.14341947715087677,0.25468069223677964,0.15455198461977893,0.02182279149599922,0.11092941433193922,0.13372073638212284,0.22683776779580353,9,0.06466713392764249,0.07604697821047154,0.23014073453428985,1.7514952495547875,7,1.9943474464575623
1.40973448176598,1.40973448176598,3041,395.2782420395638,8.450346131680684,0.026289035117321113,0.17396759420827132,0.2386732656249378,0.2218731833220264,0.10679157434195978,0.09854527357021245,0.021775935136949236,0.2548760498026601,0.14769679259635066,0.03433876105940313,0.23193572538625523,0.07609869475517302,0.13855360693956795,9,0.026193430763893483,0.07461219322113286,0.13060797558857334,1.9384159443567788,7,1.8977842768435618
0.7485752847409519,0.7485752847409519,6189,598.5242164043513,9.122941501850507,0.07369258507720595,0.18199515829273438,0.2641473120913682,0.1322915216852085,0.10023326218511838,0.02194913194132969,0.2084640635857133,0.25410224389450176,0.1452122549072929,0.031641486158957406,0.2330549548615456,0.0745489774995744,0.13876139404928692,9,0.02594790941416858,0.0745961727950084,0.22425530790575796,1.356420035285704,7,1.93757060202194
1.0084459759878062,1.0084459759878062,5390,573.9336587915689,9.97936267429695,0.021792146522228224,0.16716640956683163,0.26083705690043196,0.13729915831662362,0.10482612325208174,0.19418152159964033,0.02269733782813627,0.25169536771984585,0.15079068315777894,0.02866847972072748,0.23510489966436524,0.07828084386501302,0.2253753190814494,9,0.02117762243075347,0.07566580616652524,0.29975474311250205,1.4536708643956948,7,1.9118225811042864
1.1355332108093537,1.1355332108093537,7884,909.043986144196,5.59273438849829,0.07311564898710078,0.18363600627062163,0.2556617029755622,0.2170358125913519,0.10345411359931729,0.13407218310026744,0.13049418552911018,0.25257293269742176,0.15053013540984284,0.02382417062978251,0.23278031818547779,0.07376728670758889,0.21703337916991164,9,0.14757053076413632,0.03395257590981967,0.22710193591049754,1.4292763059902942,2,1.9864272015206157
0.44688854104048126,0.39721743631920453,10593,330.8124624288738,9.054507337115673,0.06950612090689806,0.17327030981972735,0.26235257508228915,0.12890508345877683,0.1906230707695767,0.1985971315006616,0.21304700825289855,0.2591934985554504,0.14743739453055899,0.03047412766245556,0.23335518144343148,0.0721875998408547,0.21358317698903706,7,0.026662644886252307,0.03810596752495368,0.2277002212285076,1.2128121057971073,2,1.9257617241312301
1.0583659931621017,1.0583659931621017,8309,841.2448644918958,3.788780929445955,0.021609134979680804,0.18065049055383206,0.26081452557231016,0.212723643325111,0.18946666796610148,0.19730017415374174,0.023904508170449368,0.2544757153653268,0.1487743681915182,0.031836854205930964,0.23592157602034047,0.07047991359279211,0.23543602693336307,9,0.026200879569546448,0.0761541660614433,0.13392928018648315,1.3922020251220224,2,1.9762829712595678
1.0986957103297523,1.0986957103297523,8070,893.1997174315982,8.41066564795443,0.02025118342522996,0.17260533892098193,0.2444080766245307,0.21454784832706666,0.13853001343098986,0.09940187917260773,0.24468265660330574,0.2542451323695503,0.14876195574147394,0.03393037347206776,0.15823898119948954,0.12072393400628023,0.17636655653115269,9,0.02702834861870411,0.0751919166698576,0.12818183713777984,1.4164150303442247,2,1.9013682143292545
0.5195334293315517,0.5195334293315517,6129,374.11866820194183,6.757514242173928,0.06582054113702301,0.18004358336941145,0.010761367193411406,0.21227039958348712,0.279272036290801,0.06908674982521826,0.02052929451487904,0.25395664043077804,0.06359104718804308,0.03230359947878193,0.20059283731466881,0.11767762452263685,0.17744068759278644,9,0.0312939434944796,0.1231840732195945,0.2995411619391453,1.6234356032679143,2,1.903572676801627
0.9104633744297463,0.9104633744297463,7687,905.6574196055103,8.251670348565579,0.022801375251324613,0.16726596110906577,0.10629697488023898,0.2140064748799425,0.2619927890066516,0.09676929367633103,0.24532845473642803,0.2550356479898839,0.15408767262622594,0.03485074692073849,0.15550454820763085,0.1236856282395416,0.17757138446693757,9,0.026426799057613644,0.01911068502710176,0.13453537939010107,1.4520235751531223,2,1.8916642107314192
0.831955035995339,0.831955035995339,7457,644.4095252594485,8.564328299028958,0.07478472869162742,0.17912833511779805,0.2648822499902049,0.21469932059849284,0.19279619593066297,0.019541382355658624,0.21310166623481647,0.2558325390598581,0.14809217242763761,0.03210097690617274,0.23306740498066997,0.13346862846903162,0.1392654918137519,9,0.02612430922234288,0.03356913978677169,0.2990391021339287,1.2386913091809613,7,1.9063394751217815
0.3338751665392639,0.380654807342556,7901,280.0099923558366,8.460918184356576,0.02726382037094538,0.2763450920435274,0.10545922728407484,0.2143870047576645,0.14102502419199509,0.14246434248529707,0.1148276103715713,0.18503809250865494,0.06523711617584174,0.03155906854271242,0.20112183155328237,0.11386376346935922,0.17600684045291357,7,0.026909544263411297,0.12580068785273943,0.15980327479257295,1.3912158619642923,2,2.2004526175593067
1.0792125205231808,1.0792125205231808,8362,857.5478231159894,8.55025649056073,0.025600089664105225,0.2790529411920243,0.1198001627871774,0.21740666972225917,0.14002537072784216,0.10019993631623417,0.025525914134583865,0.25053957890563094,0.05850587717538856,0.031420626905013946,0.15798603930306157,0.12642037851244659,0.13755654788903007,9,0.027305822086951974,0.1151468472944571,0.2925364045259729,1.392380454364779,2,1.8704651218484902
0.43695008871343544,0.2774694244074473,10214,682.0053228061267,8.719030317393358,0.027456043762973368,0.27750792500135707,0.10410878562656263,0.21671127758690828,0.14383166019212895,0.09790772080494202,0.02096363241545563,0.25003662905761254,0.05517808547146853,0.03389060279186555,0.19884145732949074,0.11820262412735794,0.1772013677067633,9,0.02556176270893848,0.07706088793025595,0.22357295195258253,1.2592380450895528,2,1.8576764497232636
0.877114895330138,0.877114895330138,5902,290.75423717570135,6.597636708218615,0.06493014580983951,0.27715305194341155,0.04060377292316332,0.176640082170479,0.26074937354528616,0.09901057442393613,0.2771856477841728,0.11752579102969665,0.1081312256565046,0.09013599453992663,0.19885246528392655,0.11618209582914134,0.1771044505993037,7,0.029860512340870088,0.11815424945540262,0.15518804661126365,1.6181032432976188,2,2.1337469902612773
1.196028467431275,1.196028467431275,5109,730.8352000859024,8.314660255631042,0.04739999019908296,0.2830139350511828,0.1188501650220158,0.17310859537569426,0.2776337454299821,0.06963780367069301,0.24188640433098627,0.19455507081278345,0.11083898298515849,0.09513246306061776,0.20020143592584677,0.12004036752125961,0.15536845082626433,8,0.03165805236434796,0.12680891288808632,0.19579647062723807,1.6158800359414112,4,2.144250331346642
0.3223174369144801,0.3750783174458369,7656,199.04621486880663,8.277962075934523,0.027271208748932144,0.28061536681822663,0.11138579410635707,0.20727894206994057,0.14030785768364082,0.1000756859137215,0.24334920637541368,0.18913603360016562,0.0587834618129299,0.08878735442884374,0.20007483759696684,0.11907320686698797,0.17786712054382087,7,0.0295854072569957,0.12436357174365395,0.16449439954301848,1.4507368028944758,2,1.4167719933962966
0.43609232067120224,0.4356029317360026,10184,705.5392402721349,6.676170576047397,0.026883220497681125,0.2512190461600801,0.1037286447417089,0.21055623528126818,0.13947654702237963,0.09958146150468607,0.23626348025987481,0.2604222507245653,0.05654832201777958,0.0320072534058945,0.20227985192562714,0.12025796191505807,0.1779329298256018,9,0.027396462390890823,0.02002470598128915,0.16169062738218243,1.2453310409983505,2,2.2331477040425805
0.9874720629820395,0.9874720629820395,3578,245.98842469607246,6.642648196387318,0.0460280299554297,0.2761182972878345,0.12023664097050744,0.20511433054413084,0.2594232803805119,0.040801358641563604,0.24074168121316514,0.18608791550125384,0.11113303087512807,0.08996119501192679,0.17451642603600703,0.03487254710951258,0.1542853124991544,8,0.01480871821773818,0.06454712591673516,0.19725578293143914,1.9357493330133073,4,2.113840437178996
0.3151878985467527,0.26266265836048863,7476,221.2739128051642,6.655833199496584,0.06407436544285183,0.2765201398652853,0.11986474430552863,0.13897696520908434,0.13407722535156388,0.07099260429917503,0.11491612004327584,0.19293371403468784,0.06239837108788397,0.08636642715789947,0.15457350233315167,0.11830531679380328,0.17813008689885396,7,0.030139024555406922,0.12776035174751432,0.2954658816898086,1.4318695215686166,2,2.1592196567545385
0.4781448401791936,0.40863562872808834,11215,651.1904107516181,3.8208288873765994,0.025391695406281802,0.17622370900322018,0.10590868772179175,0.21014039086995565,0.13649642464645179,0.0273018378930616,0.2360985012127661,0.259486480527982,0.059314393597652205,0.032012213674055025,0.17223584741781942,0.12131086451903698,0.1553840042968151,9,0.020861215786407657,0.07537596630616686,0.15996765784025802,1.2196096980226292,2,1.4475623793967953
0.7781278605968298,0.7781278605968298,5346,677.9245998974308,6.729024841802044,0.04753335180027693,0.2788916893929602,0.10914542626096845,0.1783988325370683,0.21451910970962015,0.07098417375931271,0.27428507409010816,0.19455582821121203,0.11059158496546456,0.08793041855097306,0.1988365211616571,0.1157136307862493,0.1560540516392428,8,0.033419310569080846,0.023404110212397498,0.19921770625583465,1.5802699202607093,4,2.1054890401858297
1.0382382201816687,1.0382382201816687,5190,704.5509522021291,6.666874963492857,0.04541063943375167,0.2778322411928268,0.11452423536314611,0.13873341394661318,0.13931685216461467,0.06885146480224574,0.2741166125441945,0.26882957517876926,0.1114517240578354,0.08663781339415072,0.20313147924321345,0.12054694490986301,0.17475347215199363,8,0.012814670767907037,0.11717486022730811,0.19818024235822027,1.6032409824955656,4,2.1328990636068292
0.5091927047739375,0.5091927047739375,5421,641.5012259449948,6.592003456693879,0.04976724669181819,0.27591967377401905,0.22750203793849366,0.17627293288068913,0.2147193499888101,0.03788992764955404,0.27502851342049955,0.2689694354005245,0.10298880228144544,0.08306172114583386,0.1999744758554069,0.11376288510244412,0.1555133842770579,8,0.00908166798695189,0.13688441630304277,0.19645667622396035,1.5653107481144084,4,2.193329949372555
0.23941244547796714,0.4942451332405804,5489,642.2467286780284,6.68596401592283,0.044047348610118,0.2755033503008155,0.14442782694643705,0.1765934151809435,0.2153963612005723,0.07263192650825584,0.27832024282150125,0.18753426643067977,0.11006914301047116,0.09003381771146793,0.2688556118093078,0.11425210917308984,0.15638673392357785,8,0.048636930636990025,0.11450344344961835,0.1984043269666904,1.557099701460547,4,2.1469584020125714
0.6992383355687806,0.6992383355687806,9818,634.312694430349,8.34934139635978,0.06435342621711204,0.2737205172756526,0.10465214700671992,0.2046435710742439,0.14226302062640428,0.09981829535899135,0.24648528529234015,0.10413027191250737,0.10844408872390092,0.08682425588683353,0.20016670246842666,0.11893728377685793,0.17939343607941888,8,0.031791947008204556,0.10930988238747816,0.16309340537038491,1.262106875962771,2,2.1495146746980005
1.2410345057753231,1.2410345057753231,5835,749.0405158998717,7.320196908149734,0.04512448263742981,0.24926447765846957,0.03985845748286128,0.17802925747350776,0.21956606135538523,0.07586901606560573,0.2772201020612367,0.28503150087788665,0.1124343481295626,0.09016435542948134,0.1742399540415318,0.03673467545635446,0.15195614304149083,8,0.048694565210211885,0.02444213620323732,0.19936903549518495,1.5382360741606578,4,1.455446630933503
1.3065175932719015,1.3065175932719015,5759,761.5213154297284,7.1441297332672615,0.0828019304346938,0.2502945358094153,0.19242466988226659,0.15727393249715127,0.22054266945050277,0.07956712238067427,0.2755045732237303,0.28276814177973664,0.09955159107040704,0.08269726921482448,0.17432502444282236,0.08823201717678066,0.15541659616450723,8,0.04755619595580069,0.10425181579905277,0.19990957018234834,1.547868663692573,4,1.4709753681809432
1.3407788003891614,1.3407788003891614,5776,769.9162108786517,9.547288724055678,0.04711068864258596,0.2530830369443593,0.19271506082116965,0.1560350619044778,0.21323559887308297,0.07705860795323977,0.2767201753616343,0.2831856538782103,0.10410504965097532,0.0910422078463262,0.2676804501337135,0.11272347881025714,0.15835790222544885,8,0.013532699003178918,0.06362248618066998,0.19542801303610538,1.547558207129281,4,1.4207248723713337
0.597253729588185,0.597253729588185,6407,345.426358322915,7.336084913521485,0.05142276226796244,0.25166827887665466,0.20826815227152715,0.1556129390208778,0.22994883902284827,0.07801662926580968,0.2712498176576376,0.2843735653023252,0.1213176212001093,0.053798471597998075,0.26549686230907543,0.14588287592613058,0.09990729772269803,8,0.0392807103612,0.10294989519854086,0.2004012788426944,1.5416296537507377,3,1.131243607724565
0.27262946575077607,0.39947420649023224,6317,565.2679450465654,7.303129681137118,0.0805712699033852,0.25394168095489617,0.14239682643759694,0.15435713122385308,0.20148189891609414,0.08016023695794158,0.26666112472439235,0.2837428323744047,0.10189678085844434,0.08002612008403759,0.1446997841593597,0.08636471560547793,0.0829655551993742,8,0.050270714120908305,0.08426349141118983,0.18077498218020924,1.525679192220883,3,1.7760467141132932
1.340536965247136,1.340536965247136,5767,767.8004809219927,7.336230757131423,0.04632445791886601,0.2506871665942767,0.045828287382243885,0.17734118051500378,0.21528059172836744,0.07533954364772924,0.2737980865547484,0.10094335225338591,0.10955354141046211,0.09237328178228485,0.144341636493379,0.038879358692664075,0.1535642944402062,8,0.01559157403413644,0.06511717997515892,0.19602952569591603,1.548468596136425,4,1.427145350570102
1.2886376416890837,1.2886376416890837,5833,759.3451758626352,7.28020426727324,0.04742437542899475,0.25066234590018405,0.19287008378660747,0.17127703090189272,0.22029583067770656,0.0821846316819485,0.2741411778873515,0.28382904613013693,0.10111714799338381,0.10914456728562172,0.1739123997661394,0.08901314922938126,0.12948171153333118,8,0.04843630850810016,0.10348347904972145,0.19822387229214414,1.5398925858625345,4,1.4205500155458453
0.5770114854324843,0.5770114854324843,6505,346.0347935148618,5.83334215164675,0.05469222168251654,0.2547056519872097,0.19434053313823066,0.1551559097040015,0.2134334148325252,0.2749736076399607,0.2781118113887324,0.2848507168632538,0.122363515541065,0.11047793675479484,0.22300329452489764,0.09292184660706426,0.15797529432646035,8,0.0474443043349005,0.10540421296466318,0.1798907704215973,1.5320319742770847,3,1.0927000981786728
1.33007502780332,1.33007502780332,6117,775.7722536556441,9.54630719397935,0.050878343607531906,0.25400963612892097,0.20842297115600072,0.05980916347189431,0.21519022263927234,0.038934019905346375,0.27825720090389877,0.2854557671807725,0.09839086892975187,0.05375267263497826,0.17541284731505094,0.04063403069646036,0.15921968797886474,8,0.01697613109229671,0.06436439770389027,0.20017730225068212,1.5177403737036959,4,1.0806519354413977
1.3143873270775248,1.3143873270775248,5872,794.955899684771,7.203788273558944,0.045042729985924554,0.2562040323139142,0.19310421476025302,0.15675855586756413,0.21689213777384336,0.07816537769841216,0.26690637076020485,0.2859343864489598,0.09799741066261376,0.10851353095688118,0.1449620467298551,0.05210141423294164,0.15749509653874758,8,0.04902700480954921,0.063732013159612,0.19803460615467272,1.5479141026200987,4,1.105573845952841
0.9324622742845933,0.9324622742845933,6505,771.3633900828128,9.526312083918027,0.05507157162348138,0.2533858349658406,0.19236044755921572,0.15690427962099884,0.20125630200658667,0.08168649620567793,0.2645233612423075,0.26966253546518865,0.12263498661068226,0.10519157751376736,0.21916023722639202,0.17173215056547148,0.08150220034814362,10,0.0501016209151217,0.10639610924952397,0.18236259804011445,1.533455143104061,3,1.779102340455371
0.5223311097503169,0.5223311097503169,3878,202.95772598138507,7.2303132059974455,0.05787993621305792,0.2498741182477908,0.19033391130486327,0.15749271028870862,0.2305974235618822,0.07834024471659645,0.2836428036988871,0.1421017869128739,0.12141348936317514,0.1150503149606156,0.2765775367185821,0.14540842048909924,0.13029457691618,10,0.04375676156062532,0.09888117411496777,0.18053094978297318,1.9899799086720733,3,1.769103534536954
0.28569327180483844,0.37138795752958687,6591,664.0963082903053,7.337660455829931,0.0812139452749707,0.2561139296432016,0.19235031260932994,0.15989596445722823,0.16507816302125586,0.07671666056473064,0.06206637356233801,0.2834681145047275,0.09990367830758554,0.05524004864947105,0.2670428308153707,0.0875200241399231,0.12857253568825322,10,0.048896534984959765,0.062222736129403926,0.18253205402132305,1.5477024915097066,3,1.1261846537777076
0.9231225103202716,0.9231225103202716,4642,733.7072619723965,5.809556814187278,0.055803088165889976,0.25656097562858005,0.14549836866879712,0.15751081595949648,0.23288930172335345,0.08095332355497245,0.0377611097567845,0.23259842681278306,0.12165392994221126,0.054948698288187686,0.27264157996872534,0.08454744556164856,0.12558829683000555,10,0.04016680301656321,0.09944638701034396,0.1798272762641981,1.8222078670273048,3,1.7591685897113745
0.8426918454630994,0.8426918454630994,6348,738.4404854063574,7.277419588869878,0.05559817600259549,0.2531268765753739,0.19221908547913324,0.1549139915278459,0.20037684365264408,0.08275548368644142,0.26623818166471597,0.1417524505053812,0.12184964973460172,0.10993124939105295,0.2699570016134185,0.09008861428648716,0.13015812227746482,10,0.0492952581502069,0.10025807530991482,0.21752714201785495,1.5514797943104655,3,1.7853625048390271
0.20701873019701006,0.34204441368044664,4777,478.62381182060295,6.032468939343983,0.08038541574106835,0.2557552374740063,0.20833400588446463,0.14272101409493987,0.16573297054680589,0.05573301213636741,0.26517612456677686,0.14791715597502728,0.03916451974091904,0.055702659448907677,0.27934059895312147,0.09352318498333023,0.10113479566408992,10,0.04113482320215417,0.09275368715281278,0.18143778410652048,1.820803635473737,3,1.0436698238959723
0.7784596569848705,0.7784596569848705,4942,586.4891792603153,7.333300357995946,0.0811142973275257,0.2548870111455186,0.1330551666765322,0.04135971372613824,0.16560171857395142,0.2507572189825093,0.26199008259800155,0.28079732364497645,0.09992042275460705,0.050816771224605,0.21891112155267045,0.09030761827620301,0.12777113574031068,15,0.17379118305868207,0.10230454196185484,0.17928325351727215,1.8215836526801172,3,1.7763334741232284
0.9708814938261,0.9708814938261,4781,775.6930055044435,6.006777978580292,0.057216216027121486,0.25816549861700583,0.07469137401734144,0.06176929593611995,0.2031804361307227,0.04962217131223052,0.2629044519620268,0.29977093034203717,0.039727817832103066,0.07483633967602649,0.22456775680294705,0.17624396423181327,0.12678682441283357,10,0.059430353043181894,0.08608851074340318,0.18106546963473485,1.8015019156354146,3,1.6090876531413043
0.22957805896885777,0.1525919700049781,5423,217.18353813146572,6.010241188580924,0.05890829795959094,0.286835312787899,0.0002470672288756564,0.16940537788600113,0.23983492163362202,0.0559663936029681,0.28652072948028584,0.21158360861893505,0.03568542417905385,0.10086549722145854,0.2235150011321679,0.09501456865197375,0.12969414460090853,10,0.05879986887273863,0.09648270192703011,0.2180582426334413,1.8228787016284014,1,1.5925117177358936
0.2041279656961391,0.45161674748507663,4734,412.6779417683465,7.946610978248921,0.24745619811198233,0.2687778797377266,0.09699804686221881,0.16698025475175626,0.23796885775184926,0.23463429238393707,0.08344362491621517,0.2998334404054649,0.04447248617601342,0.1407992275812492,0.22460236278095772,0.1280960539032576,0.14561930918943664,7,0.059637247666391585,0.15481144443454323,0.21823863936578092,1.6419917474700285,4,2.3548748552361034
1.3088562207503904,1.3088562207503904,6637,859.7367241856717,6.037655218438081,0.05556555905064779,0.25473809269094483,0.20870114209508686,0.15754304732194435,0.23233843611577826,0.04819872489076655,0.28544518406102093,0.23088527328958994,0.08037615472882331,0.10552930552322032,0.27486923711307015,0.0935458989325702,0.09542761258372234,10,0.08284511688995701,0.0982570404415506,0.18049436741171312,1.4980758883118561,3,2.364126096644778
0.8243521713885407,0.8243521713885407,4730,736.2611419313196,5.991327002542522,0.2581901058008943,0.269307432888199,0.13117581773394962,0.050899531144289634,0.16552737084381,0.23221529233159202,0.08109351986798374,0.13109507181232458,0.0827281817729092,0.06477450175324324,0.24190518233358396,0.16833496220922298,0.14452558584929656,10,0.17231613488416928,0.09534736499260514,0.21829660188520267,1.8113428823008115,3,1.5948041234591712
0.5401303767378778,0.5401303767378778,5236,401.9811521652844,5.770146281443953,0.05745131622675189,0.27052647964488397,0.1298895151770748,0.060718021718734305,0.24357735520848514,0.05096207483509119,0.03589400028793445,0.24177119196568536,0.08562356729921713,0.109925590083295,0.27795002709749594,0.0942163661359426,0.12559072520086556,10,0.04191735799189862,0.09317083069585144,0.21893029200192474,1.8225081418103442,1,2.353033031675218
0.23105331826477485,0.1625793024588308,5457,220.69909588649168,6.007173202318264,0.05851870897564851,0.2141358316086573,0.13005148008392675,0.16604693616975166,0.16477086902999746,0.2238924839376307,0.2853292312854444,0.14272581344859933,0.044113959703984476,0.1337925078972552,0.2878741781068993,0.16702658717216906,0.1258208021376258,10,0.08411957718354651,0.08895916715637717,0.2171328739625107,1.8180779063442234,1,1.5772716222431304
0.7822905210732138,0.7822905210732138,4849,313.05874924593013,1.292581052314618,0.29855231729405857,0.2685517049966324,0.011271976494107189,0.029090731463770485,0.2438762618431281,0.2475218220128406,0.05098344676392995,0.2998129390304382,0.029037980614988662,0.07203477194003965,0.24224126163194848,0.12960819223391806,0.1439941790473185,7,0.060930990663965165,0.05448909069834668,0.21302359752033603,1.653872828705876,4,1.5944276436728464
2.4009730076627283,2.4009730076627283,5285,1965.992518716475,1.1818880381965498,0.23997486505506085,0.28725687392634347,0.13463573401617188,0.030367581901280388,0.24241783115376855,0.24917185695719782,0.03569952635964062,0.15225317263623825,0.03694655015743448,0.007960053740029192,0.22568701400434446,0.1298506136617523,0.1450734388252471,7,0.05938350444616122,0.09290783532823794,0.21602582439232318,1.8299239229492932,1,1.6460080530111068
0.23453532060169846,0.2388029558778528,5531,244.6192361019088,1.4385926009010397,0.25970671883384394,0.26908938254472436,0.1343447606722167,0.05383797845306483,0.1662636503675265,0.23777487392795132,0.0504195577780987,0.14989182301416534,0.018335592868003542,0.0728335386253583,0.2418572070894154,0.168088630123099,0.14496478506039043,10,0.28040904639411635,0.05595552669718144,0.21988311076923897,1.8039416375218313,1,1.6178179725599995
0.7068120638854464,0.7068120638854464,3606,192.43844466652223,1.372558262556213,0.22533168716845758,0.28806054081492544,0.09540110326083903,0.1659992527908883,0.2434261356176695,0.23545852169291018,0.22203517674073314,0.24415897061664488,0.0217164447741941,0.06375875508247127,0.28381541566599666,0.09862958087491308,0.11534896333771702,7,0.05953672410726198,0.145327861568597,0.21181806729666647,1.9155838108155239,4,1.5457910128135994
0.34932366220717875,0.23879993572235586,8105,696.9197324307237,1.0859157087308002,0.25359548204448246,0.2863192278734127,0.13705098440749527,0.06723025597369633,0.240366031255152,0.2228906869310682,0.03795053668586916,0.24283850100674553,0.08483106855444734,0.06537620519169106,0.2434297106389569,0.05272776512336297,0.12716942369607642,10,0.059198961362761836,0.15533596204733452,0.22134218004227127,1.4924712553357733,1,1.6168135557180618
3.2099221786705354,3.2099221786705354,4891,3031.3016083102048,8.022173863491322,0.035176243173826505,0.26862380725488766,0.07478300193356067,0.16658118129264535,0.1500900247864664,0.09029124549312255,0.25242162509783406,0.1538269369566559,0.031946396532361074,0.07059742647101062,0.22760824608256786,0.09740225390264882,0.16970888127325737,7,0.05901606244105659,0.09439620039370297,0.20989705591457752,1.9179999184045249,1,1.6044332510918038
0.5729250083099876,0.5729250083099876,4873,540.5425237417188,7.940070226525586,0.032553412326630775,0.2878159242598402,0.1318264565224274,0.02039774737030051,0.16541679285935493,0.23302318241365097,0.04079200950613805,0.2999732543722506,0.03674317950594131,0.009145131372606335,0.24488063088577627,0.13139342771563367,0.169749719811885,15,0.19345156870290506,0.15483838795503252,0.21865305564033533,1.8402680009343817,3,1.5882037863817593
1.6734099431227227,1.6734099431227227,5557,1082.7819138191228,6.132214515129923,0.03741358102193966,0.2870717781611823,0.07462571576590221,0.14442181284760172,0.2392290180833181,0.06138974514816947,0.25329255498373754,0.29917274419349194,0.033347478653250454,0.07369830009843113,0.2858251999549114,0.0977645600711632,0.14308654782806712,7,0.08689716700799902,0.052702538620563906,0.2193678029724736,1.7909264394067081,1,1.5785140210175628
0.20636194210731207,0.20860365835958042,4581,929.2165264387244,7.985767731198204,0.16694319845018402,0.2693584390855333,0.002463755222329689,0.16796488252322278,0.2424105921168145,0.05868393153147344,0.22514841716981324,0.2125982814354217,0.028319000326523992,0.13498968426770933,0.2876950004633209,0.12863498419453276,0.16927535283482165,7,0.196348062184987,0.055690185311925024,0.245606258918883,1.9218378729073453,1,2.6976562348155055
1.6117125579044784,1.6117125579044784,6179,977.4666629775296,6.329031697368431,0.1021805192600836,0.2851595838131274,0.017615903664330395,0.16959597742797222,0.1528447071784915,0.05563235077711656,0.2884948927487688,0.15483651025401582,0.02132345221962184,0.19293428656920264,0.22656643907343052,0.12803576822275053,0.16986494580526215,7,0.05928340719047541,0.14379243445191237,0.21182052741773078,1.645338390842903,1,2.5883450484030655
0.29984567003015794,0.25790106322192863,6905,728.2402018094759,1.0915041581393319,0.26891239576732884,0.28835821616366114,0.12947524151349082,0.05502369878757641,0.1659275227498117,0.2211161123690839,0.03475669095116288,0.23152263623683825,0.026566602875135993,0.06372962198163143,0.24247464598320623,0.09625599941282842,0.12522044622456965,15,0.20601710420812455,0.09588182489565444,0.2173225024264168,1.636424790595236,1,1.623918570399597
0.888645114976728,0.888645114976728,6122,387.9819604551933,2.358862336482305,0.2775819316118014,0.21267198113864405,0.021702329498972696,0.14333649597150308,0.15582831587021628,0.2094734216841826,0.014694260668500658,0.21304050994554413,0.0485850463603724,0.14025288265585167,0.28363325142198487,0.1810934921097126,0.17117872116354343,6,0.2743836659336827,0.05647962487198586,0.20451734815938402,1.640196202375864,1,2.6579772442486855
0.20506680612779526,0.1873703251985194,4716,514.0083676677151,6.365890218658851,0.2573645116118456,0.28575847839517654,0.011388229388382078,0.16827695123574646,0.24270985567355938,0.05817982482076431,0.08522687965797814,0.07561756852414184,0.020774838244043296,0.14016999593627638,0.2833980428591926,0.09811429628707519,0.14451102941304236,12,0.0830267070799455,0.15633553874321182,0.21016432714821984,1.9303684360730133,1,2.653315890186937
0.670982382354407,0.670982382354407,4755,288.20028128112733,2.0574538801965683,0.26502371372334277,0.21278245661444592,0.003070081416136773,0.16998774094380328,0.15386721442409715,0.2198126358135993,0.09666415891040744,0.1518347011510593,0.017818846938169416,0.14441954495549889,0.2989199273780419,0.1845659414565937,0.11537653176160606,11,0.05575886755182578,0.16144537831991995,0.24703452575678503,1.9064510775509305,1,2.7205351040048664
0.5646924674271828,0.5646924674271828,4952,284.58699501808934,6.243027610379376,0.21118599844752461,0.20177833711974402,0.0014607792804568075,0.1680911149397065,0.15127217886258482,0.21674157158360446,0.2903279074704668,0.15599662188305535,0.03526235902919477,0.14702838150749115,0.2861312778986283,0.12978577558296567,0.1700720998097216,12,0.05774413969997507,0.15441804042419432,0.21087706986380816,1.9233527975388682,1,1.5326914464225139
0.5029363363080882,0.5029363363080882,5150,379.30240223560924,6.429828812146685,0.10546910144948288,0.21504465791497718,0.0033028017455421707,0.16695932936695781,0.22538342261203645,0.22757030971269748,0.28773233021498124,0.13262111359073298,0.04522481188148092,0.12886868949089375,0.2807069922816671,0.18765986637415674,0.11772873323374551,12,0.08850260618282649,0.14964541432258024,0.20842374534636746,1.886508746208483,1,1.534381586430996
0.5507944147156885,0.5507944147156885,4965,299.52572039892533,8.014651146603795,0.10442257179889475,0.28805923262738536,0.00023640803578564573,0.16788345907752464,0.23960192789168966,0.09000925425450162,0.25419736878623034,0.2103489318633852,0.028373130535705875,0.06110314615705367,0.2823802965008877,0.09850184874610471,0.17079874242367338,12,0.08329377316439819,0.09507464232180951,0.21096988784734463,1.9195236550253876,1,1.5664343437553963
0.8821181841850878,0.8821181841850878,4658,283.17801027575126,6.350042721228257,0.2736955112555941,0.20016352495554857,0.0004890786756536272,0.1453964694652462,0.15024505627657886,0.05755410583442979,0.013659097870614461,0.21067535321095898,0.04749491754083733,0.14166635790381185,0.2987975291809924,0.18434382795759716,0.1704022930759504,11,0.055620746629808156,0.05662001397003697,0.2075008138272698,1.93404575663715,1,2.569436752119496
0.5713156019486972,0.5713156019486972,4907,278.6826971085172,6.247180268213935,0.17482419300542257,0.26891888074562725,0.0019352391534662903,0.16615161387536775,0.24325020308318085,0.06153666745619127,0.08571934701846842,0.2435298214523954,0.01971234917756455,0.13975952774814843,0.28938548843183,0.10607125725631356,0.16976302348035718,12,0.06105252167586523,0.1469145262724118,0.2113023347988881,1.9305074648026213,1,1.5734163240284722
0.7332004825550807,0.7332004825550807,4738,279.4727743174927,2.3673352098915315,0.25189637544968113,0.21316614745516935,0.0040344773369982035,0.19757583152191832,0.14991853850328152,0.21887383510004643,0.19476826986226378,0.15375848724894198,0.04370634826190776,0.15184591711467887,0.2919614246097384,0.18664812961576221,0.17101980095133124,11,0.19698066180243184,0.05745343025554784,0.19030547379649357,1.912635978716983,1,2.6687506971412684
0.8971288952586441,0.8971288952586441,4634,288.82518088782297,6.392142303139449,0.035808078997913335,0.21362671922581997,0.008565879910354735,0.16917212042500474,0.15827433491566706,0.23476503818977895,0.014886894831801067,0.20203884354322066,0.01846752081602382,0.13288510136041132,0.2864236611948239,0.18766316270043734,0.11582798028187354,11,0.05396603815378439,0.15659819832390784,0.20900794441420578,1.9434085769868152,1,2.471013104143463
0.8368119210354247,0.8368119210354247,4271,248.12056101387665,2.405033245254235,0.27117379956521315,0.21594732997819718,0.02311624225015943,0.19256591288760977,0.15946175527282638,0.2112395321561355,0.19867996173274913,0.21283587604621362,0.049895097974890695,0.14293372880474328,0.2880392546337003,0.1899894055160237,0.18319239128479997,11,0.2794696732459423,0.18828296264651528,0.2472949520776237,1.9987535126727531,1,3.1314260768806057
1.3076651543059463,1.3076651543059463,3051,291.9355836419628,5.487231432693671,0.23978969908215536,0.2622875157146094,0.01579065145012972,0.18291901759396537,0.12959853647022357,0.044675581084891954,0.003676114097348421,0.18005656796694167,0.00042124361714387243,0.15770767648732176,0.09398452930664614,0.24130806597289123,0.14948289182386182,6,0.24152678787347884,0.043752608829395426,0.17089515101580707,1.9856463557260025,4,3.0630000033300986
0.2155813782286355,0.38008210484709853,4900,684.882693718129,6.335753071440553,0.1065343450920834,0.19222665850235887,0.0049057404293391515,0.16993323326924442,0.15523134064417568,0.2166284107381819,0.2996103550420773,0.20987518633296123,0.04850282175757451,0.1323458160244906,0.2959742262337576,0.1917113544400812,0.13498916480187792,12,0.2875621223926317,0.042790462486879476,0.2444251842786489,1.8928361029005791,1,2.705892562441015
1.3345717839254663,1.3345717839254663,3128,292.58292109983023,6.976911504949637,0.23997420944821227,0.14151813072973524,0.03239757129603503,0.1810976846115381,0.05039744751842927,0.26341516498223605,0.06927606107661911,0.17913277452270748,0.004514460364032771,0.15662722780263388,0.056588839366022534,0.14896431816958647,0.13534177285903076,6,0.23024782236665406,0.042944457897895395,0.2448152783077962,1.969953627664484,4,2.8437140473515834
0.1998031459253607,0.14385318314517623,4730,163.18875552164096,6.3878394750895655,0.17344403859222374,0.18933313180540426,0.015572018976261023,0.2297472685912229,0.1567548671242472,0.22928030855228565,0.20049258865067698,0.20436846260302644,0.047543516487403764,0.14210083279289532,0.2921414952670796,0.16420233661429062,0.14933682505487383,11,0.28698854347910296,0.0590447756141751,0.24704115495847623,1.9707590409661415,1,1.3456733223582185
0.5626429269527901,0.5626429269527901,6415,838.3313078321127,6.3170306901798305,0.1831262048298259,0.19387429669222356,0.012613330549299126,0.14400982171231944,0.15388658721155912,0.05875813520339623,0.014245481119605496,0.2088580402936034,0.04702351357174165,0.1412933641731736,0.20973688306950777,0.16395235308977676,0.054171211146920584,12,0.281242215564321,0.056412599721867226,0.17056098884228904,1.6442894436414697,1,2.6003762633503213
0.7610454775511101,0.7610454775511101,6517,911.8471550264007,6.341138802449261,0.2796928195778052,0.19513382081940506,0.0011737652990267099,0.0810880276054772,0.15538205777500252,0.21066939424940398,0.28928374886387154,0.20207555897079144,0.010701827497294904,0.13995610739688125,0.024747610974874074,0.18455350367933965,0.18327358435734067,12,0.07929190346929513,0.04167654073829291,0.2060192196544547,1.6290622406177517,1,2.6719403617374926
0.8972965836004309,0.8972965836004309,3589,396.82479751670985,5.4518173040425815,0.11495967743366325,0.2613401291818192,0.011187382480477041,0.1960746621556274,0.25435068528160737,0.25908914206181766,0.07142583005398379,0.08048827343357265,0.000570718431547667,0.12049639914948033,0.29186266555799795,0.2509985905530884,0.13726869837248723,11,0.24669522282703132,0.07068316365881658,0.19161507506715647,1.973025533067167,4,3.029548328493732
0.7379792617052311,0.7379792617052311,4371,253.73191455970144,4.575204826307389,0.17694908026089434,0.1904127181271349,0.012337982448466012,0.1948239806226858,0.25515094061422716,0.05872940378911815,0.07224390350654826,0.07116836557559075,0.01241440326767123,0.1356103736408947,0.29466414648343303,0.1660747042304993,0.13558573569731897,11,0.2585247972189305,0.18268886761243686,0.243582667705889,1.9702707979084662,1,3.2332550683410735
0.6213681195901498,0.6213681195901498,4935,718.9342813738899,6.3666525373379415,0.1807065892606112,0.19128277046563588,0.0030189966746929173,0.18232711635295787,0.14806834369556582,0.06376529873456786,0.09331791674990303,0.20836924351764033,0.012357319810009947,0.14050022739495596,0.26247271885385326,0.18721272307028736,0.18435141996479912,12,0.25727495890676627,0.0417871408692535,0.2480247980776496,1.8837447870557569,1,2.773319751925652
0.5927161023525493,0.5927161023525493,3521,203.25219998461176,6.925348551065795,0.09456914254231621,0.19437512952014632,0.03299399833701012,0.23153652828680063,0.2650323806104271,0.11662532541084443,0.07169595229084028,0.08878788784901602,0.14252424809207814,0.11900878247305283,0.25987745789079364,0.16387556158804836,0.13788084074792137,6,0.03927987122833368,0.04490887502688462,0.2713692662005486,1.848387839319236,4,2.8426258699749893
0.764923602632316,0.764923602632316,4400,255.8665912902442,7.596022557240835,0.1625837282371944,0.18905119942125148,0.017868804511139383,0.19888500040682042,0.25419979113268143,0.27218848241974525,0.06909656744815712,0.07888367173125488,0.008109778409616505,0.1341758372969028,0.29127799128043586,0.24343081522941143,0.1492562421323362,11,0.2570748348028155,0.17401398276029764,0.1900063678266955,1.9669672928248998,1,3.1429506079080753
19.07145395652489,19.07145395652489,12001,11.470443965347014,6.955521171185237,0.1645911890301468,0.1943425343153315,0.01667857723280118,0.08247900024824054,0.1700583366472611,0.26224087677722746,0.06815292169177369,0.12230280725545092,0.010519556238754238,0.1592556676848779,0.09003451373931923,0.16558016920564853,0.14916453920586775,6,0.12950179744630747,0.04510838884620966,0.26971826677834043,0.6783112877716687,4,2.284165524735474
0.201314564797147,0.418331754233408,4686,363.8738878288194,6.356427374956558,0.11439848450676945,0.20124947693543058,0.0062730092989762105,0.18176461450273299,0.15911517034324227,0.2606975354055071,0.005371446385632625,0.178526108399103,0.0049473472824560286,0.16269952752083403,0.2894458818093182,0.10641434992826702,0.13499219382477606,12,0.24065149250812606,0.06953039836499761,0.2421338158563584,1.947957547720751,1,2.2995483711484184
0.19697065900916488,0.1590442696169855,4536,478.2395405498927,6.385998590209768,0.16119934185053317,0.21664161818939986,0.013435418727869297,0.19326573356708399,0.15867713822967322,0.05638922547719263,3.3018317822612955e-05,0.1459347933896734,0.010515444521705185,0.15134668417595865,0.2967685883560007,0.16543335238353216,0.288425959014335,12,0.24687768849043515,0.04477201257052114,0.24377320285928977,1.9568010183661866,1,2.961695710350467
0.5816795759299113,0.5816795759299113,4519,258.14146535048684,6.424318262635808,0.1544751129115835,0.24315854503447204,0.008391902303849246,0.1977936455074069,0.2542756309501029,0.056055891491936766,0.2992978924911003,0.06612758321807989,0.01309084903031051,0.13837397868568757,0.2606383676327079,0.24572516720336793,0.06358419969287309,11,0.11476249985324634,0.06907160804719123,0.16935254557962662,1.975267532971299,1,2.31995599468341
0.7678034139941009,0.7678034139941009,4363,255.24016583063786,5.641195011806245,0.24720041820111932,0.19446272037337847,0.0138920011923879,0.19581807958695896,0.2530942697804542,0.2414091505574146,0.07019621812200337,0.2030627254350322,0.011998365889636521,0.15906228007485998,0.2893274778006296,0.1641728881198495,0.06344846831732867,11,0.24568013612108702,0.18126751085318502,0.24223047318278265,1.9918483902748694,1,2.7785068759216114
1.3397677732655766,1.3397677732655766,2521,275.7029622003445,5.98776929773904,0.12427867934033485,0.20819446741390632,0.20385105186189112,0.2838720614162321,0.16078322500406012,0.24083794809997308,0.18561874134302517,0.14439276034669274,0.1355228545961366,0.12794101950990325,0.2732003194391831,0.2718537696209571,0.16145379295626336,7,0.2923826249304459,0.06760733210448787,0.22727188608773732,1.865540627716315,10,1.3549670683337935
1.1248722756535534,1.1248722756535534,3301,493.20052127386265,5.9001931758153345,0.14544521127841814,0.20554552197111456,0.2049069357450091,0.2532339897239786,0.29877608204455325,0.24096897870333647,0.0006477515446317608,0.1450519678591157,0.13638454585125218,0.15047294584813375,0.16411090800377054,0.11061537286787221,0.16205386898457289,7,0.28998475425777415,0.06917057888853792,0.22485045001576334,1.8634463134153059,6,1.318609200615204
3.365442548010885,3.365442548010885,5019,3620.191654040274,5.702877316763948,0.16232230838420436,0.20178337315777783,0.23016393503814053,0.24634587159433238,0.28659642020741927,0.2291337260671292,0.1740290058057912,0.23614552487422183,0.13297824984517614,0.16904168867050856,0.18125025800865724,0.15020721668334952,0.16342985006499433,6,0.11009498718590065,0.06972640424473069,0.2266064498165284,1.8588114880185638,1,1.257088130828267
4.1711065615667255,4.1711065615667255,5190,5622.4090873751,5.693816522509783,0.1604209313083163,0.18701022641502763,0.017421681430390204,0.23231635511851406,0.27068815024451676,0.11466316176470782,0.18131988950399192,0.14370504345288712,0.07187939137166809,0.1354016502589315,0.2593650604961625,0.2780982385463886,0.1622685331508211,6,0.2913369989029626,0.04840421720602842,0.2411562253431799,1.8657419332381757,1,1.0086320888140001
1.3543055301699807,1.3543055301699807,4383,578.318703676273,7.5803836945765335,0.171691857002255,0.1919976492555244,0.018023642107705636,0.14922588734003833,0.17057571786564857,0.062472462663855796,0.2955939374337163,0.07824109268626173,0.13953220124958415,0.12325160729746121,0.26112413327017403,0.16492019011998765,0.13571560906782326,12,0.2886049423021851,0.044835761538019096,0.27034479791963306,1.8568130375316523,4,1.34702049733699
1.1389216338427361,1.1389216338427361,3032,357.4796545317079,4.55028882448544,0.11439573111651932,0.19158158389560248,0.017534095359990717,0.23876623807732483,0.17054768795035724,0.22835129075437205,0.055758767895548456,0.08158325583631723,0.14221299566432666,0.12009672576459958,0.2946692846891923,0.27744962184861716,0.13769805750843853,11,0.29254875670209174,0.17871981996351455,0.2730939132149422,1.8717541291317639,10,1.285167696889911
0.22164863947506752,0.16126651188948288,5093,566.4183685040509,5.7210570900778634,0.16455691342879192,0.19039260685482753,0.013600682093023618,0.23948970565439295,0.2531537513408181,0.06505206283894163,0.18255006679297556,0.23101887678322072,0.0723897286030872,0.11896022159335112,0.2633857092111065,0.1660180112545592,0.1368225967155122,13,0.037548586782558166,0.17632505094351816,0.26676582793386927,1.8495741556214957,1,2.779782022629805
0.5952398485131849,0.5952398485131849,4205,463.1268550261467,6.956221593537407,0.12143688676087284,0.24293482258264504,0.03209044721136786,0.08106130594799253,0.257292021317402,0.2402399716027509,0.06819991351319347,0.13670669836637586,0.008155296765548683,0.12488465248860801,0.26495544285273703,0.1630505912163424,0.1355994396451694,13,0.2930362808412999,0.043815830105686036,0.22647503021881957,1.8640378051004445,4,2.7619228787485395
0.2209164348918635,0.42078911762782095,5090,529.9860935118088,5.723605303599316,0.12550173240586232,0.24360269973552934,0.06284568618897166,0.27015480372474593,0.1710400682707489,0.23845705951682092,0.29968339523901655,0.23358991201967966,0.13867529665532852,0.12663221793807597,0.29968008609727803,0.277795199799412,0.14825043748639022,13,0.2991987539398319,0.06868836743245343,0.24055919143583443,1.86251248494778,1,2.4681044170665127
0.21444412296466364,0.4166375435867458,4960,466.64737787981903,5.644876002442853,0.16523049371124796,0.19356288325589138,0.015643016344421213,0.2375737777187549,0.25398166576442915,0.115468109001275,0.1819620201690616,0.08650467735154432,0.1390474054651485,0.12320453089807469,0.2601976375116713,0.13656741530810404,0.2921042214981334,11,0.29604917857344215,0.043941153360874965,0.2433795681091094,1.8571433789264027,1,2.9483631948921416
0.8332339348790343,0.8332339348790343,5402,737.6667926202148,7.60792555261808,0.1646574669037678,0.2052303243457741,0.018822486122334448,0.09619655716723127,0.26857024505036625,0.23892737718010565,0.00022726120136568224,0.23142013251348068,0.13283961616189488,0.168800511172901,0.29915217309722714,0.2703046943743387,0.1629723850024118,13,0.29260429911571856,0.04900237699535434,0.22746266162956633,1.8624154031519777,1,1.3251086349996837
0.5170921860771054,0.5170921860771054,5053,525.6330549429791,5.635747309306335,0.13310867568772872,0.20663483349495881,0.022224767987781564,0.2536616894112213,0.16163163733454794,0.2382750242746727,0.1810693084139751,0.14750955288642828,0.13417674483263373,0.16760882923700857,0.2759069480783413,0.15257280474174836,0.10599895436547992,13,0.29146232427191926,0.05042465281910541,0.25491929059067986,1.869990381881458,1,2.4653302831908177
0.6460610583752907,0.6460610583752907,5467,748.981194112917,5.684538803988891,0.17088285590018035,0.2090937870924823,0.02245849518320982,0.09848951859909066,0.1615949789750406,0.034986008302615466,0.1789698438522085,0.14769194082505865,0.0731935617571699,0.16400453742725685,0.2970079788441856,0.14142780723422405,0.25737756530866784,13,0.29047146885580105,0.06839545267374705,0.24019752389947888,1.857253019359104,1,1.1927124622857157
0.21845696298683873,0.19318989847556509,5018,562.4177792103226,6.059931124285015,0.15097889429044462,0.20818747253138237,0.02881556274483146,0.2467717738900728,0.16212894029955696,0.18385895361569426,0.18268990906672228,0.14356426119121507,0.07362459350073422,0.12934882621369997,0.2957480151786742,0.14037205486014961,0.25321382728098274,13,0.2945807800085313,0.05011142616771883,0.2549886378230885,1.857858336300029,1,2.9375619157855914
0.9472797941416246,0.9472797941416246,5440,740.3615335527844,5.721325708884242,0.13258392063627855,0.24480538710564534,0.020068056219288748,0.24113061153417872,0.2695578417526099,0.24115950054246157,0.29865401798200264,0.13796608013053469,0.07271063399608249,0.12630373955156812,0.27814256339218046,0.27533828368265834,0.16132965404919533,13,0.28843781263156304,0.04869932910656148,0.22917596009209737,1.8557568509944005,1,1.3153290707739629
0.2099270378479305,0.27700410307610923,4836,505.6222708758277,6.102935473424529,0.26043387529187384,0.22863282889680997,0.006414323261018051,0.07305219323693593,0.17382168069869847,0.2813192074997487,0.10161693208156075,0.1727418787119853,0.026831297772732368,0.16673635205899204,0.2926791475418003,0.13740643952595033,0.14152579283837544,13,0.2746017341794423,0.08406301928518364,0.011762740018341378,1.8928711427720113,1,2.965553735613821
0.2634985569335538,0.21989554153961263,5991,832.4134160132252,6.053919923374835,0.26227851006010416,0.20764667686425975,0.007169203851730258,0.09674714236704708,0.14620390959168605,0.03257173369901102,0.009071500740091054,0.29191308833247115,0.025806942683413363,0.006465695101578621,0.28101746603175887,0.13958665381124863,0.2852263766723982,12,0.2734388816865044,0.05162261507350744,0.23205419278786307,1.7672725411926362,1,1.2003345256991453
0.6952085989895425,0.6952085989895425,5389,642.4175856369759,6.108207627356929,0.1527969595774562,0.20341156757448065,0.026445220111048398,0.2253517240778918,0.14562332734600403,0.044124626586101605,0.1899659238816337,0.16167055208083203,0.02509864157281928,0.1685712464777645,0.2982924351177493,0.1732806846957513,0.29243865699204336,12,0.273801338320946,0.1981001204585289,0.25366988056633066,1.7858012145306597,1,2.915203601133327
0.8484211993172962,0.8484211993172962,5470,793.8157145819096,6.129250320339643,0.1319058865788578,0.15303564982159595,0.0640020457747468,0.09718444953115588,0.16115235546604934,0.03424569015174555,0.006812102519180887,0.23101445451878622,0.041928432730842694,0.09841593444708163,0.2787541946517165,0.14178983645554802,0.14129287696287535,13,0.2751023792678263,0.20116527719418675,0.2874290510683124,1.780605778365141,1,2.8845594745457976
0.20620609610665208,0.36587845094375016,4727,554.8657663991239,6.065966913589455,0.11607555797262695,0.24389042150966841,0.023090288419299845,0.18885863640046457,0.17097603129699046,0.2858405110197533,0.18457154217987534,0.13736679780003452,0.022907266084699982,0.16884129561697858,0.2988153141798103,0.17515359921329535,0.2428649711361031,13,0.29212582691335254,0.051552027351929715,0.2544071219744819,1.8920135175670527,1,3.585327197040869
0.24258640749242505,0.3032870752636833,5524,745.1844495455032,5.7314723017937785,0.13234533844429505,0.07498236484341086,0.021843175955478786,0.2488164231649904,0.16989608918594246,0.03441427091378867,0.003373519321404813,0.14586080242327584,0.039971451727895776,0.1643767641055128,0.2990914903203916,0.15172077039082785,0.14147942722550946,13,0.2921773925124861,0.04875053646192776,0.2549091753589661,1.8560465662673857,1,0.9933394425076179
0.5071573856989571,0.5071573856989571,5554,703.2435479628459,6.130018542006608,0.14395491983778316,0.2281479968449239,0.02302096121621022,0.2648656441650346,0.15892051504445623,0.045333229770651705,0.18212773905010424,0.23314293428765462,0.25884094456930573,0.1301180201471671,0.2979057811330292,0.29413772166406077,0.1444358960357337,13,0.2988212724709137,0.19957296565706983,0.28325881317872853,1.7803486224703755,1,2.4922273991740855
1.1656570340048586,1.1656570340048586,5983,698.0337384328484,6.156626630948736,0.16236895070190266,0.2024843167028039,0.021793169012777412,0.23973370095781432,0.16986665634965237,0.1902520530918928,0.17765621832630088,0.13744875112646782,0.06918534037876523,0.17225077202093664,0.2973180397796848,0.17213381672892036,0.10759370905484641,13,0.26821131200840453,0.05024956022991302,0.25570510312700107,1.7734162609658874,1,1.0329325843165416
1.361832612599657,1.361832612599657,5623,811.0293866668892,5.302663688774635,0.1324155095020189,0.15667028367003957,0.06306066445582645,0.2619952079021108,0.2339144673634419,0.04529936806566853,0.18957072759298177,0.22737824770619744,0.05351310891170978,0.12846022319053005,0.29899821244060304,0.14042438305109123,0.14986193437125161,14,0.29723323499979337,0.16408659265006006,0.2584601434104153,1.7787724239245037,1,2.4414361610781725
1.1827565795247141,1.1827565795247141,5500,725.316873095969,5.349687135856414,0.18994859345213808,0.08861245865639739,0.06168760352036246,0.24130026069235744,0.1463364982315966,0.04468857178881078,0.20264934714981206,0.06296234164338664,0.2787526951368437,0.12950679058951203,0.27851342847402166,0.2985071438895367,0.2893224112071468,14,0.22260920672173368,0.13756419724856803,0.25685005158001656,1.779847466291454,1,2.96336421968965
0.9583759468214947,0.9583759468214947,5507,825.0485288767085,6.1429055165863495,0.1531749958615294,0.082485269602076,0.054680494657890426,0.2716412187630908,0.17962421070046136,0.03341297937964932,0.20320261055108907,0.2285191231764838,0.1279571502910841,0.14976371272855038,0.2788363211946293,0.13813700878244922,0.2711612070069304,13,0.2986578103283169,0.08286963830072443,0.2648938741917221,1.7735037704249816,1,2.919630653002079
1.093354582522981,1.093354582522981,5596,722.2668493810811,5.3441589233357245,0.1533712039905222,0.24391763092599236,0.02814178160600455,0.2742816541724513,0.17973649255941693,0.190950959836311,0.17212763754477833,0.1609977028178452,0.22909968472522324,0.14897731360651087,0.2801836629391858,0.2960810400762871,0.282774946643042,14,0.29980905045369866,0.061171383923534384,0.2515777044425116,1.764852642776837,1,2.9431189458869675
0.5830607043181701,0.5830607043181701,5634,801.1449882934393,3.1648147937021136,0.2623130659498618,0.20698532424105565,0.02847749078015109,0.1865021597617853,0.14478480894007925,0.2858536461387162,0.007032403547344433,0.13499084327245617,0.2320993449449364,0.16475243392020808,0.2943771018392309,0.17470694450236438,0.29378389275426886,20,0.2990423638001367,0.08407635542911106,0.25098030816145844,1.7840257536998567,1,2.958516820053709
0.2417101217910611,0.4408885368537035,5527,685.107307463666,5.307768950876602,0.13614057867908833,0.20381735946593801,0.0602005706067173,0.2271446714979994,0.16023271323629004,0.04568797034368747,0.18806051640098673,0.23001938057948693,0.1287038097087144,0.16700534589069524,0.27752678419200905,0.2963843829894908,0.2882005636749672,13,0.26587024317978664,0.05232299922948282,0.2854042977690421,1.7855689136625397,1,2.468611305314246
25.047426242812453,25.047426242812453,12001,13.860500385940806,5.425771850523333,0.1455229363357121,0.18682744458448658,0.04992978720960675,0.22415512846245753,0.17951973014847772,0.16850693414059753,0.22314887520326449,0.054415584760893455,0.24009112206301136,0.14944162459849092,0.28080074813147,0.28913972439222196,0.29584793481965577,14,0.2989682000810703,0.05947723378613702,0.25553601913840646,0.4680224225930041,1,3.3614227582724703
1.0826390537524484,1.0826390537524484,5595,718.9127916881209,4.263220805813631,0.14716076731406794,0.2320948894675683,0.057791441475223415,0.2287245921778174,0.1779823862231326,0.2772387445336248,0.1874688400954007,0.17090440861174072,0.1277298908963629,0.1769899097766497,0.28132113307408807,0.1250486701279835,0.2788379577562681,14,0.27017673734057174,0.20482968436871568,0.03220118695493099,1.7647423558703328,1,2.949086190634391
0.20374585518728347,0.1850168313694717,4683,517.2513112370086,5.345785393271837,0.1460552266020898,0.23184807258235487,0.05735712184175265,0.2912778894733912,0.17426045667761741,0.28929442054430043,0.1721425074947975,0.16459644654164263,0.12867807915041762,0.17872813956320055,0.2922259753514196,0.13541127670379313,0.2851829379949254,13,0.2836677700802911,0.07933796582659565,0.03424779818592848,1.904920791681469,1,3.4838300465201026
0.8253897607621492,0.8253897607621492,4805,613.3480587957688,6.090482374462849,0.15195222635638922,0.20020448015007553,0.026219243797992967,0.27315986789380947,0.1807518099382988,0.17915817965991454,0.20237326097140343,0.16307261128733316,0.12755553584720075,0.15010877239188894,0.2999101034536135,0.2879443678037652,0.2827720644969205,14,0.29790117928941756,0.16636138977204584,0.01754114459266727,1.9072945899768432,1,2.977556782904478
0.8359057234503154,0.8359057234503154,4805,615.5970809418419,5.379010271684397,0.14326748719969107,0.0007965632705008996,0.02943410556394857,0.27153439000772955,0.17684806918775242,0.28932705406750203,0.17424909275701617,0.1747711600052579,0.12926371553318877,0.17761670223572365,0.29068533204659175,0.1363070418768522,0.26975882928646355,14,0.22489807917609994,0.1639628582644323,0.2520604288016761,1.9070358170027242,1,2.9847164882933037
0.2020523133695205,0.4507456048526708,4644,513.1388021712304,6.130150849012258,0.14310878432315247,0.18632024655454532,0.03081720372777054,0.2791559837812228,0.1808772004996663,0.2847350915807073,0.204022733597311,0.16831455772037085,0.05468113990762556,0.15267353917811644,0.29259489502860986,0.2972476432051453,0.2592783867622077,14,0.2982562518832332,0.06128485720795678,0.006850230344231276,1.942431775810525,1,2.9230968525043406
0.8474693187520151,0.8474693187520151,4802,619.4888912123303,6.565220612864493,0.14088180683228277,0.22768625859889483,0.028308373210438206,0.27566764923170733,0.18213018588487231,0.28162204006558517,0.19787821890189153,0.16923200841878383,0.12729886204889643,0.1743936369494573,0.29428737332268046,0.13759878490254268,0.2756937888805075,14,0.29706870872040914,0.08071210809341194,0.2634523290731372,1.9067040467460998,1,3.0178185554032777
0.5121068086141787,0.5121068086141787,4640,523.7303948491135,6.563163830283971,0.11743784443818464,0.23145875817883574,0.029653742979388234,0.2782213219195692,0.17485902564124053,0.26980408812134693,0.17257628670377423,0.16692663993443033,0.05325414915250011,0.17709369212787962,0.29192719701032827,0.13697938639829088,0.279362367410507,14,0.283889479201742,0.16495809496562816,0.26166419427494664,1.940815193382506,1,2.997448108534317
0.9728184754541823,0.9728184754541823,3067,381.53517620115093,8.17785929153571,0.08889115153053599,0.22631829112829813,0.0422649063582787,0.18710938704773214,0.17428076438650147,0.2840971681158872,0.19692485295058235,0.24524066946987064,0.03087912174995099,0.15478118263755775,0.28974979766953096,0.15705931318753166,0.25604759921010983,12,0.28462521825703113,0.060520272250324414,0.0975068615233125,1.9064714676587309,8,4.223387221274428
1.182928107181921,1.182928107181921,4539,555.7186271872134,8.194603355049406,0.08970844662133451,0.22978051640205224,0.0420431745606203,0.18818077187539342,0.15687932056891662,0.2875203274575133,0.19227351151385708,0.1755635896043416,0.12776738695008683,0.1755226959416756,0.2899160039226424,0.12498316491445396,0.25881730713082934,12,0.2828686397768345,0.06085071467930148,0.0215295299075735,1.912893597101078,1,3.9685075293288876
0.7741960503037969,0.7741960503037969,4540,617.0543823867476,4.158489065308007,0.08828978025143173,0.23381887992426056,0.04021533731611777,0.07210794762173356,0.17750915658476954,0.29125131850670066,0.2212600265035013,0.17173869392872304,0.052832323522253935,0.18362666153946103,0.289735278733712,0.13434742244601103,0.20746086237727743,12,0.28345223876202064,0.06157157968120053,0.01953341379986211,1.9376717241609698,1,3.4756415066649144
0.6769578452052974,0.6769578452052974,4269,524.8808068025933,8.176228467153031,0.09738169501003739,0.23197590166212512,0.0408812456664083,0.29004261288739747,0.17413917190978803,0.2860450889621816,0.10507535602685453,0.025756841243688072,0.03282242260410605,0.18500582079789385,0.2900041528918713,0.12571854172970148,0.2588390663216891,12,0.2807766404892048,0.05815833212686379,0.03946505155429694,1.907991778831384,2,3.919709475555406
1.2425167327199242,1.2425167327199242,4671,640.9138804638719,8.186936177510312,0.11084277105090531,0.23240206175414907,0.04956078054992534,0.2802371611920656,0.18024378845255842,0.2825961491857628,0.17114445688742125,0.16961123643387763,0.031948186303953845,0.1818546144281611,0.29058448500655243,0.12602123257145115,0.29947494907469974,14,0.28007630842226655,0.060509586224773274,0.028622157437954668,1.9076304490458706,1,3.7739373402218175
0.6250498080417249,0.6250498080417249,4392,501.9130554613188,8.177448728308317,0.11959971927791824,0.21979730698615998,0.008841969948022369,0.1742499214681738,0.1818640463902865,0.2839681563039129,0.1016901754182492,0.1719261834558278,0.05379161158412125,0.18995917532011158,0.287990623251948,0.135189881615693,0.29800637317651746,14,0.28425766739739444,0.05994408173026296,0.024530465604469878,1.9113275804086194,2,3.766767652110384
0.5341109653938976,0.5341109653938976,4642,525.0894862342234,8.157455761667014,0.15706326088158648,0.23321837846688606,0.05034672230712162,0.2683490668950105,0.17831052833725466,0.28847518028453845,0.19995840331747336,0.026522824393737446,0.053645460628835163,0.17609805426853223,0.2922231709726756,0.15768203230101935,0.2788617182682091,14,0.29775559853655637,0.05968081252497541,0.2519067531453188,1.9400650550649428,1,3.000318970532567
0.9253281942521782,0.9253281942521782,4528,621.8347585247834,6.502510897720834,0.10992762487146175,0.23135174732485014,0.05620254701232595,0.28446565561020737,0.17789298655843483,0.277806801442658,0.2021549944300037,0.1706654442289066,0.03029142556530511,0.1774231503837792,0.29094356068842836,0.13633377146123737,0.28559150731771743,12,0.2839743910042794,0.08163800468894047,0.0351706016104516,1.9364020801173663,1,3.5625536276274343
1.2436783881828157,1.2436783881828157,4667,641.2027067678673,6.565479888993539,0.11025765397413287,0.23081137424430043,0.04361001158051653,0.18854867172520684,0.17721398233964142,0.28061384775047893,0.10101058008254593,0.15789231718052854,0.1280304812610658,0.1756496070892343,0.2897711601603843,0.13424042340324452,0.25036069239060255,14,0.2822101882237041,0.0607436294103593,0.01990136631878281,1.9082205994268013,1,3.7849573627668285
0.18013148812715538,0.2453053201807893,4150,432.8892876293228,6.468169608060577,0.10874642351042002,0.0487543092093205,0.00976528078388357,0.27874443571149005,0.1560527250571878,0.2905246150926593,0.15932610684758738,0.12738068283126644,0.05404972651227576,0.18995637901007334,0.28722874536672355,0.15713570414685718,0.2992121486885647,12,0.2842762120661471,0.07810332243546779,0.001539094527899021,1.9489794315865216,2,3.570470736265291
0.9791556439780139,0.9791556439780139,4462,597.9266408505281,6.5131453617833595,0.10875466229701598,0.22865054201645346,0.04206567154666392,0.29478936549160223,0.15581543778796722,0.29842391823782616,0.1716028056646722,0.0219018657691753,0.05387469514072439,0.18516289854546122,0.2913250194731686,0.13390993287056532,0.25877869894090255,12,0.2834649474978635,0.05924562519229315,0.08766308098226816,1.9449011332341046,1,3.7241834262880884
0.1796172936614633,0.24882541116815307,4142,422.03761968779855,6.536434536947857,0.12224664624692884,0.23121452403608908,0.039487524245803714,0.29583935577598175,0.2920506964006712,0.2842681202477194,0.19474183715889548,0.12358936082535361,0.06588938683696255,0.19090860707060117,0.289501181209715,0.15635734062852183,0.24766815971739822,12,0.28289543925392424,0.060577615101687125,0.007278287772201406,1.9502109710987832,2,3.5944128085903513
0.18772515193478445,0.3697266997851285,4314,478.50911608706815,6.564083050296018,0.09818399141967414,0.229497030081952,0.039260255355334034,0.24795736954433167,0.17361111520537337,0.29405112984883386,0.19591659728664648,0.027554457424734252,0.031214123013642653,0.19086294353718677,0.2894067371023582,0.13454865062921925,0.26099547490067987,12,0.2817630051090179,0.0814831926466686,0.0013021543467753253,1.9120980151913438,2,3.503868613387831
0.9992420361819249,0.9992420361819249,4110,441.184534676192,5.854404436783838,0.11037389502967293,0.23806119014749202,0.04002964998544114,0.29101603407860893,0.19484042957401734,0.29150456580569967,0.10460122986243617,0.1578827097465259,0.0323075062795202,0.19121361582257154,0.2859827234948724,0.10746963538177573,0.2403597756906272,12,0.282892037814346,0.060861598843989985,0.010693493643122446,1.9998568380175044,2,2.6821748478990566
0.18089756432935752,0.24369017596325282,4167,436.35385976145085,6.49542819770452,0.11026722249328426,0.2236306651846463,0.04161434390999149,0.2831836267711314,0.17369015077252875,0.28961512323704464,0.1945180716495904,0.17842936521498196,0.06295613358496682,0.18632206254255396,0.28743512310089325,0.13151749933265697,0.265337423574321,12,0.2817311286817565,0.06459796765427012,0.024428237257546566,1.9435416821744917,2,3.5988025514963367
0.18976303946974082,0.4581132818168436,4380,435.7823681844492,5.860161563437533,0.11017642964638527,0.22150961346254433,0.012045354174413197,0.28528144784680604,0.15665595947884442,0.252786155502929,0.16144411765527142,0.029201665800498183,0.061523500290213286,0.1896299534259112,0.285620054825599,0.10821608502664681,0.29883380323550107,13,0.2340697519525884,0.07826892348326671,0.04009631350243106,1.9661874611692292,1,3.686911674752368
0.1752333811798729,0.39119529162427064,4046,399.00287079237336,5.879547281916337,0.10874535697086901,0.21924525313367405,0.00917132117931002,0.28415012385549304,0.19530579308673734,0.15120876821916965,0.12479463566713625,0.19864679929737147,0.06397254278214481,0.1178539212626604,0.2859244974517429,0.10655836725503745,0.26844607348520744,13,0.15939075575081982,0.026923728883800513,0.009368472203648226,1.9998528722234508,2,3.255514540401479
0.19296081390054248,0.47768282601952555,4453,445.14883403254976,8.690648040774887,0.17012050312662652,0.19650731625430634,0.0853152487549935,0.2966497241784295,0.16826515741989914,0.29863449040885387,0.1854703467949332,0.19694421390536176,0.06052160262562543,0.0003245084825525755,0.19165611901339427,0.14597490344567246,0.2667228087042652,13,0.1641043681187872,0.029861468701397435,0.0037068570305932094,1.9550105706976795,1,3.5358496997968696
0.9780543950241234,0.9780543950241234,4168,518.3976314650228,5.909157379503084,0.11182487078805985,0.21893061880653703,0.014660294320307915,0.2968740054198929,0.16728926660343976,0.2543084127621259,0.16614640258849064,0.09510894879863693,0.06357670302147175,0.18616068153909143,0.2860465040453648,0.10524449968514243,0.27092184985867174,13,0.2129888937867409,0.07725343670342412,0.0093607489933014,1.9566243647852248,2,3.6544862236619986
0.1787529885657947,0.25052453405405306,4118,430.1793139476811,5.876178491920727,0.11113211116303381,0.23589528084438588,0.008026460564995714,0.29129949838121527,0.15621702517503397,0.14857183449787198,0.10391699935762097,0.17313416784795935,0.058114395812178365,0.11521905907587551,0.28934501236105864,0.2599702824887798,0.2427498163263944,12,0.28371258827644524,0.027416745812976838,0.0014110181240853305,1.9495262920179317,2,3.7742661306187144
0.9587867842049147,0.9587867842049147,4133,509.5604841637838,6.392005705382583,0.12187481359709025,0.047725183461534065,0.009129039409264187,0.2800321506662096,0.1670568877194499,0.27994005613470085,0.08180159441338412,0.15846983995719813,0.06511914002648386,0.11711707268759067,0.27192003735444115,0.14632135964214663,0.2994191258428436,13,0.23673082214553293,0.08108651087027477,0.009092089012085422,1.96265491173639,2,3.732034893845836
0.7715235579332617,0.7715235579332617,4457,479.0523414620405,5.88881862105777,0.16585193906482026,0.18606576983516315,0.009029692783224545,0.24566711216724177,0.16684260185942773,0.14788609552910065,0.16149408038440402,0.15808078045651003,0.0630857152574512,0.11797765866639545,0.2711228921510071,0.10557912750841458,0.24646805013918893,13,0.038546207161809495,0.06744108967384382,0.001975158553022237,1.9948086306889805,1,2.69796809111349
0.5623895192373327,0.5623895192373327,3821,408.18201364871965,5.8066767376764075,0.16637673866926847,0.2630481136797762,0.08405817711906546,0.17951996069054507,0.1969169032968421,0.2959861878981248,0.11878702618082661,0.09322971267769477,0.06075065825094629,0.11630863606880831,0.2861522058291433,0.1100972468785262,0.15053266181079894,13,0.04251900450732037,0.029410464041013655,0.010864693908830167,1.9602673188225483,4,2.694799370961303
0.6637417428631414,0.6637417428631414,4026,437.7708372700293,5.881197070784167,0.10172485888952668,0.030219338983538117,0.00918428566090515,0.24782863118131515,0.1637130450718849,0.29700998878161955,0.18374190611671576,0.1242639805268531,0.062450199490920455,0.00035610463998563696,0.19035454682181846,0.14569719436143233,0.2387777771338618,13,0.20749287343891848,0.0676431636623526,0.0010188519704782961,1.9924432764570807,2,3.6276580613491456
0.8572408474652837,0.8572408474652837,4149,493.261383623195,5.859704929100872,0.16951274509763753,0.2182518117547543,0.01021383799316184,0.29379373027308997,0.15459594950208466,0.29948325477478427,0.15680507674957517,0.1971545631360051,0.06154600726544201,0.0012611300770964708,0.2844814995557202,0.1454297845098039,0.2661055848046783,13,0.26300275327865863,0.037910440395030505,0.23870702753711642,1.9646114600352191,2,3.5489867704880216
0.7571167770945219,0.7571167770945219,4463,480.54388239879705,5.878094375460922,0.16828557943428132,0.2392968122237714,0.010331022443095434,0.287956826445645,0.16513166548353456,0.29599081502544533,0.18412209397306453,0.18151976614441398,0.06019840801995732,0.11563062897206217,0.2719523635232305,0.10790398094999308,0.24814973171582272,13,0.2635494062773079,0.07109291909472208,0.0003418872399140946,1.9942186663952692,1,2.677429582763229
0.5533614597692896,0.5533614597692896,4020,393.25830178301567,6.73001243293839,0.10019053953879786,0.028266255590126795,0.03588063314867814,0.2995374407056455,0.28995294374864145,0.29297765152734045,0.15838118776815907,0.12093560563821346,0.06277230006560039,0.16000758509170915,0.272544052108904,0.14551664705809542,0.24618575397782,12,0.28803586535702846,0.0779634814078064,0.0015775226829059402,1.982176636834897,2,3.587937314408378
0.17866376408040985,0.23842494125825267,4135,382.3258448245899,6.235621742716271,0.17138844009379148,0.05937073284502551,0.009518975195624658,0.25713483353510674,0.2999999932633718,0.2992152520666235,0.1608777055153056,0.11106340493064575,0.06683276824927037,0.20391724963771257,0.2841936472377249,0.14794340786930016,0.26578701798906945,13,0.21398616615714774,0.03891513755460626,0.0008233765841441209,1.9957584384616496,2,2.731877871713475
0.8117796063138052,0.8117796063138052,3990,387.75275948594856,6.727921105429769,0.09930513602230188,0.22086065610486155,0.08424295821619567,0.29017277339845626,0.29292086593571703,0.27450821974751105,0.1559020861534711,0.12470172416276769,0.041564051012161575,0.1945735746859438,0.2840228699105703,0.14763526144256137,0.2663521636043015,12,0.16125287969514884,0.2786497982137921,0.010800684882665036,1.9949028143922989,2,3.489118912746099
0.8365391109744941,0.8365391109744941,3994,388.7789786244434,6.804680601970596,0.10023069787884273,0.11020980703825348,0.036402647800528855,0.2898036364647145,0.29488877043102174,0.2993522398316231,0.16131484702205562,0.09451822114818999,0.05828725358282955,0.19383156010253713,0.2840990766458608,0.14686779519136356,0.2655821611523267,12,0.27184779700568473,0.07269495849072463,0.0012766152715509849,1.9950746828942478,2,3.4656881687066834
0.17723264263841593,0.3200467285710015,4089,411.45855830495634,6.775059311892932,0.09911774691102294,0.1083663191721804,0.007876617507073573,0.2878841894603648,0.2941655146426832,0.295133202146522,0.12279908464341917,0.03287985941599467,0.06711904586462755,0.19575295250542296,0.28480854712967585,0.14522937703670058,0.2706627485132001,12,0.24032124010689537,0.27989583552417674,0.0005845166884887277,1.9631887099044965,2,3.6016330893298427
0.8013984112194134,0.8013984112194134,3994,390.17152844917115,6.304061432180804,0.10360351426993647,0.014573772735073258,0.007057421953565828,0.2898002766256475,0.2823857229382017,0.29697737368031274,0.12256693257624432,0.12623374326669634,0.06589075018560245,0.19999855853486795,0.27285403168989386,0.1448523231670032,0.2636808743529648,12,0.15963075750228242,0.02959393403916471,0.00147520963109222,1.9939918269423746,2,3.487952259011233
0.7623852871750623,0.7623852871750623,3982,385.8852937635581,8.625701018017976,0.10073313757509185,0.01610886178070875,0.005654096321147143,0.28900624055090784,0.29977357235539887,0.2949947274001617,0.1277774782533886,0.18210655690707706,0.062454339690674245,0.19974177982878819,0.28550565791142507,0.11063947729240035,0.26434897820375725,12,0.23582785810141807,0.025816142711279688,3.470148814576843e-05,1.9951189680184398,2,3.529103236520365
0.6696430581959305,0.6696430581959305,3964,383.2820498577872,6.711043745445639,0.09980908260735816,0.2197026065307553,0.00706683024248433,0.29981716120129653,0.29398411424050036,0.2933326181992082,0.1262882270212111,0.03443675626080904,0.06612428896875049,0.2033893733237951,0.2845338460783144,0.14634983843795285,0.27034751303974097,12,0.2352758455871186,0.07610739799325622,0.0038826391413322066,1.9951915826890143,2,3.647318025318956
0.8456740974004139,0.8456740974004139,4135,489.1530844449557,6.836346617399515,0.10144384871456562,0.22072308021896989,0.08476299212332382,0.28782803043563343,0.29625068281915895,0.2998381496479819,0.15307364261206816,0.12670909894110974,0.06636928592097885,0.2033680986413639,0.28429320167295563,0.11380595046157657,0.2657677489517496,13,0.1651508763653933,0.016808010230203035,0.0005583718204858686,1.9670769801675385,2,3.5814709382949625
28.421106924230415,28.421106924230415,12001,1.036455255962731,6.7605795730631195,0.10128693279065241,0.10016675783698256,0.0986837852008999,0.2987801487382349,0.2999195307761594,0.2713198051884497,0.193992216841838,0.03511444647352976,0.02226622297174202,0.20547610775574765,0.28309665407922924,0.014156306906763597,0.26509002794068137,12,0.16389300444329252,0.025079550283924223,0.005336472148648308,0.10039433466039638,2,3.424186727122799
0.17794801221919357,0.39658150741682285,4106,411.88073315161336,6.8088760389246765,0.10084478987959063,0.2164485038410763,0.010190711138810513,0.29095669290369874,0.29735701690707506,0.295701949621707,0.12734362727704143,0.12582412473148985,0.05980246965841772,0.202707591790842,0.2834207950502074,0.111237839998143,0.2686399851978827,12,0.16099026170348815,0.013916854223567114,0.0008847909956602802,1.9628442651145044,2,3.5026989156050012
0.8100305727643864,0.8100305727643864,3973,385.27127293227977,8.703480141854396,0.10057539945866276,0.21884259703363768,0.009193592125721167,0.2881336021486503,0.2960543547189473,0.2997174726417014,0.1195650489020296,0.03589044661033255,0.0634398188859975,0.20820743245319748,0.27163046004427305,0.1502941721031632,0.24949970395554666,12,0.15179375656911853,0.026658137991206237,0.0019947099069289017,1.9979148638513784,2,3.532185376376762
0.18079119032494267,0.38796023597528656,4170,422.47141949656054,6.812111641258258,0.0999018841016906,0.21981161571363192,0.012732339362014962,0.28654273686859366,0.29752654210505475,0.29277678484859787,0.1538314137142464,0.03415400979918299,0.05888115862875098,0.19668896080397388,0.2826917378577125,0.15415905610709954,0.2633018087054074,12,0.15613351275716278,0.07508661000440119,0.0030545080705844238,1.9517614656322735,2,3.3823569828745077
0.866373174116675,0.866373174116675,3995,392.931410530924,6.730510693473904,0.09993591898717359,0.1209213046589284,0.09653058501005533,0.2856294626972359,0.28799471882049793,0.29187006546083444,0.12419504821108283,0.18227668044162654,0.042574933875789214,0.19950902746891436,0.2841801667073107,0.2594979166341946,0.264041718036894,12,0.15638513216210462,0.02559432757037254,0.0051521416638322555,1.9956708866901476,2,3.4437094499960827
0.7081405246255864,0.7081405246255864,4006,390.2938552590589,6.754886800688487,0.09999070788154207,0.21719558867995606,0.007367023361762019,0.2849461406295031,0.28163155171690013,0.29777285923373087,0.1230273113117501,0.18238460113014696,0.05849642981774325,0.19444618939175579,0.28337856413247586,0.2609274052356177,0.2678180179716674,12,0.16430763832274312,0.01987145767861825,0.0011758014812232528,1.9890382268675977,2,3.5227810348737663
0.18283963301690656,0.2596333171648044,4214,435.37798101439375,6.2359412785676644,0.1178985238999038,0.03647700506314137,0.013976477504351728,0.2841174238622166,0.2842941432256771,0.2674873150616989,0.15044866132119392,0.11284512661590058,0.06909972719804715,0.21496349366647097,0.2817689814467361,0.23435581651312182,0.2635322545686686,12,0.179525036340995,0.014228667150568527,0.004052380909680377,1.9394955671644498,2,3.410322321938351
0.18154325630706608,0.43523595979307633,4188,422.5953784239658,6.2399463295542565,0.11773865801301042,0.04668347099673301,0.09696610381565333,0.2855579204066244,0.2793191936021075,0.2681279006887324,0.17754040770280116,0.1094703414709148,0.02196147638617953,0.2033457315408621,0.28287372997006244,0.015042659385824175,0.26265893420683833,12,0.1376656361526312,0.022540853824495284,0.0060596792356313114,1.9501988919011732,2,3.2989003813055926
0.18299992577936833,0.31688711602240976,4219,432.49554676209857,6.238178931982798,0.1176150542573046,0.041996040088795296,0.016881537208927534,0.28587019690522014,0.29959389041519663,0.27042421291777247,0.11231667107946693,0.042658990570106345,0.18918585812829963,0.21120439872480865,0.28373734210406737,0.013723383090273518,0.27298650982121964,12,0.23918281662878207,0.029022837713501518,0.0065184395585846655,1.9412897104569646,2,3.325582821268691
0.6015960381859243,0.6015960381859243,4404,500.56840325121436,6.798429561122072,0.10102860991275892,0.057150427576140535,0.013423045347318547,0.28653462497413407,0.27956257634449494,0.2673486600325323,0.14905646155455576,0.033236042816259394,0.07800737186463834,0.20867001967122054,0.28295269623291874,0.013703310798371334,0.2652726987705772,16,0.16350368246925226,0.033637983143789754,0.005709033895396794,1.9400503925833033,2,3.469546304095156
0.18148691345227885,0.4934535496812224,4187,421.71480713673185,6.238862367124062,0.18473329206463873,0.057109580028559814,0.2999481627695094,0.2820047275571359,0.2886674061283163,0.26633572315878923,0.15026635513186015,0.03338840902768195,0.07888771850870781,0.21888994835056091,0.28009755614159104,0.1528763661632064,0.27534784913561394,12,0.231592916299657,0.022326711734587248,0.006270471298179554,1.9521955048985018,2,3.262758253487221
0.7825716353420941,0.7825716353420941,4150,547.4432599460024,6.218099749488525,0.11875283354738358,0.053525984957977626,0.013160119966438278,0.2851271933031121,0.27604992176586474,0.28957291368276894,0.08868747846403863,0.1145144085613091,0.07913750826446662,0.18851049161623665,0.27874910650964446,0.1556425220257561,0.2757570765174285,11,0.14027113220079043,0.22937319659223943,0.01512230888905901,1.9514375531742836,2,3.3637527765445094
0.7699993097951437,0.7699993097951437,4223,564.0214179333306,6.224071283094058,0.18406861455741252,0.06530565891736266,0.012490490296055782,0.282754656130595,0.29003763573035807,0.2888533584445911,0.19229526315522244,0.03467812139088107,0.21033432455033485,0.1865463770435602,0.27877457824060425,0.15802234568176057,0.29108592662535293,11,0.14183449846923282,0.0880157144330152,0.04559099158495493,1.9396373290174642,2,3.214872913113683
0.5725496353513813,0.5725496353513813,4407,496.24731406382557,6.252162761699162,0.09411377877333713,0.11719995970313672,0.089885152869377,0.2846404578620755,0.2983614928962021,0.26519633419108524,0.08808072773762786,0.03582877344729685,0.03993929221297451,0.20319882487903082,0.28498306071980267,0.15392433143393472,0.26304371423310396,16,0.14165119389091443,0.015620887534409975,0.05015324951047488,1.9410023403016,2,3.41499889041847
0.182688191150066,0.36026717527690544,4214,426.2914690039591,6.297011343006106,0.11936530182249361,0.050613893170023266,0.015644574916209738,0.28700939962159905,0.28315197536623254,0.29026649200215,0.1228955956671758,0.040142659180477554,0.02348694010522757,0.2093212105257931,0.2827840431408519,0.15851614575716777,0.2672181668608848,12,0.23325753723862352,0.021218023445474354,0.04490043947313473,1.9436278023937927,2,3.304822156363982
0.1839444943297439,0.28584034220872345,4240,436.6696597846347,6.292780776025928,0.0946912535287881,0.05487348104478547,0.014717279144595148,0.28251140093835614,0.2896851372039221,0.29062079021638487,0.14743083024913445,0.11468016797402747,0.045151728158490397,0.22260177976767956,0.27857780528912324,0.2590553505849914,0.275604215475963,12,0.14114828116915396,0.014462349093490224,0.015561176490452425,1.9364585772087617,2,3.3266399676404594
0.929164762733177,0.929164762733177,4197,573.0241326966162,6.218324543424002,0.11645702952485852,0.058098121085668634,0.014735194484848597,0.28438756257204767,0.2827252240148265,0.28822194198877576,0.11142828054529068,0.11148863675152021,0.07608333291796436,0.18914208293995471,0.27918676175822926,0.16069404575234997,0.2752531210099709,11,0.1559389472854038,0.23568691594145258,0.01719780968726719,1.9403563854051307,2,3.3560231331603685
0.18427554739552623,0.2691629944736082,4247,439.0328437315749,6.478009358083656,0.11761533366363303,0.05700352924273007,0.014370245776613041,0.2826142547967996,0.2820175407564546,0.28825904968302574,0.11337349036327635,0.19506921506553912,0.20705386082426666,0.2147630507198271,0.2782404635912434,0.15631635932104931,0.27553659464437763,12,0.1821417893576721,0.012436169490194507,0.01590214651707178,1.934329132172424,2,3.3313167391505525
0.18218179882752045,0.353370147458724,4202,425.90792965122586,6.492626556698647,0.09262506152042974,0.06044071369536722,0.01844517545024314,0.2820339078846047,0.2755866034623322,0.29055942987253397,0.14453323599266205,0.13185571681538966,0.07533768073261626,0.19820140514758378,0.2797325270402011,0.1552811523322303,0.27209003986907576,12,0.2482169357317187,0.015289414797714989,0.015472620343671474,1.945370219305261,2,3.337488883226562
0.18282864396940754,0.32347884958834555,4216,429.71863816445165,6.4816383419707115,0.11507886635033275,0.22267691381187013,0.015213180283449796,0.2811357603077804,0.28611303726458776,0.28873731089367566,0.14291247641625796,0.11293515812135826,0.08035380676418424,0.23014988946441714,0.277308435603321,0.15459002410064793,0.27224647107470995,12,0.1996914123945376,0.014427812716781101,0.04936298100128609,1.942056627447094,2,3.333210391777023
0.18215105422136843,0.39687590110889764,4202,424.06325328210585,6.5071602232352515,0.1864138677988871,0.041491974726138865,0.2988850156034907,0.27989655428165117,0.2864449579440603,0.2718059275386306,0.11456381357181147,0.11154345204325439,0.07759719204344169,0.22191172164749245,0.27508591482789124,0.02393564370868828,0.27626097029208363,12,0.2509358387869348,0.009060082234406184,0.01659249901796832,1.9466850851854298,2,3.3042074945056736
0.1833111575718764,0.36522638342266633,4226,433.66945431258335,6.457834997210968,0.11688336835137217,0.045080378925241735,0.2835851527929434,0.27988778472430703,0.27822372207036683,0.2894253486612977,0.150638054889461,0.1149369150107289,0.1866191520172176,0.21071663026718518,0.2768112254024057,0.23486976522528139,0.27372759012441644,12,0.14143553058881814,0.25768381735619095,0.015661241401128283,1.9419046223828136,2,3.2736645714358104
16.340522114955256,16.340522114955256,12001,329.2487996895442,6.501587089810483,0.11652795793659886,0.03648402478549925,0.014954653652932314,0.27812404060805523,0.27636644217934114,0.2662509654241805,0.1094633988319696,0.11309347756377758,0.07970023039080167,0.21192312910945826,0.2784157178705193,0.1551864204624482,0.2752220217843011,11,0.1496757885440818,0.03657911403514612,0.01252014099617455,0.9172602456682771,2,3.2741055228462037
0.18257160880969708,0.3899772150728802,4210,429.29652858182595,6.264825056852092,0.1871001661972304,0.040327243427505106,0.09048538585161112,0.27970394968896456,0.2889896404904283,0.2644994293569769,0.14182814272697838,0.11114458328620418,0.2116084346105499,0.22216097435818224,0.27747704149931546,0.022881514264639247,0.2588117478880507,12,0.24662120114464353,0.013612616849179467,0.043780460346551434,1.9453391125410033,2,3.285847030851186
0.18264685382474866,0.45410274666753564,4213,426.31122948491833,6.521506441721645,0.11443027497776627,0.040235281303723155,0.0691908766242266,0.277603195496897,0.29028194993536494,0.2581282823670803,0.13468547213236365,0.11643016047034344,0.07219562764182247,0.22278369251242366,0.2758442168190565,0.020528089082740755,0.27486861543009006,12,0.17944224511062037,0.009814896023943073,0.014708897196537441,1.94671921349145,2,3.2333717587208444
15.937844486402199,15.937844486402199,12001,414.71314643981196,7.073633536196857,0.11658758993388542,0.12403799281413408,0.01546792190612324,0.281305818585875,0.2862437620630493,0.0030390681166280464,0.14734016926568996,0.04509677416632951,0.07865168065509195,0.21271479265118937,0.27909061311732153,0.15412253463347295,0.25542073464699333,12,0.17991238785248842,0.22947093229663418,0.042575387088859384,0.9297205417427172,2,3.352865358126068
0.1813845726661384,0.45185355743758376,4185,420.57435996830367,6.53522081217688,0.12497298215540223,0.03818825637313558,0.01816007565804835,0.28024874399119326,0.2864980851536122,0.25790205528297644,0.13707513098658403,0.05088670995325888,0.07003408951484186,0.21439428054371726,0.1290794611276165,0.15923821402434737,0.27778479794705113,12,0.22797017217973356,0.007243247382332844,0.014809950148100314,1.951407568689637,2,3.29182983345883
0.18235540446417942,0.3529733941106608,4204,431.32426785076564,6.472982719709632,0.11949859252778458,0.0436893658354254,0.01777099758707815,0.28305076628849823,0.2770556336253898,0.26243557124723904,0.11123053428870222,0.041625977884621676,0.1880378794253883,0.21603795501495537,0.2804644863518698,0.02284713816660372,0.27436842145945456,12,0.17955494668412786,0.24672445890262937,0.01798370459848785,1.9450404305697748,2,3.3272974717682122
18.0535990056558,18.0535990056558,12001,111.03846164484396,6.500293016124435,0.11310083499239133,0.04662070993825537,0.27568047684131264,0.277728027748297,0.2856337582582265,0.2644430421250539,0.11188824126800678,0.10877138858155629,0.07127650647286636,0.22075831979191018,0.27686822662115856,0.02033836006662409,0.27371831757827686,12,0.24924877153601732,0.013944640993634376,0.015497310930395922,0.8626318247174871,2,3.308808541292231
0.18222894526840702,0.494635283588828,4204,423.7367161044219,6.476742618387455,0.1254812033562098,0.041366089324954974,0.26993737026802733,0.27740284775064544,0.28615807453805997,0.25614050273914324,0.13713723778421735,0.04181688165662056,0.06973086870733625,0.2179377355902944,0.2749179213873365,0.01915307499509922,0.27399925209474474,12,0.2437364465391341,0.011545983295787012,0.01385065842502307,1.9493278983797453,2,3.227105862749328
16.981659845056285,16.981659845056285,12001,359.1865455535621,6.486229849938055,0.11891778579772606,0.04267189937488633,0.016720929929324932,0.28018574397918067,0.28820760457294126,0.26523135641134177,0.11163355120519408,0.11086414099321565,0.07462195166236438,0.21138016069526444,0.27761739781755557,0.022380491699834533,0.2717095762105744,12,0.13861787868216852,0.015247389756083009,0.04567933236825605,0.9194822814975611,2,3.2596430353829855
0.5114102927835931,0.5114102927835931,4183,421.0127555055476,6.383765656393932,0.12148097668532183,0.04381908854946616,0.01633196174745195,0.27738388619856374,0.2897385530843735,0.27524226244765887,0.1368906343801582,0.04496323633965316,0.19509936689236979,0.22783842903013465,0.2744217654429198,0.1547496842721356,0.2722829670303633,12,0.17738723431802791,0.013335879372494867,0.015018968175199512,1.9531853296502002,2,3.2651972226637156
0.1831699783029882,0.3741691892660331,4223,432.6986981792928,6.472090969482245,0.11545707688981545,0.041708740214031564,0.27839960727389296,0.27842655172151304,0.28613120112831086,0.2546844509821035,0.1377814747626915,0.10515798880172429,0.06900017714851178,0.21372752652820776,0.2784817958027994,0.026924740521163046,0.27398196714471057,12,0.17979379767756587,0.012560133051266902,0.013734847787811475,1.9424450863868359,2,3.276238759075186
0.18145827017218896,0.452595217801735,4186,422.49621033133764,6.506884045650245,0.19722690664072082,0.04162970574805124,0.018451718453547147,0.2793880421505708,0.28791965450201085,0.2787371348069116,0.13541476610299072,0.045948243232677544,0.07004166563461177,0.22680826057492467,0.2763419974407442,0.007684649760488991,0.27453041560723984,12,0.251339876487053,0.0074373740500474645,0.014106948485731125,1.9511807036555977,2,3.2865235019593566
0.18253833350863857,0.41821061620432426,4211,424.80001051831425,6.548201410621838,0.12256319719020774,0.03993417616081621,0.29796087611179733,0.2766459590898237,0.2872786841806482,0.27437988537099633,0.142542904167085,0.11089125889118459,0.18004746018899276,0.22653819061967637,0.26639355144258,0.25418998961599054,0.27532924947524984,12,0.18166362517214296,0.008801050843560938,0.0598383925846476,1.9459609402735285,2,3.2694429947351695
0.18184206572590914,0.4865332183047727,4195,423.02394355454777,6.589425213106276,0.09330771899959849,0.04060307847656167,0.01869285179312224,0.27676689818059075,0.2873847868877494,0.2758019366055943,0.13937833639178518,0.0429583842261098,0.18343283019046372,0.2260843138617868,0.26762835731826323,0.0034690767022800065,0.27590475625404615,12,0.24850043069677358,0.013248994223453095,0.06245711775805651,1.9503633248481598,2,3.263729284436922
0.19250728220626945,0.33225270113424005,4424,490.43693237616816,6.516589138119974,0.20090004420342672,0.040648841090469,0.2941922585116581,0.27564337127512534,0.286219411713216,0.2745876833840945,0.13843299492246172,0.043697304109267886,0.18951591158639064,0.22779318303761695,0.26735186414550766,0.007911767330910348,0.2752263013979277,12,0.17818761721925905,0.011069277230425082,0.024659486586004864,1.89660116640114,2,3.2448899578998396
0.19333584799727527,0.3949925391700446,4440,500.1508798365161,6.568588472106582,0.19914183819675826,0.04574917763550587,0.29407943727118774,0.2752256884070197,0.2871783875955523,0.2586631356379806,0.13506886842579355,0.112912370601285,0.18869390414405465,0.2253780578575935,0.26849515560880605,0.029752289645166213,0.2795537740758027,12,0.1842871479960092,0.007756593846981737,0.025602865818615886,1.891870333502808,2,3.2778736640880664
0.1931743093416352,0.3852066627629934,4436,500.4585604981128,6.523695223178176,0.1241074667272048,0.04837780384911644,0.2782035168002418,0.27766319908046766,0.28716804013253955,0.2755619052061211,0.13867776359514375,0.10684502234605721,0.18139906424958446,0.2271360523352938,0.27044721865456933,0.02401839197548994,0.27209131098344735,12,0.18092922945556003,0.01014174265407198,0.02233794560866846,1.8924081857099122,2,3.288298622555423
0.19401302838619877,0.3269407330771158,4460,490.7817031719268,6.9948433224666955,0.2007729698582987,0.04614846560108793,0.29973211722887133,0.27648003312975356,0.2894392850191551,0.27312434120142076,0.13906474792670875,0.1063053254927486,0.18098264943591866,0.22569596480119813,0.2687335147711868,0.023418761270397687,0.2735994996720792,12,0.21721083305814914,0.0029445877495968206,0.02073862740104464,1.8914768644347237,2,3.170485011737745
0.193079685436095,0.31443397643543747,4440,484.7811261657003,6.563710423127048,0.20002698629379706,0.041941671191292156,0.019420978532815214,0.275772645327634,0.28925041105270444,0.2577333732666328,0.13855649558716293,0.10363004860842323,0.1885813023516189,0.23435814635437446,0.26963822352747996,0.030789131165323405,0.2806232212023481,12,0.13325225676714977,0.26316378355297015,0.0627442961480712,1.895310274122561,2,3.182604777962001
0.19341951898990214,0.28083609306853885,4449,482.6711393941283,6.988135586359134,0.12721588882564727,0.039684760014571115,0.28878923711369775,0.26761901615181993,0.2750228999641092,0.2561700464412363,0.13274513848167094,0.10495501551384802,0.18569705977551318,0.23653829312588726,0.13259990101748445,0.024687133704864875,0.2826871419453424,12,0.22783591545208515,0.000694779635356333,0.02449307197152623,1.8953858335591236,2,3.125392329789655
0.1922590511904131,0.35350870866500583,4418,490.54307142478575,7.039340745281735,0.19074492056165904,0.044932327280615275,0.29568702525496965,0.27697421339422457,0.28700073157119355,0.2756805696328868,0.1423091226976826,0.10826849864974347,0.18285157173822444,0.2277596404279858,0.2739672854602375,0.026968150550522964,0.2737434065050573,12,0.1857144007612218,0.010138599830655022,0.05764680483502427,1.8966442138606492,2,3.2846814858255575
1.0529375827716476,1.0529375827716476,4647,556.1829370117459,7.060473554583428,0.20344403321460444,0.04588384654603805,0.29279513792210243,0.27662890174722754,0.28676071108307644,0.2747119503543191,0.14065474340910517,0.10538458547462688,0.1830735168503428,0.2263205500060312,0.2664704881725589,0.009635039078313947,0.2727972892004954,17,0.25401014010432676,0.010253196322616339,0.061110126244166466,1.897763427295347,2,3.2655335301007162
0.19308722629406472,0.30375894407901743,4440,485.2335776438838,6.534297519412113,0.1948345970157862,0.041864414887396055,0.29232832139131765,0.26648244436843405,0.27516227852026875,0.2573736696629077,0.13855075183586613,0.04339586730515858,0.08814429674582207,0.23059711646857164,0.12382608487674363,0.028228665036831677,0.2788183498134093,12,0.22867458617579117,0.005419246150687795,0.025286086999284224,1.8956468161121107,2,3.1757988164407074
0.19372274349867005,0.29218095604094074,4455,485.86460992020216,6.63041732932481,0.12711542914307686,0.03622221938789341,0.28474824447696084,0.270094392891679,0.2912856900486552,0.2585156176277814,0.13445604690832855,0.10600492368819264,0.08702838110251007,0.2325072535467258,0.2670496288721851,0.02823747119210762,0.2800264963185111,12,0.18603167942576895,0.0002685284465515532,0.06240541961008522,1.8936830171724572,2,3.1441373034429727
0.19357425987102983,0.3030502301813989,4451,486.95559226179006,7.067943301440029,0.1947704862836393,0.03311059850626176,0.29379858205033377,0.2649226530389344,0.2748246428502295,0.25879035292520897,0.13319571170564384,0.053698831411927196,0.09078370494124553,0.23246149449359665,0.2705263910104865,0.03324434398102673,0.2812549067842091,12,0.21626649019629618,0.0056259288039553716,0.058839293939735096,1.8939365194046727,2,3.1572821715156745
0.544057345217395,0.544057345217395,4642,525.9690373679008,7.0210382440179,0.19605925278893077,0.046223572971550504,0.29485952233703605,0.2777348736252309,0.28640651253668,0.2770619377907688,0.1393959063879661,0.10570031626993709,0.18398086620470636,0.2244125055843721,0.2691906961343097,0.0013814094438959479,0.2730408355901108,18,0.17932342739214144,0.010887477526197458,0.025715350492106895,1.9030725125557053,2,3.294938880834626
0.19579736141522663,0.39660100134769893,4496,507.8416849135986,6.962293603917501,0.1253506951060373,0.024297325401584063,0.29221354197290567,0.26315158309673414,0.27593179664146206,0.2578643214575661,0.12965458745042582,0.05867177489428761,0.183079965400488,0.2303188026060914,0.13405008213576936,0.000905446550217944,0.28196957209170437,12,0.21572402403888938,0.002553572746710497,0.027009683872352447,1.883079664520456,2,3.1876016702367
0.19326581719282956,0.289977699961569,4445,483.449031569774,6.907123351197327,0.19535474245384607,0.023727239400421454,0.2977212297362199,0.26534290365327845,0.2729720154996177,0.27934681270359873,0.13106789654837206,0.048631145511478534,0.20008790125064352,0.23405565996847366,0.2659787533623645,0.005849462456971596,0.2826125180152963,12,0.251167458231385,0.0019170031394953229,0.0630333942929415,1.8956612550918432,2,3.1455925536670932
0.5929471576700581,0.5929471576700581,4654,526.4636386542034,6.9339076806689555,0.19724292439238342,0.0421031176697272,0.2904898745258674,0.26610292433819727,0.27430903789615535,0.255543550120028,0.1399979540262975,0.04084163913027373,0.18323779334449974,0.23080256383908757,0.26976217204991154,0.03146650972019932,0.2790457236788648,18,0.18760483584878143,0.00027371110927117484,0.021078360592511884,1.9039811517849197,2,3.1761568119339083
27.945726149750946,27.945726149750946,12001,13.715585131929974,6.91488993414695,0.18462010458725855,0.0649190970964719,0.2890416842827133,0.2602206228061736,0.2722019618464115,0.28074533755057135,0.12947098032731574,0.05370505400771911,0.08459895486235593,0.2570794455447432,0.2644585360134229,0.01745391711754364,0.25573166344344683,11,0.250529341647812,0.2981580093449938,0.06528095800737416,0.30073279773158723,2,3.1044687064208505
0.19562486133724216,0.3702505146978187,4495,499.99168023452944,7.018329425968759,0.20439455218940064,0.03304057889539963,0.289357367220804,0.26423911758718865,0.2908006990091741,0.2580530058495086,0.13182264733858648,0.05141231984480116,0.08791480004378943,0.23791234272338524,0.26637330758771305,0.004711496710900581,0.28266397808920923,12,0.25371312194628887,0.00023532495030886488,0.06145584302131171,1.8845572147165597,2,3.1474154931134493
0.208402044008726,0.24887899723761228,4773,571.6226405235601,7.01666392707608,0.19500600929753434,0.034578725051242154,0.25053084746925475,0.26507462944569354,0.2739879078553728,0.2594804494632417,0.1428989905799225,0.04309012114409262,0.18454103405933778,0.23030788557062565,0.10197567893358361,0.0010941520644925443,0.2817317318501857,19,0.22884721733926666,0.001730210816356552,0.02677809567460697,1.8878964869625414,2,3.114263171629927
0.1803907603368903,0.3804806476681835,4138,478.4456202134192,6.860709753599157,0.18363798148842048,0.023562325121178285,0.2509813626609174,0.2594180697133614,0.27468220322756487,0.28010990986601075,0.13132332349511353,0.05141133193197659,0.0892169452894421,0.25349788031644754,0.1291214349411332,0.0010273122413859068,0.25287395149173686,11,0.2543238326847831,0.02070527445501375,0.05488158654480267,1.9634728730914939,2,3.1064325802469908
0.1812168042681996,0.38262389553450576,4154,488.0082560919767,6.841574791007373,0.18515343178335944,0.06341498838710875,0.2438927508595794,0.29515081809170457,0.2942101811975287,0.27871256643802167,0.12868026929393264,0.05188315435042552,0.08293289708427298,0.24467580117625942,0.2740795171526735,0.017849490868777886,0.25407679902612496,11,0.20176001418585673,0.021131771598340232,0.011911477687029208,1.9605352739675153,2,3.082126018361517
0.18161298997372644,0.41195879616413067,4161,494.2793984235852,6.861279666875723,0.18421826460618235,0.06686232965853446,0.27280618166135284,0.2614391076269461,0.2945211380170327,0.281748565621257,0.12988826769508408,0.05479499336813033,0.20001457493430957,0.22174858095074546,0.1381056413298716,0.0006118915136949024,0.2524671905812408,11,0.24916163177971906,0.29318987370239724,0.053597073867553975,1.9585648208466448,2,3.088356617906315
1.0370729057694048,1.0370729057694048,4298,501.8970898712638,6.858909486193424,0.20782176939303354,0.0633600076564197,0.023475475201852884,0.2655613745188205,0.2708761729118163,0.2816621060069084,0.1300105112485836,0.04991936596181714,0.08233696257754192,0.24087037285388357,0.2659439439556326,0.002150235033342002,0.2541804020039722,17,0.2515215849914088,0.020562440011967505,0.057389460655836444,1.9585595959316133,2,3.880606469981122
0.178744344775974,0.3044241222784419,4111,447.1606865584403,6.8128861895084665,0.12748314499839766,0.0621178075388026,0.2714968412802303,0.26260182089832973,0.09074016222383569,0.28100272056911574,0.13094791453879773,0.04883256099618388,0.08222811673054033,0.2468718719131779,0.2724595218831193,0.01410549834210417,0.2589372546708329,11,0.2522831607084275,0.2941151506308971,0.0755657909354716,1.970463960891193,2,3.0899036941140023
0.5667897863485186,0.5667897863485186,4695,531.1109613766571,6.872451095833861,0.1951623031221399,0.06352730952069126,0.29974007753628373,0.2656981472617615,0.2762985921111089,0.2592428306291033,0.13096856458572,0.04881633911366349,0.08719887858812696,0.23827553923794673,0.13055021204009126,0.006733672305532203,0.28229355699532904,18,0.1905409334623709,0.0005779380103663311,0.029250415319894852,1.8964448340144837,2,3.1401193644358276
0.6924572418113619,0.6924572418113619,3893,462.3527505693227,6.803177313833645,0.1845811505739059,0.06538085310538216,0.02490849504303737,0.29261812506367724,0.29332643235298844,0.2476665806939965,0.11864762843563878,0.11744704489050484,0.08181994179396233,0.21927692126340287,0.27287826909987467,0.015785101560887776,0.256031737820709,11,0.24311375186116252,0.29452750806673494,0.008172482443989288,1.998034960908125,2,3.854565175224229
0.18030655137496074,0.3533548861314934,4139,470.89308249764406,6.780782669262848,0.1061743693103592,0.0655686336727084,0.2989617170134255,0.2928422062346924,0.26788830118148205,0.28075509184796027,0.1446376820172451,0.11984414787511144,0.08392667254454042,0.2608141842456933,0.26372298213155054,0.016260282490394816,0.2547052710289546,11,0.25246691525748916,0.02128071455669422,0.052802263121524994,1.9641111158967752,2,3.081181914453771
1.2190438027310588,1.2190438027310588,4027,528.5423863972542,6.8403993861455765,0.1872328971255312,0.02119338642367958,0.2520963879478434,0.2570612535742073,0.29301979183458704,0.2807321052176594,0.1290986404129779,0.048282423120071166,0.21474381810262508,0.24059833889266743,0.1308075106528233,0.01578014456694472,0.25363991293714006,11,0.2016834139453081,0.2914183053573276,0.008788754605962129,1.9598026111092688,2,3.9069459989535744
1.1136134748659448,1.1136134748659448,3996,518.5177176544962,6.690961203650645,0.10555122415559846,0.06269801942920092,0.07776980941169939,0.2943574883641777,0.29368869717565405,0.2693786929349829,0.14561103846465373,0.11889963144215313,0.07162084146977575,0.24213310489708734,0.2740235330414908,0.020360229619365074,0.25293068218668296,11,0.24319400353305762,0.01925793287071074,0.05423564239684768,1.9688732183971833,2,3.891503054046686
1.2053760470181059,1.2053760470181059,4032,528.2584634471298,6.790299272083799,0.18427030918642665,0.06460544635602496,0.2719153474240072,0.29381428662343256,0.29450276072634135,0.2820892366512718,0.11907462505611321,0.11982827227306196,0.22102618794497236,0.248355910068371,0.2553317319693028,0.018047925674773257,0.25527309710563056,11,0.2447186423803008,0.020799225263173234,0.0534105460280497,1.9597459346690718,2,3.8684294909873818
0.5290689853327253,0.5290689853327253,4734,537.3192500580908,7.020162553665789,0.19727981030062935,0.030897795558280157,0.2894593093911517,0.2675711198190768,0.2738471465653473,0.27827759087507276,0.1418410438915049,0.05676498417606819,0.07086981021191532,0.23808189971784685,0.137823652518131,0.005344595034989338,0.28195476466354,18,0.22651470696216702,0.0034046333115946314,0.06350188148458605,1.8888609365239661,2,3.119477481769155
0.6685735981730055,0.6685735981730055,4103,522.6668358695393,6.797900878849182,0.10901959776306347,0.05220014511569543,0.29979003403430665,0.2909145227058553,0.295310769955433,0.15416919591869324,0.11853766245106959,0.12937301694146666,0.07170275484681923,0.21771816178720163,0.27484571660007256,0.014278521714759868,0.25361630768184795,11,0.19919250111127024,0.022982489717872312,0.009232781134263426,1.962102211954928,2,3.382305487131926
0.722299320239193,0.722299320239193,4108,527.5467900856393,6.6927796159242785,0.10872915077958047,0.05209396853412681,0.2696298004403889,0.29403162588576,0.2945616314844973,0.15365827925217657,0.12636307681614556,0.12091131358380353,0.07209235484220902,0.24743608302131948,0.2744607628323664,0.012333540343464608,0.25940862289237465,11,0.24297079868917473,0.020329081242364107,0.011899565248992775,1.9600099473444994,2,3.4090776208281586
0.6814587748426155,0.6814587748426155,4092,519.214279456823,6.703837156923386,0.1883791751632007,0.05103388956935642,0.07758840680282346,0.2920512012176049,0.26476762742670434,0.2690767640274584,0.11864972065246557,0.13019744331787295,0.07149424473060663,0.2439307120793467,0.15288190895138043,0.013408908302504548,0.2529746671511062,11,0.2455426371163307,0.021703723597347072,0.007848495902225854,1.963692498883603,2,3.4096495708308705
0.9109710728980374,0.9109710728980374,4398,487.23611262063304,6.819707285568226,0.19362584349774162,0.0348783695527564,0.27068412735276903,0.26904627120092867,0.2733962697161932,0.2828656279845632,0.13107277673002798,0.05711940250719387,0.08851888598875965,0.24685512708848212,0.13813548640632373,0.001984512651427354,0.25441756863878917,18,0.2505089668319928,0.0007588515459064351,0.059981577911659416,1.963566971085171,2,3.129720947810526
0.5785778089125103,0.5785778089125103,4086,505.6287224052525,6.758323574695074,0.18460456657481344,0.06152380976070929,0.26742488475769993,0.29174301079994913,0.29346340067811877,0.2713592239503542,0.12430546875911903,0.06006927813766199,0.07226381088282098,0.2649166945092473,0.14938709447804796,0.007943755360215582,0.25690262468811287,11,0.24720565734274788,0.02044411145887523,0.07315305231381754,1.96687083623569,2,3.3677599919630343
0.5443141981438654,0.5443141981438654,4059,488.47257921814975,6.739093444400681,0.17727519654144397,0.07718553451422384,0.26372969179237715,0.2944827267447116,0.2949345549851225,0.15465269707069637,0.12014939404133076,0.018020194740902967,0.07506432057737658,0.250684462050761,0.12849076839493304,0.010915295142245582,0.2504119917703485,11,0.24337490616550037,0.283250990886141,0.010079300506473304,1.9726007373784762,2,3.3893589793259333
0.1756439021536954,0.4803873022978433,4028,468.6341292217236,6.748200453989638,0.18674108702370365,0.07127093475176459,0.24095216802104558,0.29399695858292857,0.29478300637847776,0.1396305959193843,0.12614779842783388,0.01754724803957361,0.20920575577315997,0.24389678499654524,0.13150660787274943,0.015687305905175634,0.2520598134013834,11,0.2433250721216249,0.28677593924305744,0.01006104691002642,1.9796648443128462,2,3.4087458882588115
0.17259554936330598,0.24654865821172403,4002,350.73296179835904,6.773440950154249,0.17518249039453987,0.05990530120450435,0.24197214005012446,0.2944684967097285,0.029693653815145132,0.28240941143720305,0.12109667157577818,0.06789126194298865,0.09372908047888251,0.2526852912937305,0.1284694037780204,0.013797983841358089,0.23368728474447129,11,0.2595708543322698,0.2744305276811052,0.009053333905485756,1.9981613184378615,2,3.043721869574634
0.17157438816035173,0.3257316307222857,3954,409.46328962110334,6.7496513230543105,0.18712703769765177,0.07306100896423626,0.24164432357737953,0.29543289118287236,0.08316159002982906,0.27004916236472293,0.11919935974468204,0.059666105691111596,0.19742616480094513,0.2513639604452801,0.1422803920873919,0.009377285477426403,0.25018050506681905,11,0.1701548535955195,0.29258628322672126,0.07225278043223043,1.9978108622256088,2,3.4191021616845068
0.17136122162087838,0.3082879538013115,3952,401.67329725270355,6.766330999685988,0.10794901094972255,0.05816187884371707,0.2691409805780303,0.2948668155646491,0.09312663345002738,0.2691696267394961,0.12575909733878032,0.0626501361916199,0.07426848144593594,0.25686219431610374,0.13704730243326016,0.010982528983947127,0.24033292623908076,11,0.2420181254307866,0.29134443262930665,0.0800312622330434,1.9990151084061842,2,3.3902019444936866
0.5207712643819736,0.5207712643819736,3646,360.3520419524729,6.7297658140667735,0.17735203373242742,0.07177805969813748,0.26450632426890885,0.29399756571629815,0.2984822052428349,0.2823699767339446,0.12441321239842125,0.06292230936880139,0.09281406858695411,0.2662606570473487,0.11533427390357917,0.010153835563936585,0.24618445158714267,11,0.2600788179913802,0.2803570926782494,0.07619576134009867,1.998806072102844,3,3.6610954617717537
0.17298859136525233,0.24286409119093474,4008,359.3154819151387,6.714623255731164,0.1749811122038126,0.07090792005641376,0.2697043687573598,0.29376567874364035,0.0003621243329870738,0.13748338636283575,0.12005852340729735,0.05734001226537861,0.09304399072333278,0.2579063789309336,0.14339434455004363,0.012664370951366629,0.23346783545584623,11,0.25850011266089773,0.28042794675940597,0.009059894698749873,1.995999218721837,2,3.065652112213155
1.0517888838165195,1.0517888838165195,3733,381.89504062582574,6.699820855126212,0.10714224685532546,0.07068680443997956,0.27127184385833086,0.2999836377923987,0.01946413921330939,0.2830605388166328,0.12017374346912407,0.06301421503661894,0.20212142858666565,0.2706287249606375,0.148905297042647,0.01098672151835424,0.2344412568236286,11,0.2612612695547384,0.281039368007908,0.07042369297035772,1.9991117931147948,3,3.05554843934344
0.17341855585088856,0.4034455726042858,3986,440.11335105331256,7.166943903406497,0.17456147280518888,0.05686589658958111,0.23718465891005325,0.29955092819647244,0.26602351046976047,0.1401312424105586,0.12431859516926246,0.05885662736243083,0.07156625654381468,0.2817859762659527,0.13962471816539285,0.010549630326653906,0.23568021781700296,11,0.2555526620546074,0.28900069532877254,0.009160245263214012,1.9891412434260567,2,3.4337207375853156
0.17202134920376488,0.31889389767915066,3963,413.78095222589405,6.717116312567168,0.1850708751310629,0.07286573182915015,0.23762629055195258,0.2939516353690991,0.2956560564274811,0.2675347097495304,0.11849150287689339,0.062418028033658327,0.21329343406555284,0.2500961892473315,0.12956376580755913,0.010612970333793282,0.23531036247623868,11,0.24409289558576644,0.2735360556430239,0.009153608245395534,1.9960364482271367,2,3.4106983250840175
0.15979370392784273,0.42123570485418216,3686,372.62223567056446,7.1927118767597085,0.17967678841090898,0.07273725081224204,0.23544595187014197,0.2992829809740048,0.0497160760477286,0.14134116776718159,0.15175191173658112,0.06142426422941536,0.09223174233561135,0.2643186805356251,0.14519078579113276,0.010792410589994365,0.24329019504692004,11,0.26316510209789296,0.2826842555223964,0.07683298387533896,1.9875938580292432,3,3.634932733906588
0.9473353526613482,0.9473353526613482,3770,383.7916895913452,7.20012800955176,0.1762055543123695,0.07475157692600494,0.25922702112613416,0.2560480530294205,0.07242290580605816,0.28391513760805426,0.15342687325271676,0.016473466416585526,0.07701634050629981,0.2524507191648358,0.14577538001763937,0.005513014321134153,0.23625094790186518,11,0.26342002624284416,0.2826074245193845,0.08575447251957899,1.9878385319493217,3,3.0556239389510593
1.058392601151858,1.058392601151858,3733,381.36990754275024,7.2066413080275,0.17948836265898732,0.08108589993500759,0.23934371712516025,0.2543555485992367,0.06198004985589185,0.28399432717756934,0.15354802379681276,0.06462441401074598,0.09545087653303873,0.278721076184202,0.1140375302246632,0.009864720012116256,0.24578177992478203,11,0.2597729332577068,0.2823993202691456,0.08346653720464695,1.9994485617935827,3,3.0506748274225193
1.0048972222182717,1.0048972222182717,3756,384.3622683502888,7.143879977199469,0.17679968275573255,0.07022928907384192,0.282467867651204,0.29727232629493827,0.08652753279835189,0.28619027846784456,0.15390308469256897,0.06741836868671384,0.20284473789847154,0.2633108899055533,0.1241159791172039,0.009808096948456442,0.2413996130720088,11,0.25873273237497074,0.2774673538309249,0.11682246024656685,1.9923994465648118,3,3.052978349779141
0.5308144044644983,0.5308144044644983,3643,359.8802071846136,6.683556188583168,0.17740739878517775,0.07394644733376457,0.26272112574082235,0.2996990919805624,0.2804780404634435,0.2854387057842136,0.15337536488921089,0.06365713630323358,0.19891624442626774,0.2581347140017477,0.1187010832888789,0.010530042882885497,0.23342740801216877,11,0.25916880757317784,0.2906904476096918,0.11249145813826031,1.9994238539462643,3,3.6636901239091655
0.51198086614736,0.51198086614736,3657,362.97888699719874,7.163127383116831,0.17818585859911965,0.08064365028541114,0.24828463182688487,0.2563093089037561,0.27903717838781344,0.2838525200851724,0.15432759259898976,0.01573728531595587,0.07625362229365198,0.25416445453626874,0.12099514730559716,0.009291679087595857,0.24416687926782055,11,0.26196478952494007,0.2863795272923676,0.009232797558826281,1.996103173920836,3,3.6422332820763494
0.6623550853635823,0.6623550853635823,3962,480.40773657994055,7.242332531093245,0.17448139752839883,0.07183266072871597,0.239873829030987,0.2999966691201532,0.29742946445737783,0.14052144009587111,0.12464497930589699,0.02833507018805967,0.20355873570736974,0.2639944440681327,0.1380648868558426,0.008703849116475232,0.23587409328810985,11,0.259341747224199,0.2746454377505096,0.00781542101741399,1.986446623837601,2,3.683058935106146
1.0706800377979426,1.0706800377979426,3734,382.6706052540389,7.169498972945131,0.17772871022042097,0.07195359301292995,0.24520818945196873,0.29962396004030245,0.09178266461480823,0.283202716845035,0.12508630880785795,0.06713699045569163,0.09395803950177634,0.27072642371789307,0.14344161871269764,0.010475425996186675,0.2314745496258555,11,0.2571797558885686,0.28417670304310144,0.08819553679891126,1.9997638841563279,3,3.0379619189848817
0.5647700455849237,0.5647700455849237,3874,234.94993654444824,7.424154984638428,0.17721690582707694,0.08317151922574458,0.24034725536889398,0.2994940866659263,0.091816494752906,0.13522546192928425,0.15518716444162162,0.06758319646960669,0.0820896293616651,0.2986413874552501,0.12417652261934053,0.01332496982253595,0.2409137919167993,10,0.2604067017010561,0.288097878435301,0.0836504916646747,1.9907050749390076,2,3.624103978444562
0.8369598695122725,0.8369598695122725,3591,436.99387130345724,7.291649544999971,0.17116845171248787,0.08072736462985941,0.23801367209294633,0.29955650235961195,0.08782863796511733,0.13480804072170258,0.12569419096821077,0.07321580116414,0.09713383898404837,0.2577549928878021,0.14286824950099872,0.011700886631997797,0.22727304369846174,10,0.25639270232762934,0.2734720891571379,0.09196354583912103,1.998594076675225,3,3.7027079413146318
1.05450304230998,1.05450304230998,3732,381.06718201135766,7.231164336649488,0.1794240056019923,0.07051521733020966,0.23640707997982155,0.2964787278418673,0.0003592658884369632,0.28514895877129803,0.12565997975115795,0.07089076739600345,0.09885153705816631,0.25578415050505987,0.14270071809210866,0.008820143410990371,0.23248423674342694,11,0.2601132628174677,0.27575853598138705,0.0909037840387587,1.9993340286930323,3,3.058077978975544
0.15945276950574785,0.45872742657268606,3679,369.6661703448723,7.196350034279057,0.08956023695012247,0.08152052633819247,0.24219342428936286,0.2552028380073518,0.07072117307642595,0.1624683486863314,0.15339044222406087,0.009882019003110452,0.06507170408287645,0.27036556409893236,0.12440440150735546,0.008969247221731409,0.23307985440121462,11,0.2606400115033695,0.29897200363019755,0.14617288123483246,1.9901226499443048,3,3.622901260433157
19.06085367878228,19.06085367878228,12001,12.632689593369069,7.112660347705778,0.17499802208400117,0.0816301088954631,0.23824223833041117,0.2961157761651077,0.05478972341418775,0.14224375153849358,0.1258496833125405,0.06765059787372174,0.09488583855340169,0.25503239612152684,0.1419633151955391,0.06224281596322492,0.23954394540919519,11,0.2566672848699891,0.28973572513677104,0.08746370939381816,0.7119306106398052,3,3.632494378311632
1.0124487271506664,1.0124487271506664,3750,384.3686806367268,7.3083467944317615,0.17681077548221608,0.07229340587887018,0.24763756543897297,0.2567390281172587,0.28011670179888337,0.13428273691809392,0.12487021319100328,0.02280830825681357,0.20245591219791723,0.2545385868472565,0.1223447585612328,0.007256077796176432,0.23578425951654594,11,0.2595237137322297,0.283633060740407,0.08432703658125577,1.9939339640458957,3,3.0549138639754196
0.9334307294164907,0.9334307294164907,3786,386.2804018587228,7.265009435624277,0.10707826922357955,0.0706282012868942,0.24209553239272122,0.2996073527726499,0.07542200096037281,0.28330954450559054,0.154987606443353,0.0016306723609177953,0.20505344586954255,0.2588992302926843,0.14070720234747963,0.00142728257937124,0.23621473502058787,11,0.25730166474008676,0.28888012825894266,0.07230516010433669,1.9842203317561269,3,3.0406124452256815
1.2937042357699065,1.2937042357699065,3607,465.9612512655189,7.3035934824692355,0.17367312058579473,0.07336562213161055,0.24457830522555232,0.29819624862172267,0.09260934108071063,0.14296314838586036,0.12507587020480765,0.0705951775547645,0.09368598603644351,0.29479945447480693,0.12255798346540414,0.010057903807012448,0.24426162905678364,10,0.2552494594674429,0.2733300042847275,0.10020990860485596,1.978786095395282,3,4.061103708461863
0.8309083738283055,0.8309083738283055,3619,447.9014639729233,7.256515012442295,0.1754727293653557,0.07683714179845084,0.23557995309679525,0.2978015238965849,0.0901417638297309,0.14018087213536218,0.12510115519987705,0.009561573946794867,0.09710998052589125,0.25812078074867917,0.12309361322481657,0.009010933521801085,0.2256057994078655,10,0.17114417927443815,0.275056425807932,0.07483535728595696,1.9933883497657037,3,3.6297728031342777
0.5597042392344405,0.5597042392344405,3870,233.073271617073,7.475408953096768,0.17190050498974627,0.07988241507215221,0.2314107328400027,0.29498640552719424,0.016251357839611097,0.13900810804004843,0.12551253587825978,0.06739475646108779,0.05467989362618525,0.2551791341235104,0.12000626842823953,0.017075826442454745,0.228013224609608,10,0.17037445925773076,0.2719368268987649,0.08152591687223677,1.991689204132394,2,3.628131135648562
0.5841110533152056,0.5841110533152056,3862,231.514902341418,7.222155815856665,0.2129411989361582,0.08063535718945103,0.24393460255921023,0.29913799781797235,0.021901744110944067,0.13766723665365146,0.12589200755061739,0.001754748358488184,0.0957428243883271,0.25762397695283573,0.13860775651938012,0.017231678479734537,0.2405765030037368,10,0.2704728196913516,0.27238408525730506,0.07244553546925628,1.9942972408558723,2,3.6257621960663946
19.540213195240373,19.540213195240373,12001,12.278139259155973,7.090015119996892,0.21627543026192714,0.09818247084348294,0.2305161481431303,0.29152462084258185,0.07410211019074144,0.14240639957273965,0.11685327005992847,0.0020825301384428865,0.05661397804490494,0.2751774185345644,0.13816892475511852,0.04484803937365069,0.23905003902432018,10,0.2687511474518495,0.2988828089333683,0.14414781015469286,0.6662387269497387,2,3.550022309859898
19.05538126003573,19.05538126003573,12001,12.195157321984956,7.17672157071244,0.17348108425528924,0.06918392982640144,0.2344779314003043,0.29994166639782754,0.003211865939505024,0.1363714521967536,0.12616998362849402,0.07508686114996838,0.0977610066950857,0.28978475437700413,0.14176357942619203,0.01479780358383086,0.22451760659732878,10,0.1716016869944772,0.26918591464589275,0.07564537807424039,0.7240153714571872,2,3.609379333597861
0.179656015818048,0.29364366570556505,4156,389.3609490828801,7.451947508849719,0.10641171629734354,0.09049508207087315,0.22614530330705432,0.2912113234209339,0.03653936788955376,0.1633993165864569,0.11557831428567357,0.055801516072111784,0.06548325308392038,0.2770347589755835,0.1299488788728115,0.017643248489361833,0.22101470532787698,10,0.2692539628105111,0.2707994760849863,0.15172310814543669,1.9209296872056996,2,3.5836609712207603
0.5941001649469532,0.5941001649469532,3865,230.1702563569766,7.314659431103465,0.17053127782406954,0.07847256352673576,0.2325037070910206,0.295631855516298,0.019235502035641675,0.1347573971662218,0.1252754140888142,0.07382381856454456,0.09219243552483941,0.2900325601334514,0.1402355241764013,0.01832458684799817,0.22900793338692396,10,0.16820887255401007,0.2715694289173511,0.07446754345975,1.9946038656443041,2,3.589155336563153
0.8330877168377897,0.8330877168377897,4559,802.7295850804552,7.425178282055989,0.17066961708074624,0.09323797000706992,0.2353411571277885,0.29331173410136496,0.016934426918991267,0.13759009661963245,0.11515654202414248,0.06955984402213006,0.28623499169420025,0.2919914724907153,0.1622476817644592,0.01722566520520931,0.22610528793033896,10,0.2690076136203047,0.29951843018484325,0.07418492819055364,1.8348981186550775,2,3.578759662231316
0.17953455250643122,0.3057849759700401,4158,377.0731503858741,7.110869838365682,0.10738898812244425,0.08698304358531739,0.22659278843216588,0.29154297064896434,0.013685163406672023,0.14021411970320502,0.10766261670622412,0.05855899212826448,0.055219811065415424,0.2792899073395155,0.12818408806708415,0.04355294976699686,0.22495627605809013,10,0.2736246600032339,0.2997842055472234,0.0005990587570270716,1.9218795211250561,2,3.546047114802387
0.17970728459655805,0.297688814129789,4159,384.93707579348245,7.4511147427484365,0.10638037032543213,0.05804582409842111,0.2306397741272292,0.29172773383249506,0.041257283495769556,0.146884813966843,0.10531516129386854,0.004607510995085504,0.264555236704623,0.2798964852122781,0.1291011351829353,0.017957051342929728,0.22064365374694905,10,0.154040810851332,0.29933357694180507,0.07958881052626096,1.9209824481057503,2,3.5694439744261315
0.17926652362442688,0.32945926638963924,4160,355.99141746561196,7.086820176062128,0.08437924243489967,0.08721745359642202,0.22416583608427323,0.29084867111398616,0.028499483045990138,0.16127827847660925,0.16651779500868585,0.01229541709592008,0.21829446308676273,0.2865758782780548,0.16127015074353482,0.016683640019549906,0.22264667167848115,10,0.1693979904818234,0.2688152008475271,0.07626644169742763,1.9234272609024492,2,3.4890415033237105
18.994726415949504,18.994726415949504,12001,19.32839513604,7.432076282326869,0.19070431287860573,0.09691345551830984,0.23228971408186744,0.2916931563872324,0.014342651282882243,0.1452069855313179,0.12182398331817111,0.05732581656426628,0.22780092597356327,0.2528865387922869,0.1289876416622701,0.019238734152578305,0.24012149170950642,10,0.2671416493517133,0.29821187580166264,0.07912435232511224,0.7587683145592736,2,3.557050583342841
0.20033362364431007,0.37139579115278076,4591,542.5174186586042,7.296304632630541,0.21764520752866612,0.05686895820914699,0.23197320286324685,0.2912511147386087,0.011261679011807534,0.14623300175014906,0.12575756176153027,0.053722816319440835,0.21888431318686483,0.25581631987690384,0.14223583830549108,0.015607550933416292,0.22524393881051338,11,0.26793211348628393,0.26964031753656414,0.09759718108661931,1.8368759844703941,2,3.5393973659069813
1.4601933723949005,1.4601933723949005,12001,856.3161293050031,7.144374528408581,0.17853757460542155,0.07400963121251816,0.2423136224036531,0.29984080322913503,0.08255150579410797,0.14543588120017248,0.12454539723223786,0.06514158017044687,0.2971086813380823,0.2751064513133145,0.1272334494544406,0.013712686620298637,0.238303732992398,10,0.2571845766387746,0.27378213892580444,0.07786702514483955,1.0563670503632427,3,3.650600213533003
0.5296993344417199,0.5296993344417199,4588,551.0794407822815,6.92588460446611,0.08717835844579211,0.09411337914675678,0.23170924725600156,0.29220377631525557,0.07259171658296998,0.16111029257488574,0.16317077798855453,0.005773613377124296,0.05742460651034286,0.269752842588146,0.130613355344603,0.014195461986118844,0.24744437065831826,11,0.15368464610465093,0.266530972980472,0.08027391303410787,1.8409111246789753,2,3.464079397558913
1.324239541389321,1.324239541389321,4229,575.2928704286182,7.398901250110494,0.0881312130452521,0.09159053085970596,0.23275854755011283,0.2898057360618292,0.04125067796612503,0.13963341718965722,0.1186753416054265,0.053984743391649735,0.21541821008029727,0.28213886622885626,0.1307771690826689,0.02147164301247139,0.2236158396658315,11,0.2698313523301371,0.29536699652672327,0.006891327295693539,1.9222798345131684,2,3.572698871981289
0.19792194494874382,0.2435591912082128,4534,540.3166969246288,7.661521155802865,0.08599448345164827,0.09343316769709395,0.22920464696709408,0.28989725035381136,0.035593306774603234,0.16237223864888536,0.11628232331220072,0.057632872966359,0.05786568418664001,0.2787529342736661,0.12735612716454522,0.018828684751700048,0.24785894787918955,11,0.14942298296715328,0.2935279451890476,0.14222988512159157,1.8396963065654974,2,3.7663163379085165
1.292055763897595,1.292055763897595,4188,541.3236058135301,7.471167940253581,0.08849342485187622,0.09115503303486158,0.24582190520320038,0.2905794592988194,0.026006783085116766,0.1639287582836955,0.10678581845960194,0.005763366274357665,0.2248491018255561,0.27814434074094757,0.128056289262328,0.01861188646849124,0.2206233090291458,11,0.2673311477598035,0.29908361978765696,0.00045581660927785685,1.9226435337426733,2,3.773662532980687
0.9282480530704058,0.9282480530704058,3318,369.7866356491616,7.495499269597759,0.0879552147474495,0.09180597347221414,0.22565971786366354,0.2906393642807362,0.03879913148919932,0.1650422695477474,0.16385890947631981,0.05810570729818229,0.21539216262858554,0.2795244598678199,0.1618965142302262,0.016965729434203807,0.2201987051921448,11,0.15149886039442803,0.2639665166101855,0.0058317961143297455,1.9222107927980672,6,3.46831709139572
0.9944662021451508,0.9944662021451508,3270,370.5210458524695,7.564056172930379,0.10655296925072189,0.08887995355300021,0.22386096711659942,0.289518252500156,0.03602102899682841,0.14539363304565095,0.1073804549624149,0.011690052058622035,0.05252469010857626,0.273324505556056,0.13158816877470525,0.022411375283444723,0.22107698992259625,11,0.2773596809765889,0.29420868838595976,0.00045865371549350326,1.9274181221326363,6,3.7703505591492927
1.2572429932749654,1.2572429932749654,4225,585.8280849397146,7.407830127320111,0.08907376036174008,0.058740361730654146,0.2240367867826235,0.28792446075716643,0.07834271489451379,0.16142610945965344,0.10867273034549153,0.058934948520427355,0.29895025141009246,0.2800970238331199,0.16209625117786242,0.01977753256232252,0.24685253035261212,11,0.27550577678022314,0.2640737379952992,0.1401658798093975,1.9270793207847867,2,3.493600714614411
28.42321548886843,28.42321548886843,12001,0.10388044257991749,7.511879627296201,0.09030676108568234,0.08565909394510525,0.22144948704000716,0.2882904368430841,0.03430118282936122,0.16512602752861777,0.10923528861738561,0.021600977663655967,0.16101555148266228,0.28105122681047107,0.15403113618311234,0.03773342423236295,0.20993874859272607,10,0.14830379220916498,0.2936219559563757,0.14923368618213845,0.05582619693501156,6,3.785847507898718
1.260368671750454,1.260368671750454,4242,590.2739222251932,7.628627826136753,0.09443611420857312,0.09334760654514627,0.22650655648349344,0.2899076184695723,0.07127417017702316,0.1601882318356047,0.1064198291969978,0.05922231131873686,0.2159508707450031,0.2803756821979211,0.16102562597363343,0.019540552196874783,0.22310133170317348,11,0.15341522043287836,0.2908672916093532,0.006643870162839447,1.924424214937169,2,3.4603245176686057
0.1795675009872972,0.23941407019220756,4129,451.5500592378315,7.615894189000299,0.08805310803298509,0.09098430864087645,0.22534605857891327,0.28921486159087706,0.029544545823456628,0.16201424379971552,0.10774990002131221,0.05975907617219419,0.04971436543855079,0.28135545514464616,0.13410037436818317,0.03481233931104456,0.21488544908085863,10,0.2751913117899896,0.2951438401879036,1.29329728348924e-05,1.9199024089699301,2,3.8047167895856986
1.2508956072102897,1.2508956072102897,4218,537.7555963927906,7.853033609169142,0.09155092449931668,0.09136200568318613,0.2557784429263296,0.10926097828676432,0.038491394909353965,0.16459689329262028,0.10537790205316949,0.007089384584125741,0.2512391562221995,0.27439940788191386,0.1334051254324879,0.00014697533815635072,0.22051670206519464,11,0.2667330335359721,0.2938660183637226,6.822021503590544e-05,1.9156328853903706,2,3.7531337748985925
0.6388470714067639,0.6388470714067639,3198,381.10967546923445,7.756104261619009,0.09111716560496319,0.09148413573406818,0.22412806445262487,0.29175669713707186,0.039351479995805926,0.16489800161055687,0.1088392486107977,0.00912015806051105,0.21654268625573997,0.2855336435528872,0.10825409737975834,0.021057367654124286,0.21428540037558627,10,0.2754503620693106,0.26528724253210223,0.005170973840889706,1.920287123691538,6,3.750310710723668
1.078457995234861,1.078457995234861,4033,319.96461948747447,7.563656416092166,0.09205958303675042,0.08813663193388097,0.22304436851541917,0.2886970787954248,0.0321402361605458,0.15997369657288982,0.10567443609265394,0.008784984166937546,0.24397058465526952,0.27887975606494225,0.15171260380161272,1.7195018560529213e-05,0.21633343741140737,9,0.2759275246480618,0.25967368310605854,0.06897754903040491,1.9249869500395667,2,3.7904002728491366
1.4471381731033819,1.4471381731033819,3134,441.05256062548204,7.626948711686533,0.09350958116798787,0.10654885291682709,0.22157899426144817,0.2883131832138747,0.028984323160164957,0.1493943856790322,0.11868285147998064,0.008754256725830932,0.24077237748948194,0.28479710675609604,0.10700678928902972,0.035467781725756264,0.21700478539138043,9,0.2734234849307424,0.25659354096438064,0.0016762454717489782,1.9187825342481155,6,3.4462552268552873
1.2741237712031745,1.2741237712031745,4200,536.3831891763359,7.785236265339712,0.08490202357476473,0.10219707247613098,0.22094924628406556,0.11034852535159793,0.03775740820011409,0.1628460201995715,0.09324161063978233,0.05952288877200747,0.2631019595552078,0.28155348515687306,0.13463370052179177,0.05202891905012882,0.2090676237242402,11,0.12096935654560358,0.2570563503555599,0.00016567642114224035,1.9200631077389743,2,3.764365018302775
1.1382795586379466,1.1382795586379466,4500,804.8904934945386,7.458749364295626,0.09328955664484774,0.08956122916466734,0.2277333463731815,0.1135670414805996,0.03078614514772775,0.16588586043462386,0.10524390786755199,0.011424430128578796,0.2930666689390203,0.2810793555040248,0.13317722033821833,0.03816431493915951,0.2183731385915008,10,0.26801171952610886,0.2646673199812014,0.08015967015268548,1.8383999633683854,2,3.800957549348515
1.2632123893605538,1.2632123893605538,4194,529.7462134648845,6.920227647906198,0.08371649341321692,0.09220007267813618,0.2159686380172731,0.11107796423592768,0.03714201066841367,0.1688591478114754,0.10835527819898261,0.0584158738367506,0.05900846505239207,0.2800099469697979,0.1334841591920458,0.024894181243810383,0.24820944659163835,11,0.1491572474522052,0.2925685095813329,0.005730310108542078,1.920906906619607,2,3.775146076981327
0.1981971720354206,0.23956438561898116,4542,536.8303221252354,6.9437081368437115,0.10644136198195499,0.0994945226044966,0.22512602628759648,0.28973786917036376,0.03753805311404348,0.1471997317717245,0.10508793126181423,0.05727446749567168,0.06440708973056826,0.26847141605799946,0.16058014991662284,0.020474111288143363,0.24716453903874103,11,0.26656995128399774,0.29715006783967907,0.12571359449246117,1.837994515966437,2,3.7618998404054618
0.6424022027406227,0.6424022027406227,3200,383.76998094613606,7.687298277689685,0.09466367005786158,0.060920050840189637,0.22612230681135598,0.2894920081169519,0.03194427207181125,0.17005764656163086,0.1058271902646443,0.014933902708218998,0.2597367735384497,0.28310773068423517,0.15576056651481537,0.03838327213514574,0.21123084756603808,10,0.27598132036127454,0.25892516182735453,0.1285151244448683,1.9278001245376561,6,3.5039100115025152
0.18099935501767403,0.31407743316258696,4194,374.9613010604425,7.731632549464025,0.10529842113920011,0.08700285927406952,0.2242628812307561,0.2873718348334739,0.029923659330202357,0.15156946433868682,0.09805990088769781,0.0128753417896879,0.233968689705452,0.2871748761173244,0.10786475825523106,0.03863141240988609,0.20227061479513497,10,0.2763293457036909,0.2871295523486074,0.06967881327798951,1.9164064798682798,2,3.4601045565870883
0.18089967383567934,0.32425734622672825,4194,368.98043014076165,7.821945702415812,0.09595379782979194,0.10439821343577416,0.25380724788428544,0.2870110409797869,0.047057834233021574,0.15102266141829485,0.09441101040959357,0.007976139123396099,0.23887516437560066,0.26870311718615325,0.15283934412865877,0.03928503024586848,0.2150974089943012,10,0.2652831913962932,0.25334762346802997,0.00019704581829845403,1.916958986489489,2,3.4481008945290657
0.177318211904954,0.3663674025646938,4128,319.0927142972409,7.013126046409993,0.09427591011897667,0.10462479628175302,0.2222606768151018,0.2872915808572952,0.0614401009875669,0.17157910058332998,0.09810745910283147,0.008369266573224425,0.23546569235051215,0.28578617577132637,0.1516167089577586,0.038102630107728,0.2180628373953879,10,0.2388862935191887,0.2871888196143486,0.15204966193192543,1.9325446242613196,2,3.4501941988106326
0.936000310221105,0.936000310221105,4108,329.5718527151071,7.781332432959772,0.1048461668426487,0.05985494280476063,0.21413881411917754,0.2871367351777325,0.029647969314268573,0.1544739352144659,0.09652232213499101,0.06387650642948423,0.06572252828870516,0.26862312151791057,0.13382024857424094,0.0008796652204944577,0.21697370119596204,9,0.23833974010910516,0.2581081780316777,0.09461220563833067,1.9209666734888453,2,3.4451979849639347
0.18567943801840073,0.4322374542042861,4322,335.76628110404334,7.63030440457995,0.0766095463478387,0.08481410822820391,0.214298694773924,0.28637916998391033,0.030020535720149753,0.17093517399285516,0.11281002472777403,0.011296579446873116,0.24842138679508438,0.263085444361208,0.10492532994821552,0.04884275079394858,0.21524424546129822,9,0.23920314451113384,0.2883386336117816,0.1274539102054545,1.845655632469574,2,4.004102436291241
0.949477973164726,0.949477973164726,4371,325.73945772576633,6.9860013852186125,0.07968974454195271,0.08662125988212914,0.21478344536287974,0.28604483445896955,0.027835207680626133,0.1525105161911116,0.09635671645679952,0.013676672471720818,0.06617720008997961,0.28529113057392497,0.11197560969097434,0.05039435211285108,0.2139275072561375,9,0.2769936526658161,0.25400902338236614,0.06839736335560884,1.8587991108422957,2,3.467299692673021
0.1795251953522556,0.33594789817172716,4167,354.0117211353368,7.83084625284942,0.09494377037103068,0.10689240336897653,0.21422740086998868,0.1115211009388606,0.04646363809687243,0.15164084004667683,0.11397951343393226,0.017271704084705415,0.252026136647062,0.28370299048802466,0.15017606349738144,0.05232245157818036,0.21410934599420298,10,0.23701999950279104,0.28834078268106544,0.06802791366490979,1.9226192672894578,2,3.469404724191141
1.0289223606346567,1.0289223606346567,4342,332.64684735689843,7.029667377980058,0.10466944216378071,0.05715505398005621,0.2149777804927694,0.2853968343496869,0.009540836212093605,0.15346769604891636,0.0975513570971146,0.08353092196429152,0.0488666984869406,0.26799494867044404,0.11536071750203462,0.047180075521882914,0.20407623928604038,9,0.23843307252817586,0.2864391298337649,0.10157956164996515,1.866254942819767,2,3.4421056495421327
0.8906237516005285,0.8906237516005285,4331,743.7039654353733,7.013849107848948,0.10765645364023066,0.05970352404404682,0.25232746236055675,0.2861139722143936,0.006362413908424391,0.17411306882317817,0.10099697288728876,0.0851657897698865,0.05070484316357774,0.2670362466618112,0.1486885041644756,0.04290937584674947,0.23234385072024627,10,0.23556703246728722,0.2872657169218487,0.010641497008505661,1.868215580344217,2,3.9861082143371176
0.964070035423778,0.964070035423778,4374,325.525818320356,7.614442286843441,0.10589585787316746,0.05850338721988515,0.2171245948263133,0.28692496018554403,0.04741976528264976,0.1706215004221203,0.09434827746353912,0.014003003276265975,0.0652440891848876,0.28641388791663636,0.15062130676095123,0.2224401481747573,0.20203662190177077,9,0.12039467309969343,0.2877197295270429,0.06699929943336679,1.8588634368689718,2,3.441206274615091
1.01721436301401,1.01721436301401,4358,761.1055405176231,7.013950022544692,0.1073346630332139,0.05929277636531317,0.25170763022848447,0.2839990344680318,0.0448623969491831,0.15368597610491078,0.16785770892346372,0.08188246236595759,0.26238890579264484,0.2653850561077143,0.14735409189659632,0.22048021903390336,0.22820154494734546,10,0.26468149742526653,0.285875861038712,0.12719595442290402,1.8619168701489937,2,3.991918078967104
0.1969250871294821,0.40153402470401006,4455,678.005227768925,6.963964839933938,0.10524365901585381,0.05871528508222671,0.21499289699526444,0.2853745590739476,0.050821977861507175,0.1499877196988049,0.09631981278186116,0.015172543869217896,0.04983605117100612,0.2675923583493677,0.14721090061935213,0.03144444987298151,0.20291486623602706,10,0.23855937979745984,0.2862456008438415,0.010126231762172852,1.8581582286140381,2,3.525123128489351
0.3625944660122271,0.37835087846072263,8377,813.1679607336267,6.946688172980367,0.10497822949535263,0.10841572711302952,0.21899975463096988,0.2857522952792212,0.046129056951833544,0.1529191482263634,0.10059861384607069,0.012214124426580862,0.04795604585870773,0.26483530896821883,0.14882655266656805,0.05235492214645439,0.23009422002613567,10,0.27733668297897524,0.28592245897368707,0.006537457675881857,1.3148563882408046,2,4.06320863454157
0.6789632156781389,0.6789632156781389,4291,702.9982956231457,6.950017174209409,0.10650047183677427,0.13030826901004536,0.21011316008575778,0.28560612117533596,0.04691928268686347,0.15349884973726896,0.09888002304111355,0.06391740446078414,0.2721623981685256,0.24785311386221742,0.14695213028250562,0.027856479053976705,0.23071281755083556,10,0.24104736914500385,0.28726242127814494,0.010581159474802891,1.8781387545186479,2,3.961681219081002
0.5813255465133119,0.5813255465133119,10593,852.8083026749352,7.080462888792208,0.0790630138592468,0.05983193957171278,0.23693006256389715,0.2946191564541906,0.05104408116558137,0.175821721062501,0.16750103694926297,0.01813192455909915,0.049522577647487215,0.26489185029324713,0.14654413289215867,0.031170859467253873,0.2293342591416707,10,0.23837044382133288,0.28639771670155584,0.09482789912955539,1.1832593919490857,2,3.500096123642268
0.8762471741803234,0.8762471741803234,4360,311.5271939216122,7.030891718890759,0.077092277092197,0.14304000507472264,0.25345946872888625,0.2948433033392668,0.049707930526312165,0.12425330948984993,0.1148901453402391,0.08021119642565862,0.051923114254646366,0.261342839089506,0.14749230436987973,0.028047703516191562,0.23018628066489738,9,0.16114974478349703,0.28574861991429457,0.010613795572574532,1.8582720752847903,2,3.5241749214343097
1.1061211953023053,1.1061211953023053,3048,382.46733321049607,7.039797283919761,0.11199391057783872,0.06565685399148147,0.23811055089376304,0.2946306493394796,0.05675601146382545,0.12925310501353807,0.11471229074470819,0.07404562887246308,0.273045471798727,0.2989263611199325,0.14778534892732587,0.031695495940622424,0.2312136649501879,10,0.2381820366824315,0.2839807725106255,0.15541659717360312,1.865574386744154,8,3.5484584623928273
0.599837523168566,0.599837523168566,10856,856.1594451130744,7.714113184900981,0.08113625642939318,0.09990895152051164,0.21647954199600816,0.2878762128952078,0.02902009143970569,0.17260712197121508,0.16629599711947293,0.020293714706727674,0.2674513755866828,0.2866876469881711,0.14678901920136858,0.04188329089516801,0.21054685326344227,10,0.23674846694276083,0.28662938832795815,0.0005081760700204878,1.1696320375100235,2,3.464635387355042
0.19042067165879695,0.2450919531400399,4347,557.7402995278162,7.131475758311885,0.08000635681502781,0.11390075066166526,0.1634048799792916,0.12815468184006323,0.054669774842979434,0.1280988292300736,0.1150308839973333,0.023720589234149353,0.2690547989779275,0.28923015025107074,0.14787366175148883,0.056437058576279855,0.23023934000058172,10,0.16173217282543356,0.280484481444965,0.10828487480263976,1.8806003235599427,2,3.5294682121362104
0.19383828985978518,0.3051565138220054,4402,625.2973915871105,6.9437140899063685,0.0770972623517103,0.11142982978349654,0.21117491440614078,0.0882920779636253,0.06435322788297768,0.17378732444726158,0.09990306560067527,0.020361008612025912,0.27331542444209544,0.2925547862409827,0.11806317543481314,0.031284923164455455,0.23152016799115444,10,0.16221917924801055,0.28074088196723856,0.1027893226971299,1.868833106357045,2,3.5372994135731854
0.17114193129926786,0.43764826814806596,4000,268.5158779560726,6.992227620275607,0.07651148465124298,0.11455107200912933,0.21181996187691052,0.2941332548960746,0.06181339920237555,0.1720442163120927,0.11405467356507591,0.020774518503178924,0.04809317264287995,0.29729840419191605,0.14894893832247483,0.21679855174646329,0.23039659250920627,10,0.24079794009584157,0.2868272130129189,0.1022633880315306,1.960740168609606,2,3.54352309391823
0.19448422060040987,0.3513175344456922,4410,644.0532360245925,7.1064156690660125,0.07873729214905467,0.10664255174523564,0.2119726921391887,0.09076929192728382,0.049557717057489285,0.12642629157152302,0.11255629179799109,0.021065047225245926,0.26147046963073717,0.2879477585110009,0.14814760038579566,0.05587964797416282,0.2305238319039913,10,0.23841651197324154,0.27957900640740213,0.009075645481172623,1.8663369756161996,2,3.557300991405314
0.17053555724010644,0.4500131058647039,3988,262.1334344063861,7.153762144259516,0.09882769630299627,0.1108301877184667,0.20738334535902891,0.11730551062716701,0.054183696774891446,0.18046740417883575,0.1145455333992957,0.024485517479056057,0.2530181582366782,0.2984389271428302,0.14776679666601514,0.031107922898561773,0.23164365495196632,10,0.1572263104469537,0.27975602772055047,0.010196581729528906,1.9638494541759006,2,3.5364701600795634
0.44310668013544624,0.31519966531866683,10326,771.4008081267731,7.059837961028614,0.10401919505435493,0.056411631464870805,0.21330050971510509,0.2843743777336466,0.008464179655430996,0.12930769456617344,0.1142529526779598,0.08299640008729532,0.05082772185868946,0.29626436089411967,0.14626746488731082,0.045811553439616244,0.22901515098917366,9,0.24153738269067326,0.284319740717916,0.15330530928562658,1.1681092513826499,2,3.9863167154959074
0.19082648442054834,0.2602987219580598,4354,564.5890652329006,7.096712609651107,0.09638318017820353,0.1320138811865385,0.2370737232140005,0.09210900778222722,0.0565709066196928,0.14902943456005022,0.11558403622834104,0.019971417553390033,0.27719812487459733,0.29916981715767066,0.16821539765873397,0.06419042067405428,0.22917621448543338,10,0.2338914592852644,0.27799733004236704,0.1569628077004481,1.8790632822092026,2,3.526212168120754
23.339181785954942,23.339181785954942,12001,13.241107733480977,7.1499150567016585,0.09666557347592325,0.11000389379737971,0.2104196579117137,0.10325688860441856,0.06195856206263735,0.12746638496134494,0.11614754183718898,0.022230229150564176,0.27045532611687056,0.29590422286743867,0.1669574461173803,0.027714006197064787,0.2313327587763034,10,0.1635162887018265,0.2784725324844135,0.10980310935606141,0.5004270684364266,2,3.539518126897562
0.17231213231400244,0.4056827815732355,4022,283.7279388401457,7.17690325515264,0.07930243665762401,0.10925615468998896,0.2078602232991898,0.08819942798299478,0.06067773339265673,0.15827423493865514,0.11556101873333413,0.0001964446090050309,0.2719534889511964,0.2999435824229798,0.13736507845248722,0.02843013378552551,0.23171952042260432,10,0.22096863578484915,0.27995557668224785,0.01775156309526568,1.9548181988850077,2,3.5471177867451376
0.19198684561503362,0.27581931552558003,4371,591.7107369020165,7.070505775038935,0.0973667982957492,0.10345493592395516,0.21115843037597226,0.10638230606290387,0.04666560656258091,0.12694339416114356,0.11466898372506618,0.021914720794125004,0.2702145414853965,0.2877018772232644,0.14680723158074932,0.03301776858317314,0.22976007390826667,10,0.23510635173920635,0.282542280705936,0.1591308512950513,1.8750549761446362,2,3.5412046481349093
0.5710761822716823,0.5710761822716823,3831,229.8295781857612,7.141695068675895,0.08202309901736897,0.11848655775983004,0.2330217844128347,0.100233051961644,0.052350524328607456,0.13011185144519774,0.1181583615705135,0.00039779941125868586,0.2712723991621589,0.28884043007849275,0.1682214143781541,0.06594793885225925,0.23655110898193515,10,0.1583411150532927,0.2827642719206642,0.13701781110724967,1.9996421077436943,2,3.694109314652423
0.17138938805019177,0.41662392869949527,4002,278.36328301150485,7.229507681432608,0.11180980178719352,0.11456460663654232,0.2362142709313477,0.08722827690155768,0.058760446910489456,0.12940237440313856,0.1157032735551785,0.022438067151793063,0.26883545975433476,0.29440612951533357,0.1382350545309143,0.04341517663844751,0.23030345196695026,10,0.15940358426707296,0.2801013904430411,0.10711448645051588,1.958682763607694,2,3.5741880770043144
0.5608157475624235,0.5608157475624235,3841,229.82972408475104,7.325906242821532,0.15938800790147317,0.11352945518023931,0.22900927215229372,0.10113118490100786,0.09993187085215596,0.1179510291216225,0.11332638370089915,0.0029168529772916852,0.2565991734180611,0.27443108235611074,0.13685870137869272,0.20152380570997114,0.23571659954950913,10,0.22069439665419688,0.2779637354610913,0.1053646519637996,1.9973710952940325,2,3.6856101996123387
0.16959633883420952,0.40890223269383325,3961,273.28033005257095,7.163037376299433,0.09701986149264553,0.10339369684127597,0.23818473223454809,0.1054766351405246,0.06291883359390171,0.1808408257725213,0.11432857683887164,0.023299854090782834,0.2719429645123091,0.2901181134054902,0.1674408072533059,0.04404314334571012,0.22177373926719812,10,0.23274733362876993,0.27931918641694037,0.16463132193713007,1.9659940071227557,2,3.6641748707463857
0.5456459271597308,0.5456459271597308,3832,233.50303208859603,7.155148269693151,0.09799351831820262,0.07782182387281228,0.22916149928961393,0.10000138288902202,0.05820318288803092,0.13013852119602776,0.1133044736069251,0.02576686255465664,0.23361930868337188,0.2891052246456989,0.1704534896325026,0.034081240507156045,0.24214606760609894,10,0.2202884602799213,0.2796437164818744,0.15590470095260378,1.9982558353003994,2,3.71986508066215
1.053004341738915,1.053004341738915,3238,374.4387555892542,6.809346035267318,0.029242054484199684,0.1273085555093525,0.20478020382103204,0.12136771615261922,0.06388371008430119,0.1778314012529345,0.11432982281400013,0.029443114540930536,0.2309616773668779,0.29530322580218965,0.17317343282323408,0.06668105177237366,0.23969512252016537,11,0.22193467119364457,0.2801190215915564,0.15073463783395052,1.998000032777943,5,3.6920648383796837
0.17023534909999014,0.393653318712039,3971,286.62094599940735,6.753091582223124,0.15953173189986378,0.1046854653079995,0.25938100515982065,0.1030277980215229,0.0996210904636459,0.11767590615093924,0.11493218593805157,0.027964507329686535,0.05851433338966749,0.29004382139661483,0.15618040105084174,0.19717285148510055,0.23770427957630538,10,0.24611208089546768,0.27885355864867445,0.14946308947231443,1.9623027976625402,2,3.6876462976508106
0.6504275666828709,0.6504275666828709,4094,516.4612900525755,6.717409606938307,0.06754208975949359,0.10510917677411863,0.20635657057849444,0.10283322560218384,0.06776188224569178,0.11700652295836364,0.1167897540748788,0.01962490794857444,0.1162611780704778,0.2978148089748982,0.15646429343009832,0.0692519269300376,0.24104346315794134,11,0.22229911963062315,0.28074677585879754,0.012689944746952803,1.9638302470216966,2,3.3965078049763506
0.9870224121234529,0.9870224121234529,3369,395.3906391716855,6.754175373325187,0.09684818697948712,0.12026983177101476,0.2026627358643692,0.10640487666944333,0.06080266005737432,0.18656178710489235,0.11905552745469584,0.02843438409084796,0.25342099635829957,0.2992893014339364,0.13734063696676702,0.2055463232136534,0.24066980232103305,11,0.231160428563673,0.27706934019831087,0.020729526799749747,1.9663830149449308,5,3.3911736278626625
0.5120012928557893,0.5120012928557893,4020,248.6095273209083,7.988607111380564,0.15787769243238295,0.07926276479927545,0.23519514038865327,0.09515738871339403,0.06520348381440161,0.15691382479272242,0.11642525190664821,0.02688937794730567,0.25542504808379257,0.27695593890203224,0.13683793492329138,0.006388135483649962,0.23901701974781922,10,0.2513956060030702,0.2775586032460727,0.019868129045602416,1.9618483310409427,2,3.381166932897005
0.17000768140549705,0.3853505965766732,3968,280.46088432982214,6.6847934794103105,0.09804870714091188,0.10915789577423755,0.23020163818088468,0.0990152694456404,0.10719488080619469,0.15822631908289977,0.11478698205449488,0.024583538242135824,0.23208736133906527,0.29485647842906815,0.1368365654714706,0.007143778408580312,0.23652585607917564,10,0.2499252949822312,0.2805545893078785,0.13622702546604562,1.9632521897079873,2,3.6823095802282717
0.5325556939410198,0.5325556939410198,3920,447.28083600173727,6.756870669183425,0.09690323574139985,0.12112413362786198,0.2018591901906744,0.11242875882645553,0.08348651425109561,0.15937344970680453,0.11938159471932341,0.03004872236009029,0.2496771157941055,0.287883455054316,0.15562577177295253,0.19298880328023416,0.2383899497839848,11,0.24851202841628095,0.2774956763644288,0.01456738556387899,1.9974627303519827,2,3.6827361572732564
1.347922364637521,1.347922364637521,3249,426.419543656222,6.734571126538541,0.08643880435978538,0.1203709840575147,0.2025003827390522,0.12093239657547708,0.06376606282140865,0.18789862026085508,0.1206987499251406,0.03185295243506127,0.10483482967341219,0.293254663578637,0.15604059977376464,0.21417997955429058,0.2373102814985339,10,0.23136472202343797,0.2933627869674735,0.016774912507631773,1.9661371557466008,5,3.71350970438357
0.812455224616101,0.812455224616101,3339,390.45320769676795,6.660959474264447,0.09752089978386673,0.11678427082627646,0.25876635868217807,0.1205877603702143,0.06517463963286815,0.12034427147486762,0.11923781119786113,0.028928056957542123,0.2222442140039136,0.2904640401958973,0.15777490534485683,0.044169395805123475,0.23981773840837248,11,0.24946787956606578,0.2918749879363761,0.017652465491502605,1.9658017573122355,5,3.6845945880930513
0.1537781532149922,0.454151130507237,3540,376.689192899532,6.689344124164525,0.06542484359425707,0.11170480651126694,0.20179376685464875,0.09535758127001649,0.060979638876879114,0.11992963589768427,0.11959707146489747,0.0004618149265415584,0.2536566779544524,0.2949161509722027,0.15751076900417824,0.03567126565541819,0.24238468813280656,11,0.22743688768364645,0.29882612607055514,0.015877866367533064,1.9996662558102747,3,4.465031489398565
0.1647005697631684,0.41576237739122174,3798,387.03418579010395,6.7193028650763855,0.0314995483491477,0.11897819901866342,0.20282656663962015,0.10473469969288368,0.06664772135099198,0.15927092420020375,0.12067620523127125,0.002873388172449419,0.24611581092909973,0.29568412650317605,0.15577883733091347,0.2279360310086088,0.2416240806915427,11,0.22378928674628792,0.2930937206518602,0.02100251239106249,1.9663987774530525,3,3.3787844143223573
0.1649529751781119,0.4017400222668882,3804,387.1785106867133,6.7471205689141,0.1594624346701246,0.12501647896193654,0.20066888606408162,0.11632915300480588,0.06329179273581857,0.18036969772645733,0.12196133558741612,0.026168658556022385,0.25057932193085664,0.29943972111777406,0.15572639970608598,0.20527040904213262,0.2406696370625206,11,0.22082837999081054,0.27962124254738907,0.02032592109954092,1.9645686647427363,3,3.3695178749803443
0.7938684782040418,0.7938684782040418,3691,364.70867621498616,6.762867414932682,0.06457405137283322,0.11668006811169883,0.2061770247743976,0.12087876879656385,0.06649922622449382,0.1822684230248696,0.12013070814137625,0.024555528656365715,0.25407628502489354,0.2938192365601056,0.15819048841692893,0.2307417550587643,0.2414195891426287,11,0.22154041932055654,0.27679578646512104,0.11414150876920749,1.9981477909744543,3,3.3609144427756625
0.8930217584112947,0.8930217584112947,3398,396.6195780701117,0.36763049927082214,0.18887665511948643,0.12437284847765531,0.1984945741325016,0.08285142384006518,0.06203097472459867,0.10871012844460269,0.12063512531675381,0.027778604163024228,0.23210881498851255,0.2931978536142412,0.15660926482186224,0.2146512690853296,0.23652422605349208,11,0.22870672285859028,0.2926547238126693,0.01985917284610034,1.9568253236485906,5,3.4142125553611185
0.16490124834848965,0.3677056345679251,3798,399.0749009093793,6.7640668509910045,0.07193323280209994,0.11542817162632833,0.20084683356328198,0.09566773283247475,0.06699300411672124,0.19729699400098083,0.12066797391521229,0.030140780483040967,0.2299891472946423,0.2956901535363054,0.15485786574825816,0.2138067374393735,0.2392683836712192,11,0.22692559357968248,0.27695994751410496,0.11809539909067517,1.95606062345527,3,3.6359647452195847
0.1654567883365467,0.3541229451292306,3814,392.40730019280113,6.758334194152871,0.08541882754622808,0.11231011619892894,0.2019803096534095,0.11518675951514848,0.06652244410457242,0.17770599351653196,0.12183672510065861,0.027826217875909696,0.2570715428448983,0.2951836098820379,0.15639004859770322,0.02540292361613789,0.2413962612185785,11,0.2302908109503635,0.2764406597285859,0.02173472890170638,1.9601199474742448,3,3.4118049680563534
0.16331905992885282,0.3525276664958397,3763,391.6435957311691,6.7828241103866125,0.16742489428706997,0.11486227134844916,0.2587395972321939,0.10444629913590284,0.10430901814276744,0.12007872784793833,0.12045396462482044,0.03761492217796742,0.2236564941692766,0.2991045079462523,0.17877099479625322,0.007225943550420453,0.23491111863357605,11,0.20886634575401433,0.2703660708720189,0.14752000784469277,1.9642969405403514,3,3.6688866892217127
0.16367300105268012,0.34828739588592705,3771,392.8800631608075,6.64017465618946,0.16591544428105315,0.11358263493673024,0.2440865555623407,0.07835659409692751,0.11093422364984787,0.1820041130578895,0.12189689835698322,0.03147897567028387,0.28420008853557255,0.29324898266386423,0.14045139237566878,0.006408838077909641,0.24326844379339277,11,0.21074436073078295,0.2711748890405381,0.1340312853810015,1.9629141717261647,3,3.6513985089777976
0.7783614898040635,0.7783614898040635,3658,437.46612490599796,6.660233929358501,0.1572109795707639,0.11522909443413115,0.2763018125421202,0.08575478163271243,0.11406932385402557,0.1072857339439931,0.12139127313643641,0.03446995793087707,0.2878525872043054,0.2915021153914771,0.1801703512357768,0.23501181781266964,0.23845546326571643,11,0.24729156814296993,0.26979183397168993,0.1478432551747995,1.9632015814329657,3,4.533796086157011
0.5323916563968669,0.5323916563968669,3643,359.89031027831305,6.667544565749273,0.16487899711825602,0.11321310822761865,0.24583881377700498,0.07571225040541399,0.07997352746506811,0.11122554104948207,0.13205304318717997,0.03748896598413365,0.07985874685945225,0.29384297437944723,0.1376396871610136,0.007719481209483401,0.2440642218906677,11,0.24463517723756595,0.27160795339171817,0.14498746759735223,1.99960535244336,3,3.6586471244547885
0.16405485965514602,0.436382544974018,3784,383.29157930876113,6.66479569431763,0.16096110373894573,0.12321762833685869,0.24592389053504718,0.09737349892314381,0.06664324983407004,0.1831138882627947,0.12300458098639365,0.028076730637705053,0.2751511904508583,0.29428126744062566,0.15717795634431486,0.2120725200632993,0.23736314865867544,11,0.23078751141194184,0.27388523874035653,0.1679584255189786,1.9698281361530576,3,3.3869452520712153
0.16491190554367027,0.3749318809677288,3803,387.2143326202155,6.705532924062273,0.0838436183220338,0.11813013408768663,0.2580295218284372,0.07577583761645396,0.1124514152322533,0.20097295745017957,0.12130832419651953,0.030722351701496106,0.22296710210706203,0.29766613064797603,0.1572027851004932,0.2152169080529394,0.2425242094315362,11,0.22847209993211226,0.2727608572417563,0.14544701604270563,1.9636371434112914,3,3.4023386296097997
0.5140956377358201,0.5140956377358201,3640,358.3316679569809,6.666232498609534,0.1641671542546424,0.1018912282338809,0.2585054895067376,0.08699676335143766,0.11363500609812846,0.1845407411854911,0.1213494972575805,0.028533977555058487,0.28919951167231345,0.29187783860583627,0.17860213699415595,0.22776437657366855,0.23672692243507237,11,0.2460988729093003,0.2924705600413045,0.14590266349016764,1.99960857783947,3,3.682692079839638
0.15403169390006696,0.4825967748296686,3545,379.4016340040186,6.633869899265882,0.16565395987897477,0.11261754605318824,0.24569932804731506,0.08355594431863922,0.11533989545641957,0.10643840562050026,0.1321373580570573,0.0020832095197667712,0.28623783188732055,0.2989648127414115,0.14124880933387196,0.22883849477577078,0.2451757909455889,11,0.22622485127035452,0.27230025368634764,0.14715909485761708,1.99747093508666,3,4.492180471218459
2.1666082183066706,2.1666082183066706,3286,863.0469782787955,6.622541522025793,0.06390140419672637,0.11091151329518259,0.1989338819286195,0.09220010577543421,0.10932171617178328,0.10615055861973623,0.13078158874198245,0.0010819502009313756,0.2462268474483994,0.29364342093703427,0.18371512130789575,0.08132711407519234,0.24376120366386422,6,0.2276799633209352,0.2719259196348989,0.13642927174888392,1.998458312753467,3,3.36294061510717
0.529423926758132,0.529423926758132,3642,357.7387467947376,6.673115134128772,0.16543475406533445,0.11437184491801525,0.25996816993456073,0.08230249711565354,0.0673605304797501,0.18567013704342028,0.12095341117028655,0.02880634538954613,0.24923057162689577,0.29299819769537655,0.1545973393239046,0.02597328917385726,0.23734503573647844,11,0.21097981885982103,0.276405514963427,0.11809191897868049,1.9995096497125322,3,3.673890360330425
0.6986438637038169,0.6986438637038169,3681,425.9062878703864,6.600292212718474,0.033993652940928994,0.11370175869811029,0.189238170602723,0.08565291274396515,0.07031113240741634,0.19745103996266133,0.12113651196960375,0.008252911693361854,0.28483973802412055,0.2936001375000023,0.17645149440453295,0.22924275593303706,0.24548522010636636,11,0.2086079609772662,0.27031819345540475,0.14534182062680293,1.9622773068388069,3,4.367122262256237
0.6449394948776181,0.6449394948776181,3692,419.4736677338847,6.631669490273211,0.03291991486406673,0.11175758616843512,0.24555116072196345,0.0897122505401899,0.10840722118349792,0.11172427825205683,0.1209969319057576,0.001861877309490185,0.24699739304717447,0.2981896885222458,0.1789710800192737,0.21418224640172182,0.23491491658828223,11,0.23040821338974288,0.2705396684367748,0.14458438880621283,1.962481313094134,3,4.2724418208569395
0.6369079302638677,0.6369079302638677,3713,418.8700430042602,6.632182104938849,0.03126471208501371,0.13660639190975132,0.18781597821429438,0.09295123638729172,0.11242304867371879,0.18114011636497834,0.12215513346748716,0.037000658097231694,0.25892579623761264,0.29692348489201115,0.1803007557106748,0.2187281458498005,0.24497148391569842,11,0.22566830219539277,0.27127944506022333,0.14509610239916304,1.959072438727622,3,4.2020110684857315
0.1653690597560038,0.3534144178199305,3812,392.14358536022917,6.679377426576168,0.040262810305085356,0.1142292545239627,0.19966082263356102,0.08619686049653175,0.1120513193622597,0.10480251560161045,0.1311138720832542,0.0008186086817781458,0.24488692036513907,0.2958545654201403,0.14103089860610696,0.2261600523999191,0.24536097544487162,11,0.21291214247049392,0.2705896495680902,0.1481228233774305,1.960585980894214,3,3.4219570561345725
0.6318803489878474,0.6318803489878474,3674,415.83699108578276,6.6105711146009645,0.07014672543502343,0.11619160092180657,0.19695024366733996,0.08652990243394473,0.07973984721669743,0.20081914594859257,0.12191528976544938,0.0013702979446812563,0.2831093920360802,0.2996076881276188,0.0634037638272,0.21825202315859596,0.2448520074410818,11,0.2097285890960274,0.2699774143270498,0.12091992435763355,1.9661635731732845,3,4.319054825512987
0.657347580794208,0.657347580794208,3493,393.02416975291806,6.572182592223523,0.07249447915318571,0.11300283017632473,0.1849217842385828,0.08580116289691435,0.11514204177866591,0.17961329707776322,0.044567900237463876,0.03781380520521953,0.2438445385756643,0.29807981324435695,0.17790481215704096,0.22627993164732557,0.2457923355153198,11,0.20970840463952825,0.2702029485143841,0.14235098491731166,1.9992158412510146,3,4.899576525308065
0.574482863691339,0.574482863691339,3520,381.288629924176,6.626867880694408,0.16557160765593892,0.1364230908094244,0.19923445521946231,0.09513250451678716,0.09771196351232947,0.20455102701825273,0.13174177997707856,0.037046549895159424,0.24734681533794722,0.2991839798665432,0.007424252985201774,0.21856589224830425,0.23462634558410886,11,0.20912111449030152,0.2710688597866491,0.1470140695201888,1.9985143339189237,3,4.671285817192394
0.8940139159711123,0.8940139159711123,3670,460.1370792919108,6.600639811080429,0.06750690714413962,0.11224875637221551,0.1985111932504104,0.08547331268408102,0.11770188666281368,0.18317615314014335,0.13187165044004098,0.03721597345981928,0.2862194427903536,0.29862326687390034,0.1765897370208894,0.19563721081755944,0.24498477093913082,11,0.2099988051734634,0.26761181060795364,0.12078202229944923,1.95628423033434,3,4.647086316589248
0.8062298552329817,0.8062298552329817,3696,446.2856267460511,6.562696486535978,0.07026300958029748,0.1398772101107507,0.18801420199910476,0.09264467669034909,0.10893440843259611,0.17931892554746046,0.11075089680300443,0.00011193612328786297,0.24341548333588214,0.29797422256099954,0.18105209541068584,0.22335822752653553,0.245010007895282,11,0.20898742258593134,0.26720915324002886,0.13359969463378157,1.9551844671633858,3,4.460311277243673
1.042207535317701,1.042207535317701,3655,482.6749347243079,6.5910607718490235,0.07139518285947993,0.12628697081330384,0.19479745378454263,0.09387053881271884,0.11057403110907378,0.20120805581610723,0.1119747329769072,0.03916189176855522,0.2446185771826195,0.29867388969787473,0.17956862730951942,0.20981454363355728,0.24428207317875913,11,0.210886846393706,0.26836034836022243,0.11886912078971007,1.9524109544808,3,4.906168248698882
0.9937879965470491,0.9937879965470491,3682,480.39399764724743,6.579757783368157,0.03408273650421098,0.137901905289755,0.18190685431334355,0.07636376878849967,0.10833825003743014,0.20067633850686173,0.10991884372365035,0.03743784249105147,0.2802682421468381,0.29804207625308443,0.16729313894101447,0.22283412445436618,0.24490354166662398,11,0.20956678729877964,0.26800967547996946,0.12319688617120135,1.949891905387494,3,4.748093761620833
0.8962931210457877,0.8962931210457877,3661,459.98585385901544,6.614827342970911,0.039897798070004015,0.12425611871233758,0.18746807852918462,0.07791566204298042,0.10454959988427429,0.18397837880294463,0.12138292262966147,0.001774406944925221,0.2856324156997891,0.2996564488470516,0.16591448654812033,0.22520947569828267,0.2348482229528223,11,0.225387056440789,0.27582968630293336,0.03663151230021239,1.957469206164655,3,4.695682538690395
0.9078632740704935,0.9078632740704935,3682,463.07974813593955,6.58428984208776,0.07001809896698727,0.13752088901551238,0.1876523287651505,0.06948751480269695,0.10233234708463229,0.19785789362281428,0.11140072015235096,0.000457698947844932,0.27973270457378296,0.2999088638815585,0.18599477160499034,0.2094793529917618,0.24435033487831692,11,0.222694915302369,0.26892711308698813,0.1357772236390156,1.9533147520391512,3,4.641938380677663
1.101045540817453,1.101045540817453,3712,503.3885214663099,6.6145607915404625,0.07360343826480639,0.1269198795399133,0.2592924874941273,0.09432407465657984,0.1096083344446915,0.20355654902453194,0.11053275241125048,0.03840207266304975,0.2806660171727532,0.2999256694817055,0.17487217298119648,0.21599128473482623,0.2433922708144949,11,0.21030392066725528,0.26800629610660276,0.12003149796665827,1.9401108652661403,3,4.79886582606792
0.8353770988607481,0.8353770988607481,3730,455.1100571863299,6.388193255198704,0.06860906396525607,0.13460885642955622,0.18774607940078017,0.07122382660168426,0.1220978495457634,0.1979184622200939,0.11046009095912981,0.036739131557064056,0.28085771084836536,0.29984261533745243,0.16555500147344607,0.21558373144206439,0.2459220340627141,11,0.21251740193698532,0.26767185457721454,0.1361676482362985,1.9475069535064535,3,4.417253513192965
0.8027181330373678,0.8027181330373678,3769,457.75362136470864,6.3916996007538245,0.07087707927220166,0.12122964602257119,0.24841432665712201,0.09529900359002248,0.1050193068886135,0.1937989542943682,0.10972009854160213,0.03772929951100877,0.2770821115096534,0.2979935343710118,0.19382119712935317,0.217592713745795,0.24804213857677446,11,0.22483829297971727,0.26431711101889566,0.12191839153695122,1.9418273856553523,3,4.271663525980618
0.5242976360436893,0.5242976360436893,3907,435.179406130156,6.376292617544289,0.07312727178912219,0.12577778834067296,0.1946577827809605,0.06877924349134763,0.09738721712703187,0.20211865865598963,0.11158588595144228,0.03818324733491731,0.28117923105052334,0.2999968687308599,0.19259011500252202,0.20847840980400778,0.24679005654777872,11,0.2142673563321751,0.2662846875519323,0.12237769117386513,1.9285190409574613,3,3.6062264664781316
28.383556081858103,28.383556081858103,12001,15.264667533935816,6.410017735979459,0.04106373101905257,0.12779181075889634,0.19692583726246077,0.076534549553647,0.12360757719141911,0.19250496976852888,0.10942286687699145,0.024197294027502383,0.2394982484713961,0.29968174496932276,0.16736966715859614,0.20694039852343488,0.036164962998691125,11,0.21447787972889246,0.26575079027969645,0.16304356768338016,0.19508152750437624,3,4.447226159453927
1.2536803502412395,1.2536803502412395,3829,556.7693902763879,6.417309933910149,0.06902967834327564,0.12549870651219025,0.19680164393860658,0.07436767005826428,0.12245986947420219,0.19201816410727185,0.1110602072184228,0.0018112445644209178,0.280687157444347,0.2998985830708681,0.16605779891465813,0.20729982866988036,0.24799684171153358,11,0.21713626831259447,0.2657691378026377,0.1330623488366838,1.9126083445076858,3,4.700927546473191
1.1412744855761028,1.1412744855761028,3796,527.7023306502748,6.406984301203341,0.0694989156129455,0.12490061688906703,0.2489880662724166,0.0668955836992743,0.1009917821131791,0.1933536929944483,0.11199457033798213,0.023435348053817463,0.2759563507010825,0.29739732180442013,0.16358130842514834,0.2222438391440994,0.24807691930723919,11,0.21611648392761965,0.26408742611157193,0.136605803140223,1.9234154994757555,3,4.6309945901276865
0.7147992078660939,0.7147992078660939,3898,460.9886573860752,6.36213382471253,0.026369753585640185,0.12496500012375153,0.1946125702540966,0.09524314242748211,0.09790022544249313,0.19005540989124425,0.11060975709838525,0.022382839967510535,0.282177097308149,0.2998155961611117,0.1665881965867637,0.20135066486092912,0.24868077341642658,11,0.21615665944650378,0.2465712926631311,0.13370733534413795,1.9219820099808897,3,3.8669563088932266
1.2244470683169628,1.2244470683169628,3926,569.5751126748098,6.427981799192166,0.03899429800136567,0.1264099726579038,0.2051114432679145,0.07470538189374586,0.12352970907448937,0.1914991175682956,0.11009809915213857,0.02424953486966443,0.27639094115720764,0.2999849149949081,0.1656588029277347,0.2111484604004421,0.24646095664317058,11,0.21725780804942832,0.26643068192864994,0.1654183301381939,1.89708734041627,3,4.426100343343911
1.1209691706416354,1.1209691706416354,3881,545.870276015433,6.334223120792932,0.017503593273314515,0.1283557711393021,0.24942667435504587,0.06962537613442865,0.12054666119447831,0.19250813110058618,0.10950703199929053,0.02412108733623936,0.2794741016425993,0.2998929709379287,0.16731115194673896,0.21174912071396085,0.24818483980206518,11,0.21826003724007753,0.26378744603610405,0.13789230908490038,1.9095406079108794,3,4.387058082250525
1.0813046933649204,1.0813046933649204,3876,530.686136519999,6.425627999136486,0.038698205193366156,0.12461045616717174,0.19692182429426694,0.0971991204128501,0.12076151990092374,0.20744467971897118,0.1096570146400885,0.03756696357348164,0.28080529797481163,0.2985921473193777,0.16424279802379135,0.20473644980840275,0.2476395456618613,11,0.21900438600287395,0.2648961861706633,0.16494868980215335,1.9121706165613013,3,4.33448748181534
1.0633987648878482,1.0633987648878482,3850,525.1377372421532,6.889371005580247,0.02076192986551613,0.12679336587344087,0.2568981642341491,0.07527132520385957,0.09628855472001557,0.19526766842956347,0.13360030984546992,0.025886735690187873,0.27697543701956734,0.2999030719863801,0.16539057273243335,0.20137462298991676,0.2363435698137002,11,0.2168580188395672,0.2637726035746989,0.1622117487088431,1.9173122942846188,3,4.383264565489098
1.238026412765497,1.238026412765497,3875,562.9306282563734,6.311748604488113,0.15047791345528733,0.12912867127321837,0.2511371062005923,0.07167374255349994,0.12218255586834145,0.19165419569268935,0.029259167337158595,0.02531721817942712,0.27958514938145373,0.2916501976209118,0.1918624397659171,0.20038242228938644,0.24876984208655217,11,0.21810098794367444,0.2625283827931034,0.16175265768929664,1.9054437472966053,3,4.558183519029243
1.0908226951828612,1.0908226951828612,3982,556.6386856662879,6.390149994096393,0.041283260519013085,0.12831371732949837,0.17214334259241892,0.10509827458119815,0.12181317476119535,0.09355154749331676,0.13409913868735657,0.022055418623564534,0.22608504860310843,0.2908937843494225,0.16293681359166884,0.2393434072641449,0.25107661527035224,11,0.22003404971340618,0.2627177924493552,0.16133204639776186,1.8934504461713322,3,4.106101573269562
0.7186441624392403,0.7186441624392403,3888,456.02828603884916,6.878601064078241,0.039827634112854435,0.12779220833808955,0.2526727906567356,0.06570585399031759,0.10155657572410672,0.1018693949188151,0.1109430924118354,0.024525169286898622,0.22474852295958914,0.2904818424885628,0.16406727608908786,0.2085415184056131,0.23476594703148956,11,0.2207443932614339,0.249698639971735,0.16534780769270013,1.9242255793108662,3,3.85839499281082
0.1654795710398374,0.3556133306697045,3792,448.77426239024487,6.336695672466613,0.04206200765986641,0.11952708468681124,0.2496907635704692,0.11521898690600653,0.12923374765341428,0.11823227062272944,0.05808195399271529,0.02520780581212087,0.22646149238715313,0.2901454030932069,0.1658277014155287,0.20189924395361894,0.2496436619984384,10,0.2185978978170102,0.24585658773033098,0.13912673138691942,1.9104252722538477,3,4.356519373964036
0.169940736896307,0.4200747743354746,3879,498.94421377842116,6.959415352777792,0.017092581727403716,0.12122904990439161,0.25497379836257716,0.10428903241258446,0.12508948167042952,0.10130727538490339,0.13388644783643777,0.022315231036450903,0.2651313438695884,0.2912439375589954,0.15937161879709902,0.20778734099555204,0.25093022470835225,9,0.21660742678376918,0.26054333484781617,0.14013830809023192,1.8982045317971412,3,3.6194321690952878
0.7711654096456869,0.7711654096456869,3892,472.53418050890207,6.822562074133446,0.014622418849788925,0.12356682684535214,0.20542014210337498,0.10361201588504332,0.09656743028971553,0.10036294209279528,0.1332312139306754,0.022504814169701827,0.23560827996992356,0.2902250506225664,0.16077753756925472,0.20219203519864473,0.2258598839708099,10,0.22295897243398086,0.2763745031022753,0.16790674540662948,1.9042893415790303,3,3.8697162615462273
0.7390587652331841,0.7390587652331841,3884,473.67525790806627,6.327424854921784,0.15123548377974155,0.1181939744097696,0.25005790789908217,0.11625724652016857,0.12797606373238818,0.19206134972317102,0.058883076691484376,0.02381013455999816,0.260458653042072,0.2908531764519037,0.19414398984890063,0.23062722356205842,0.018957099323799353,10,0.21759837301153134,0.2620978054627554,0.1609234680606819,1.9051379618616469,3,3.8949201340187214
0.1649382535063356,0.3573377860232511,3778,451.29521038013445,6.830068403121101,0.15635529212390015,0.11949850922210835,0.20575661521947128,0.10351296019501433,0.07275078328196058,0.10361188902335292,0.13428771051906202,0.015854501284197655,0.22427456221136197,0.29077174393235045,0.1617600336544892,0.2381233005940144,0.22514843741991983,10,0.2206504682702392,0.2761058384188839,0.16533113500504942,1.9070511544180213,3,4.54337928767539
0.617311007467872,0.617311007467872,3920,472.7930407082949,6.887875719403904,0.15206624181270822,0.12006099147746373,0.2503151403540511,0.10525600789419802,0.07503825701201108,0.09621083543636269,0.12929899168865056,0.01506935744244978,0.2652006232239062,0.29090554029816074,0.1617625899163256,0.20252103499232435,0.2256588140675086,10,0.21799886745973707,0.2485719040185073,0.1657716214461212,1.8960127537612805,3,3.877401055459864
0.16689755995347777,0.4460723284244419,3821,461.35359720866506,6.862344356040466,0.017535649885325435,0.11752750160363432,0.17296391531784605,0.1051828590197088,0.07548732518144106,0.10307329305987195,0.13449249588195894,0.014207388564197461,0.2256115237133549,0.2904791634619763,0.1567049597942884,0.23829377159764129,0.2349892954068108,10,0.21945349002362918,0.2448094513368707,0.17053723030360515,1.8955720903240836,3,4.538765568661868
0.9951209123076458,0.9951209123076458,3963,500.64610338865873,7.295741424942312,0.013518750104962111,0.11905594735707233,0.20616249728694777,0.11615067339325073,0.07219625183451248,0.1015514775338002,0.13404001225474876,0.015564475447374607,0.26586884088710616,0.2900578833827021,0.15861377364750798,0.2387446889340668,0.22571418037559815,10,0.22234024616355447,0.299798431033293,0.16056002769904723,1.8966990619005055,3,3.6158326867617148
1.0219909554516615,1.0219909554516615,3963,499.8137964589922,6.8616252787745395,0.021024509589744788,0.10655845356728108,0.25405497306400737,0.11499922323311967,0.07210362473398219,0.10379899734340615,0.13044367016486302,0.016097963363127667,0.26273566261274606,0.291289310805096,0.15899325775256584,0.23703759770227711,0.2273005126979524,10,0.23056811441335567,0.27635999236675657,0.15675826387241842,1.8972443957344425,3,3.601017149789745
1.0654668513083845,1.0654668513083845,4148,613.8013007989136,6.887901235834145,0.15811699611553678,0.11845707922624489,0.25499632735396716,0.10436411206403014,0.07609733729965534,0.1058477349189221,0.13238284032042524,0.015428794086624476,0.26578300971817204,0.2878746845664879,0.15847663639291007,0.24041245346457635,0.22557105164217658,10,0.23145862856608426,0.29990478070564397,0.15053306491912874,1.8172016363654555,3,4.517379723767804
1.1212666681931638,1.1212666681931638,3764,400.59062219337926,6.87969702797195,0.009927496329027698,0.11899410243241731,0.2633396202025365,0.1159534852735649,0.0753393783554074,0.11906965585096253,0.0518140569426782,0.015264306544575834,0.23570968669549214,0.2871156655257726,0.15607900241422548,0.1981592844932395,0.2392032178061329,6,0.22817082345105727,0.2813447538966299,0.15111619932609943,1.8314566682507154,3,3.85741016737584
0.5739924934265251,0.5739924934265251,3937,474.89002865097484,6.870642613328063,0.15525234193581755,0.10853992227199422,0.17079308025009202,0.10362994429730882,0.07395807957232284,0.11844302237005318,0.12862164317278235,0.0171573638340509,0.22611309460090154,0.29013968377799515,0.154566307517565,0.23419749461502687,0.22660109750879143,10,0.22943347749730866,0.2178723541582569,0.15216541342251208,1.892134734850633,3,3.8683672471711033
27.30488989312966,27.30488989312966,12001,14.510257082621859,6.855528628451381,0.15595691610807622,0.10827576952054895,0.20324827721443475,0.10397347702882331,0.07395722044848797,0.11465477882025238,0.12706530300357238,0.015329882433784914,0.2576188278352457,0.2912006365603805,0.1558899931649403,0.23337283722926472,0.22754033495237203,10,0.22762180004678909,0.2185733726876684,0.11048591910951512,0.3372300170627631,3,3.6141425783915935
0.5327311160519921,0.5327311160519921,3957,475.34027687210346,6.900170597978717,0.14938464318598568,0.10695786470839899,0.20687712244070874,0.11567888512465577,0.05775340470544525,0.1202897665567894,0.130825282211539,0.015880987517974246,0.22626739299417387,0.2894786166342524,0.15484138170594156,0.23452965125636782,0.23347152438507096,10,0.22977760750918244,0.2771889048189592,0.17301064816712516,1.8876467563356083,3,3.847296675172372
0.1580222303836325,0.3968326643170902,3656,341.33382301795126,6.898770989042312,0.16084518825975802,0.11837018152421487,0.263965561694475,0.11104073580036197,0.13102616226811042,0.11927949263327063,0.12682879353105117,0.016761280629309996,0.264894888462133,0.2857161113140653,0.1543670837129412,0.23774007943959755,0.2400649069867388,5,0.2295992615496031,0.23893892649418816,0.15088950140399685,1.7964689702165682,3,4.528245846151934
0.1856705836749608,0.4199525363585749,4251,512.735020497649,6.900961103163597,0.1562966362149891,0.11880084403090627,0.26416005623874866,0.10673366755841623,0.07528705510877846,0.11776527538102993,0.12830164730846413,0.016393845411879687,0.2257264800992651,0.2877903355295808,0.1526690675250242,0.2365653442859946,0.22566622423537838,10,0.2306403010048889,0.27500752694037756,0.1427941768874923,1.82521975898425,3,3.6249123229219062
0.5186360856901516,0.5186360856901516,4320,524.1676833970337,6.861196949140857,0.15884654878960516,0.11865411903666559,0.20597246805830224,0.11639157833924794,0.05603009202549225,0.09795835909641645,0.1280793929259646,0.013812517541589481,0.22621706255663204,0.28955648112620136,0.15513497309844773,0.2267357793352304,0.2274436595664225,10,0.23109551750799873,0.21321207873891163,0.15331406709518186,1.8098572393639787,3,3.631255120734686
0.6896346293835601,0.6896346293835601,3923,474.5081040742612,6.861512554207593,0.15044007498953532,0.10738039013114928,0.25689738389349975,0.11563038712842996,0.13064354620832733,0.1035313919552921,0.1290359214574493,0.0083144469141437,0.26619883266998784,0.290407544757547,0.15278554097756622,0.24306052935164696,0.22570788970365582,10,0.23133976336572645,0.2761230615522658,0.15088179066026577,1.8972752780302053,3,3.831418586016378
1.5851750115406842,1.5851750115406842,4246,764.9456203116731,6.87737699835095,0.15144673555626792,0.11705632647948476,0.26278195555301703,0.11505229569314186,0.13438873581526795,0.11421412117595019,0.12879400136260366,0.016491831322370025,0.26488002844789044,0.2866774360177593,0.15388544072731425,0.23243209817878385,0.24037899308295613,9,0.2302442234487124,0.2817526727494064,0.15078613776334998,1.8101510731244577,3,3.6541401575378636
0.15868793551443505,0.411116871419795,3724,211.27613086610268,6.922061293455112,0.023486343787946992,0.10620289365916434,0.15237049710848577,0.10892083726062302,0.0763152626603342,0.11381109177744754,0.07771614702763668,0.0083519996513872,0.2286688034209848,0.2855724339594003,0.15449180522335715,0.24026098789299927,0.2395311235176128,6,0.23076035530775632,0.2128780198829232,0.1526318680823017,1.7992516153964282,3,4.75879988850122
0.7382167948739715,0.7382167948739715,4066,582.7404497636144,6.887914727900088,0.014264458897805348,0.10644835362560223,0.1523994108639232,0.11609464732226503,0.07119001889867545,0.10297446987181592,0.14716614513413223,0.017490034870741238,0.22790251556815494,0.2864291039363978,0.15554112255592856,0.23656135675996243,0.2399662817816035,9,0.2306180272099046,0.25476131335709695,0.175304670739647,1.8152363902477042,3,4.481206412421675
0.5517488883958014,0.5517488883958014,3322,188.38051686082184,7.060140103273969,0.026085184694425785,0.1016132799903478,0.26028932445194114,0.13383336878786006,0.13459298219420568,0.1124113016441995,0.1460274422168308,0.008160715850768059,0.2367261233758552,0.28540393823324567,0.15282794535765806,0.22577929152310475,0.23891875359586398,5,0.22658670443295034,0.24067470205499092,0.17489170535770923,1.7985663675153674,4,4.452165698331038
1.2520812806766972,1.2520812806766972,4134,754.1217721518597,6.893373633330593,0.15823009140594588,0.14781728852221762,0.2644424060686484,0.1151348993469706,0.07348491287479135,0.11581557172938396,0.12915039681489587,0.015583443270124136,0.2631174922218981,0.2866927614569828,0.15561058849182405,0.2342473848149407,0.2396743784116676,9,0.20244674535605114,0.276239982709564,0.17244468677776592,1.8372229542275496,3,3.640027801887565
0.659211846139006,0.659211846139006,3270,196.45547437666286,7.0961777708908125,0.025111223526129583,0.1458488253831069,0.176507352874798,0.1261544199315329,0.13464290819196062,0.1131461444297788,0.13567758133065985,0.030837443154289983,0.25642210983956415,0.28371527680412695,0.15289796772452774,0.24311489330073294,0.23958619344724855,5,0.20160136373591886,0.24549590343037386,0.1739626170596525,1.8117470788884378,4,4.510693724747767
0.1817328602817124,0.35439210993615566,4136,563.9716169027439,6.889592047923722,0.1570854509045688,0.1072610121796042,0.26205315864782136,0.11595580357057358,0.13086621565104672,0.11586002709317922,0.13636488196069826,0.01594507726386298,0.22847263849660676,0.28699109452118593,0.15433650093961007,0.2408886885189549,0.2392361977394428,9,0.23042877435281772,0.28105436489240826,0.15177821843982214,1.7947539653488693,3,4.55247489683296
1.2155967204862812,1.2155967204862812,3792,565.5497687757963,6.126436559182971,0.02562970963540415,0.10040364300846932,0.20267983003565485,0.12749260606021692,0.06781527262082855,0.11794141473508792,0.14370086835902207,0.03105379844513389,0.22783527434732448,0.2860496981693971,0.15417385437913006,0.19280942868691872,0.23973498156399742,9,0.20187185200924776,0.23888719344460416,0.14052615319576006,1.8166416340716,4,4.4948603631851
0.9115841438227191,0.9115841438227191,3638,475.30665822722443,6.8714889727786135,0.02608079601079579,0.10880737500170871,0.17858420505342634,0.1310156346767303,0.12954848497733418,0.11957871860709414,0.144883779873955,0.03070711604788458,0.22714377323593657,0.28464096866063066,0.15343770076299776,0.23181537430755925,0.2395590703882998,9,0.20460678256681888,0.24398975451077382,0.15062156560252923,1.856485217455409,4,4.475093847827479
0.6057045605160967,0.6057045605160967,3245,197.7271751243993,6.092391141339005,0.04930308762964018,0.1025939449514787,0.17610176747049938,0.10870658738259079,0.13755558487595124,0.09058975805506338,0.07947804449443858,0.03083681942250171,0.29294519939301233,0.2832037918878017,0.17362295052755244,0.2460622737422322,0.2414624944804181,5,0.20404806088567556,0.2515794627221284,0.17481115821429227,1.8157657727351961,4,4.59245151151424
1.3132717177743514,1.3132717177743514,3834,594.821333828353,6.9043544455772405,0.1571267879512477,0.10182105074396432,0.17775708783642952,0.12657241924593446,0.06934493675158591,0.1139246478115299,0.1454993213850936,0.029567059777468815,0.2536792656556043,0.2867629929750698,0.15314109508079085,0.24628104445626128,0.24019833216321815,9,0.20307030498137432,0.25600198069306723,0.14087828212963666,1.8054989336656766,4,4.5288218310671455
0.6822563334509968,0.6822563334509968,3255,200.2833730614597,7.051145880399392,0.1607867004720819,0.098825937993758,0.26021992712583475,0.11093073411476362,0.135486330744505,0.1078218004337722,0.13810815564289092,0.030779785490266533,0.253196556856116,0.28455346541108806,0.17216511690545536,0.24989642662385547,0.23990060909657068,5,0.20201788155825126,0.24736966023415452,0.14109757209991208,1.815363381886638,4,4.534148982555761
1.0213650777493786,1.0213650777493786,3700,511.9294135454493,6.046837243373754,0.05131006631716854,0.10113667376253885,0.2643234686512608,0.12685547608716663,0.13013256884166524,0.08944225172539452,0.1445849922626213,0.009053756005429018,0.22950952251295711,0.2843784406913617,0.15338895211158074,0.22906262066826646,0.2404494266971637,9,0.2249847724920646,0.2555538319744388,0.1397956892440309,1.840373787461711,4,4.469245073364867
1.1167280771503865,1.1167280771503865,3736,536.3851062155989,6.096526928675514,0.05007275740975195,0.09931348810395683,0.2645360589438448,0.1299325918939157,0.13040454920460431,0.11070819784858316,0.14356808941678997,0.008187367406216929,0.23997138333922138,0.2846926468718656,0.15056806647746773,0.24939156510729563,0.23714122087457162,9,0.20550827932961965,0.23578031470086172,0.17480008311690923,1.8301996069896884,4,4.507828699908191
0.613853064373714,0.613853064373714,4071,577.1501309278577,6.0369631927068,0.02367500100097808,0.10086180404517417,0.2579376375809228,0.10713259502181904,0.1333608464038603,0.11190697372942249,0.1439362982955181,0.0313712715905536,0.2320110134183043,0.28399276834690096,0.15213452983476183,0.24631229690622106,0.23882809226106352,9,0.200937200403172,0.23723372009158183,0.14050278658200338,1.8121452597197782,3,4.521962635362307
0.6178978319366413,0.6178978319366413,3649,300.60288871328976,6.116718616306195,0.024620761171155532,0.1643963449609352,0.17985979013467107,0.12586991968850014,0.06811258660496174,0.08907200969627085,0.07658155904863537,0.030965175005915557,0.23901791737467906,0.2810968704540965,0.17493695275852406,0.25164604614887187,0.23917238200774318,5,0.22448726546908696,0.24444459117777634,0.17247660601431927,1.795329422908955,3,4.611039832911667
0.16467780641464108,0.44527793341350297,3821,328.16838487846525,6.155779928436195,0.026599272192593656,0.0989735856632518,0.17838386044153642,0.1288419360692377,0.1313104870900256,0.10847096306760773,0.13681389979183506,0.007868369501918392,0.23407451884581718,0.28463958861608213,0.1694510789039253,0.22680794335623083,0.25243916431929636,6,0.2033746814672856,0.2325472889577584,0.14235269475754178,1.7102179137167304,4,4.494706150877789
1.104400575400519,1.104400575400519,3695,526.7243225842827,6.114171008508199,0.05143991574411857,0.09855587016948343,0.17783290691206588,0.10935978828086239,0.1157789140231523,0.0914275915441102,0.14726547056850722,0.033614201636925536,0.2540040470052814,0.2844709762076314,0.16986184466485085,0.2493294599407534,0.24033184068120494,9,0.20431133725397602,0.23837677298986842,0.17171402194307414,1.8382990379664035,4,4.573863016621963
