-10.061088 -40.057021 20.054790 1.000000 0.000000 0.000000 0.000000 0.000000 0.000000 0.000000 0.000000 0.000000 0.000000 1.000000 0.000000 0.000000 0.000000 0.000000 0.000000 0.000000 1.570796 1.570796 0.000000 0.000000 1.000000 0.000000 0.000000 0.000000 0.000000 0.000000 0.000000 1.570796 1.570796 0.000000 0.000000 1.000000 0.000000 0.000000 0.000000 0.000000 0.000000 0.000000 1.570796 1.570796 0.000000 0.000000 1.000000 0.000000 0.000000 0.000000 0.000000 0.000000 0.000000 1.570796 1.570796 0.000000 0.000000 7.354988 0.000000 0.000000 0.000000 7.354988 0.000000 0.000000 0.000000 7.354988 0.000000 0.000000 0.000000 7.354988 0.000000 0.000000 0.000000 0.000000
-10.061088 -40.057021 20.054865 1.000000 -0.000000 0.000000 0.000000 0.000000 -0.000000 0.015006 -0.000000 0.000000 0.000000 1.000000 0.000003 -0.000036 0.000000 0.001157 -0.014166 0.000000 1.570796 1.570796 -0.000000 0.000004 1.000000 0.000005 -0.000016 0.000000 0.001962 -0.006494 0.000000 1.570796 1.570796 -0.000001 0.000002 1.000000 0.000015 -0.000016 0.000000 0.005956 -0.006381 0.000000 1.570796 1.570796 -0.000002 0.000002 1.000000 0.000008 -0.000009 0.000000 0.003352 -0.003591 0.000000 1.570796 1.570796 -0.000001 0.000001 8.101841 0.000012 -0.000337 0.000000 8.101840 0.000022 -0.000118 0.000000 8.101840 0.000099 -0.000107 0.000000 8.101840 0.000045 -0.000048 0.000000 0.010000
-10.061088 -40.057021 20.055089 1.000000 -0.000000 0.000000 -0.000000 -0.000000 -0.000000 0.029884 -0.000000 0.000000 -0.000000 1.000000 0.000009 -0.000107 0.000000 0.001156 -0.014582 0.000000 1.570796 1.570796 -0.000002 0.000027 1.000000 0.000015 -0.000049 0.000000 0.001946 -0.006474 0.000000 1.570796 1.570796 -0.000004 0.000012 1.000000 0.000044 -0.000048 0.000000 0.005877 -0.006296 0.000000 1.570796 1.570796 -0.000011 0.000012 1.000000 0.000025 -0.000027 0.000000 0.003305 -0.003540 0.000000 1.570796 1.570796 -0.000006 0.000007 8.095686 0.000010 -0.000035 0.000000 8.095684 0.000014 -0.000046 0.000000 8.095684 0.000030 -0.000032 0.000000 8.095684 0.000021 -0.000022 0.000000 0.020000
-10.061088 -40.057021 20.055460 1.000000 -0.000000 0.000000 -0.000000 -0.000000 -0.000000 0.044632 -0.000000 0.000000 -0.000000 1.000000 0.000014 -0.000177 0.000000 0.001150 -0.013364 0.000001 1.570796 1.570797 -0.000006 0.000073 1.000000 0.000024 -0.000080 0.000000 0.001919 -0.006271 0.000001 1.570796 1.570797 -0.000010 0.000033 1.000000 0.000073 -0.000078 0.000000 0.005620 -0.006021 0.000000 1.570796 1.570797 -0.000030 0.000032 1.000000 0.000041 -0.000044 0.000000 0.003221 -0.003451 0.000000 1.570796 1.570796 -0.000017 0.000018 8.089472 0.000010 0.000086 0.000000 8.089468 0.000014 -0.000042 0.000000 8.089469 0.000023 -0.000025 0.000000 8.089469 0.000019 -0.000020 0.000000 0.030000
-10.061088 -40.057021 20.055978 1.000000 -0.000000 0.000000 -0.000000 -0.000000 -0.000000 0.059250 -0.000000 -0.000000 -0.000000 1.000000 0.000020 -0.000239 0.000000 0.001145 -0.011657 0.000001 1.570796 1.570798 -0.000011 0.000140 1.000000 0.000034 -0.000111 0.000000 0.001891 -0.006084 0.000001 1.570796 1.570797 -0.000019 0.000064 1.000000 0.000100 -0.000108 0.000000 0.005374 -0.005757 0.000000 1.570796 1.570797 -0.000058 0.000062 1.000000 0.000057 -0.000061 0.000000 0.003137 -0.003361 0.000000 1.570796 1.570797 -0.000033 0.000035 8.083239 0.000010 0.000115 0.000000 8.083233 0.000013 -0.000042 0.000000 8.083234 0.000021 -0.000023 0.000000 8.083234 0.000018 -0.000019 0.000000 0.040000
-10.061088 -40.057021 20.056641 1.000000 -0.000000 0.000000 -0.000000 -0.000000 -0.000000 0.073736 0.000000 -0.000000 -0.000000 1.000000 0.000026 -0.000293 0.000000 0.001139 -0.009895 0.000001 1.570796 1.570800 -0.000019 0.000226 1.000000 0.000043 -0.000141 0.000000 0.001864 -0.005906 0.000001 1.570796 1.570798 -0.000032 0.000104 1.000000 0.000127 -0.000136 0.000000 0.005135 -0.005501 0.000000 1.570795 1.570798 -0.000095 0.000101 1.000000 0.000073 -0.000078 0.000000 0.003054 -0.003272 0.000000 1.570796 1.570797 -0.000054 0.000058 8.076958 0.000010 0.000112 0.000000 8.076949 0.000013 -0.000041 0.000000 8.076950 0.000020 -0.000021 0.000000 8.076950 0.000017 -0.000018 0.000000 0.050000
-10.061088 -40.057021 20.057447 1.000000 -0.000000 -0.000000 -0.000000 -0.000001 -0.000000 0.088090 0.000000 -0.000000 -0.000000 1.000000 0.000031 -0.000338 0.000000 0.001134 -0.008209 0.000001 1.570796 1.570803 -0.000028 0.000327 1.000000 0.000052 -0.000170 0.000000 0.001836 -0.005728 0.000001 1.570795 1.570799 -0.000047 0.000154 1.000000 0.000152 -0.000162 0.000000 0.004894 -0.005243 0.000000 1.570794 1.570799 -0.000139 0.000149 1.000000 0.000088 -0.000094 0.000000 0.002968 -0.003180 0.000000 1.570795 1.570798 -0.000079 0.000085 8.070628 0.000010 0.000106 0.000000 8.070617 0.000013 -0.000039 0.000000 8.070618 0.000018 -0.000019 0.000000 8.070618 0.000016 -0.000017 0.000000 0.060000
-10.061088 -40.057021 20.058396 1.000000 0.000000 -0.000000 -0.000000 -0.000001 -0.000000 0.102311 0.000000 -0.000001 -0.000001 1.000000 0.000037 -0.000375 0.000000 0.001129 -0.006618 0.000002 1.570795 1.570806 -0.000039 0.000441 1.000000 0.000061 -0.000198 0.000000 0.001808 -0.005548 0.000001 1.570795 1.570801 -0.000065 0.000213 1.000000 0.000175 -0.000188 0.000000 0.004650 -0.004982 0.000000 1.570792 1.570801 -0.000192 0.000205 1.000000 0.000102 -0.000109 0.000000 0.002881 -0.003086 0.000000 1.570794 1.570799 -0.000110 0.000117 8.064256 0.000010 0.000097 0.000000 8.064241 0.000013 -0.000038 0.000000 8.064243 0.000017 -0.000018 0.000000 8.064243 0.000015 -0.000016 0.000000 0.070000
-10.061088 -40.057021 20.059486 1.000000 0.000000 -0.000000 -0.000000 -0.000002 -0.000001 0.116396 0.000001 -0.000002 -0.000001 1.000000 0.000043 -0.000404 0.000000 0.001123 -0.005134 0.000002 1.570795 1.570811 -0.000052 0.000565 1.000000 0.000070 -0.000225 0.000000 0.001780 -0.005366 0.000002 1.570794 1.570803 -0.000086 0.000281 1.000000 0.000198 -0.000212 0.000000 0.004405 -0.004719 0.000000 1.570790 1.570803 -0.000251 0.000269 1.000000 0.000116 -0.000125 0.000000 0.002791 -0.002990 0.000000 1.570793 1.570800 -0.000144 0.000155 8.057851 0.000010 0.000087 0.000000 8.057832 0.000012 -0.000037 0.000000 8.057835 0.000016 -0.000017 0.000000 8.057834 0.000015 -0.000016 0.000000 0.080000
-10.061088 -40.057021 20.060716 1.000000 0.000000 -0.000000 -0.000000 -0.000003 -0.000001 0.130346 0.000001 -0.000003 -0.000002 1.000000 0.000048 -0.000426 0.000000 0.001118 -0.003763 0.000002 1.570794 1.570818 -0.000066 0.000697 1.000000 0.000079 -0.000252 0.000000 0.001751 -0.005184 0.000002 1.570793 1.570807 -0.000110 0.000356 1.000000 0.000219 -0.000235 0.000000 0.004158 -0.004454 0.000000 1.570787 1.570806 -0.000317 0.000340 1.000000 0.000130 -0.000139 0.000000 0.002700 -0.002892 0.000000 1.570791 1.570802 -0.000184 0.000197 8.051361 0.000010 0.000092 0.000000 8.051337 0.000012 -0.000034 0.000000 8.051340 0.000013 -0.000014 0.000000 8.051339 0.000013 -0.000014 0.000000 0.090000
-10.061088 -40.057021 20.062085 1.000000 0.000000 -0.000000 -0.000000 -0.000004 -0.000002 0.144160 0.000001 -0.000004 -0.000003 1.000000 0.000054 -0.000442 0.000000 0.001112 -0.002478 0.000002 1.570794 1.570825 -0.000082 0.000833 1.000000 0.000088 -0.000277 0.000000 0.001722 -0.004999 0.000002 1.570792 1.570811 -0.000136 0.000440 1.000000 0.000239 -0.000256 0.000000 0.003908 -0.004187 0.000000 1.570784 1.570810 -0.000390 0.000418 1.000000 0.000143 -0.000153 0.000000 0.002607 -0.002793 0.000000 1.570789 1.570804 -0.000227 0.000243 8.044824 0.000010 0.000092 0.000000 8.044793 0.000012 -0.000032 0.000000 8.044798 0.000010 -0.000011 0.000000 8.044796 0.000012 -0.000013 0.000000 0.100000
-10.061088 -40.057021 20.063590 1.000000 0.000000 -0.000000 -0.000000 -0.000007 -0.000003 0.157837 0.000002 -0.000007 -0.000004 1.000000 0.000059 -0.000451 0.000000 0.001107 -0.001302 0.000002 1.570793 1.570834 -0.000100 0.000973 1.000000 0.000096 -0.000301 0.000000 0.001693 -0.004814 0.000002 1.570790 1.570815 -0.000165 0.000531 1.000000 0.000258 -0.000277 0.000000 0.003659 -0.003919 0.000000 1.570779 1.570815 -0.000468 0.000501 1.000000 0.000156 -0.000167 0.000000 0.002514 -0.002692 0.000000 1.570786 1.570807 -0.000274 0.000293 8.038241 0.000010 0.000091 0.000000 8.038204 0.000011 -0.000030 0.000000 8.038210 0.000007 -0.000008 0.000000 8.038206 0.000011 -0.000012 0.000000 0.110000
-10.061088 -40.057021 20.065231 1.000000 0.000000 -0.000000 -0.000000 -0.000009 -0.000004 0.171375 0.000003 -0.000009 -0.000006 1.000000 0.000065 -0.000455 0.000000 0.001102 -0.000247 0.000002 1.570792 1.570845 -0.000120 0.001114 1.000000 0.000105 -0.000325 0.000000 0.001664 -0.004628 0.000002 1.570789 1.570821 -0.000197 0.000629 1.000000 0.000276 -0.000296 0.000000 0.003410 -0.003652 0.000000 1.570774 1.570820 -0.000551 0.000591 1.000000 0.000168 -0.000180 0.000000 0.002419 -0.002591 0.000000 1.570784 1.570810 -0.000324 0.000348 8.031614 0.000010 0.000087 0.000000 8.031569 0.000011 -0.000028 0.000000 8.031577 0.000005 -0.000005 0.000000 8.031572 0.000010 -0.000010 0.000000 0.120000
-10.061088 -40.057021 20.067006 1.000000 0.000000 -0.000000 -0.000000 -0.000013 -0.000005 0.184774 0.000005 -0.000013 -0.000008 1.000000 0.000070 -0.000454 0.000000 0.001096 0.000686 0.000002 1.570790 1.570856 -0.000141 0.001253 1.000000 0.000113 -0.000348 0.000000 0.001635 -0.004443 0.000002 1.570787 1.570828 -0.000231 0.000733 1.000000 0.000292 -0.000313 0.000000 0.003163 -0.003388 0.000000 1.570768 1.570826 -0.000640 0.000685 1.000000 0.000180 -0.000193 0.000000 0.002324 -0.002489 0.000000 1.570780 1.570814 -0.000379 0.000406 8.024944 0.000010 0.000082 0.000000 8.024891 0.000011 -0.000026 0.000000 8.024900 0.000003 -0.000003 0.000000 8.024894 0.000009 -0.000009 0.000000 0.130000
-10.061088 -40.057021 20.068914 1.000000 0.000000 -0.000000 -0.000000 -0.000017 -0.000007 0.198034 0.000006 -0.000018 -0.000011 1.000000 0.000076 -0.000448 0.000000 0.001091 0.001498 0.000002 1.570789 1.570870 -0.000163 0.001390 1.000000 0.000121 -0.000369 0.000000 0.001606 -0.004258 0.000003 1.570784 1.570836 -0.000267 0.000844 1.000000 0.000307 -0.000329 0.000000 0.002919 -0.003126 0.000000 1.570761 1.570834 -0.000732 0.000784 1.000000 0.000191 -0.000205 0.000000 0.002228 -0.002386 0.000000 1.570776 1.570818 -0.000436 0.000467 8.018233 0.000010 0.000077 0.000000 8.018171 0.000010 -0.000024 0.000000 8.018182 0.000000 -0.000000 0.000000 8.018175 0.000007 -0.000008 0.000000 0.140000
-10.061089 -40.057021 20.070953 1.000000 0.000000 -0.000000 -0.000000 -0.000022 -0.000010 0.211153 0.000009 -0.000023 -0.000015 1.000000 0.000081 -0.000439 0.000000 0.001086 0.002191 0.000002 1.570787 1.570884 -0.000188 0.001523 1.000000 0.000129 -0.000390 0.000000 0.001576 -0.004075 0.000003 1.570781 1.570845 -0.000305 0.000961 1.000000 0.000321 -0.000344 0.000000 0.002678 -0.002867 0.000000 1.570754 1.570842 -0.000828 0.000887 1.000000 0.000202 -0.000217 0.000000 0.002132 -0.002283 0.000000 1.570771 1.570823 -0.000496 0.000532 8.011482 0.000010 0.000070 0.000000 8.011410 0.000010 -0.000022 0.000000 8.011423 -0.000002 0.000002 0.000000 8.011414 0.000006 -0.000007 0.000000 0.150000
-10.061089 -40.057021 20.073123 1.000000 0.000000 -0.000000 -0.000000 -0.000029 -0.000012 0.224131 0.000011 -0.000030 -0.000019 1.000000 0.000087 -0.000427 0.000000 0.001080 0.002769 0.000002 1.570785 1.570900 -0.000213 0.001651 1.000000 0.000137 -0.000410 0.000000 0.001547 -0.003892 0.000003 1.570778 1.570855 -0.000346 0.001082 1.000000 0.000334 -0.000358 0.000000 0.002440 -0.002613 0.000000 1.570745 1.570851 -0.000928 0.000994 1.000000 0.000213 -0.000228 0.000000 0.002036 -0.002180 0.000000 1.570766 1.570829 -0.000560 0.000599 8.004692 0.000010 0.000064 0.000000 8.004611 0.000010 -0.000020 0.000000 8.004625 -0.000003 0.000004 0.000000 8.004615 0.000005 -0.000006 0.000000 0.160000
-10.061089 -40.057022 20.075421 1.000000 0.000000 -0.000001 -0.000000 -0.000036 -0.000016 0.236967 0.000015 -0.000038 -0.000023 1.000000 0.000092 -0.000412 0.000000 0.001075 0.003241 0.000002 1.570783 1.570917 -0.000240 0.001773 1.000000 0.000144 -0.000429 0.000000 0.001517 -0.003709 0.000003 1.570774 1.570866 -0.000389 0.001209 1.000000 0.000346 -0.000370 0.000000 0.002206 -0.002362 0.000000 1.570735 1.570862 -0.001030 0.001104 1.000000 0.000223 -0.000238 0.000000 0.001939 -0.002076 0.000000 1.570760 1.570835 -0.000625 0.000670 7.997865 0.000010 0.000056 -0.000000 7.997773 0.000010 -0.000019 0.000000 7.997789 -0.000005 0.000006 0.000000 7.997777 0.000005 -0.000005 0.000000 0.170000
-10.061090 -40.057022 20.077847 1.000000 0.000000 -0.000001 -0.000001 -0.000045 -0.000020 0.249661 0.000018 -0.000047 -0.000028 1.000000 0.000097 -0.000395 0.000000 0.001070 0.003611 0.000002 1.570780 1.570935 -0.000269 0.001887 1.000000 0.000152 -0.000447 0.000000 0.001487 -0.003529 0.000003 1.570770 1.570879 -0.000433 0.001340 1.000000 0.000356 -0.000381 0.000000 0.001979 -0.002118 0.000000 1.570724 1.570873 -0.001135 0.001216 1.000000 0.000232 -0.000248 0.000000 0.001843 -0.001973 0.000000 1.570754 1.570842 -0.000693 0.000743 7.991001 0.000010 0.000049 -0.000000 7.990899 0.000009 -0.000017 0.000000 7.990917 -0.000007 0.000007 0.000000 7.990903 0.000004 -0.000004 0.000000 0.180000
-10.061090 -40.057022 20.080398 1.000000 0.000000 -0.000001 -0.000001 -0.000055 -0.000024 0.262211 0.000023 -0.000058 -0.000035 1.000000 0.000103 -0.000376 0.000000 0.001064 0.003886 0.000002 1.570778 1.570955 -0.000299 0.001994 1.000000 0.000159 -0.000464 0.000000 0.001458 -0.003353 0.000003 1.570766 1.570893 -0.000480 0.001476 1.000000 0.000365 -0.000391 0.000000 0.001757 -0.001880 0.000000 1.570713 1.570886 -0.001241 0.001330 1.000000 0.000241 -0.000258 0.000000 0.001748 -0.001872 0.000000 1.570746 1.570850 -0.000764 0.000818 7.984103 0.000010 0.000041 -0.000000 7.983989 0.000009 -0.000016 0.000000 7.984009 -0.000008 0.000009 0.000000 7.983994 0.000003 -0.000003 0.000000 0.190000
-10.061091 -40.057022 20.083074 1.000000 0.000001 -0.000001 -0.000001 -0.000067 -0.000030 0.274617 0.000028 -0.000071 -0.000042 1.000000 0.000108 -0.000356 0.000000 0.001059 0.004071 0.000001 1.570774 1.570975 -0.000330 0.002092 1.000000 0.000166 -0.000480 0.000000 0.001429 -0.003178 0.000003 1.570761 1.570909 -0.000528 0.001614 1.000000 0.000374 -0.000400 0.000000 0.001542 -0.001650 0.000000 1.570700 1.570900 -0.001349 0.001445 1.000000 0.000249 -0.000267 0.000000 0.001654 -0.001771 0.000000 1.570738 1.570858 -0.000836 0.000895 7.977172 0.000009 0.000033 -0.000000 7.977046 0.000009 -0.000014 0.000000 7.977068 -0.000009 0.000010 0.000000 7.977051 0.000002 -0.000002 0.000000 0.200000
-10.061091 -40.057023 20.085873 1.000000 0.000001 -0.000002 -0.000001 -0.000080 -0.000036 0.286879 0.000035 -0.000085 -0.000049 1.000000 0.000113 -0.000336 0.000000 0.001054 0.004175 0.000001 1.570771 1.570996 -0.000363 0.002181 1.000000 0.000173 -0.000496 0.000000 0.001400 -0.003007 0.000003 1.570755 1.570925 -0.000578 0.001756 1.000000 0.000381 -0.000408 0.000000 0.001333 -0.001426 0.000000 1.570686 1.570915 -0.001458 0.001561 1.000000 0.000257 -0.000276 0.000000 0.001561 -0.001671 0.000000 1.570730 1.570868 -0.000910 0.000974 7.970208 0.000009 0.000025 -0.000000 7.970071 0.000008 -0.000013 0.000000 7.970095 -0.000011 0.000011 0.000000 7.970076 0.000001 -0.000001 0.000000 0.210000
-10.061092 -40.057023 20.088793 1.000000 0.000001 -0.000002 -0.000001 -0.000095 -0.000043 0.298995 0.000042 -0.000101 -0.000058 1.000000 0.000119 -0.000315 0.000000 0.001049 0.004204 0.000001 1.570767 1.571018 -0.000397 0.002261 1.000000 0.000180 -0.000510 0.000000 0.001371 -0.002838 0.000003 1.570749 1.570944 -0.000629 0.001901 1.000000 0.000387 -0.000414 0.000000 0.001132 -0.001210 0.000000 1.570671 1.570931 -0.001567 0.001678 1.000000 0.000265 -0.000284 0.000000 0.001469 -0.001572 0.000000 1.570720 1.570878 -0.000985 0.001055 7.963213 0.000009 0.000017 -0.000000 7.963065 0.000008 -0.000011 0.000000 7.963090 -0.000012 0.000013 0.000000 7.963070 0.000000 -0.000000 0.000000 0.220000
-10.061093 -40.057023 20.091833 1.000000 0.000001 -0.000003 -0.000002 -0.000112 -0.000051 0.310966 0.000050 -0.000120 -0.000068 1.000000 0.000124 -0.000294 0.000000 0.001044 0.004166 0.000001 1.570763 1.571041 -0.000432 0.002332 1.000000 0.000187 -0.000524 0.000000 0.001342 -0.002672 0.000003 1.570743 1.570963 -0.000682 0.002048 1.000000 0.000392 -0.000420 0.000000 0.000938 -0.001003 0.000000 1.570654 1.570948 -0.001676 0.001795 1.000000 0.000272 -0.000291 0.000000 0.001379 -0.001475 0.000000 1.570710 1.570889 -0.001061 0.001137 7.956188 0.000009 0.000009 -0.000000 7.956029 0.000008 -0.000010 0.000000 7.956055 -0.000013 0.000014 0.000000 7.956033 -0.000000 0.000000 0.000000 0.230000
-10.061095 -40.057024 20.094992 1.000000 0.000001 -0.000003 -0.000002 -0.000131 -0.000061 0.322791 0.000059 -0.000140 -0.000078 1.000000 0.000129 -0.000274 0.000000 0.001039 0.004068 0.000001 1.570759 1.571065 -0.000468 0.002394 1.000000 0.000194 -0.000537 0.000000 0.001313 -0.002510 0.000003 1.570736 1.570984 -0.000736 0.002197 1.000000 0.000396 -0.000424 0.000000 0.000753 -0.000804 0.000000 1.570637 1.570967 -0.001784 0.001911 1.000000 0.000279 -0.000298 0.000000 0.001290 -0.001380 0.000000 1.570699 1.570901 -0.001138 0.001219 7.949135 0.000009 0.000001 -0.000000 7.948964 0.000008 -0.000009 0.000000 7.948991 -0.000013 0.000014 0.000000 7.948969 -0.000001 0.000001 0.000000 0.240000
-10.061096 -40.057025 20.098268 1.000000 0.000002 -0.000004 -0.000002 -0.000152 -0.000071 0.334469 0.000069 -0.000162 -0.000090 1.000000 0.000134 -0.000254 0.000000 0.001034 0.003917 0.000001 1.570754 1.571089 -0.000505 0.002447 1.000000 0.000200 -0.000549 0.000000 0.001285 -0.002351 0.000003 1.570728 1.571007 -0.000791 0.002347 1.000000 0.000400 -0.000428 0.000000 0.000575 -0.000613 0.000000 1.570619 1.570986 -0.001892 0.002026 1.000000 0.000285 -0.000305 0.000000 0.001202 -0.001286 0.000000 1.570687 1.570913 -0.001216 0.001303 7.942055 0.000009 -0.000006 -0.000000 7.941873 0.000007 -0.000007 0.000000 7.941901 -0.000014 0.000015 0.000000 7.941877 -0.000002 0.000002 0.000000 0.250000
-10.061098 -40.057025 20.101660 1.000000 0.000002 -0.000005 -0.000003 -0.000176 -0.000082 0.346000 0.000081 -0.000187 -0.000102 1.000000 0.000139 -0.000235 0.000000 0.001029 0.003721 0.000001 1.570748 1.571114 -0.000544 0.002490 1.000000 0.000207 -0.000560 0.000000 0.001257 -0.002196 0.000003 1.570720 1.571031 -0.000848 0.002498 1.000000 0.000402 -0.000431 0.000000 0.000407 -0.000432 0.000000 1.570599 1.571007 -0.001998 0.002141 1.000000 0.000291 -0.000311 0.000000 0.001117 -0.001194 0.000000 1.570675 1.570927 -0.001295 0.001387 7.934948 0.000009 -0.000013 -0.000000 7.934756 0.000007 -0.000006 0.000000 7.934784 -0.000014 0.000016 0.000000 7.934760 -0.000002 0.000002 0.000000 0.260000
-10.061100 -40.057026 20.105166 1.000000 0.000003 -0.000006 -0.000003 -0.000201 -0.000095 0.357384 0.000093 -0.000214 -0.000115 1.000000 0.000144 -0.000217 0.000000 0.001024 0.003486 0.000001 1.570743 1.571139 -0.000583 0.002526 1.000000 0.000213 -0.000571 0.000000 0.001229 -0.002045 0.000003 1.570711 1.571057 -0.000905 0.002650 1.000000 0.000404 -0.000432 0.000000 0.000247 -0.000261 0.000000 1.570579 1.571029 -0.002103 0.002253 1.000000 0.000296 -0.000317 0.000000 0.001033 -0.001104 0.000000 1.570661 1.570941 -0.001374 0.001471 7.927817 0.000009 -0.000019 -0.000000 7.927614 0.000007 -0.000005 0.000000 7.927642 -0.000015 0.000016 0.000000 7.927618 -0.000003 0.000003 0.000000 0.270000
-10.061102 -40.057027 20.108785 1.000000 0.000003 -0.000007 -0.000004 -0.000229 -0.000109 0.368619 0.000108 -0.000244 -0.000130 1.000000 0.000149 -0.000200 0.000000 0.001019 0.003219 0.000001 1.570737 1.571164 -0.000623 0.002553 1.000000 0.000219 -0.000581 0.000000 0.001201 -0.001898 0.000003 1.570702 1.571084 -0.000964 0.002803 1.000000 0.000405 -0.000433 0.000000 0.000096 -0.000100 0.000000 1.570557 1.571052 -0.002206 0.002363 1.000000 0.000301 -0.000322 0.000000 0.000951 -0.001016 0.000000 1.570647 1.570956 -0.001453 0.001556 7.920662 0.000009 -0.000025 -0.000000 7.920450 0.000007 -0.000004 0.000000 7.920476 -0.000015 0.000016 0.000000 7.920452 -0.000003 0.000004 0.000000 0.280000
-10.061104 -40.057028 20.112514 1.000000 0.000004 -0.000009 -0.000005 -0.000259 -0.000124 0.379706 0.000123 -0.000276 -0.000145 1.000000 0.000154 -0.000185 0.000000 0.001014 0.002927 0.000001 1.570730 1.571190 -0.000664 0.002572 1.000000 0.000225 -0.000590 0.000000 0.001173 -0.001756 0.000003 1.570692 1.571113 -0.001023 0.002954 1.000000 0.000405 -0.000433 0.000000 -0.000045 0.000052 0.000000 1.570535 1.571076 -0.002307 0.002471 1.000000 0.000306 -0.000327 0.000000 0.000872 -0.000931 0.000000 1.570633 1.570972 -0.001531 0.001640 7.913484 0.000009 -0.000031 -0.000000 7.913263 0.000006 -0.000003 0.000000 7.913288 -0.000015 0.000016 0.000000 7.913265 -0.000004 0.000004 0.000000 0.290000
-10.061107 -40.057030 20.116354 1.000000 0.000004 -0.000010 -0.000006 -0.000292 -0.000141 0.390645 0.000140 -0.000311 -0.000162 1.000000 0.000160 -0.000171 0.000000 0.001009 0.002626 0.000001 1.570724 1.571215 -0.000706 0.002584 1.000000 0.000230 -0.000598 0.000000 0.001146 -0.001616 0.000003 1.570681 1.571143 -0.001083 0.003106 1.000000 0.000404 -0.000433 0.000000 -0.000179 0.000195 0.000000 1.570512 1.571101 -0.002404 0.002575 1.000000 0.000310 -0.000332 0.000000 0.000793 -0.000847 0.000000 1.570617 1.570989 -0.001610 0.001724 7.906285 0.000009 -0.000036 -0.000000 7.906056 0.000006 -0.000003 0.000000 7.906079 -0.000015 0.000016 0.000000 7.906057 -0.000004 0.000004 0.000000 0.300000
-10.061110 -40.057031 20.120302 1.000000 0.000005 -0.000012 -0.000006 -0.000328 -0.000160 0.401434 0.000159 -0.000349 -0.000179 1.000000 0.000165 -0.000158 0.000000 0.001004 0.002303 0.000001 1.570716 1.571241 -0.000749 0.002589 1.000000 0.000236 -0.000606 0.000000 0.001119 -0.001482 0.000003 1.570670 1.571175 -0.001143 0.003256 1.000000 0.000403 -0.000431 0.000000 -0.000301 0.000327 0.000000 1.570487 1.571128 -0.002499 0.002677 1.000000 0.000313 -0.000336 0.000000 0.000719 -0.000767 0.000000 1.570600 1.571006 -0.001688 0.001807 7.899066 0.000009 -0.000041 -0.000000 7.898830 0.000006 -0.000002 0.000000 7.898849 -0.000015 0.000016 0.000000 7.898829 -0.000004 0.000005 0.000000 0.310000
-10.061113 -40.057033 20.124357 1.000000 0.000006 -0.000013 -0.000007 -0.000366 -0.000180 0.412074 0.000179 -0.000389 -0.000198 1.000000 0.000170 -0.000148 0.000000 0.000999 0.001968 0.000001 1.570709 1.571267 -0.000793 0.002587 1.000000 0.000242 -0.000613 0.000000 0.001093 -0.001353 0.000003 1.570658 1.571208 -0.001204 0.003405 1.000000 0.000401 -0.000429 0.000000 -0.000414 0.000447 0.000000 1.570462 1.571155 -0.002591 0.002775 1.000000 0.000317 -0.000339 0.000000 0.000647 -0.000689 0.000000 1.570583 1.571025 -0.001765 0.001890 7.891828 0.000009 -0.000046 -0.000000 7.891585 0.000006 -0.000001 0.000000 7.891601 -0.000014 0.000015 0.000000 7.891583 -0.000004 0.000005 0.000000 0.320000
-10.061117 -40.057035 20.128517 1.000000 0.000007 -0.000016 -0.000008 -0.000407 -0.000202 0.422565 0.000201 -0.000432 -0.000217 1.000000 0.000175 -0.000139 0.000000 0.000994 0.001625 0.000001 1.570701 1.571293 -0.000837 0.002580 1.000000 0.000247 -0.000619 0.000000 0.001066 -0.001229 0.000003 1.570646 1.571243 -0.001265 0.003553 1.000000 0.000399 -0.000427 0.000000 -0.000516 0.000557 0.000000 1.570435 1.571183 -0.002679 0.002870 1.000000 0.000320 -0.000342 0.000000 0.000577 -0.000614 0.000000 1.570565 1.571044 -0.001841 0.001971 7.884573 0.000009 -0.000049 -0.000000 7.884323 0.000006 -0.000001 0.000000 7.884335 -0.000014 0.000015 0.000000 7.884320 -0.000005 0.000005 0.000000 0.330000
-10.061122 -40.057037 20.132781 1.000000 0.000008 -0.000018 -0.000010 -0.000451 -0.000225 0.432905 0.000224 -0.000478 -0.000238 1.000000 0.000179 -0.000132 0.000000 0.000990 0.001281 0.000000 1.570692 1.571318 -0.000882 0.002567 1.000000 0.000252 -0.000625 0.000000 0.001041 -0.001110 0.000003 1.570633 1.571279 -0.001327 0.003698 1.000000 0.000396 -0.000424 0.000000 -0.000609 0.000657 0.000000 1.570408 1.571212 -0.002764 0.002960 1.000000 0.000323 -0.000345 0.000000 0.000510 -0.000543 0.000000 1.570547 1.571064 -0.001916 0.002052 7.877301 0.000009 -0.000053 -0.000000 7.877046 0.000005 -0.000000 0.000000 7.877052 -0.000013 0.000014 0.000000 7.877041 -0.000005 0.000005 0.000000 0.340000
-10.061126 -40.057039 20.137147 1.000000 0.000009 -0.000020 -0.000011 -0.000498 -0.000250 0.443095 0.000249 -0.000526 -0.000259 1.000000 0.000184 -0.000126 0.000000 0.000985 0.000940 0.000000 1.570683 1.571344 -0.000927 0.002550 1.000000 0.000257 -0.000631 0.000000 0.001015 -0.000996 0.000003 1.570620 1.571316 -0.001388 0.003841 1.000000 0.000393 -0.000420 0.000000 -0.000692 0.000746 0.000000 1.570380 1.571242 -0.002844 0.003046 1.000000 0.000325 -0.000348 0.000000 0.000446 -0.000474 0.000000 1.570527 1.571085 -0.001989 0.002131 7.870013 0.000009 -0.000055 -0.000000 7.869755 0.000005 0.000000 0.000000 7.869754 -0.000013 0.000014 0.000000 7.869747 -0.000005 0.000006 0.000000 0.350000
-10.061131 -40.057042 20.141615 1.000000 0.000010 -0.000023 -0.000012 -0.000548 -0.000278 0.453135 0.000277 -0.000578 -0.000282 1.000000 0.000189 -0.000122 0.000000 0.000980 0.000606 0.000000 1.570673 1.571369 -0.000973 0.002528 1.000000 0.000262 -0.000635 0.000000 0.000990 -0.000887 0.000003 1.570606 1.571355 -0.001450 0.003982 1.000000 0.000389 -0.000417 0.000000 -0.000766 0.000825 0.000000 1.570352 1.571273 -0.002920 0.003128 1.000000 0.000327 -0.000350 0.000000 0.000385 -0.000409 0.000000 1.570507 1.571106 -0.002061 0.002208 7.862712 0.000009 -0.000058 -0.000000 7.862450 0.000005 0.000001 0.000000 7.862441 -0.000012 0.000013 0.000000 7.862440 -0.000005 0.000006 0.000000 0.360000
-10.061137 -40.057045 20.146181 1.000000 0.000012 -0.000026 -0.000014 -0.000601 -0.000307 0.463024 0.000305 -0.000633 -0.000305 1.000000 0.000194 -0.000120 0.000000 0.000976 0.000281 0.000000 1.570664 1.571394 -0.001019 0.002503 1.000000 0.000267 -0.000639 0.000000 0.000966 -0.000783 0.000003 1.570591 1.571396 -0.001512 0.004119 1.000000 0.000385 -0.000412 0.000000 -0.000829 0.000893 0.000000 1.570322 1.571304 -0.002992 0.003204 1.000000 0.000329 -0.000352 0.000000 0.000327 -0.000346 0.000000 1.570486 1.571129 -0.002132 0.002283 7.855397 0.000009 -0.000059 -0.000000 7.855133 0.000005 0.000001 0.000000 7.855115 -0.000011 0.000012 0.000000 7.855120 -0.000005 0.000006 0.000000 0.370000
-10.061143 -40.057048 20.150849 1.000000 0.000013 -0.000029 -0.000015 -0.000658 -0.000338 0.473576 0.000337 -0.000691 -0.000330 1.000000 0.000199 -0.000120 0.000000 0.001036 -0.000434 0.000000 1.570653 1.571419 -0.001066 0.002474 1.000000 0.000272 -0.000644 0.000000 0.001047 -0.000927 0.000003 1.570575 1.571437 -0.001574 0.004254 1.000000 0.000381 -0.000408 0.000000 -0.000647 0.000698 0.000000 1.570292 1.571337 -0.003060 0.003277 1.000000 0.000331 -0.000354 0.000000 0.000434 -0.000460 0.000000 1.570464 1.571152 -0.002201 0.002357 7.888588 0.000009 -0.000105 -0.000000 7.888327 0.000007 -0.000016 0.000000 7.888308 0.000006 -0.000006 0.000000 7.888302 0.000001 -0.000001 0.000000 0.380000
-10.061150 -40.057052 20.155622 1.000000 0.000015 -0.000033 -0.000017 -0.000718 -0.000371 0.483971 0.000370 -0.000752 -0.000356 1.000000 0.000204 -0.000124 0.000000 0.001031 -0.001044 0.000000 1.570642 1.571444 -0.001113 0.002444 1.000000 0.000277 -0.000648 0.000000 0.001025 -0.000917 0.000003 1.570559 1.571480 -0.001635 0.004385 1.000000 0.000378 -0.000405 0.000000 -0.000614 0.000662 0.000000 1.570261 1.571370 -0.003123 0.003344 1.000000 0.000333 -0.000356 0.000000 0.000399 -0.000423 0.000000 1.570442 1.571176 -0.002268 0.002429 7.880921 0.000009 -0.000084 0.000000 7.880661 0.000005 -0.000004 0.000000 7.880630 -0.000005 0.000005 0.000000 7.880631 -0.000003 0.000004 0.000000 0.390000
-10.061158 -40.057055 20.160498 1.000000 0.000017 -0.000037 -0.000019 -0.000781 -0.000407 0.494207 0.000404 -0.000816 -0.000382 1.000000 0.000209 -0.000130 0.000000 0.001026 -0.001425 0.000000 1.570631 1.571468 -0.001161 0.002413 1.000000 0.000282 -0.000653 0.000000 0.001001 -0.000837 0.000003 1.570543 1.571525 -0.001697 0.004513 1.000000 0.000375 -0.000402 0.000000 -0.000645 0.000696 0.000000 1.570230 1.571403 -0.003182 0.003407 1.000000 0.000335 -0.000358 0.000000 0.000348 -0.000368 0.000000 1.570419 1.571200 -0.002333 0.002499 7.873241 0.000009 -0.000072 0.000000 7.872982 0.000005 -0.000002 0.000000 7.872939 -0.000006 0.000006 0.000000 7.872948 -0.000004 0.000004 0.000000 0.400000
-10.061166 -40.057060 20.165475 1.000000 0.000019 -0.000041 -0.000021 -0.000847 -0.000445 0.504285 0.000441 -0.000883 -0.000410 1.000000 0.000215 -0.000138 0.000000 0.001021 -0.001677 0.000000 1.570619 1.571492 -0.001209 0.002381 1.000000 0.000287 -0.000657 0.000000 0.000977 -0.000751 0.000003 1.570526 1.571570 -0.001758 0.004637 1.000000 0.000372 -0.000398 0.000000 -0.000679 0.000732 0.000000 1.570198 1.571437 -0.003236 0.003465 1.000000 0.000336 -0.000360 0.000000 0.000299 -0.000315 0.000000 1.570396 1.571226 -0.002397 0.002566 7.865549 0.000009 -0.000065 0.000000 7.865292 0.000005 -0.000001 0.000000 7.865236 -0.000005 0.000005 0.000000 7.865254 -0.000004 0.000004 0.000000 0.410000
-10.061175 -40.057064 20.170551 1.000000 0.000021 -0.000046 -0.000023 -0.000917 -0.000485 0.514205 0.000480 -0.000953 -0.000438 1.000000 0.000220 -0.000147 0.000000 0.001017 -0.001857 0.000000 1.570607 1.571515 -0.001257 0.002349 1.000000 0.000292 -0.000660 0.000000 0.000953 -0.000669 0.000003 1.570508 1.571617 -0.001819 0.004758 1.000000 0.000368 -0.000394 0.000000 -0.000705 0.000761 0.000000 1.570165 1.571472 -0.003286 0.003518 1.000000 0.000338 -0.000361 0.000000 0.000253 -0.000265 0.000000 1.570371 1.571251 -0.002458 0.002632 7.857847 0.000009 -0.000061 0.000000 7.857594 0.000005 -0.000001 0.000000 7.857522 -0.000004 0.000004 0.000000 7.857551 -0.000004 0.000004 0.000000 0.420000
-10.061184 -40.057069 20.175726 1.000000 0.000024 -0.000051 -0.000025 -0.000990 -0.000527 0.523966 0.000521 -0.001025 -0.000467 1.000000 0.000225 -0.000156 0.000000 0.001012 -0.001994 0.000000 1.570594 1.571538 -0.001306 0.002318 1.000000 0.000297 -0.000663 0.000000 0.000930 -0.000592 0.000003 1.570489 1.571665 -0.001879 0.004874 1.000000 0.000365 -0.000390 0.000000 -0.000723 0.000780 0.000000 1.570132 1.571508 -0.003331 0.003566 1.000000 0.000339 -0.000362 0.000000 0.000210 -0.000219 0.000000 1.570347 1.571278 -0.002517 0.002695 7.850136 0.000009 -0.000059 0.000000 7.849887 0.000005 -0.000001 0.000000 7.849798 -0.000003 0.000003 0.000000 7.849839 -0.000003 0.000004 0.000000 0.430000
-10.061194 -40.057075 20.180997 1.000000 0.000027 -0.000056 -0.000027 -0.001067 -0.000572 0.533569 0.000564 -0.001101 -0.000498 1.000000 0.000230 -0.000167 0.000000 0.001007 -0.002101 0.000000 1.570581 1.571561 -0.001355 0.002287 1.000000 0.000301 -0.000666 0.000001 0.000908 -0.000521 0.000003 1.570470 1.571714 -0.001938 0.004986 1.000000 0.000361 -0.000386 0.000000 -0.000733 0.000791 0.000000 1.570099 1.571543 -0.003371 0.003609 1.000000 0.000340 -0.000363 0.000000 0.000170 -0.000176 0.000000 1.570321 1.571305 -0.002573 0.002755 7.842418 0.000009 -0.000057 0.000000 7.842174 0.000005 -0.000001 0.000000 7.842067 -0.000002 0.000002 0.000000 7.842120 -0.000003 0.000004 0.000000 0.440000
-10.061205 -40.057081 20.186363 1.000000 0.000030 -0.000062 -0.000030 -0.001147 -0.000619 0.543013 0.000608 -0.001179 -0.000529 1.000000 0.000235 -0.000177 0.000000 0.001002 -0.002185 0.000000 1.570567 1.571584 -0.001403 0.002258 1.000000 0.000306 -0.000668 0.000001 0.000886 -0.000454 0.000003 1.570451 1.571765 -0.001997 0.005093 1.000000 0.000358 -0.000383 0.000000 -0.000735 0.000793 0.000000 1.570065 1.571580 -0.003407 0.003647 1.000000 0.000340 -0.000364 0.000000 0.000133 -0.000137 0.000000 1.570295 1.571333 -0.002627 0.002813 7.834692 0.000009 -0.000055 0.000000 7.834455 0.000005 -0.000001 0.000000 7.834327 -0.000001 0.000001 0.000000 7.834394 -0.000003 0.000003 0.000000 0.450000
-10.061217 -40.057087 20.191823 1.000000 0.000033 -0.000068 -0.000033 -0.001231 -0.000668 0.552298 0.000655 -0.001260 -0.000561 1.000000 0.000240 -0.000188 0.000000 0.000997 -0.002240 0.000000 1.570553 1.571606 -0.001452 0.002229 1.000000 0.000310 -0.000671 0.000001 0.000864 -0.000390 0.000003 1.570431 1.571816 -0.002055 0.005196 1.000000 0.000354 -0.000379 0.000000 -0.000732 0.000790 0.000000 1.570031 1.571616 -0.003438 0.003680 1.000000 0.000341 -0.000365 0.000000 0.000099 -0.000100 0.000000 1.570269 1.571361 -0.002678 0.002867 7.826962 0.000009 -0.000054 0.000000 7.826731 0.000005 -0.000002 0.000000 7.826582 0.000001 -0.000001 0.000000 7.826664 -0.000003 0.000003 0.000000 0.460000
-10.061230 -40.057094 20.197374 1.000000 0.000036 -0.000074 -0.000036 -0.001319 -0.000720 0.561425 0.000704 -0.001344 -0.000594 1.000000 0.000245 -0.000200 0.000000 0.000993 -0.002283 0.000001 1.570538 1.571629 -0.001501 0.002202 1.000000 0.000315 -0.000672 0.000001 0.000843 -0.000334 0.000003 1.570410 1.571868 -0.002113 0.005293 1.000000 0.000350 -0.000375 0.000000 -0.000719 0.000776 0.000000 1.569997 1.571653 -0.003464 0.003708 1.000000 0.000341 -0.000365 0.000000 0.000069 -0.000067 0.000000 1.570242 1.571390 -0.002727 0.002919 7.819227 0.000009 -0.000053 0.000000 7.819004 0.000004 -0.000002 0.000000 7.818832 0.000002 -0.000002 0.000000 7.818930 -0.000002 0.000003 0.000000 0.470000
-10.061244 -40.057102 20.203015 1.000000 0.000040 -0.000081 -0.000039 -0.001410 -0.000774 0.570392 0.000754 -0.001430 -0.000627 1.000000 0.000250 -0.000211 0.000000 0.000988 -0.002314 0.000001 1.570523 1.571650 -0.001549 0.002175 1.000000 0.000319 -0.000674 0.000001 0.000822 -0.000283 0.000003 1.570388 1.571921 -0.002169 0.005385 1.000000 0.000347 -0.000371 0.000000 -0.000699 0.000754 0.000000 1.569962 1.571690 -0.003485 0.003731 1.000000 0.000342 -0.000366 0.000000 0.000041 -0.000038 0.000000 1.570214 1.571419 -0.002773 0.002968 7.811489 0.000009 -0.000052 0.000000 7.811274 0.000004 -0.000002 0.000000 7.811078 0.000003 -0.000004 0.000000 7.811193 -0.000002 0.000002 0.000000 0.480000
-10.061258 -40.057110 20.208745 1.000000 0.000044 -0.000088 -0.000042 -0.001504 -0.000831 0.579201 0.000806 -0.001519 -0.000662 1.000000 0.000255 -0.000223 0.000000 0.000983 -0.002333 0.000001 1.570507 1.571672 -0.001598 0.002151 1.000000 0.000323 -0.000675 0.000001 0.000803 -0.000237 0.000003 1.570367 1.571976 -0.002224 0.005472 1.000000 0.000343 -0.000367 0.000000 -0.000671 0.000725 0.000000 1.569927 1.571727 -0.003501 0.003748 1.000000 0.000342 -0.000366 0.000000 0.000017 -0.000012 0.000000 1.570187 1.571449 -0.002815 0.003014 7.803749 0.000009 -0.000050 0.000000 7.803543 0.000004 -0.000002 0.000000 7.803321 0.000005 -0.000005 0.000000 7.803454 -0.000002 0.000002 0.000000 0.490000
-10.061274 -40.057118 20.214562 1.000000 0.000048 -0.000096 -0.000045 -0.001602 -0.000891 0.587852 0.000860 -0.001610 -0.000697 1.000000 0.000259 -0.000234 0.000000 0.000979 -0.002340 0.000001 1.570491 1.571693 -0.001646 0.002127 1.000000 0.000327 -0.000676 0.000001 0.000783 -0.000197 0.000003 1.570344 1.572031 -0.002278 0.005554 1.000000 0.000340 -0.000364 0.000000 -0.000637 0.000689 0.000000 1.569892 1.571765 -0.003513 0.003760 1.000000 0.000342 -0.000366 0.000000 -0.000003 0.000010 0.000000 1.570158 1.571480 -0.002855 0.003056 7.796009 0.000009 -0.000049 0.000000 7.795813 0.000004 -0.000003 0.000000 7.795562 0.000006 -0.000006 0.000000 7.795715 -0.000001 0.000002 0.000000 0.500000
-10.061290 -40.057127 20.220465 1.000000 0.000052 -0.000104 -0.000049 -0.001704 -0.000953 0.596343 0.000916 -0.001703 -0.000733 1.000000 0.000264 -0.000246 0.000000 0.000974 -0.002335 0.000001 1.570474 1.571714 -0.001694 0.002105 1.000000 0.000331 -0.000677 0.000001 0.000764 -0.000162 0.000003 1.570321 1.572086 -0.002331 0.005630 1.000000 0.000337 -0.000360 0.000000 -0.000597 0.000646 0.000000 1.569857 1.571802 -0.003520 0.003768 1.000000 0.000342 -0.000366 0.000000 -0.000021 0.000029 0.000000 1.570130 1.571510 -0.002892 0.003095 7.788269 0.000009 -0.000047 0.000000 7.788083 0.000004 -0.000003 0.000000 7.787803 0.000007 -0.000008 0.000000 7.787977 -0.000001 0.000001 0.000000 0.510000
-10.061308 -40.057137 20.226451 1.000000 0.000057 -0.000113 -0.000053 -0.001810 -0.001018 0.604677 0.000974 -0.001799 -0.000770 1.000000 0.000269 -0.000258 0.000000 0.000970 -0.002319 0.000001 1.570457 1.571735 -0.001742 0.002085 1.000000 0.000334 -0.000678 0.000001 0.000746 -0.000131 0.000003 1.570298 1.572143 -0.002382 0.005700 1.000000 0.000334 -0.000357 0.000000 -0.000551 0.000596 0.000000 1.569822 1.571840 -0.003522 0.003770 1.000000 0.000342 -0.000365 0.000000 -0.000036 0.000045 0.000000 1.570101 1.571541 -0.002926 0.003131 7.780530 0.000009 -0.000046 0.000000 7.780355 0.000004 -0.000004 0.000000 7.780045 0.000009 -0.000009 0.000000 7.780240 -0.000001 0.000001 0.000000 0.520000
-10.061326 -40.057148 20.232520 1.000000 0.000062 -0.000122 -0.000056 -0.001919 -0.001085 0.612851 0.001033 -0.001896 -0.000808 1.000000 0.000274 -0.000269 0.000000 0.000965 -0.002294 0.000001 1.570440 1.571756 -0.001789 0.002065 1.000000 0.000338 -0.000678 0.000001 0.000729 -0.000106 0.000002 1.570274 1.572200 -0.002432 0.005764 1.000000 0.000332 -0.000354 0.000000 -0.000498 0.000540 0.000000 1.569787 1.571877 -0.003520 0.003768 1.000000 0.000342 -0.000365 0.000000 -0.000047 0.000058 0.000000 1.570071 1.571573 -0.002956 0.003164 7.772794 0.000009 -0.000044 0.000000 7.772631 0.000004 -0.000004 0.000000 7.772287 0.000010 -0.000011 0.000000 7.772506 -0.000000 0.000000 0.000000 0.530000
-10.061346 -40.057159 20.238669 1.000000 0.000067 -0.000132 -0.000061 -0.002032 -0.001156 0.620868 0.001094 -0.001996 -0.000846 1.000000 0.000279 -0.000280 0.000000 0.000960 -0.002261 0.000001 1.570422 1.571776 -0.001836 0.002048 1.000000 0.000342 -0.000679 0.000001 0.000712 -0.000086 0.000002 1.570249 1.572258 -0.002481 0.005823 1.000000 0.000329 -0.000352 0.000000 -0.000441 0.000479 0.000000 1.569752 1.571915 -0.003514 0.003761 1.000000 0.000341 -0.000365 0.000000 -0.000056 0.000067 0.000000 1.570042 1.571604 -0.002984 0.003193 7.765062 0.000009 -0.000043 0.000000 7.764911 0.000004 -0.000005 0.000000 7.764533 0.000011 -0.000012 0.000000 7.764775 0.000000 -0.000000 0.000000 0.540000
-10.061367 -40.057171 20.244897 1.000000 0.000073 -0.000142 -0.000065 -0.002148 -0.001229 0.628726 0.001157 -0.002098 -0.000885 1.000000 0.000284 -0.000292 0.000000 0.000956 -0.002219 0.000001 1.570403 1.571797 -0.001882 0.002031 1.000000 0.000345 -0.000679 0.000001 0.000695 -0.000070 0.000002 1.570224 1.572316 -0.002528 0.005875 1.000000 0.000327 -0.000350 0.000000 -0.000379 0.000412 0.000000 1.569717 1.571952 -0.003503 0.003749 1.000000 0.000341 -0.000364 0.000000 -0.000061 0.000073 0.000000 1.570012 1.571636 -0.003008 0.003219 7.757335 0.000009 -0.000041 0.000000 7.757196 0.000004 -0.000005 0.000000 7.756782 0.000013 -0.000014 -0.000000 7.757050 0.000001 -0.000001 0.000000 0.550000
-10.061389 -40.057183 20.251203 1.000000 0.000079 -0.000153 -0.000069 -0.002269 -0.001304 0.636426 0.001220 -0.002201 -0.000925 1.000000 0.000288 -0.000303 0.000000 0.000951 -0.002172 0.000001 1.570384 1.571817 -0.001928 0.002016 1.000000 0.000349 -0.000680 0.000001 0.000679 -0.000060 0.000002 1.570199 1.572375 -0.002573 0.005921 1.000000 0.000325 -0.000348 0.000000 -0.000311 0.000340 0.000000 1.569682 1.571990 -0.003488 0.003732 1.000000 0.000341 -0.000364 0.000000 -0.000064 0.000076 0.000000 1.569982 1.571668 -0.003028 0.003241 7.749614 0.000008 -0.000040 0.000000 7.749488 0.000004 -0.000006 0.000000 7.749036 0.000014 -0.000015 -0.000000 7.749330 0.000001 -0.000001 0.000000 0.560000
-10.061412 -40.057197 20.257585 1.000000 0.000085 -0.000164 -0.000074 -0.002393 -0.001383 0.643969 0.001286 -0.002306 -0.000966 1.000000 0.000293 -0.000313 0.000000 0.000947 -0.002111 0.000001 1.570365 1.571837 -0.001973 0.002003 1.000000 0.000352 -0.000680 0.000001 0.000664 -0.000051 0.000002 1.570173 1.572434 -0.002617 0.005962 1.000000 0.000324 -0.000346 0.000000 -0.000243 0.000266 0.000000 1.569647 1.572027 -0.003469 0.003711 1.000000 0.000340 -0.000364 0.000000 -0.000065 0.000077 0.000000 1.569952 1.571701 -0.003046 0.003259 7.741900 0.000008 -0.000039 0.000000 7.741787 0.000004 -0.000007 0.000000 7.741296 0.000016 -0.000017 -0.000000 7.741617 0.000002 -0.000002 0.000000 0.570000
-10.061436 -40.057211 20.264042 1.000000 0.000092 -0.000176 -0.000079 -0.002520 -0.001464 0.651354 0.001352 -0.002412 -0.001008 1.000000 0.000298 -0.000324 0.000000 0.000942 -0.002050 0.000001 1.570345 1.571857 -0.002018 0.001990 1.000000 0.000355 -0.000680 0.000001 0.000649 -0.000050 0.000002 1.570147 1.572494 -0.002659 0.005996 1.000000 0.000323 -0.000345 0.000000 -0.000168 0.000186 0.000000 1.569613 1.572064 -0.003445 0.003686 1.000000 0.000340 -0.000363 0.000000 -0.000062 0.000074 0.000000 1.569921 1.571733 -0.003060 0.003274 7.734193 0.000008 -0.000038 0.000000 7.734094 0.000004 -0.000007 0.000000 7.733563 0.000017 -0.000018 -0.000000 7.733912 0.000003 -0.000003 0.000000 0.580000
-10.061462 -40.057226 20.270571 1.000000 0.000098 -0.000188 -0.000084 -0.002652 -0.001548 0.658582 0.001420 -0.002520 -0.001050 1.000000 0.000302 -0.000334 0.000000 0.000938 -0.001988 0.000001 1.570324 1.571877 -0.002062 0.001979 1.000000 0.000358 -0.000680 0.000001 0.000635 -0.000053 0.000002 1.570120 1.572554 -0.002699 0.006024 1.000000 0.000322 -0.000344 0.000000 -0.000089 0.000101 0.000000 1.569579 1.572100 -0.003419 0.003657 1.000000 0.000340 -0.000363 0.000000 -0.000056 0.000067 0.000000 1.569891 1.571766 -0.003071 0.003286 7.726497 0.000008 -0.000037 0.000000 7.726411 0.000004 -0.000008 0.000000 7.725838 0.000019 -0.000020 -0.000000 7.726216 0.000003 -0.000003 0.000000 0.590000
-10.061489 -40.057242 20.277171 1.000000 0.000106 -0.000201 -0.000090 -0.002787 -0.001634 0.665652 0.001489 -0.002629 -0.001093 1.000000 0.000307 -0.000343 0.000000 0.000933 -0.001924 0.000001 1.570304 1.571896 -0.002105 0.001968 1.000000 0.000361 -0.000681 0.000001 0.000621 -0.000061 0.000002 1.570093 1.572614 -0.002737 0.006045 1.000000 0.000322 -0.000344 0.000000 -0.000006 0.000013 0.000000 1.569545 1.572137 -0.003388 0.003624 1.000000 0.000339 -0.000363 0.000000 -0.000047 0.000058 0.000000 1.569860 1.571799 -0.003079 0.003294 7.718810 0.000008 -0.000036 0.000000 7.718738 0.000004 -0.000009 0.000000 7.718122 0.000020 -0.000021 -0.000000 7.718529 0.000004 -0.000004 0.000000 0.600000
-10.061518 -40.057259 20.283842 1.000000 0.000113 -0.000214 -0.000095 -0.002925 -0.001724 0.672566 0.001559 -0.002739 -0.001137 1.000000 0.000312 -0.000353 0.000000 0.000929 -0.001860 0.000001 1.570282 1.571916 -0.002147 0.001959 1.000000 0.000365 -0.000681 0.000001 0.000609 -0.000073 0.000002 1.570065 1.572674 -0.002774 0.006061 1.000000 0.000322 -0.000344 0.000000 0.000079 -0.000079 0.000000 1.569511 1.572172 -0.003354 0.003588 1.000000 0.000339 -0.000362 0.000000 -0.000036 0.000046 0.000000 1.569829 1.571832 -0.003084 0.003299 7.711134 0.000008 -0.000035 0.000000 7.711077 0.000004 -0.000010 0.000000 7.710416 0.000021 -0.000023 -0.000000 7.710854 0.000004 -0.000005 0.000000 0.610000
-10.061548 -40.057276 20.290580 1.000000 0.000121 -0.000228 -0.000101 -0.003067 -0.001816 0.679323 0.001630 -0.002849 -0.001181 1.000000 0.000316 -0.000362 0.000000 0.000924 -0.001794 0.000001 1.570261 1.571935 -0.002189 0.001951 1.000000 0.000368 -0.000681 0.000001 0.000596 -0.000090 0.000002 1.570037 1.572735 -0.002808 0.006070 1.000000 0.000323 -0.000345 0.000000 0.000167 -0.000173 0.000000 1.569478 1.572208 -0.003317 0.003548 1.000000 0.000339 -0.000362 0.000000 -0.000022 0.000032 0.000000 1.569798 1.571865 -0.003085 0.003300 7.703471 0.000008 -0.000034 0.000000 7.703428 0.000004 -0.000011 0.000000 7.702721 0.000022 -0.000024 -0.000000 7.703190 0.000005 -0.000005 0.000000 0.620000
-10.061579 -40.057295 20.297385 1.000000 0.000130 -0.000243 -0.000107 -0.003213 -0.001911 0.685924 0.001702 -0.002961 -0.001226 1.000000 0.000321 -0.000371 0.000000 0.000920 -0.001729 0.000001 1.570239 1.571955 -0.002230 0.001943 1.000000 0.000371 -0.000682 0.000001 0.000585 -0.000111 0.000002 1.570009 1.572795 -0.002841 0.006074 1.000000 0.000324 -0.000346 0.000000 0.000257 -0.000270 0.000000 1.569445 1.572243 -0.003276 0.003504 1.000000 0.000339 -0.000362 0.000000 -0.000006 0.000014 0.000000 1.569768 1.571898 -0.003083 0.003297 7.695821 0.000008 -0.000034 0.000000 7.695792 0.000004 -0.000011 0.000000 7.695038 0.000024 -0.000025 -0.000000 7.695540 0.000006 -0.000006 0.000000 0.630000
-10.061612 -40.057314 20.304255 1.000000 0.000138 -0.000258 -0.000113 -0.003363 -0.002009 0.692369 0.001775 -0.003073 -0.001272 1.000000 0.000325 -0.000379 0.000000 0.000915 -0.001664 0.000001 1.570216 1.571974 -0.002269 0.001936 1.000000 0.000373 -0.000683 0.000001 0.000574 -0.000135 0.000002 1.569981 1.572856 -0.002871 0.006071 1.000000 0.000326 -0.000348 0.000000 0.000350 -0.000368 0.000000 1.569412 1.572278 -0.003233 0.003457 1.000000 0.000339 -0.000362 0.000000 0.000013 -0.000006 0.000000 1.569737 1.571930 -0.003078 0.003292 7.688185 0.000008 -0.000033 0.000000 7.688171 0.000004 -0.000012 0.000000 7.687368 0.000025 -0.000026 -0.000000 7.687903 0.000006 -0.000006 0.000000 0.640000
-10.061646 -40.057335 20.311188 1.000000 0.000147 -0.000274 -0.000120 -0.003516 -0.002110 0.698659 0.001848 -0.003185 -0.001319 1.000000 0.000330 -0.000387 0.000000 0.000911 -0.001600 0.000001 1.570194 1.571993 -0.002308 0.001929 1.000000 0.000376 -0.000683 0.000001 0.000563 -0.000164 0.000002 1.569952 1.572916 -0.002899 0.006062 1.000000 0.000328 -0.000350 0.000000 0.000443 -0.000469 0.000000 1.569380 1.572312 -0.003187 0.003408 1.000000 0.000339 -0.000362 0.000000 0.000034 -0.000028 0.000000 1.569706 1.571963 -0.003070 0.003283 7.680564 0.000008 -0.000032 0.000000 7.680565 0.000004 -0.000013 0.000000 7.679712 0.000026 -0.000028 -0.000000 7.680280 0.000007 -0.000007 0.000000 0.650000
-10.061682 -40.057356 20.318183 1.000000 0.000157 -0.000290 -0.000126 -0.003672 -0.002213 0.704793 0.001922 -0.003298 -0.001366 1.000000 0.000335 -0.000395 0.000000 0.000907 -0.001530 0.000001 1.570170 1.572013 -0.002346 0.001923 1.000000 0.000379 -0.000684 0.000001 0.000553 -0.000194 0.000002 1.569923 1.572976 -0.002926 0.006047 1.000000 0.000330 -0.000352 0.000000 0.000535 -0.000567 0.000000 1.569349 1.572346 -0.003138 0.003355 1.000000 0.000339 -0.000362 0.000000 0.000056 -0.000052 0.000000 1.569676 1.571996 -0.003058 0.003270 7.672960 0.000008 -0.000032 0.000000 7.672975 0.000004 -0.000014 0.000000 7.672072 0.000027 -0.000029 -0.000000 7.672674 0.000008 -0.000008 0.000000 0.660000
-10.061719 -40.057379 20.325239 1.000000 0.000166 -0.000306 -0.000133 -0.003832 -0.002319 0.710773 0.001996 -0.003410 -0.001415 1.000000 0.000339 -0.000403 0.000000 0.000902 -0.001466 0.000001 1.570147 1.572032 -0.002382 0.001918 1.000000 0.000382 -0.000685 0.000001 0.000544 -0.000230 0.000002 1.569894 1.573037 -0.002949 0.006027 1.000000 0.000333 -0.000355 0.000000 0.000630 -0.000669 0.000000 1.569318 1.572379 -0.003087 0.003301 1.000000 0.000340 -0.000363 0.000000 0.000081 -0.000079 0.000000 1.569645 1.572028 -0.003044 0.003255 7.665395 0.000008 -0.000031 0.000000 7.665426 0.000004 -0.000015 0.000000 7.664470 0.000027 -0.000029 -0.000000 7.665107 0.000008 -0.000008 0.000000 0.670000
-10.061758 -40.057403 20.332354 1.000000 0.000177 -0.000324 -0.000140 -0.003995 -0.002428 0.716599 0.002071 -0.003523 -0.001463 1.000000 0.000344 -0.000410 0.000000 0.000898 -0.001403 0.000001 1.570123 1.572051 -0.002418 0.001912 1.000000 0.000384 -0.000687 0.000001 0.000535 -0.000269 0.000001 1.569864 1.573097 -0.002971 0.006000 1.000000 0.000336 -0.000359 0.000000 0.000725 -0.000771 0.000000 1.569287 1.572412 -0.003034 0.003244 1.000000 0.000340 -0.000363 0.000000 0.000108 -0.000108 0.000000 1.569615 1.572061 -0.003027 0.003236 7.657826 0.000008 -0.000031 0.000000 7.657871 0.000004 -0.000016 0.000000 7.656863 0.000029 -0.000030 -0.000000 7.657534 0.000009 -0.000009 0.000000 0.680000
-10.061799 -40.057427 20.339530 1.000000 0.000187 -0.000342 -0.000148 -0.004164 -0.002541 0.723085 0.002146 -0.003637 -0.001513 1.000000 0.000348 -0.000418 0.000000 0.000959 -0.001742 0.000001 1.570099 1.572070 -0.002452 0.001907 1.000000 0.000387 -0.000689 0.000001 0.000638 -0.000620 0.000002 1.569834 1.573156 -0.002991 0.005968 1.000000 0.000341 -0.000364 0.000000 0.001103 -0.001175 0.000000 1.569257 1.572444 -0.002979 0.003184 1.000000 0.000341 -0.000364 0.000000 0.000321 -0.000335 0.000000 1.569585 1.572093 -0.003006 0.003213 7.690814 0.000009 -0.000078 0.000000 7.690947 0.000006 -0.000040 0.000000 7.689873 0.000050 -0.000054 -0.000000 7.690546 0.000016 -0.000017 -0.000000 0.690000
-10.061841 -40.057453 20.346769 1.000000 0.000198 -0.000360 -0.000155 -0.004335 -0.002656 0.729412 0.002222 -0.003751 -0.001564 1.000000 0.000353 -0.000427 0.000000 0.000955 -0.002015 0.000001 1.570074 1.572089 -0.002486 0.001903 1.000000 0.000391 -0.000692 0.000001 0.000634 -0.000780 0.000001 1.569805 1.573216 -0.003008 0.005930 1.000000 0.000347 -0.000370 0.000000 0.001297 -0.001383 0.000000 1.569228 1.572475 -0.002922 0.003123 1.000000 0.000343 -0.000366 0.000000 0.000374 -0.000392 0.000000 1.569555 1.572125 -0.002983 0.003188 7.682952 0.000009 -0.000055 0.000000 7.683102 0.000005 -0.000025 0.000000 7.681973 0.000037 -0.000039 -0.000000 7.682681 0.000012 -0.000013 0.000000 0.700000
-10.061885 -40.057480 20.354072 1.000000 0.000209 -0.000379 -0.000163 -0.004510 -0.002774 0.735579 0.002298 -0.003864 -0.001615 1.000000 0.000358 -0.000437 0.000000 0.000950 -0.002077 0.000001 1.570049 1.572108 -0.002518 0.001899 1.000000 0.000394 -0.000696 0.000001 0.000626 -0.000842 0.000001 1.569775 1.573274 -0.003023 0.005887 1.000000 0.000354 -0.000377 0.000000 0.001398 -0.001492 0.000000 1.569199 1.572506 -0.002864 0.003061 1.000000 0.000345 -0.000368 0.000000 0.000405 -0.000425 0.000000 1.569526 1.572156 -0.002957 0.003161 7.675109 0.000008 -0.000041 0.000000 7.675275 0.000005 -0.000024 0.000000 7.674089 0.000035 -0.000037 -0.000000 7.674834 0.000012 -0.000013 0.000000 0.710000
-10.061931 -40.057509 20.361434 1.000000 0.000221 -0.000398 -0.000172 -0.004688 -0.002895 0.741586 0.002373 -0.003976 -0.001667 1.000000 0.000362 -0.000447 0.000000 0.000946 -0.002022 0.000001 1.570024 1.572127 -0.002549 0.001897 1.000000 0.000397 -0.000701 0.000001 0.000619 -0.000889 0.000001 1.569744 1.573333 -0.003036 0.005840 1.000000 0.000361 -0.000385 0.000000 0.001481 -0.001581 0.000000 1.569171 1.572536 -0.002806 0.002998 1.000000 0.000347 -0.000370 0.000000 0.000435 -0.000458 0.000000 1.569496 1.572188 -0.002929 0.003130 7.667284 0.000008 -0.000034 0.000000 7.667467 0.000005 -0.000024 0.000000 7.666223 0.000035 -0.000038 -0.000000 7.667004 0.000013 -0.000014 0.000000 0.720000
-10.061979 -40.057538 20.368856 1.000000 0.000233 -0.000419 -0.000180 -0.004869 -0.003018 0.747435 0.002448 -0.004087 -0.001720 1.000000 0.000367 -0.000457 0.000000 0.000942 -0.001921 0.000001 1.569998 1.572146 -0.002579 0.001896 1.000000 0.000400 -0.000705 0.000001 0.000612 -0.000940 0.000001 1.569714 1.573391 -0.003047 0.005788 1.000000 0.000368 -0.000393 0.000000 0.001564 -0.001670 -0.000000 1.569143 1.572566 -0.002747 0.002934 1.000000 0.000349 -0.000373 0.000000 0.000468 -0.000493 0.000000 1.569467 1.572219 -0.002899 0.003098 7.659478 0.000008 -0.000030 0.000000 7.659678 0.000005 -0.000025 0.000000 7.658376 0.000036 -0.000038 -0.000000 7.659193 0.000014 -0.000014 0.000000 0.730000
-10.062028 -40.057569 20.376335 1.000000 0.000245 -0.000439 -0.000189 -0.005054 -0.003145 0.753124 0.002523 -0.004197 -0.001773 1.000000 0.000372 -0.000466 0.000000 0.000937 -0.001803 0.000001 1.569972 1.572164 -0.002608 0.001896 1.000000 0.000403 -0.000710 0.000001 0.000606 -0.000993 0.000001 1.569684 1.573448 -0.003055 0.005731 1.000000 0.000376 -0.000402 0.000000 0.001645 -0.001756 -0.000000 1.569116 1.572595 -0.002687 0.002870 1.000000 0.000352 -0.000375 0.000000 0.000502 -0.000530 0.000000 1.569438 1.572250 -0.002867 0.003062 7.651693 0.000008 -0.000028 0.000000 7.651909 0.000005 -0.000026 0.000000 7.650549 0.000036 -0.000039 -0.000000 7.651402 0.000014 -0.000015 -0.000000 0.740000
-10.062080 -40.057601 20.383871 1.000000 0.000258 -0.000460 -0.000198 -0.005241 -0.003273 0.758655 0.002597 -0.004306 -0.001827 1.000000 0.000376 -0.000475 0.000000 0.000933 -0.001679 0.000001 1.569946 1.572183 -0.002635 0.001897 1.000000 0.000406 -0.000715 0.000001 0.000601 -0.001048 0.000001 1.569653 1.573505 -0.003062 0.005671 1.000000 0.000385 -0.000411 0.000000 0.001723 -0.001841 -0.000000 1.569090 1.572623 -0.002628 0.002806 1.000000 0.000354 -0.000378 0.000000 0.000537 -0.000567 0.000000 1.569410 1.572280 -0.002832 0.003025 7.643953 0.000008 -0.000026 0.000000 7.644185 0.000005 -0.000026 0.000000 7.642766 0.000036 -0.000038 -0.000000 7.643655 0.000014 -0.000015 -0.000000 0.750000
-10.062133 -40.057634 20.391460 1.000000 0.000271 -0.000482 -0.000207 -0.005432 -0.003405 0.764029 0.002671 -0.004413 -0.001882 1.000000 0.000381 -0.000483 0.000000 0.000928 -0.001553 0.000001 1.569920 1.572202 -0.002661 0.001898 1.000000 0.000409 -0.000720 0.000001 0.000596 -0.001104 0.000001 1.569623 1.573561 -0.003066 0.005606 1.000000 0.000393 -0.000420 0.000000 0.001798 -0.001921 -0.000000 1.569064 1.572651 -0.002569 0.002742 1.000000 0.000357 -0.000381 0.000000 0.000573 -0.000606 0.000000 1.569382 1.572310 -0.002796 0.002986 7.636211 0.000008 -0.000025 0.000000 7.636459 0.000005 -0.000027 0.000000 7.634982 0.000036 -0.000039 -0.000000 7.635906 0.000015 -0.000016 -0.000000 0.760000
-10.062188 -40.057669 20.399103 1.000000 0.000285 -0.000504 -0.000216 -0.005626 -0.003539 0.769246 0.002743 -0.004518 -0.001937 1.000000 0.000386 -0.000491 0.000000 0.000924 -0.001434 0.000001 1.569893 1.572221 -0.002686 0.001900 1.000000 0.000412 -0.000726 0.000001 0.000591 -0.001162 0.000001 1.569592 1.573617 -0.003068 0.005538 1.000000 0.000403 -0.000430 0.000000 0.001872 -0.002000 -0.000000 1.569038 1.572678 -0.002509 0.002679 1.000000 0.000360 -0.000384 0.000000 0.000610 -0.000645 0.000000 1.569354 1.572339 -0.002757 0.002944 7.628493 0.000008 -0.000025 0.000000 7.628757 0.000005 -0.000028 0.000000 7.627221 0.000036 -0.000039 -0.000000 7.628180 0.000015 -0.000016 -0.000000 0.770000
-10.062245 -40.057705 20.406796 1.000000 0.000299 -0.000527 -0.000226 -0.005823 -0.003675 0.774306 0.002815 -0.004621 -0.001993 1.000000 0.000390 -0.000497 0.000000 0.000920 -0.001321 0.000001 1.569866 1.572240 -0.002709 0.001902 1.000000 0.000415 -0.000732 0.000001 0.000587 -0.001222 0.000001 1.569561 1.573672 -0.003068 0.005466 1.000000 0.000412 -0.000440 0.000000 0.001942 -0.002075 -0.000000 1.569014 1.572704 -0.002451 0.002615 1.000000 0.000363 -0.000387 0.000000 0.000648 -0.000686 0.000000 1.569327 1.572369 -0.002717 0.002901 7.620799 0.000008 -0.000024 0.000000 7.621079 0.000006 -0.000029 0.000000 7.619484 0.000036 -0.000039 -0.000000 7.620477 0.000016 -0.000017 -0.000000 0.780000
-10.062304 -40.057742 20.414540 1.000000 0.000313 -0.000550 -0.000236 -0.006022 -0.003814 0.779209 0.002886 -0.004722 -0.002050 1.000000 0.000395 -0.000504 0.000000 0.000915 -0.001216 0.000001 1.569839 1.572259 -0.002731 0.001905 1.000000 0.000418 -0.000738 0.000001 0.000584 -0.001284 0.000001 1.569531 1.573726 -0.003066 0.005390 1.000000 0.000422 -0.000450 0.000000 0.002010 -0.002148 -0.000000 1.568990 1.572730 -0.002392 0.002553 1.000000 0.000367 -0.000391 0.000000 0.000686 -0.000727 0.000000 1.569300 1.572397 -0.002675 0.002855 7.613130 0.000008 -0.000024 0.000000 7.613425 0.000006 -0.000030 0.000000 7.611772 0.000037 -0.000039 -0.000000 7.612799 0.000016 -0.000017 -0.000000 0.790000
-10.062365 -40.057781 20.422331 1.000000 0.000327 -0.000574 -0.000247 -0.006225 -0.003956 0.783958 0.002955 -0.004821 -0.002108 1.000000 0.000399 -0.000510 0.000000 0.000911 -0.001113 0.000001 1.569812 1.572278 -0.002752 0.001907 1.000000 0.000421 -0.000745 0.000001 0.000581 -0.001344 0.000001 1.569500 1.573779 -0.003061 0.005311 1.000000 0.000432 -0.000461 0.000000 0.002071 -0.002213 -0.000000 1.568966 1.572755 -0.002335 0.002491 1.000000 0.000370 -0.000395 0.000000 0.000724 -0.000768 0.000000 1.569274 1.572425 -0.002631 0.002808 7.605487 0.000008 -0.000025 0.000000 7.605798 0.000006 -0.000031 0.000000 7.604086 0.000037 -0.000040 -0.000000 7.605146 0.000017 -0.000018 -0.000000 0.800000
-10.062428 -40.057821 20.430169 1.000000 0.000342 -0.000598 -0.000257 -0.006430 -0.004100 0.788551 0.003024 -0.004917 -0.002166 1.000000 0.000404 -0.000515 0.000000 0.000907 -0.001022 0.000001 1.569784 1.572297 -0.002771 0.001909 1.000000 0.000423 -0.000752 0.000001 0.000579 -0.001408 0.000001 1.569470 1.573832 -0.003054 0.005229 1.000000 0.000443 -0.000473 0.000000 0.002131 -0.002278 -0.000000 1.568943 1.572779 -0.002278 0.002430 1.000000 0.000374 -0.000399 0.000000 0.000764 -0.000810 0.000000 1.569248 1.572453 -0.002586 0.002760 7.597871 0.000008 -0.000025 0.000000 7.598197 0.000006 -0.000032 0.000000 7.596427 0.000037 -0.000040 -0.000000 7.597520 0.000017 -0.000019 -0.000000 0.810000
-10.062493 -40.057862 20.438052 1.000000 0.000357 -0.000623 -0.000268 -0.006638 -0.004247 0.792991 0.003091 -0.005011 -0.002224 1.000000 0.000408 -0.000520 0.000000 0.000902 -0.000943 0.000001 1.569757 1.572316 -0.002789 0.001911 1.000000 0.000426 -0.000759 0.000001 0.000577 -0.001473 0.000001 1.569439 1.573883 -0.003045 0.005143 1.000000 0.000453 -0.000484 0.000000 0.002189 -0.002340 -0.000000 1.568921 1.572803 -0.002223 0.002370 1.000000 0.000378 -0.000403 0.000000 0.000804 -0.000853 0.000000 1.569222 1.572480 -0.002540 0.002710 7.590283 0.000008 -0.000025 0.000000 7.590623 0.000006 -0.000033 0.000000 7.588796 0.000037 -0.000040 -0.000000 7.589920 0.000018 -0.000019 -0.000000 0.820000
-10.062560 -40.057905 20.445979 1.000000 0.000373 -0.000648 -0.000279 -0.006849 -0.004396 0.797276 0.003156 -0.005102 -0.002284 1.000000 0.000413 -0.000524 0.000000 0.000898 -0.000874 0.000001 1.569729 1.572335 -0.002805 0.001912 1.000000 0.000429 -0.000766 0.000001 0.000575 -0.001540 0.000001 1.569409 1.573934 -0.003034 0.005055 1.000000 0.000464 -0.000496 0.000000 0.002243 -0.002397 -0.000000 1.568899 1.572827 -0.002168 0.002312 1.000000 0.000382 -0.000407 0.000000 0.000844 -0.000896 0.000000 1.569197 1.572507 -0.002492 0.002658 7.582723 0.000008 -0.000026 0.000000 7.583078 0.000006 -0.000033 0.000000 7.581194 0.000037 -0.000039 -0.000000 7.582348 0.000018 -0.000020 -0.000000 0.830000
-10.062630 -40.057950 20.453947 1.000000 0.000389 -0.000674 -0.000291 -0.007062 -0.004547 0.801409 0.003220 -0.005190 -0.002344 1.000000 0.000417 -0.000529 0.000000 0.000894 -0.000814 0.000001 1.569701 1.572354 -0.002820 0.001913 1.000000 0.000432 -0.000774 0.000001 0.000574 -0.001607 0.000001 1.569379 1.573984 -0.003021 0.004964 1.000000 0.000476 -0.000508 0.000000 0.002293 -0.002451 -0.000000 1.568877 1.572849 -0.002115 0.002255 1.000000 0.000386 -0.000412 0.000000 0.000884 -0.000939 0.000000 1.569172 1.572533 -0.002444 0.002606 7.575192 0.000008 -0.000026 0.000000 7.575563 0.000006 -0.000034 0.000000 7.573622 0.000037 -0.000039 -0.000000 7.574805 0.000019 -0.000020 -0.000000 0.840000
-10.062701 -40.057996 20.461956 1.000000 0.000405 -0.000700 -0.000303 -0.007278 -0.004700 0.805389 0.003282 -0.005275 -0.002404 1.000000 0.000422 -0.000532 0.000000 0.000890 -0.000764 0.000001 1.569672 1.572373 -0.002834 0.001913 1.000000 0.000435 -0.000782 0.000001 0.000574 -0.001675 0.000001 1.569349 1.574033 -0.003006 0.004871 1.000000 0.000487 -0.000520 0.000000 0.002339 -0.002501 -0.000000 1.568857 1.572872 -0.002064 0.002199 1.000000 0.000391 -0.000416 0.000000 0.000925 -0.000982 0.000000 1.569148 1.572559 -0.002394 0.002552 7.567692 0.000008 -0.000027 0.000000 7.568077 0.000006 -0.000035 0.000000 7.566080 0.000036 -0.000039 -0.000000 7.567292 0.000019 -0.000020 -0.000000 0.850000
-10.062775 -40.058044 20.470004 1.000000 0.000422 -0.000727 -0.000315 -0.007496 -0.004856 0.809217 0.003342 -0.005357 -0.002466 1.000000 0.000426 -0.000536 0.000000 0.000885 -0.000723 0.000001 1.569644 1.572392 -0.002846 0.001913 1.000000 0.000438 -0.000791 0.000001 0.000574 -0.001743 0.000001 1.569319 1.574081 -0.002988 0.004776 1.000000 0.000499 -0.000533 0.000000 0.002381 -0.002546 -0.000000 1.568836 1.572893 -0.002014 0.002145 1.000000 0.000395 -0.000421 0.000000 0.000965 -0.001026 0.000000 1.569125 1.572584 -0.002343 0.002497 7.560223 0.000008 -0.000027 0.000000 7.560622 0.000006 -0.000036 0.000000 7.558571 0.000036 -0.000039 -0.000000 7.559809 0.000019 -0.000021 -0.000000 0.860000
-10.062851 -40.058093 20.478089 1.000000 0.000438 -0.000754 -0.000327 -0.007717 -0.005015 0.812895 0.003401 -0.005435 -0.002528 1.000000 0.000431 -0.000540 0.000000 0.000881 -0.000690 0.000001 1.569616 1.572412 -0.002856 0.001911 1.000000 0.000441 -0.000800 0.000001 0.000575 -0.001812 0.000001 1.569289 1.574128 -0.002968 0.004679 1.000000 0.000511 -0.000546 0.000000 0.002420 -0.002587 -0.000000 1.568816 1.572914 -0.001965 0.002093 1.000000 0.000400 -0.000427 0.000000 0.001006 -0.001069 0.000000 1.569102 1.572609 -0.002292 0.002442 7.552785 0.000008 -0.000028 0.000000 7.553199 0.000006 -0.000036 0.000000 7.551094 0.000036 -0.000038 -0.000000 7.552358 0.000020 -0.000021 -0.000000 0.870000
-10.062929 -40.058144 20.486210 1.000000 0.000455 -0.000781 -0.000340 -0.007940 -0.005175 0.816422 0.003457 -0.005510 -0.002590 1.000000 0.000435 -0.000543 0.000000 0.000877 -0.000657 0.000001 1.569587 1.572431 -0.002865 0.001909 1.000000 0.000444 -0.000809 0.000001 0.000576 -0.001878 0.000001 1.569260 1.574175 -0.002947 0.004580 1.000000 0.000523 -0.000559 0.000000 0.002451 -0.002621 -0.000000 1.568797 1.572935 -0.001919 0.002043 1.000000 0.000405 -0.000432 0.000000 0.001045 -0.001111 0.000000 1.569079 1.572633 -0.002239 0.002386 7.545380 0.000008 -0.000029 0.000000 7.545808 0.000007 -0.000037 0.000000 7.543651 0.000036 -0.000038 -0.000000 7.544938 0.000020 -0.000022 -0.000000 0.880000
-10.063009 -40.058196 20.494366 0.999999 0.000473 -0.000808 -0.000353 -0.008166 -0.005338 0.819800 0.003512 -0.005581 -0.002653 1.000000 0.000439 -0.000546 0.000000 0.000873 -0.000636 0.000001 1.569559 1.572450 -0.002872 0.001906 1.000000 0.000446 -0.000818 0.000001 0.000577 -0.001946 0.000001 1.569231 1.574220 -0.002923 0.004479 1.000000 0.000535 -0.000572 0.000000 0.002480 -0.002653 -0.000000 1.568778 1.572955 -0.001874 0.001995 1.000000 0.000411 -0.000438 0.000000 0.001085 -0.001154 0.000000 1.569057 1.572657 -0.002187 0.002329 7.538008 0.000008 -0.000030 0.000000 7.538450 0.000007 -0.000038 0.000000 7.536242 0.000035 -0.000038 -0.000000 7.537552 0.000021 -0.000022 -0.000000 0.890000
-10.063092 -40.058250 20.502554 0.999999 0.000490 -0.000836 -0.000367 -0.008394 -0.005503 0.823029 0.003564 -0.005649 -0.002717 1.000000 0.000444 -0.000549 0.000000 0.000869 -0.000624 0.000001 1.569530 1.572469 -0.002878 0.001902 1.000000 0.000449 -0.000828 0.000001 0.000579 -0.002016 0.000001 1.569202 1.574264 -0.002898 0.004377 1.000000 0.000548 -0.000585 0.000000 0.002506 -0.002681 -0.000000 1.568760 1.572975 -0.001831 0.001949 1.000000 0.000416 -0.000444 0.000000 0.001124 -0.001196 0.000000 1.569035 1.572679 -0.002133 0.002271 7.530671 0.000008 -0.000031 0.000000 7.531127 0.000007 -0.000039 0.000000 7.528868 0.000035 -0.000037 -0.000000 7.530199 0.000021 -0.000022 -0.000000 0.900000
-10.063176 -40.058306 20.510774 0.999999 0.000508 -0.000865 -0.000380 -0.008624 -0.005670 0.826109 0.003614 -0.005713 -0.002781 1.000000 0.000448 -0.000553 0.000000 0.000865 -0.000621 0.000001 1.569501 1.572488 -0.002882 0.001897 1.000000 0.000452 -0.000839 0.000001 0.000581 -0.002085 0.000001 1.569173 1.574307 -0.002870 0.004274 1.000000 0.000560 -0.000598 0.000000 0.002528 -0.002704 -0.000000 1.568742 1.572994 -0.001790 0.001905 1.000000 0.000422 -0.000450 0.000000 0.001163 -0.001238 0.000000 1.569014 1.572702 -0.002080 0.002214 7.523368 0.000008 -0.000032 0.000000 7.523838 0.000007 -0.000039 0.000000 7.521531 0.000034 -0.000037 -0.000000 7.522881 0.000021 -0.000023 -0.000000 0.910000
-10.063264 -40.058363 20.519028 0.999999 0.000526 -0.000893 -0.000394 -0.008858 -0.005840 0.829859 0.003662 -0.005774 -0.002847 1.000000 0.000453 -0.000557 0.000000 0.000929 -0.001010 0.000001 1.569473 1.572506 -0.002884 0.001891 1.000000 0.000455 -0.000850 0.000001 0.000703 -0.002485 0.000001 1.569144 1.574349 -0.002840 0.004169 1.000000 0.000574 -0.000613 0.000000 0.002818 -0.003015 -0.000000 1.568724 1.573013 -0.001751 0.001863 1.000000 0.000428 -0.000456 0.000000 0.001393 -0.001484 0.000000 1.568994 1.572724 -0.002025 0.002155 7.556706 0.000009 -0.000078 0.000000 7.557308 0.000009 -0.000065 0.000000 7.554900 0.000054 -0.000058 -0.000000 7.556239 0.000029 -0.000031 -0.000000 0.920000
-10.063353 -40.058422 20.527318 0.999999 0.000545 -0.000922 -0.000409 -0.009094 -0.006013 0.833456 0.003708 -0.005832 -0.002913 1.000000 0.000457 -0.000562 0.000000 0.000926 -0.001349 0.000001 1.569444 1.572525 -0.002885 0.001885 1.000000 0.000459 -0.000863 0.000001 0.000710 -0.002683 0.000001 1.569116 1.574390 -0.002808 0.004063 1.000000 0.000588 -0.000628 0.000000 0.002933 -0.003137 -0.000000 1.568707 1.573031 -0.001714 0.001823 1.000000 0.000435 -0.000464 0.000000 0.001456 -0.001552 0.000000 1.568974 1.572745 -0.001971 0.002096 7.549144 0.000008 -0.000058 0.000000 7.549761 0.000008 -0.000048 0.000000 7.547305 0.000039 -0.000042 -0.000000 7.548661 0.000023 -0.000025 -0.000000 0.930000
-10.063445 -40.058483 20.535644 0.999999 0.000563 -0.000952 -0.000423 -0.009332 -0.006187 0.836901 0.003751 -0.005886 -0.002979 1.000000 0.000462 -0.000570 0.000000 0.000922 -0.001474 0.000001 1.569415 1.572544 -0.002885 0.001878 1.000000 0.000462 -0.000876 0.000001 0.000712 -0.002762 0.000001 1.569088 1.574430 -0.002775 0.003958 1.000000 0.000603 -0.000644 0.000000 0.002946 -0.003152 -0.000000 1.568690 1.573049 -0.001680 0.001787 1.000000 0.000443 -0.000472 0.000000 0.001490 -0.001588 -0.000000 1.568955 1.572765 -0.001917 0.002038 7.541616 0.000008 -0.000045 0.000000 7.542247 0.000008 -0.000046 0.000000 7.539746 0.000036 -0.000038 -0.000000 7.541117 0.000023 -0.000025 -0.000000 0.940000
-10.063539 -40.058546 20.544003 0.999999 0.000582 -0.000981 -0.000438 -0.009572 -0.006364 0.840193 0.003791 -0.005935 -0.003046 1.000000 0.000466 -0.000577 0.000000 0.000918 -0.001499 0.000001 1.569386 1.572563 -0.002883 0.001873 0.999999 0.000466 -0.000890 0.000001 0.000715 -0.002825 0.000001 1.569061 1.574469 -0.002739 0.003853 1.000000 0.000617 -0.000659 0.000000 0.002942 -0.003148 -0.000000 1.568673 1.573067 -0.001649 0.001753 1.000000 0.000450 -0.000480 0.000000 0.001523 -0.001623 -0.000000 1.568936 1.572785 -0.001863 0.001980 7.534123 0.000008 -0.000038 0.000000 7.534768 0.000008 -0.000046 0.000000 7.532224 0.000034 -0.000037 -0.000000 7.533606 0.000024 -0.000025 -0.000000 0.950000
-10.063636 -40.058610 20.552395 0.999999 0.000601 -0.001011 -0.000454 -0.009814 -0.006542 0.843334 0.003829 -0.005980 -0.003114 1.000000 0.000471 -0.000584 0.000000 0.000914 -0.001475 0.000001 1.569358 1.572581 -0.002879 0.001867 0.999999 0.000470 -0.000905 0.000001 0.000718 -0.002884 0.000001 1.569034 1.574507 -0.002703 0.003748 1.000000 0.000632 -0.000675 0.000000 0.002933 -0.003137 -0.000000 1.568657 1.573084 -0.001621 0.001723 1.000000 0.000458 -0.000488 0.000000 0.001555 -0.001658 -0.000000 1.568917 1.572805 -0.001810 0.001923 7.526666 0.000008 -0.000035 0.000000 7.527325 0.000008 -0.000046 0.000000 7.524738 0.000033 -0.000036 -0.000000 7.526131 0.000024 -0.000025 -0.000000 0.960000
-10.063735 -40.058676 20.560817 0.999999 0.000620 -0.001041 -0.000469 -0.010058 -0.006723 0.846325 0.003864 -0.006021 -0.003182 1.000000 0.000475 -0.000592 0.000000 0.000910 -0.001427 0.000001 1.569329 1.572600 -0.002874 0.001862 0.999999 0.000473 -0.000919 0.000001 0.000722 -0.002941 0.000001 1.569007 1.574544 -0.002664 0.003644 1.000000 0.000647 -0.000691 0.000000 0.002918 -0.003121 -0.000000 1.568641 1.573101 -0.001596 0.001695 1.000000 0.000466 -0.000496 0.000000 0.001586 -0.001690 -0.000000 1.568900 1.572824 -0.001758 0.001867 7.519244 0.000008 -0.000033 0.000000 7.519918 0.000009 -0.000046 0.000000 7.517291 0.000032 -0.000035 -0.000000 7.518692 0.000024 -0.000025 -0.000000 0.970000
-10.063836 -40.058744 20.569268 0.999999 0.000640 -0.001071 -0.000485 -0.010304 -0.006905 0.849167 0.003897 -0.006057 -0.003250 1.000000 0.000480 -0.000599 0.000000 0.000906 -0.001370 0.000002 1.569300 1.572618 -0.002868 0.001857 0.999999 0.000477 -0.000934 0.000001 0.000726 -0.002997 0.000001 1.568981 1.574580 -0.002625 0.003542 1.000000 0.000661 -0.000706 0.000000 0.002898 -0.003101 -0.000000 1.568625 1.573118 -0.001573 0.001671 1.000000 0.000474 -0.000505 0.000000 0.001615 -0.001722 -0.000000 1.568882 1.572842 -0.001706 0.001811 7.511860 0.000008 -0.000032 0.000000 7.512548 0.000009 -0.000046 0.000000 7.509883 0.000031 -0.000034 -0.000000 7.511290 0.000024 -0.000025 -0.000000 0.980000
-10.063940 -40.058814 20.577746 0.999999 0.000659 -0.001101 -0.000502 -0.010551 -0.007089 0.851859 0.003927 -0.006088 -0.003319 1.000000 0.000485 -0.000605 0.000000 0.000902 -0.001309 0.000002 1.569272 1.572637 -0.002860 0.001853 0.999999 0.000480 -0.000949 0.000001 0.000730 -0.003051 0.000001 1.568955 1.574614 -0.002584 0.003440 1.000000 0.000676 -0.000722 0.000000 0.002875 -0.003075 -0.000000 1.568609 1.573134 -0.001554 0.001650 1.000000 0.000482 -0.000513 0.000000 0.001643 -0.001752 -0.000000 1.568866 1.572860 -0.001655 0.001756 7.504516 0.000008 -0.000031 0.000000 7.505218 0.000009 -0.000047 0.000000 7.502519 0.000030 -0.000032 -0.000000 7.503929 0.000024 -0.000025 -0.000000 0.990000
-10.064047 -40.058885 20.586251 0.999999 0.000679 -0.001131 -0.000519 -0.010800 -0.007275 0.854404 0.003953 -0.006115 -0.003389 1.000000 0.000489 -0.000612 0.000000 0.000898 -0.001249 0.000002 1.569243 1.572655 -0.002850 0.001848 0.999999 0.000484 -0.000964 0.000001 0.000734 -0.003103 0.000001 1.568929 1.574648 -0.002541 0.003340 0.999999 0.000690 -0.000737 0.000000 0.002846 -0.003045 -0.000000 1.568594 1.573151 -0.001537 0.001632 1.000000 0.000490 -0.000522 0.000000 0.001670 -0.001781 -0.000000 1.568849 1.572877 -0.001605 0.001702 7.497208 0.000008 -0.000031 0.000000 7.497924 0.000009 -0.000047 0.000000 7.495191 0.000029 -0.000031 -0.000000 7.496603 0.000024 -0.000025 -0.000000 1.000000
-10.064156 -40.058959 20.594780 0.999999 0.000699 -0.001162 -0.000536 -0.011051 -0.007463 0.856801 0.003977 -0.006137 -0.003459 1.000000 0.000493 -0.000618 0.000000 0.000895 -0.001191 0.000002 1.569215 1.572674 -0.002840 0.001844 0.999999 0.000488 -0.000980 0.000001 0.000739 -0.003153 0.000001 1.568904 1.574681 -0.002497 0.003242 0.999999 0.000704 -0.000752 0.000000 0.002814 -0.003010 -0.000000 1.568579 1.573167 -0.001523 0.001617 1.000000 0.000498 -0.000531 0.000000 0.001695 -0.001808 -0.000000 1.568834 1.572894 -0.001556 0.001650 7.489939 0.000008 -0.000030 0.000000 7.490669 0.000009 -0.000047 0.000000 7.487905 0.000028 -0.000030 0.000000 7.489316 0.000023 -0.000025 -0.000000 1.010000
-10.064267 -40.059034 20.603333 0.999999 0.000719 -0.001193 -0.000553 -0.011303 -0.007652 0.859053 0.003998 -0.006154 -0.003529 1.000000 0.000498 -0.000623 0.000001 0.000891 -0.001136 0.000002 1.569187 1.572692 -0.002827 0.001840 0.999999 0.000491 -0.000996 0.000001 0.000744 -0.003201 0.000001 1.568879 1.574713 -0.002452 0.003145 0.999999 0.000718 -0.000767 0.000000 0.002778 -0.002971 -0.000000 1.568564 1.573183 -0.001512 0.001605 1.000000 0.000507 -0.000540 0.000000 0.001719 -0.001833 -0.000000 1.568818 1.572910 -0.001509 0.001598 7.482710 0.000008 -0.000030 0.000000 7.483455 0.000009 -0.000047 0.000000 7.480662 0.000027 -0.000029 0.000000 7.482069 0.000023 -0.000025 -0.000000 1.020000
-10.064381 -40.059111 20.611907 0.999999 0.000738 -0.001223 -0.000571 -0.011557 -0.007844 0.861159 0.004016 -0.006167 -0.003600 1.000000 0.000502 -0.000629 0.000001 0.000887 -0.001085 0.000002 1.569159 1.572710 -0.002814 0.001836 0.999999 0.000495 -0.001012 0.000001 0.000749 -0.003247 0.000001 1.568855 1.574744 -0.002406 0.003050 0.999999 0.000732 -0.000782 0.000000 0.002738 -0.002928 -0.000000 1.568549 1.573199 -0.001503 0.001596 1.000000 0.000516 -0.000549 0.000000 0.001741 -0.001857 -0.000000 1.568804 1.572926 -0.001462 0.001548 7.475522 0.000008 -0.000030 0.000000 7.476281 0.000009 -0.000047 0.000000 7.473462 0.000026 -0.000028 0.000000 7.474863 0.000023 -0.000025 -0.000000 1.030000
-10.064497 -40.059191 20.620501 0.999999 0.000759 -0.001254 -0.000589 -0.011813 -0.008036 0.863121 0.004032 -0.006175 -0.003672 1.000000 0.000507 -0.000634 0.000001 0.000883 -0.001039 0.000002 1.569131 1.572729 -0.002799 0.001832 0.999999 0.000499 -0.001028 0.000001 0.000754 -0.003290 0.000001 1.568831 1.574774 -0.002358 0.002957 0.999999 0.000745 -0.000796 0.000000 0.002694 -0.002881 -0.000000 1.568534 1.573215 -0.001497 0.001589 1.000000 0.000524 -0.000559 0.000000 0.001762 -0.001879 -0.000000 1.568789 1.572941 -0.001417 0.001499 7.468375 0.000008 -0.000030 0.000000 7.469148 0.000009 -0.000047 0.000000 7.466305 0.000025 -0.000027 0.000000 7.467698 0.000023 -0.000025 -0.000000 1.040000
-10.064616 -40.059272 20.629114 0.999999 0.000779 -0.001285 -0.000607 -0.012070 -0.008231 0.864939 0.004044 -0.006177 -0.003743 1.000000 0.000511 -0.000639 0.000001 0.000880 -0.000997 0.000002 1.569103 1.572747 -0.002782 0.001827 0.999999 0.000503 -0.001045 0.000001 0.000759 -0.003331 0.000001 1.568808 1.574803 -0.002310 0.002866 0.999999 0.000758 -0.000810 0.000000 0.002646 -0.002831 -0.000000 1.568519 1.573231 -0.001494 0.001586 1.000000 0.000533 -0.000568 0.000000 0.001781 -0.001900 -0.000000 1.568775 1.572956 -0.001373 0.001452 7.461270 0.000008 -0.000030 0.000000 7.462058 0.000009 -0.000047 0.000000 7.459194 0.000024 -0.000025 0.000000 7.460576 0.000023 -0.000024 -0.000000 1.050000
-10.064738 -40.059355 20.637745 0.999999 0.000799 -0.001316 -0.000626 -0.012328 -0.008427 0.866615 0.004053 -0.006176 -0.003815 1.000000 0.000516 -0.000644 0.000001 0.000876 -0.000960 0.000002 1.569075 1.572765 -0.002764 0.001822 0.999999 0.000506 -0.001061 0.000001 0.000765 -0.003369 0.000001 1.568785 1.574831 -0.002260 0.002778 0.999999 0.000771 -0.000824 0.000000 0.002596 -0.002776 -0.000000 1.568504 1.573247 -0.001494 0.001585 1.000000 0.000542 -0.000578 0.000000 0.001798 -0.001918 -0.000000 1.568762 1.572970 -0.001330 0.001406 7.454208 0.000008 -0.000030 0.000000 7.455010 0.000009 -0.000047 0.000000 7.452127 0.000023 -0.000024 0.000000 7.453496 0.000023 -0.000024 -0.000000 1.060000
-10.064862 -40.059440 20.646392 0.999999 0.000819 -0.001346 -0.000645 -0.012588 -0.008625 0.868149 0.004059 -0.006169 -0.003888 1.000000 0.000520 -0.000649 0.000001 0.000873 -0.000927 0.000002 1.569048 1.572783 -0.002745 0.001817 0.999999 0.000510 -0.001078 0.000001 0.000771 -0.003405 0.000001 1.568763 1.574858 -0.002209 0.002692 0.999999 0.000784 -0.000838 0.000000 0.002542 -0.002718 -0.000000 1.568489 1.573262 -0.001496 0.001587 1.000000 0.000551 -0.000587 0.000000 0.001814 -0.001935 -0.000000 1.568749 1.572984 -0.001289 0.001362 7.447214 0.000008 -0.000029 0.000000 7.448030 0.000009 -0.000046 0.000000 7.445131 0.000022 -0.000023 0.000000 7.446485 0.000022 -0.000024 -0.000000 1.070000
-10.064989 -40.059527 20.655053 0.999998 0.000839 -0.001377 -0.000665 -0.012849 -0.008824 0.869542 0.004062 -0.006158 -0.003961 1.000000 0.000524 -0.000654 0.000001 0.000869 -0.000896 0.000002 1.569020 1.572801 -0.002725 0.001812 0.999999 0.000514 -0.001095 0.000001 0.000777 -0.003438 0.000001 1.568741 1.574884 -0.002158 0.002609 0.999999 0.000797 -0.000851 0.000000 0.002485 -0.002658 -0.000000 1.568474 1.573278 -0.001500 0.001591 1.000000 0.000560 -0.000597 0.000000 0.001828 -0.001950 -0.000000 1.568736 1.572997 -0.001249 0.001319 7.440239 0.000008 -0.000029 0.000000 7.441070 0.000009 -0.000046 0.000000 7.438157 0.000021 -0.000022 0.000000 7.439493 0.000022 -0.000024 -0.000000 1.080000
-10.065118 -40.059616 20.663728 0.999998 0.000860 -0.001408 -0.000685 -0.013111 -0.009024 0.870796 0.004063 -0.006142 -0.004034 1.000000 0.000529 -0.000658 0.000001 0.000866 -0.000870 0.000002 1.568993 1.572819 -0.002703 0.001806 0.999999 0.000518 -0.001112 0.000001 0.000783 -0.003469 0.000002 1.568720 1.574910 -0.002106 0.002528 0.999999 0.000809 -0.000864 0.000000 0.002426 -0.002594 -0.000000 1.568459 1.573294 -0.001506 0.001598 1.000000 0.000569 -0.000607 0.000000 0.001841 -0.001963 -0.000000 1.568724 1.573010 -0.001211 0.001278 7.433309 0.000008 -0.000030 0.000000 7.434155 0.000010 -0.000046 0.000000 7.431231 0.000019 -0.000021 0.000000 7.432546 0.000022 -0.000023 -0.000000 1.090000
-10.065250 -40.059707 20.672414 0.999998 0.000880 -0.001438 -0.000705 -0.013375 -0.009227 0.871911 0.004060 -0.006121 -0.004107 1.000000 0.000533 -0.000662 0.000001 0.000863 -0.000850 0.000002 1.568966 1.572837 -0.002680 0.001800 0.999999 0.000522 -0.001130 0.000001 0.000790 -0.003497 0.000002 1.568699 1.574935 -0.002052 0.002451 0.999999 0.000821 -0.000877 -0.000000 0.002364 -0.002528 -0.000000 1.568444 1.573310 -0.001515 0.001608 1.000000 0.000578 -0.000617 0.000000 0.001851 -0.001975 -0.000000 1.568712 1.573022 -0.001175 0.001239 7.426424 0.000008 -0.000030 0.000000 7.427286 0.000010 -0.000045 0.000000 7.424353 0.000018 -0.000020 0.000000 7.425645 0.000022 -0.000023 -0.000000 1.100000
-10.065385 -40.059800 20.681111 0.999998 0.000900 -0.001469 -0.000726 -0.013639 -0.009430 0.872888 0.004054 -0.006095 -0.004181 1.000000 0.000537 -0.000666 0.000001 0.000860 -0.000835 0.000002 1.568940 1.572855 -0.002655 0.001793 0.999999 0.000526 -0.001147 0.000001 0.000796 -0.003522 0.000002 1.568679 1.574959 -0.001999 0.002376 0.999999 0.000833 -0.000890 -0.000000 0.002300 -0.002459 -0.000000 1.568429 1.573326 -0.001526 0.001619 1.000000 0.000588 -0.000626 0.000000 0.001860 -0.001984 -0.000000 1.568700 1.573035 -0.001140 0.001201 7.419585 0.000008 -0.000030 0.000000 7.420462 0.000010 -0.000045 0.000000 7.417524 0.000017 -0.000019 0.000000 7.418791 0.000021 -0.000023 -0.000000 1.110000
-10.065522 -40.059895 20.689816 0.999998 0.000920 -0.001499 -0.000747 -0.013906 -0.009635 0.873729 0.004046 -0.006065 -0.004255 1.000000 0.000541 -0.000671 0.000001 0.000856 -0.000825 0.000002 1.568914 1.572873 -0.002630 0.001786 0.999999 0.000530 -0.001165 0.000001 0.000803 -0.003544 0.000002 1.568659 1.574982 -0.001944 0.002305 0.999999 0.000844 -0.000902 -0.000000 0.002234 -0.002388 -0.000000 1.568414 1.573342 -0.001539 0.001633 1.000000 0.000597 -0.000636 0.000000 0.001868 -0.001992 -0.000000 1.568689 1.573046 -0.001108 0.001166 7.412793 0.000008 -0.000031 0.000000 7.413686 0.000010 -0.000045 0.000000 7.410744 0.000016 -0.000017 0.000000 7.411983 0.000021 -0.000022 -0.000000 1.120000
-10.065662 -40.059992 20.698534 0.999998 0.000940 -0.001529 -0.000768 -0.014175 -0.009843 0.875251 0.004034 -0.006032 -0.004330 1.000000 0.000546 -0.000676 0.000001 0.000925 -0.001195 0.000002 1.568887 1.572891 -0.002602 0.001778 0.999999 0.000534 -0.001183 0.000001 0.000933 -0.003884 0.000002 1.568640 1.575005 -0.001888 0.002235 0.999999 0.000855 -0.000914 -0.000000 0.002419 -0.002586 -0.000000 1.568398 1.573359 -0.001553 0.001648 1.000000 0.000607 -0.000647 0.000000 0.002059 -0.002197 -0.000000 1.568678 1.573058 -0.001076 0.001132 7.446671 0.000009 -0.000082 0.000000 7.447710 0.000012 -0.000071 0.000000 7.444688 0.000035 -0.000037 0.000000 7.445867 0.000029 -0.000030 -0.000000 1.130000
-10.065805 -40.060091 20.707266 0.999998 0.000960 -0.001559 -0.000790 -0.014446 -0.010053 0.876632 0.004019 -0.005994 -0.004405 1.000000 0.000550 -0.000682 0.000001 0.000922 -0.001532 0.000002 1.568862 1.572909 -0.002574 0.001770 0.999999 0.000539 -0.001203 0.000001 0.000944 -0.004030 0.000002 1.568622 1.575027 -0.001832 0.002169 0.999999 0.000868 -0.000927 -0.000000 0.002447 -0.002616 -0.000000 1.568383 1.573375 -0.001569 0.001665 1.000000 0.000617 -0.000658 0.000000 0.002088 -0.002228 -0.000000 1.568668 1.573069 -0.001046 0.001100 7.439667 0.000008 -0.000057 0.000000 7.440721 0.000011 -0.000052 0.000000 7.437701 0.000020 -0.000022 0.000000 7.438847 0.000022 -0.000024 -0.000000 1.140000
-10.065950 -40.060192 20.716011 0.999998 0.000980 -0.001589 -0.000812 -0.014718 -0.010264 0.877872 0.004001 -0.005952 -0.004481 1.000000 0.000555 -0.000690 0.000001 0.000919 -0.001655 0.000002 1.568836 1.572926 -0.002544 0.001763 0.999999 0.000544 -0.001223 0.000001 0.000950 -0.004058 0.000003 1.568604 1.575048 -0.001775 0.002107 0.999999 0.000880 -0.000940 -0.000000 0.002384 -0.002548 -0.000000 1.568367 1.573392 -0.001587 0.001685 1.000000 0.000628 -0.000669 0.000000 0.002088 -0.002228 -0.000000 1.568658 1.573080 -0.001018 0.001070 7.432683 0.000008 -0.000044 0.000000 7.433754 0.000011 -0.000048 0.000000 7.430738 0.000017 -0.000018 0.000000 7.431849 0.000022 -0.000023 0.000000 1.150000
-10.066098 -40.060296 20.724768 0.999998 0.001000 -0.001619 -0.000835 -0.014991 -0.010476 0.878972 0.003981 -0.005906 -0.004557 1.000000 0.000560 -0.000699 0.000001 0.000916 -0.001672 0.000002 1.568811 1.572944 -0.002513 0.001756 0.999999 0.000548 -0.001244 0.000001 0.000955 -0.004064 0.000003 1.568586 1.575069 -0.001718 0.002050 0.999999 0.000891 -0.000952 -0.000000 0.002304 -0.002463 -0.000000 1.568351 1.573409 -0.001608 0.001707 1.000000 0.000638 -0.000680 0.000000 0.002084 -0.002224 -0.000000 1.568648 1.573090 -0.000993 0.001043 7.425746 0.000008 -0.000037 0.000000 7.426832 0.000011 -0.000047 0.000000 7.423824 0.000015 -0.000016 0.000000 7.424897 0.000021 -0.000022 0.000000 1.160000
-10.066249 -40.060401 20.733535 0.999998 0.001020 -0.001648 -0.000858 -0.015265 -0.010690 0.879934 0.003958 -0.005855 -0.004632 1.000000 0.000564 -0.000707 0.000001 0.000913 -0.001635 0.000002 1.568786 1.572961 -0.002482 0.001751 0.999999 0.000553 -0.001264 0.000001 0.000961 -0.004064 0.000003 1.568570 1.575089 -0.001661 0.001996 0.999999 0.000903 -0.000964 -0.000000 0.002222 -0.002374 -0.000000 1.568335 1.573426 -0.001630 0.001731 1.000000 0.000648 -0.000691 0.000000 0.002079 -0.002218 -0.000000 1.568638 1.573101 -0.000970 0.001018 7.418855 0.000008 -0.000033 0.000000 7.419958 0.000011 -0.000046 0.000000 7.416959 0.000014 -0.000015 0.000000 7.417993 0.000021 -0.000022 0.000000 1.170000
-10.066403 -40.060509 20.742311 0.999998 0.001040 -0.001677 -0.000881 -0.015540 -0.010904 0.880758 0.003931 -0.005799 -0.004709 1.000000 0.000569 -0.000715 0.000001 0.000910 -0.001573 0.000002 1.568761 1.572979 -0.002449 0.001746 0.999999 0.000558 -0.001284 0.000001 0.000967 -0.004060 0.000003 1.568553 1.575109 -0.001604 0.001947 0.999999 0.000913 -0.000976 -0.000000 0.002137 -0.002284 0.000000 1.568318 1.573443 -0.001654 0.001757 1.000000 0.000659 -0.000702 0.000000 0.002071 -0.002210 -0.000000 1.568628 1.573111 -0.000949 0.000995 7.412011 0.000008 -0.000031 0.000000 7.413130 0.000011 -0.000046 0.000000 7.410144 0.000013 -0.000014 0.000000 7.411136 0.000020 -0.000021 0.000000 1.180000
-10.066559 -40.060618 20.751094 0.999998 0.001059 -0.001706 -0.000905 -0.015816 -0.011120 0.881445 0.003903 -0.005740 -0.004785 1.000000 0.000573 -0.000722 0.000001 0.000907 -0.001499 0.000002 1.568737 1.572996 -0.002415 0.001741 0.999999 0.000563 -0.001304 0.000001 0.000972 -0.004053 0.000003 1.568538 1.575128 -0.001547 0.001902 0.999999 0.000924 -0.000987 -0.000000 0.002052 -0.002192 0.000000 1.568302 1.573461 -0.001680 0.001784 1.000000 0.000669 -0.000713 0.000000 0.002062 -0.002200 -0.000000 1.568619 1.573120 -0.000930 0.000975 7.405215 0.000008 -0.000029 0.000000 7.406351 0.000011 -0.000045 0.000000 7.403380 0.000012 -0.000012 0.000000 7.404328 0.000020 -0.000021 0.000000 1.190000
-10.066718 -40.060730 20.759884 0.999997 0.001078 -0.001734 -0.000929 -0.016093 -0.011337 0.881997 0.003871 -0.005676 -0.004862 1.000000 0.000578 -0.000730 0.000001 0.000905 -0.001419 0.000002 1.568713 1.573013 -0.002381 0.001738 0.999999 0.000568 -0.001324 0.000001 0.000978 -0.004042 0.000003 1.568522 1.575147 -0.001490 0.001861 0.999999 0.000934 -0.000998 -0.000000 0.001966 -0.002099 0.000000 1.568285 1.573479 -0.001707 0.001813 1.000000 0.000679 -0.000724 0.000000 0.002051 -0.002188 -0.000000 1.568610 1.573130 -0.000914 0.000957 7.398467 0.000008 -0.000028 0.000000 7.399621 0.000011 -0.000044 0.000000 7.396667 0.000011 -0.000011 0.000000 7.397569 0.000019 -0.000020 0.000000 1.200000
-10.066880 -40.060844 20.768679 0.999997 0.001098 -0.001762 -0.000953 -0.016372 -0.011556 0.882414 0.003837 -0.005609 -0.004938 1.000000 0.000582 -0.000737 0.000001 0.000902 -0.001332 0.000002 1.568690 1.573031 -0.002345 0.001734 0.999999 0.000573 -0.001345 0.000001 0.000983 -0.004025 0.000003 1.568508 1.575165 -0.001433 0.001825 0.999999 0.000943 -0.001008 -0.000000 0.001878 -0.002005 0.000000 1.568268 1.573497 -0.001735 0.001844 0.999999 0.000689 -0.000735 0.000000 0.002037 -0.002173 -0.000000 1.568601 1.573140 -0.000900 0.000942 7.391769 0.000008 -0.000028 0.000000 7.392940 0.000011 -0.000044 0.000000 7.390006 0.000010 -0.000010 0.000000 7.390859 0.000019 -0.000020 0.000000 1.210000
-10.067044 -40.060961 20.777476 0.999997 0.001117 -0.001790 -0.000978 -0.016651 -0.011775 0.882698 0.003801 -0.005538 -0.005015 1.000000 0.000587 -0.000743 0.000001 0.000899 -0.001250 0.000002 1.568667 1.573048 -0.002309 0.001732 0.999999 0.000577 -0.001365 0.000001 0.000989 -0.004006 0.000004 1.568494 1.575183 -0.001377 0.001793 0.999999 0.000953 -0.001018 -0.000000 0.001790 -0.001911 0.000000 1.568250 1.573516 -0.001765 0.001875 0.999999 0.000699 -0.000746 0.000000 0.002022 -0.002156 -0.000000 1.568592 1.573149 -0.000888 0.000928 7.385120 0.000008 -0.000027 0.000000 7.386309 0.000011 -0.000043 0.000000 7.383397 0.000009 -0.000009 0.000000 7.384200 0.000018 -0.000019 0.000000 1.220000
-10.067212 -40.061079 20.786277 0.999997 0.001136 -0.001818 -0.001003 -0.016931 -0.011996 0.882849 0.003762 -0.005462 -0.005092 1.000000 0.000591 -0.000749 0.000001 0.000897 -0.001173 0.000002 1.568644 1.573065 -0.002272 0.001729 0.999999 0.000582 -0.001384 0.000001 0.000994 -0.003984 0.000004 1.568480 1.575201 -0.001320 0.001765 0.999999 0.000961 -0.001027 -0.000000 0.001703 -0.001818 0.000000 1.568233 1.573535 -0.001796 0.001908 0.999999 0.000710 -0.000756 0.000000 0.002005 -0.002138 -0.000000 1.568583 1.573158 -0.000878 0.000918 7.378521 0.000008 -0.000027 0.000000 7.379728 0.000011 -0.000042 0.000000 7.376841 0.000008 -0.000008 0.000000 7.377592 0.000018 -0.000019 0.000000 1.230000
-10.067382 -40.061200 20.795078 0.999997 0.001154 -0.001845 -0.001029 -0.017213 -0.012218 0.882869 0.003721 -0.005384 -0.005169 1.000000 0.000596 -0.000755 0.000001 0.000894 -0.001102 0.000002 1.568621 1.573082 -0.002234 0.001727 0.999999 0.000587 -0.001404 0.000001 0.000999 -0.003960 0.000004 1.568468 1.575218 -0.001264 0.001742 0.999999 0.000970 -0.001036 -0.000000 0.001617 -0.001725 0.000000 1.568215 1.573554 -0.001827 0.001942 0.999999 0.000719 -0.000767 0.000000 0.001986 -0.002118 -0.000000 1.568574 1.573167 -0.000870 0.000910 7.371973 0.000008 -0.000027 0.000000 7.373199 0.000011 -0.000041 0.000000 7.370339 0.000007 -0.000008 0.000000 7.371036 0.000017 -0.000018 0.000000 1.240000
-10.067555 -40.061323 20.803878 0.999997 0.001173 -0.001871 -0.001055 -0.017495 -0.012440 0.882758 0.003677 -0.005302 -0.005247 1.000000 0.000600 -0.000760 0.000001 0.000892 -0.001036 0.000002 1.568599 1.573100 -0.002195 0.001724 0.999999 0.000592 -0.001424 0.000001 0.001005 -0.003931 0.000004 1.568455 1.575236 -0.001209 0.001723 0.999999 0.000977 -0.001044 -0.000000 0.001531 -0.001633 0.000000 1.568196 1.573573 -0.001859 0.001976 0.999999 0.000729 -0.000778 0.000000 0.001966 -0.002096 -0.000000 1.568566 1.573176 -0.000865 0.000904 7.365476 0.000008 -0.000027 0.000000 7.366721 0.000011 -0.000040 0.000000 7.363891 0.000006 -0.000007 0.000000 7.364532 0.000016 -0.000017 0.000000 1.250000
-10.067731 -40.061448 20.812677 0.999997 0.001191 -0.001897 -0.001081 -0.017778 -0.012664 0.882519 0.003631 -0.005216 -0.005324 1.000000 0.000605 -0.000765 0.000001 0.000889 -0.000976 0.000002 1.568577 1.573117 -0.002156 0.001722 0.999999 0.000597 -0.001443 0.000001 0.001010 -0.003899 0.000004 1.568443 1.575253 -0.001153 0.001708 0.999999 0.000985 -0.001052 -0.000000 0.001445 -0.001541 0.000000 1.568178 1.573593 -0.001892 0.002011 0.999999 0.000739 -0.000788 0.000000 0.001944 -0.002072 -0.000000 1.568557 1.573185 -0.000861 0.000900 7.359031 0.000008 -0.000027 0.000000 7.360296 0.000011 -0.000039 0.000000 7.357497 0.000006 -0.000006 0.000000 7.358081 0.000016 -0.000017 0.000000 1.260000
-10.067910 -40.061575 20.821473 0.999997 0.001209 -0.001923 -0.001108 -0.018063 -0.012889 0.882151 0.003583 -0.005127 -0.005402 1.000000 0.000609 -0.000770 0.000001 0.000887 -0.000921 0.000002 1.568556 1.573134 -0.002116 0.001719 0.999999 0.000602 -0.001463 0.000001 0.001015 -0.003864 0.000004 1.568432 1.575270 -0.001099 0.001698 0.999999 0.000992 -0.001060 -0.000000 0.001361 -0.001450 0.000000 1.568158 1.573613 -0.001925 0.002046 0.999999 0.000749 -0.000798 0.000000 0.001920 -0.002047 0.000000 1.568548 1.573194 -0.000860 0.000898 7.352638 0.000008 -0.000027 0.000000 7.353924 0.000011 -0.000038 0.000000 7.351158 0.000005 -0.000005 0.000000 7.351683 0.000015 -0.000016 0.000000 1.270000
-10.068091 -40.061705 20.830264 0.999997 0.001226 -0.001949 -0.001135 -0.018348 -0.013115 0.881657 0.003533 -0.005035 -0.005479 1.000000 0.000613 -0.000774 0.000001 0.000885 -0.000871 0.000002 1.568535 1.573151 -0.002075 0.001716 0.999999 0.000607 -0.001482 0.000001 0.001019 -0.003826 0.000005 1.568422 1.575286 -0.001044 0.001692 0.999999 0.000998 -0.001067 -0.000000 0.001278 -0.001361 0.000000 1.568139 1.573634 -0.001958 0.002082 0.999999 0.000758 -0.000808 0.000000 0.001895 -0.002020 0.000000 1.568540 1.573203 -0.000861 0.000899 7.346299 0.000008 -0.000027 0.000000 7.347604 0.000011 -0.000037 0.000000 7.344874 0.000004 -0.000004 0.000000 7.345339 0.000015 -0.000015 0.000000 1.280000
-10.068275 -40.061837 20.839050 0.999997 0.001244 -0.001973 -0.001162 -0.018635 -0.013342 0.881037 0.003481 -0.004941 -0.005557 1.000000 0.000618 -0.000779 0.000001 0.000882 -0.000827 0.000002 1.568515 1.573168 -0.002034 0.001713 0.999999 0.000613 -0.001501 0.000001 0.001024 -0.003784 0.000005 1.568411 1.575303 -0.000991 0.001690 0.999999 0.001005 -0.001073 -0.000000 0.001196 -0.001273 0.000000 1.568119 1.573655 -0.001991 0.002117 0.999999 0.000768 -0.000818 0.000000 0.001868 -0.001991 0.000000 1.568531 1.573212 -0.000864 0.000902 7.340012 0.000008 -0.000027 0.000000 7.341339 0.000011 -0.000036 0.000000 7.338646 0.000004 -0.000004 0.000000 7.339050 0.000014 -0.000015 0.000000 1.290000
-10.068463 -40.061971 20.847829 0.999997 0.001261 -0.001998 -0.001190 -0.018922 -0.013571 0.880292 0.003427 -0.004843 -0.005635 1.000000 0.000622 -0.000783 0.000001 0.000880 -0.000789 0.000002 1.568495 1.573185 -0.001992 0.001709 0.999999 0.000618 -0.001520 0.000001 0.001028 -0.003739 0.000005 1.568402 1.575320 -0.000938 0.001692 0.999999 0.001010 -0.001079 -0.000000 0.001116 -0.001187 0.000000 1.568099 1.573676 -0.002024 0.002153 0.999999 0.000777 -0.000828 0.000000 0.001840 -0.001960 0.000000 1.568523 1.573221 -0.000869 0.000907 7.333780 0.000008 -0.000028 0.000000 7.335128 0.000011 -0.000035 0.000000 7.332474 0.000003 -0.000003 0.000000 7.332815 0.000013 -0.000014 0.000000 1.300000
-10.068653 -40.062107 20.856600 0.999996 0.001278 -0.002022 -0.001219 -0.019211 -0.013800 0.879424 0.003371 -0.004743 -0.005712 0.999999 0.000627 -0.000786 0.000001 0.000878 -0.000757 0.000002 1.568475 1.573202 -0.001949 0.001705 0.999999 0.000623 -0.001538 0.000001 0.001032 -0.003691 0.000005 1.568393 1.575337 -0.000886 0.001698 0.999999 0.001016 -0.001085 -0.000000 0.001038 -0.001103 0.000000 1.568079 1.573698 -0.002057 0.002188 0.999999 0.000786 -0.000838 0.000000 0.001810 -0.001928 0.000000 1.568514 1.573230 -0.000876 0.000914 7.327602 0.000008 -0.000028 0.000000 7.328972 0.000011 -0.000034 0.000000 7.326359 0.000003 -0.000003 0.000000 7.326636 0.000013 -0.000014 0.000000 1.310000
-10.068846 -40.062246 20.865362 0.999996 0.001295 -0.002045 -0.001247 -0.019501 -0.014030 0.878433 0.003314 -0.004640 -0.005790 0.999999 0.000631 -0.000790 0.000001 0.000876 -0.000730 0.000002 1.568456 1.573219 -0.001907 0.001701 0.999999 0.000628 -0.001556 0.000002 0.001036 -0.003640 0.000005 1.568384 1.575354 -0.000834 0.001707 0.999999 0.001021 -0.001090 -0.000000 0.000962 -0.001021 0.000000 1.568058 1.573720 -0.002089 0.002223 0.999999 0.000795 -0.000847 0.000000 0.001779 -0.001895 0.000000 1.568505 1.573239 -0.000884 0.000924 7.321479 0.000008 -0.000028 0.000000 7.322872 0.000011 -0.000033 0.000000 7.320301 0.000002 -0.000002 0.000000 7.320513 0.000012 -0.000013 0.000000 1.320000
-10.069041 -40.062387 20.874118 0.999996 0.001311 -0.002068 -0.001276 -0.019794 -0.014263 0.878140 0.003254 -0.004536 -0.005869 0.999999 0.000636 -0.000795 0.000001 0.000948 -0.001082 0.000002 1.568437 1.573236 -0.001862 0.001695 0.999999 0.000633 -0.001575 0.000002 0.001163 -0.003882 0.000006 1.568376 1.575371 -0.000783 0.001720 0.999999 0.001026 -0.001096 -0.000000 0.001136 -0.001207 0.000000 1.568037 1.573742 -0.002120 0.002256 0.999999 0.000804 -0.000857 0.000000 0.001923 -0.002048 0.000000 1.568496 1.573249 -0.000894 0.000934 7.356094 0.000009 -0.000077 0.000000 7.357631 0.000014 -0.000056 0.000000 7.355034 0.000022 -0.000023 0.000000 7.355128 0.000019 -0.000020 0.000000 1.330000
-10.069240 -40.062530 20.882869 0.999996 0.001327 -0.002090 -0.001306 -0.020088 -0.014497 0.877719 0.003192 -0.004430 -0.005948 0.999999 0.000640 -0.000801 0.000001 0.000947 -0.001401 0.000002 1.568419 1.573253 -0.001818 0.001690 0.999999 0.000639 -0.001595 0.000002 0.001171 -0.003948 0.000006 1.568369 1.575388 -0.000733 0.001737 0.999999 0.001032 -0.001102 -0.000000 0.001165 -0.001238 0.000000 1.568016 1.573765 -0.002151 0.002290 0.999999 0.000814 -0.000867 0.000000 0.001916 -0.002040 0.000000 1.568487 1.573258 -0.000906 0.000947 7.349750 0.000009 -0.000056 0.000000 7.351310 0.000012 -0.000039 0.000000 7.348759 0.000008 -0.000008 0.000000 7.348786 0.000013 -0.000014 0.000000 1.340000
-10.069442 -40.062676 20.891616 0.999996 0.001343 -0.002112 -0.001336 -0.020383 -0.014732 0.877173 0.003129 -0.004322 -0.006026 0.999999 0.000645 -0.000808 0.000001 0.000945 -0.001525 0.000002 1.568401 1.573270 -0.001773 0.001685 0.999998 0.000645 -0.001614 0.000002 0.001174 -0.003904 0.000007 1.568361 1.575406 -0.000683 0.001758 0.999999 0.001037 -0.001108 0.000000 0.001107 -0.001176 0.000000 1.567995 1.573788 -0.002182 0.002323 0.999999 0.000823 -0.000877 0.000000 0.001879 -0.002001 0.000000 1.568478 1.573267 -0.000920 0.000962 7.343459 0.000009 -0.000043 0.000000 7.345042 0.000012 -0.000034 0.000000 7.342540 0.000004 -0.000005 0.000000 7.342498 0.000012 -0.000013 0.000000 1.350000
-10.069647 -40.062824 20.900357 0.999996 0.001358 -0.002134 -0.001366 -0.020680 -0.014968 0.876503 0.003064 -0.004212 -0.006105 0.999999 0.000650 -0.000816 0.000001 0.000943 -0.001541 0.000002 1.568383 1.573287 -0.001728 0.001681 0.999998 0.000651 -0.001634 0.000002 0.001175 -0.003839 0.000007 1.568355 1.575423 -0.000635 0.001783 0.999999 0.001043 -0.001114 0.000000 0.001036 -0.001099 0.000000 1.567973 1.573811 -0.002212 0.002355 0.999999 0.000832 -0.000887 0.000000 0.001840 -0.001959 0.000000 1.568469 1.573277 -0.000936 0.000979 7.337221 0.000009 -0.000036 0.000000 7.338828 0.000012 -0.000033 0.000000 7.336375 0.000004 -0.000004 0.000000 7.336265 0.000011 -0.000012 0.000000 1.360000
-10.069854 -40.062975 20.909091 0.999996 0.001373 -0.002154 -0.001396 -0.020978 -0.015204 0.875709 0.002999 -0.004101 -0.006184 0.999999 0.000654 -0.000823 0.000001 0.000941 -0.001501 0.000002 1.568366 1.573303 -0.001683 0.001677 0.999998 0.000657 -0.001653 0.000002 0.001177 -0.003768 0.000007 1.568349 1.575441 -0.000588 0.001812 0.999999 0.001048 -0.001119 0.000000 0.000965 -0.001023 0.000000 1.567950 1.573835 -0.002242 0.002387 0.999999 0.000841 -0.000897 0.000000 0.001800 -0.001916 0.000000 1.568459 1.573287 -0.000953 0.000998 7.331037 0.000009 -0.000032 0.000000 7.332669 0.000012 -0.000031 0.000000 7.330267 0.000003 -0.000003 0.000000 7.330087 0.000011 -0.000011 0.000000 1.370000
-10.070065 -40.063127 20.917816 0.999996 0.001388 -0.002174 -0.001427 -0.021276 -0.015442 0.874792 0.002932 -0.003988 -0.006262 0.999999 0.000659 -0.000831 0.000001 0.000940 -0.001436 0.000002 1.568350 1.573320 -0.001638 0.001674 0.999998 0.000663 -0.001671 0.000002 0.001178 -0.003693 0.000007 1.568343 1.575460 -0.000543 0.001845 0.999999 0.001052 -0.001124 0.000000 0.000897 -0.000949 0.000000 1.567928 1.573859 -0.002271 0.002418 0.999999 0.000850 -0.000906 0.000000 0.001759 -0.001871 0.000000 1.568450 1.573297 -0.000973 0.001018 7.324908 0.000009 -0.000029 0.000000 7.326565 0.000012 -0.000030 0.000000 7.324214 0.000003 -0.000003 0.000000 7.323965 0.000010 -0.000011 0.000000 1.380000
-10.070278 -40.063282 20.926532 0.999996 0.001402 -0.002194 -0.001459 -0.021576 -0.015681 0.873755 0.002864 -0.003873 -0.006341 0.999999 0.000664 -0.000838 0.000001 0.000938 -0.001359 0.000002 1.568334 1.573337 -0.001593 0.001672 0.999998 0.000669 -0.001689 0.000002 0.001179 -0.003616 0.000007 1.568338 1.575478 -0.000499 0.001881 0.999999 0.001057 -0.001129 0.000000 0.000830 -0.000878 0.000000 1.567905 1.573883 -0.002299 0.002448 0.999999 0.000859 -0.000916 0.000000 0.001716 -0.001826 0.000000 1.568440 1.573307 -0.000994 0.001041 7.318834 0.000009 -0.000028 0.000000 7.320516 0.000012 -0.000029 0.000000 7.318218 0.000003 -0.000003 0.000000 7.317899 0.000009 -0.000010 0.000000 1.390000
-10.070495 -40.063440 20.935236 0.999995 0.001416 -0.002213 -0.001491 -0.021877 -0.015920 0.872597 0.002795 -0.003758 -0.006420 0.999999 0.000668 -0.000844 0.000001 0.000936 -0.001277 0.000002 1.568318 1.573353 -0.001547 0.001670 0.999998 0.000674 -0.001707 0.000002 0.001179 -0.003537 0.000008 1.568333 1.575497 -0.000456 0.001922 0.999999 0.001061 -0.001133 0.000000 0.000767 -0.000810 0.000000 1.567882 1.573907 -0.002326 0.002478 0.999999 0.000867 -0.000925 0.000000 0.001673 -0.001779 0.000000 1.568430 1.573318 -0.001017 0.001065 7.312816 0.000009 -0.000027 0.000000 7.314524 0.000012 -0.000027 0.000000 7.312279 0.000002 -0.000002 0.000000 7.311889 0.000009 -0.000009 0.000000 1.400000
-10.070715 -40.063600 20.943928 0.999995 0.001430 -0.002232 -0.001523 -0.022179 -0.016161 0.871321 0.002725 -0.003641 -0.006499 0.999999 0.000673 -0.000850 0.000001 0.000935 -0.001196 0.000002 1.568303 1.573370 -0.001502 0.001668 0.999998 0.000680 -0.001725 0.000002 0.001179 -0.003455 0.000008 1.568329 1.575516 -0.000414 0.001966 0.999999 0.001064 -0.001137 0.000000 0.000707 -0.000745 0.000000 1.567859 1.573932 -0.002353 0.002506 0.999999 0.000876 -0.000933 0.000000 0.001629 -0.001731 0.000000 1.568420 1.573329 -0.001041 0.001091 7.306853 0.000009 -0.000026 0.000000 7.308588 0.000012 -0.000026 0.000000 7.306398 0.000002 -0.000002 0.000000 7.305937 0.000008 -0.000009 0.000000 1.410000
-10.070937 -40.063762 20.952607 0.999995 0.001443 -0.002249 -0.001555 -0.022483 -0.016402 0.869927 0.002654 -0.003524 -0.006578 0.999999 0.000678 -0.000856 0.000001 0.000933 -0.001117 0.000002 1.568288 1.573387 -0.001457 0.001667 0.999998 0.000686 -0.001742 0.000002 0.001179 -0.003370 0.000008 1.568325 1.575536 -0.000374 0.002013 0.999999 0.001068 -0.001140 0.000000 0.000649 -0.000683 0.000000 1.567835 1.573957 -0.002378 0.002533 0.999999 0.000884 -0.000942 0.000000 0.001584 -0.001683 0.000000 1.568409 1.573340 -0.001067 0.001119 7.300947 0.000009 -0.000026 0.000000 7.302709 0.000012 -0.000025 0.000000 7.300573 0.000002 -0.000002 0.000000 7.300043 0.000008 -0.000008 0.000000 1.420000
-10.071163 -40.063927 20.961272 0.999995 0.001456 -0.002267 -0.001588 -0.022787 -0.016644 0.868416 0.002583 -0.003406 -0.006656 0.999999 0.000682 -0.000861 0.000001 0.000932 -0.001042 0.000002 1.568274 1.573403 -0.001412 0.001666 0.999998 0.000692 -0.001758 0.000002 0.001179 -0.003283 0.000008 1.568321 1.575557 -0.000336 0.002063 0.999999 0.001071 -0.001143 0.000000 0.000595 -0.000624 0.000000 1.567811 1.573983 -0.002402 0.002558 0.999999 0.000891 -0.000950 0.000000 0.001539 -0.001634 0.000000 1.568398 1.573351 -0.001094 0.001148 7.295097 0.000009 -0.000026 0.000000 7.296887 0.000012 -0.000024 0.000000 7.294807 0.000002 -0.000002 0.000000 7.294207 0.000007 -0.000007 0.000000 1.430000
-10.071392 -40.064094 20.969921 0.999995 0.001469 -0.002283 -0.001622 -0.023093 -0.016887 0.866791 0.002511 -0.003287 -0.006735 0.999999 0.000687 -0.000867 0.000001 0.000930 -0.000972 0.000002 1.568260 1.573420 -0.001366 0.001665 0.999998 0.000698 -0.001774 0.000002 0.001178 -0.003195 0.000008 1.568318 1.575577 -0.000299 0.002116 0.999999 0.001074 -0.001146 0.000000 0.000544 -0.000569 0.000000 1.567787 1.574008 -0.002424 0.002582 0.999999 0.000899 -0.000958 0.000000 0.001493 -0.001584 0.000000 1.568387 1.573362 -0.001122 0.001178 7.289334 0.000009 -0.000024 0.000000 7.291152 0.000011 -0.000023 0.000000 7.289127 0.000002 -0.000002 0.000000 7.288457 0.000007 -0.000007 0.000000 1.440000
-10.071623 -40.064264 20.978553 0.999995 0.001481 -0.002300 -0.001656 -0.023401 -0.017130 0.865051 0.002439 -0.003169 -0.006814 0.999999 0.000692 -0.000871 0.000001 0.000929 -0.000904 0.000002 1.568247 1.573436 -0.001322 0.001663 0.999998 0.000704 -0.001790 0.000002 0.001176 -0.003105 0.000009 1.568315 1.575599 -0.000263 0.002172 0.999999 0.001076 -0.001149 0.000000 0.000496 -0.000518 0.000000 1.567763 1.574034 -0.002445 0.002605 0.999999 0.000906 -0.000966 0.000000 0.001446 -0.001534 0.000000 1.568376 1.573374 -0.001152 0.001210 7.283599 0.000009 -0.000024 0.000000 7.285446 0.000011 -0.000022 0.000000 7.283476 0.000002 -0.000002 0.000000 7.282738 0.000006 -0.000006 0.000000 1.450000
-10.071858 -40.064436 20.987167 0.999995 0.001493 -0.002315 -0.001690 -0.023709 -0.017375 0.863199 0.002366 -0.003050 -0.006893 0.999999 0.000696 -0.000876 0.000001 0.000928 -0.000843 0.000002 1.568234 1.573453 -0.001277 0.001662 0.999998 0.000710 -0.001805 0.000002 0.001175 -0.003013 0.000009 1.568313 1.575621 -0.000229 0.002230 0.999999 0.001079 -0.001152 0.000000 0.000452 -0.000471 0.000000 1.567739 1.574060 -0.002465 0.002626 0.999999 0.000913 -0.000973 0.000000 0.001399 -0.001484 0.000000 1.568364 1.573387 -0.001183 0.001243 7.277922 0.000009 -0.000024 0.000000 7.279799 0.000011 -0.000020 0.000000 7.277885 0.000002 -0.000002 0.000000 7.277078 0.000006 -0.000006 0.000000 1.460000
-10.072096 -40.064610 20.995762 0.999995 0.001505 -0.002330 -0.001724 -0.024019 -0.017620 0.861235 0.002293 -0.002931 -0.006972 0.999999 0.000701 -0.000880 0.000001 0.000927 -0.000789 0.000002 1.568221 1.573470 -0.001232 0.001660 0.999998 0.000716 -0.001820 0.000002 0.001173 -0.002919 0.000009 1.568311 1.575643 -0.000197 0.002291 0.999999 0.001081 -0.001154 0.000000 0.000411 -0.000427 0.000000 1.567714 1.574087 -0.002483 0.002645 0.999999 0.000920 -0.000981 0.000000 0.001352 -0.001433 0.000000 1.568353 1.573399 -0.001214 0.001276 7.272303 0.000009 -0.000025 0.000000 7.274210 0.000011 -0.000019 0.000000 7.272352 0.000003 -0.000002 0.000000 7.271478 0.000005 -0.000005 0.000000 1.470000
-10.072337 -40.064787 21.004338 0.999995 0.001516 -0.002344 -0.001759 -0.024330 -0.017866 0.859161 0.002220 -0.002813 -0.007051 0.999999 0.000706 -0.000883 0.000001 0.000926 -0.000742 0.000002 1.568209 1.573486 -0.001188 0.001658 0.999998 0.000721 -0.001834 0.000002 0.001170 -0.002824 0.000009 1.568309 1.575666 -0.000166 0.002354 0.999999 0.001083 -0.001156 0.000000 0.000374 -0.000387 0.000000 1.567689 1.574113 -0.002499 0.002662 0.999999 0.000927 -0.000988 0.000000 0.001305 -0.001382 0.000000 1.568340 1.573412 -0.001246 0.001311 7.266743 0.000009 -0.000025 0.000000 7.268681 0.000011 -0.000018 0.000000 7.266878 0.000003 -0.000003 0.000000 7.265938 0.000004 -0.000005 0.000000 1.480000
-10.072581 -40.064966 21.012891 0.999994 0.001527 -0.002358 -0.001795 -0.024643 -0.018113 0.856977 0.002146 -0.002694 -0.007129 0.999999 0.000710 -0.000887 0.000001 0.000925 -0.000701 0.000002 1.568197 1.573503 -0.001144 0.001655 0.999998 0.000727 -0.001848 0.000002 0.001168 -0.002727 0.000009 1.568308 1.575690 -0.000137 0.002419 0.999999 0.001084 -0.001158 0.000000 0.000341 -0.000350 0.000000 1.567664 1.574140 -0.002513 0.002678 0.999999 0.000933 -0.000994 0.000000 0.001257 -0.001330 0.000000 1.568328 1.573425 -0.001280 0.001346 7.261243 0.000009 -0.000025 0.000000 7.263212 0.000011 -0.000017 0.000000 7.261465 0.000003 -0.000003 0.000000 7.260458 0.000004 -0.000004 0.000000 1.490000
-10.072828 -40.065148 21.021423 0.999994 0.001537 -0.002371 -0.001830 -0.024957 -0.018361 0.854686 0.002073 -0.002577 -0.007208 0.999999 0.000715 -0.000890 0.000001 0.000924 -0.000667 0.000002 1.568186 1.573519 -0.001101 0.001652 0.999998 0.000733 -0.001862 0.000002 0.001165 -0.002630 0.000009 1.568306 1.575715 -0.000110 0.002485 0.999999 0.001086 -0.001159 0.000000 0.000311 -0.000318 0.000000 1.567639 1.574166 -0.002526 0.002692 0.999999 0.000939 -0.001001 0.000000 0.001209 -0.001279 0.000000 1.568315 1.573439 -0.001313 0.001383 7.255801 0.000009 -0.000025 0.000000 7.257803 0.000011 -0.000016 0.000000 7.256110 0.000003 -0.000003 0.000000 7.255039 0.000003 -0.000004 0.000000 1.500000
-10.073079 -40.065332 21.029931 0.999994 0.001547 -0.002384 -0.001866 -0.025272 -0.018610 0.852288 0.002000 -0.002460 -0.007287 0.999999 0.000719 -0.000894 0.000001 0.000923 -0.000639 0.000002 1.568176 1.573536 -0.001058 0.001649 0.999998 0.000739 -0.001874 0.000002 0.001161 -0.002532 0.000009 1.568305 1.575740 -0.000084 0.002553 0.999999 0.001088 -0.001161 0.000000 0.000285 -0.000290 0.000000 1.567614 1.574193 -0.002537 0.002703 0.999999 0.000945 -0.001007 0.000000 0.001162 -0.001228 0.000000 1.568301 1.573453 -0.001348 0.001419 7.250420 0.000009 -0.000026 0.000000 7.252454 0.000011 -0.000014 0.000000 7.250816 0.000003 -0.000003 0.000000 7.249681 0.000003 -0.000003 0.000000 1.510000
-10.073332 -40.065519 21.038415 0.999994 0.001557 -0.002396 -0.001903 -0.025589 -0.018859 0.849785 0.001927 -0.002344 -0.007366 0.999999 0.000724 -0.000897 0.000001 0.000922 -0.000617 0.000002 1.568165 1.573552 -0.001015 0.001645 0.999998 0.000745 -0.001887 0.000002 0.001157 -0.002433 0.000010 1.568305 1.575766 -0.000060 0.002623 0.999999 0.001089 -0.001162 0.000000 0.000263 -0.000266 0.000000 1.567588 1.574220 -0.002546 0.002713 0.999999 0.000951 -0.001013 0.000000 0.001115 -0.001177 0.000000 1.568288 1.573467 -0.001383 0.001457 7.245099 0.000009 -0.000026 0.000000 7.247166 0.000010 -0.000013 0.000000 7.245581 0.000004 -0.000004 0.000000 7.244384 0.000003 -0.000003 0.000000 1.520000
-10.073589 -40.065708 21.046877 0.999994 0.001567 -0.002407 -0.001940 -0.025910 -0.019111 0.847996 0.001853 -0.002230 -0.007446 0.999999 0.000729 -0.000901 0.000001 0.000995 -0.000987 0.000002 1.568155 1.573568 -0.000972 0.001640 0.999998 0.000751 -0.001899 0.000002 0.001273 -0.002621 0.000010 1.568304 1.575792 -0.000037 0.002693 0.999999 0.001091 -0.001164 0.000000 0.000509 -0.000529 0.000000 1.567563 1.574247 -0.002552 0.002719 0.999999 0.000957 -0.001019 0.000000 0.001240 -0.001311 0.000000 1.568274 1.573482 -0.001417 0.001494 7.280547 0.000010 -0.000073 0.000000 7.282764 0.000013 -0.000034 0.000000 7.281187 0.000024 -0.000026 0.000000 7.279849 0.000009 -0.000010 0.000000 1.530000
-10.073849 -40.065900 21.055321 0.999994 0.001576 -0.002418 -0.001977 -0.026233 -0.019364 0.846098 0.001779 -0.002117 -0.007526 0.999999 0.000734 -0.000907 0.000001 0.000995 -0.001313 0.000002 1.568146 1.573585 -0.000930 0.001634 0.999998 0.000757 -0.001913 0.000002 0.001272 -0.002638 0.000011 1.568304 1.575819 -0.000016 0.002764 0.999999 0.001094 -0.001167 0.000000 0.000598 -0.000624 0.000000 1.567538 1.574275 -0.002556 0.002724 0.999999 0.000963 -0.001026 0.000000 0.001219 -0.001287 0.000000 1.568260 1.573497 -0.001452 0.001531 7.275014 0.000010 -0.000054 0.000000 7.277265 0.000011 -0.000019 0.000000 7.275742 0.000011 -0.000012 0.000000 7.274343 0.000004 -0.000004 0.000000 1.540000
-10.074112 -40.066094 21.063746 0.999994 0.001584 -0.002429 -0.002015 -0.026557 -0.019618 0.844091 0.001706 -0.002005 -0.007605 0.999999 0.000739 -0.000913 0.000001 0.000994 -0.001445 0.000002 1.568137 1.573601 -0.000888 0.001629 0.999998 0.000763 -0.001925 0.000002 0.001266 -0.002555 0.000011 1.568304 1.575847 0.000003 0.002836 0.999999 0.001097 -0.001170 0.000000 0.000599 -0.000625 0.000000 1.567512 1.574302 -0.002559 0.002727 0.999999 0.000969 -0.001032 0.000000 0.001171 -0.001235 0.000000 1.568245 1.573512 -0.001488 0.001569 7.269539 0.000010 -0.000042 0.000000 7.271825 0.000011 -0.000015 0.000000 7.270354 0.000009 -0.000009 0.000000 7.268897 0.000003 -0.000003 0.000000 1.550000
-10.074378 -40.066291 21.072150 0.999994 0.001592 -0.002438 -0.002053 -0.026883 -0.019873 0.841977 0.001633 -0.001895 -0.007685 0.999999 0.000744 -0.000921 0.000001 0.000993 -0.001469 0.000002 1.568128 1.573617 -0.000847 0.001625 0.999998 0.000770 -0.001938 0.000003 0.001259 -0.002454 0.000011 1.568304 1.575876 0.000020 0.002909 0.999999 0.001100 -0.001173 0.000000 0.000587 -0.000612 0.000000 1.567487 1.574329 -0.002561 0.002729 0.999999 0.000975 -0.001038 0.000000 0.001122 -0.001183 0.000000 1.568230 1.573528 -0.001524 0.001608 7.264122 0.000010 -0.000035 0.000000 7.266443 0.000011 -0.000013 0.000000 7.265024 0.000009 -0.000009 0.000000 7.263509 0.000003 -0.000003 0.000000 1.560000
-10.074648 -40.066491 21.080532 0.999994 0.001600 -0.002448 -0.002092 -0.027211 -0.020128 0.839757 0.001561 -0.001787 -0.007765 0.999999 0.000749 -0.000928 0.000001 0.000992 -0.001439 0.000002 1.568120 1.573633 -0.000807 0.001621 0.999998 0.000776 -0.001950 0.000003 0.001251 -0.002350 0.000011 1.568304 1.575905 0.000036 0.002983 0.999999 0.001102 -0.001176 0.000000 0.000576 -0.000600 0.000000 1.567461 1.574356 -0.002561 0.002729 0.999999 0.000980 -0.001044 0.000000 0.001074 -0.001131 0.000000 1.568215 1.573544 -0.001560 0.001647 7.258763 0.000010 -0.000031 0.000000 7.261120 0.000011 -0.000012 0.000000 7.259752 0.000009 -0.000009 0.000000 7.258182 0.000002 -0.000002 0.000000 1.570000
-10.074921 -40.066692 21.088892 0.999993 0.001608 -0.002456 -0.002130 -0.027540 -0.020384 0.837432 0.001490 -0.001680 -0.007845 0.999999 0.000754 -0.000935 0.000001 0.000991 -0.001381 0.000002 1.568112 1.573650 -0.000767 0.001618 0.999998 0.000782 -0.001961 0.000003 0.001243 -0.002246 0.000011 1.568305 1.575935 0.000049 0.003058 0.999999 0.001105 -0.001179 0.000000 0.000568 -0.000590 0.000000 1.567436 1.574383 -0.002560 0.002727 0.999999 0.000985 -0.001049 0.000000 0.001027 -0.001080 0.000000 1.568199 1.573561 -0.001596 0.001685 7.253463 0.000010 -0.000029 0.000000 7.255856 0.000010 -0.000011 0.000000 7.254538 0.000009 -0.000010 0.000000 7.252914 0.000002 -0.000002 0.000000 1.580000
-10.075197 -40.066897 21.097228 0.999993 0.001615 -0.002464 -0.002170 -0.027870 -0.020641 0.835003 0.001419 -0.001576 -0.007925 0.999999 0.000758 -0.000942 0.000001 0.000990 -0.001311 0.000002 1.568105 1.573666 -0.000728 0.001616 0.999998 0.000788 -0.001972 0.000003 0.001235 -0.002142 0.000011 1.568305 1.575966 0.000061 0.003134 0.999999 0.001108 -0.001182 0.000000 0.000562 -0.000584 0.000000 1.567410 1.574410 -0.002557 0.002724 0.999999 0.000990 -0.001055 0.000000 0.000979 -0.001029 0.000000 1.568183 1.573578 -0.001633 0.001724 7.248222 0.000010 -0.000027 0.000000 7.250653 0.000010 -0.000010 0.000000 7.249382 0.000010 -0.000010 0.000000 7.247707 0.000001 -0.000001 0.000000 1.590000
-10.075476 -40.067104 21.105539 0.999993 0.001622 -0.002472 -0.002209 -0.028203 -0.020899 0.832471 0.001350 -0.001473 -0.008005 0.999999 0.000763 -0.000948 0.000001 0.000989 -0.001236 0.000002 1.568097 1.573682 -0.000691 0.001614 0.999998 0.000794 -0.001983 0.000003 0.001227 -0.002038 0.000011 1.568306 1.575998 0.000070 0.003209 0.999999 0.001111 -0.001185 0.000000 0.000559 -0.000580 0.000000 1.567385 1.574438 -0.002552 0.002719 0.999999 0.000995 -0.001060 0.000000 0.000933 -0.000979 0.000000 1.568166 1.573595 -0.001669 0.001763 7.243041 0.000010 -0.000026 0.000000 7.245509 0.000010 -0.000009 0.000000 7.244285 0.000010 -0.000010 0.000000 7.242560 0.000001 -0.000001 0.000000 1.600000
-10.075759 -40.067314 21.113825 0.999993 0.001628 -0.002479 -0.002250 -0.028537 -0.021157 0.829839 0.001281 -0.001372 -0.008086 0.999999 0.000768 -0.000954 0.000001 0.000988 -0.001161 0.000002 1.568091 1.573698 -0.000654 0.001612 0.999998 0.000800 -0.001993 0.000003 0.001218 -0.001935 0.000011 1.568307 1.576030 0.000078 0.003285 0.999999 0.001114 -0.001188 0.000000 0.000559 -0.000580 0.000000 1.567359 1.574465 -0.002546 0.002713 0.999999 0.001000 -0.001064 0.000000 0.000887 -0.000929 0.000000 1.568149 1.573613 -0.001705 0.001801 7.237920 0.000010 -0.000026 0.000000 7.240425 0.000010 -0.000008 0.000000 7.239247 0.000010 -0.000011 0.000000 7.237474 0.000001 -0.000001 0.000000 1.610000
-10.076045 -40.067526 21.122084 0.999993 0.001634 -0.002486 -0.002290 -0.028872 -0.021416 0.827106 0.001213 -0.001274 -0.008166 0.999999 0.000773 -0.000960 0.000001 0.000988 -0.001088 0.000002 1.568084 1.573714 -0.000618 0.001610 0.999998 0.000807 -0.002002 0.000003 0.001208 -0.001832 0.000011 1.568307 1.576063 0.000083 0.003360 0.999999 0.001116 -0.001191 0.000000 0.000561 -0.000582 0.000000 1.567334 1.574492 -0.002539 0.002705 0.999999 0.001004 -0.001069 0.000000 0.000842 -0.000881 0.000000 1.568132 1.573631 -0.001741 0.001840 7.232859 0.000010 -0.000025 0.000000 7.235402 0.000010 -0.000007 0.000000 7.234267 0.000011 -0.000011 0.000000 7.232449 0.000001 -0.000000 0.000000 1.620000
-10.076335 -40.067741 21.130315 0.999993 0.001640 -0.002492 -0.002331 -0.029210 -0.021676 0.824275 0.001146 -0.001178 -0.008246 0.999999 0.000778 -0.000965 0.000001 0.000987 -0.001017 0.000002 1.568078 1.573730 -0.000583 0.001609 0.999998 0.000813 -0.002011 0.000003 0.001198 -0.001731 0.000012 1.568308 1.576097 0.000087 0.003435 0.999999 0.001119 -0.001194 0.000000 0.000566 -0.000587 0.000000 1.567309 1.574519 -0.002530 0.002695 0.999999 0.001008 -0.001073 0.000000 0.000799 -0.000833 0.000000 1.568115 1.573650 -0.001776 0.001877 7.227858 0.000010 -0.000025 0.000000 7.230440 0.000009 -0.000006 0.000000 7.229347 0.000011 -0.000012 0.000000 7.227485 0.000000 0.000000 0.000000 1.630000
-10.076628 -40.067958 21.138517 0.999993 0.001646 -0.002498 -0.002372 -0.029549 -0.021937 0.821346 0.001080 -0.001085 -0.008327 0.999999 0.000783 -0.000970 0.000001 0.000986 -0.000951 0.000003 1.568073 1.573746 -0.000548 0.001608 0.999998 0.000818 -0.002019 0.000003 0.001188 -0.001630 0.000012 1.568309 1.576132 0.000089 0.003510 0.999999 0.001122 -0.001197 0.000000 0.000574 -0.000595 0.000000 1.567283 1.574545 -0.002520 0.002684 0.999999 0.001012 -0.001077 0.000000 0.000756 -0.000787 0.000000 1.568097 1.573669 -0.001811 0.001915 7.222917 0.000010 -0.000025 0.000000 7.225539 0.000009 -0.000006 0.000000 7.224486 0.000012 -0.000012 0.000000 7.222583 -0.000000 0.000000 0.000000 1.640000
-10.076924 -40.068178 21.146690 0.999993 0.001651 -0.002503 -0.002414 -0.029890 -0.022198 0.818321 0.001016 -0.000994 -0.008408 0.999999 0.000788 -0.000974 0.000001 0.000986 -0.000890 0.000003 1.568068 1.573762 -0.000515 0.001606 0.999998 0.000824 -0.002027 0.000003 0.001177 -0.001531 0.000012 1.568310 1.576167 0.000089 0.003583 0.999999 0.001125 -0.001200 0.000000 0.000584 -0.000605 0.000000 1.567258 1.574572 -0.002508 0.002671 0.999999 0.001016 -0.001081 0.000000 0.000714 -0.000742 0.000000 1.568079 1.573688 -0.001845 0.001951 7.218038 0.000010 -0.000025 0.000000 7.220699 0.000009 -0.000005 0.000000 7.219684 0.000012 -0.000013 0.000000 7.217743 -0.000000 0.000001 0.000000 1.650000
-10.077224 -40.068401 21.154832 0.999992 0.001656 -0.002508 -0.002456 -0.030233 -0.022460 0.815201 0.000952 -0.000906 -0.008489 0.999999 0.000793 -0.000979 0.000001 0.000985 -0.000834 0.000003 1.568063 1.573778 -0.000483 0.001605 0.999998 0.000830 -0.002035 0.000003 0.001166 -0.001434 0.000012 1.568311 1.576203 0.000087 0.003655 0.999999 0.001128 -0.001203 0.000000 0.000596 -0.000618 0.000000 1.567233 1.574599 -0.002495 0.002657 0.999999 0.001019 -0.001085 0.000000 0.000673 -0.000698 0.000000 1.568060 1.573708 -0.001879 0.001987 7.213219 0.000010 -0.000025 0.000000 7.215920 0.000009 -0.000004 0.000000 7.214942 0.000012 -0.000013 0.000000 7.212964 -0.000000 0.000001 0.000000 1.660000
-10.077527 -40.068626 21.162943 0.999992 0.001660 -0.002512 -0.002499 -0.030577 -0.022723 0.811987 0.000890 -0.000821 -0.008570 0.999999 0.000798 -0.000983 0.000001 0.000984 -0.000784 0.000003 1.568058 1.573794 -0.000452 0.001603 0.999998 0.000836 -0.002041 0.000003 0.001154 -0.001338 0.000012 1.568312 1.576240 0.000084 0.003726 0.999999 0.001131 -0.001206 0.000000 0.000611 -0.000634 0.000000 1.567209 1.574625 -0.002480 0.002641 0.999999 0.001022 -0.001088 0.000000 0.000633 -0.000655 0.000000 1.568041 1.573728 -0.001912 0.002023 7.208462 0.000010 -0.000025 0.000000 7.211204 0.000009 -0.000003 0.000000 7.210260 0.000013 -0.000014 0.000000 7.208248 -0.000001 0.000001 0.000000 1.670000
-10.077833 -40.068854 21.171021 0.999992 0.001664 -0.002516 -0.002542 -0.030924 -0.022986 0.808681 0.000829 -0.000738 -0.008651 0.999999 0.000803 -0.000986 0.000001 0.000984 -0.000739 0.000003 1.568054 1.573810 -0.000422 0.001601 0.999998 0.000842 -0.002048 0.000003 0.001142 -0.001243 0.000012 1.568313 1.576277 0.000078 0.003796 0.999999 0.001134 -0.001209 0.000000 0.000628 -0.000652 0.000000 1.567184 1.574651 -0.002464 0.002623 0.999999 0.001025 -0.001091 0.000000 0.000595 -0.000614 0.000000 1.568022 1.573748 -0.001944 0.002057 7.203767 0.000010 -0.000025 0.000000 7.206548 0.000008 -0.000003 0.000000 7.205638 0.000013 -0.000014 0.000000 7.203593 -0.000001 0.000001 0.000000 1.680000
-10.078143 -40.069084 21.179065 0.999992 0.001668 -0.002520 -0.002585 -0.031272 -0.023250 0.805284 0.000770 -0.000659 -0.008733 0.999999 0.000808 -0.000990 0.000001 0.000983 -0.000700 0.000003 1.568049 1.573826 -0.000394 0.001599 0.999998 0.000847 -0.002054 0.000003 0.001130 -0.001151 0.000012 1.568313 1.576316 0.000071 0.003864 0.999999 0.001137 -0.001212 0.000000 0.000647 -0.000672 0.000000 1.567159 1.574677 -0.002447 0.002605 0.999999 0.001028 -0.001094 0.000000 0.000558 -0.000574 0.000000 1.568002 1.573769 -0.001975 0.002090 7.199133 0.000010 -0.000025 0.000000 7.201955 0.000008 -0.000002 0.000000 7.201076 0.000014 -0.000015 0.000000 7.199002 -0.000001 0.000001 0.000000 1.690000
-10.078457 -40.069317 21.187075 0.999992 0.001672 -0.002523 -0.002629 -0.031622 -0.023515 0.801797 0.000712 -0.000583 -0.008815 0.999999 0.000813 -0.000993 0.000001 0.000982 -0.000666 0.000003 1.568046 1.573842 -0.000366 0.001596 0.999998 0.000853 -0.002059 0.000003 0.001117 -0.001061 0.000012 1.568314 1.576354 0.000062 0.003930 0.999999 0.001140 -0.001216 0.000000 0.000668 -0.000694 0.000000 1.567135 1.574703 -0.002428 0.002585 0.999999 0.001031 -0.001097 0.000000 0.000523 -0.000535 0.000000 1.567983 1.573790 -0.002005 0.002122 7.194561 0.000010 -0.000026 0.000000 7.197425 0.000008 -0.000002 0.000000 7.196573 0.000014 -0.000015 0.000000 7.194472 -0.000001 0.000001 0.000000 1.700000
-10.078774 -40.069553 21.195050 0.999992 0.001675 -0.002526 -0.002673 -0.031974 -0.023781 0.798221 0.000655 -0.000509 -0.008897 0.999999 0.000817 -0.000997 0.000001 0.000982 -0.000638 0.000003 1.568042 1.573858 -0.000340 0.001592 0.999998 0.000858 -0.002064 0.000003 0.001104 -0.000974 0.000012 1.568315 1.576394 0.000051 0.003994 0.999999 0.001144 -0.001219 0.000000 0.000691 -0.000718 0.000000 1.567111 1.574729 -0.002409 0.002563 0.999999 0.001033 -0.001100 0.000000 0.000489 -0.000498 0.000000 1.567962 1.573811 -0.002034 0.002153 7.190051 0.000010 -0.000026 0.000000 7.192956 0.000008 -0.000001 0.000000 7.192131 0.000015 -0.000016 0.000000 7.190006 -0.000001 0.000001 0.000000 1.710000
-10.079094 -40.069791 21.202989 0.999992 0.001678 -0.002528 -0.002717 -0.032328 -0.024047 0.794558 0.000601 -0.000439 -0.008979 0.999999 0.000822 -0.001000 0.000001 0.000981 -0.000616 0.000003 1.568039 1.573874 -0.000314 0.001589 0.999997 0.000864 -0.002069 0.000003 0.001091 -0.000889 0.000012 1.568315 1.576434 0.000039 0.004056 0.999999 0.001147 -0.001223 0.000000 0.000715 -0.000745 0.000000 1.567087 1.574754 -0.002388 0.002540 0.999999 0.001036 -0.001102 0.000000 0.000456 -0.000463 0.000000 1.567942 1.573833 -0.002062 0.002183 7.185603 0.000010 -0.000026 0.000000 7.188550 0.000007 -0.000001 0.000000 7.187750 0.000015 -0.000016 0.000000 7.185602 -0.000001 0.000001 0.000000 1.720000
-10.079418 -40.070032 21.210892 0.999992 0.001681 -0.002530 -0.002762 -0.032684 -0.024314 0.790809 0.000547 -0.000373 -0.009061 0.999999 0.000827 -0.001003 0.000001 0.000980 -0.000600 0.000003 1.568036 1.573889 -0.000290 0.001584 0.999997 0.000869 -0.002073 0.000003 0.001077 -0.000807 0.000011 1.568315 1.576475 0.000025 0.004115 0.999999 0.001151 -0.001227 0.000000 0.000742 -0.000773 0.000000 1.567063 1.574780 -0.002366 0.002517 0.999999 0.001038 -0.001104 0.000000 0.000425 -0.000429 0.000000 1.567921 1.573855 -0.002089 0.002211 7.181218 0.000010 -0.000027 0.000000 7.184206 0.000007 -0.000000 0.000000 7.183428 0.000016 -0.000017 0.000000 7.181261 -0.000001 0.000001 0.000000 1.730000
-10.079746 -40.070276 21.218760 0.999991 0.001683 -0.002532 -0.002808 -0.033045 -0.024585 0.787794 0.000495 -0.000311 -0.009145 0.999999 0.000832 -0.001007 0.000001 0.001053 -0.000987 0.000003 1.568033 1.573905 -0.000266 0.001579 0.999997 0.000875 -0.002078 0.000003 0.001178 -0.001033 0.000012 1.568315 1.576516 0.000009 0.004171 0.999999 0.001155 -0.001231 0.000000 0.001053 -0.001106 0.000000 1.567040 1.574804 -0.002342 0.002490 0.999999 0.001041 -0.001107 0.000000 0.000575 -0.000589 0.000000 1.567900 1.573877 -0.002114 0.002238 7.217621 0.000010 -0.000075 0.000000 7.220781 0.000009 -0.000023 0.000000 7.219995 0.000037 -0.000040 0.000000 7.217715 0.000006 -0.000007 0.000000 1.740000
-10.080077 -40.070523 21.226598 0.999991 0.001686 -0.002533 -0.002853 -0.033407 -0.024855 0.784689 0.000444 -0.000253 -0.009229 0.999999 0.000837 -0.001013 0.000001 0.001052 -0.001326 0.000003 1.568031 1.573921 -0.000244 0.001573 0.999997 0.000881 -0.002083 0.000004 0.001167 -0.001079 0.000012 1.568315 1.576558 -0.000007 0.004224 0.999999 0.001161 -0.001237 0.000000 0.001191 -0.001253 0.000000 1.567017 1.574829 -0.002317 0.002464 0.999999 0.001043 -0.001110 0.000000 0.000572 -0.000586 0.000000 1.567879 1.573899 -0.002138 0.002263 7.213028 0.000010 -0.000055 0.000000 7.216231 0.000008 -0.000008 0.000000 7.215463 0.000024 -0.000025 0.000000 7.213168 0.000001 -0.000001 0.000000 1.750000
-10.080412 -40.070772 21.234404 0.999991 0.001687 -0.002534 -0.002900 -0.033772 -0.025127 0.781495 0.000395 -0.000198 -0.009313 0.999999 0.000843 -0.001020 0.000001 0.001051 -0.001463 0.000003 1.568028 1.573936 -0.000223 0.001568 0.999997 0.000887 -0.002088 0.000004 0.001151 -0.001024 0.000012 1.568315 1.576600 -0.000026 0.004275 0.999999 0.001167 -0.001244 0.000000 0.001233 -0.001298 0.000000 1.566994 1.574854 -0.002292 0.002436 0.999999 0.001046 -0.001112 0.000000 0.000546 -0.000557 0.000000 1.567858 1.573922 -0.002160 0.002287 7.208494 0.000010 -0.000042 0.000000 7.211740 0.000007 -0.000005 0.000000 7.210988 0.000021 -0.000022 0.000000 7.208681 0.000001 -0.000001 0.000000 1.760000
-10.080751 -40.071023 21.242178 0.999991 0.001689 -0.002535 -0.002946 -0.034139 -0.025399 0.778212 0.000347 -0.000147 -0.009398 0.999999 0.000848 -0.001027 0.000001 0.001050 -0.001490 0.000003 1.568026 1.573952 -0.000203 0.001564 0.999997 0.000892 -0.002093 0.000004 0.001134 -0.000954 0.000012 1.568315 1.576643 -0.000046 0.004323 0.999999 0.001173 -0.001250 0.000000 0.001260 -0.001327 0.000000 1.566971 1.574878 -0.002266 0.002409 0.999999 0.001049 -0.001115 0.000000 0.000519 -0.000528 0.000000 1.567836 1.573945 -0.002182 0.002310 7.204020 0.000010 -0.000035 0.000000 7.207309 0.000007 -0.000004 0.000000 7.206571 0.000021 -0.000022 0.000000 7.204254 0.000001 -0.000001 0.000000 1.770000
-10.081093 -40.071278 21.249919 0.999991 0.001691 -0.002536 -0.002993 -0.034508 -0.025672 0.774843 0.000302 -0.000099 -0.009482 0.999999 0.000853 -0.001034 0.000001 0.001049 -0.001461 0.000003 1.568024 1.573968 -0.000185 0.001560 0.999997 0.000898 -0.002098 0.000004 0.001118 -0.000885 0.000012 1.568314 1.576686 -0.000068 0.004369 0.999999 0.001180 -0.001257 0.000000 0.001285 -0.001353 0.000000 1.566949 1.574902 -0.002241 0.002381 0.999999 0.001051 -0.001118 0.000000 0.000494 -0.000501 0.000000 1.567814 1.573968 -0.002202 0.002331 7.199606 0.000010 -0.000031 0.000000 7.202937 0.000007 -0.000004 0.000000 7.202211 0.000021 -0.000022 0.000000 7.199888 0.000001 -0.000001 0.000000 1.780000
-10.081439 -40.071535 21.257626 0.999991 0.001692 -0.002537 -0.003041 -0.034879 -0.025946 0.771388 0.000258 -0.000055 -0.009568 0.999999 0.000858 -0.001041 0.000001 0.001048 -0.001404 0.000003 1.568022 1.573983 -0.000168 0.001557 0.999997 0.000903 -0.002102 0.000004 0.001101 -0.000818 0.000012 1.568314 1.576730 -0.000092 0.004412 0.999998 0.001186 -0.001264 0.000000 0.001309 -0.001379 0.000000 1.566926 1.574925 -0.002215 0.002353 0.999999 0.001054 -0.001120 0.000000 0.000471 -0.000476 0.000000 1.567792 1.573991 -0.002221 0.002351 7.195252 0.000010 -0.000029 0.000000 7.198626 0.000007 -0.000003 0.000000 7.197909 0.000021 -0.000022 0.000000 7.195581 0.000001 -0.000001 0.000000 1.790000
-10.081788 -40.071795 21.265298 0.999991 0.001693 -0.002537 -0.003089 -0.035251 -0.026221 0.767849 0.000216 -0.000014 -0.009653 0.999999 0.000864 -0.001048 0.000001 0.001047 -0.001334 0.000003 1.568021 1.573999 -0.000153 0.001555 0.999997 0.000909 -0.002106 0.000004 0.001083 -0.000755 0.000012 1.568313 1.576774 -0.000117 0.004452 0.999998 0.001193 -0.001271 0.000000 0.001333 -0.001405 0.000000 1.566904 1.574949 -0.002189 0.002325 0.999999 0.001056 -0.001122 0.000000 0.000449 -0.000452 0.000000 1.567770 1.574015 -0.002238 0.002369 7.190958 0.000010 -0.000027 0.000000 7.194376 0.000006 -0.000003 0.000000 7.193666 0.000021 -0.000023 0.000000 7.191335 0.000001 -0.000001 0.000000 1.800000
-10.082141 -40.072058 21.272935 0.999990 0.001694 -0.002537 -0.003137 -0.035626 -0.026496 0.764227 0.000176 0.000023 -0.009739 0.999999 0.000869 -0.001055 0.000001 0.001046 -0.001260 0.000003 1.568019 1.574014 -0.000139 0.001553 0.999997 0.000914 -0.002110 0.000004 0.001065 -0.000694 0.000011 1.568311 1.576819 -0.000143 0.004490 0.999998 0.001199 -0.001278 0.000000 0.001357 -0.001430 0.000000 1.566883 1.574972 -0.002163 0.002297 0.999999 0.001058 -0.001125 0.000000 0.000429 -0.000430 0.000000 1.567748 1.574038 -0.002254 0.002386 7.186754 0.000010 -0.000025 0.000000 7.190214 0.000006 -0.000003 0.000000 7.189509 0.000021 -0.000022 0.000000 7.187178 0.000001 -0.000001 0.000000 1.810000
-10.082498 -40.072324 21.280535 0.999990 0.001695 -0.002537 -0.003186 -0.036003 -0.026772 0.760523 0.000137 0.000056 -0.009825 0.999999 0.000874 -0.001061 0.000001 0.001045 -0.001181 0.000003 1.568018 1.574030 -0.000127 0.001551 0.999997 0.000919 -0.002113 0.000004 0.001048 -0.000638 0.000011 1.568310 1.576864 -0.000172 0.004524 0.999998 0.001206 -0.001285 0.000000 0.001380 -0.001455 0.000000 1.566861 1.574994 -0.002137 0.002269 0.999999 0.001060 -0.001127 0.000000 0.000410 -0.000410 0.000000 1.567725 1.574062 -0.002269 0.002402 7.182581 0.000010 -0.000024 0.000000 7.186083 0.000006 -0.000003 0.000000 7.185382 0.000021 -0.000022 0.000000 7.183053 0.000002 -0.000001 0.000000 1.820000
-10.082859 -40.072592 21.288097 0.999990 0.001695 -0.002536 -0.003235 -0.036382 -0.027048 0.756738 0.000101 0.000086 -0.009912 0.999999 0.000879 -0.001066 0.000001 0.001044 -0.001104 0.000003 1.568017 1.574045 -0.000115 0.001550 0.999997 0.000925 -0.002116 0.000004 0.001029 -0.000584 0.000011 1.568308 1.576909 -0.000201 0.004555 0.999998 0.001213 -0.001292 0.000000 0.001404 -0.001480 0.000000 1.566840 1.575017 -0.002111 0.002240 0.999999 0.001062 -0.001129 0.000000 0.000393 -0.000391 0.000000 1.567702 1.574086 -0.002282 0.002415 7.178469 0.000010 -0.000024 0.000000 7.182014 0.000006 -0.000003 0.000000 7.181313 0.000021 -0.000023 0.000000 7.178988 0.000002 -0.000001 0.000000 1.830000
-10.083224 -40.072863 21.295622 0.999990 0.001695 -0.002536 -0.003285 -0.036762 -0.027326 0.752874 0.000066 0.000112 -0.010000 0.999999 0.000884 -0.001072 0.000001 0.001043 -0.001032 0.000003 1.568016 1.574061 -0.000106 0.001549 0.999997 0.000930 -0.002119 0.000004 0.001011 -0.000534 0.000011 1.568306 1.576955 -0.000232 0.004583 0.999998 0.001220 -0.001300 0.000000 0.001427 -0.001504 0.000000 1.566819 1.575039 -0.002086 0.002213 0.999999 0.001064 -0.001131 0.000000 0.000378 -0.000375 0.000000 1.567680 1.574110 -0.002294 0.002428 7.174418 0.000010 -0.000024 0.000000 7.178004 0.000006 -0.000003 0.000000 7.177302 0.000021 -0.000023 0.000000 7.174984 0.000002 -0.000002 0.000000 1.840000
-10.083592 -40.073137 21.303107 0.999990 0.001695 -0.002536 -0.003335 -0.037145 -0.027604 0.748932 0.000033 0.000135 -0.010087 0.999999 0.000890 -0.001077 0.000001 0.001042 -0.000964 0.000003 1.568015 1.574076 -0.000098 0.001549 0.999997 0.000935 -0.002121 0.000004 0.000992 -0.000487 0.000011 1.568303 1.577001 -0.000264 0.004607 0.999998 0.001227 -0.001307 0.000000 0.001449 -0.001528 0.000000 1.566799 1.575061 -0.002060 0.002185 0.999999 0.001066 -0.001133 0.000000 0.000364 -0.000360 0.000000 1.567657 1.574135 -0.002304 0.002438 7.170427 0.000010 -0.000023 0.000000 7.174056 0.000005 -0.000003 0.000000 7.173350 0.000022 -0.000023 0.000000 7.171040 0.000002 -0.000002 0.000000 1.850000
-10.083964 -40.073413 21.310553 0.999990 0.001695 -0.002535 -0.003385 -0.037530 -0.027882 0.744913 0.000002 0.000154 -0.010175 0.999999 0.000895 -0.001081 0.000001 0.001041 -0.000901 0.000003 1.568014 1.574091 -0.000091 0.001548 0.999997 0.000940 -0.002124 0.000004 0.000973 -0.000444 0.000011 1.568300 1.577047 -0.000297 0.004628 0.999998 0.001235 -0.001315 0.000000 0.001471 -0.001551 0.000000 1.566778 1.575083 -0.002035 0.002157 0.999999 0.001068 -0.001134 0.000000 0.000353 -0.000347 0.000000 1.567634 1.574159 -0.002313 0.002447 7.166498 0.000010 -0.000023 0.000000 7.170168 0.000005 -0.000004 0.000000 7.169457 0.000022 -0.000023 0.000000 7.167157 0.000002 -0.000002 0.000000 1.860000
-10.084340 -40.073693 21.317959 0.999989 0.001695 -0.002534 -0.003436 -0.037917 -0.028162 0.740818 -0.000027 0.000169 -0.010264 0.999999 0.000900 -0.001086 0.000001 0.001039 -0.000842 0.000003 1.568013 1.574107 -0.000086 0.001547 0.999997 0.000944 -0.002126 0.000004 0.000954 -0.000405 0.000010 1.568297 1.577093 -0.000331 0.004645 0.999998 0.001242 -0.001323 0.000000 0.001492 -0.001574 0.000000 1.566758 1.575104 -0.002010 0.002130 0.999999 0.001070 -0.001136 0.000000 0.000343 -0.000336 0.000000 1.567611 1.574183 -0.002320 0.002454 7.162630 0.000010 -0.000023 0.000000 7.166341 0.000005 -0.000004 0.000000 7.165622 0.000022 -0.000023 0.000000 7.163335 0.000002 -0.000002 0.000000 1.870000
-10.084720 -40.073975 21.325323 0.999989 0.001695 -0.002533 -0.003488 -0.038305 -0.028442 0.736649 -0.000054 0.000181 -0.010353 0.999999 0.000905 -0.001090 0.000001 0.001038 -0.000789 0.000003 1.568012 1.574122 -0.000082 0.001546 0.999997 0.000949 -0.002128 0.000004 0.000935 -0.000370 0.000010 1.568294 1.577139 -0.000367 0.004659 0.999998 0.001250 -0.001331 0.000000 0.001512 -0.001595 0.000000 1.566738 1.575125 -0.001986 0.002103 0.999999 0.001071 -0.001138 0.000000 0.000334 -0.000326 0.000000 1.567587 1.574208 -0.002325 0.002460 7.158823 0.000010 -0.000023 0.000000 7.162575 0.000005 -0.000004 0.000000 7.161847 0.000022 -0.000023 0.000000 7.159574 0.000003 -0.000002 0.000000 1.880000
-10.085104 -40.074260 21.332645 0.999989 0.001694 -0.002533 -0.003539 -0.038696 -0.028723 0.732406 -0.000079 0.000189 -0.010443 0.999999 0.000910 -0.001094 0.000001 0.001037 -0.000742 0.000003 1.568011 1.574138 -0.000080 0.001545 0.999997 0.000954 -0.002129 0.000004 0.000916 -0.000338 0.000010 1.568290 1.577186 -0.000403 0.004669 0.999998 0.001257 -0.001339 0.000000 0.001531 -0.001616 0.000000 1.566718 1.575146 -0.001962 0.002077 0.999999 0.001073 -0.001139 0.000000 0.000327 -0.000319 0.000000 1.567564 1.574233 -0.002329 0.002463 7.155077 0.000010 -0.000024 0.000000 7.158870 0.000004 -0.000004 0.000000 7.158130 0.000022 -0.000023 0.000000 7.155874 0.000003 -0.000003 0.000000 1.890000
-10.085492 -40.074547 21.339925 0.999989 0.001694 -0.002532 -0.003592 -0.039089 -0.029005 0.728092 -0.000102 0.000193 -0.010533 0.999999 0.000916 -0.001097 0.000001 0.001035 -0.000700 0.000003 1.568010 1.574153 -0.000080 0.001543 0.999997 0.000958 -0.002131 0.000004 0.000896 -0.000311 0.000010 1.568286 1.577232 -0.000441 0.004675 0.999998 0.001265 -0.001347 0.000000 0.001549 -0.001635 0.000000 1.566699 1.575166 -0.001938 0.002051 0.999999 0.001075 -0.001141 0.000000 0.000322 -0.000313 0.000000 1.567541 1.574257 -0.002331 0.002465 7.151393 0.000010 -0.000024 0.000000 7.155225 0.000004 -0.000005 0.000000 7.154473 0.000022 -0.000023 0.000000 7.152234 0.000003 -0.000003 0.000000 1.900000
-10.085883 -40.074838 21.347161 0.999989 0.001693 -0.002531 -0.003644 -0.039483 -0.029287 0.723707 -0.000123 0.000195 -0.010624 0.999999 0.000921 -0.001101 0.000001 0.001034 -0.000663 0.000003 1.568010 1.574168 -0.000080 0.001541 0.999997 0.000963 -0.002133 0.000004 0.000876 -0.000287 0.000009 1.568281 1.577279 -0.000479 0.004678 0.999998 0.001273 -0.001355 0.000000 0.001567 -0.001654 0.000000 1.566680 1.575187 -0.001915 0.002026 0.999999 0.001076 -0.001142 0.000000 0.000319 -0.000310 0.000000 1.567518 1.574282 -0.002331 0.002465 7.147770 0.000010 -0.000024 0.000000 7.151642 0.000004 -0.000005 0.000000 7.150874 0.000022 -0.000023 0.000000 7.148655 0.000003 -0.000003 0.000000 1.910000
-10.086279 -40.075131 21.354354 0.999989 0.001692 -0.002530 -0.003698 -0.039880 -0.029571 0.719252 -0.000143 0.000192 -0.010715 0.999999 0.000926 -0.001104 0.000001 0.001032 -0.000632 0.000003 1.568009 1.574184 -0.000082 0.001539 0.999997 0.000967 -0.002134 0.000004 0.000857 -0.000268 0.000009 1.568276 1.577326 -0.000518 0.004676 0.999998 0.001280 -0.001363 0.000000 0.001583 -0.001671 0.000000 1.566661 1.575207 -0.001892 0.002001 0.999999 0.001078 -0.001144 0.000000 0.000318 -0.000308 0.000000 1.567495 1.574306 -0.002330 0.002463 7.144208 0.000010 -0.000024 0.000000 7.148119 0.000004 -0.000005 0.000000 7.147335 0.000022 -0.000023 0.000000 7.145137 0.000004 -0.000004 0.000000 1.920000
-10.086679 -40.075428 21.361501 0.999988 0.001691 -0.002529 -0.003751 -0.040279 -0.029855 0.714729 -0.000160 0.000186 -0.010807 0.999999 0.000931 -0.001107 0.000001 0.001031 -0.000607 0.000003 1.568008 1.574199 -0.000086 0.001536 0.999997 0.000971 -0.002135 0.000004 0.000837 -0.000252 0.000009 1.568271 1.577372 -0.000559 0.004671 0.999998 0.001288 -0.001372 0.000000 0.001598 -0.001688 0.000000 1.566642 1.575227 -0.001870 0.001977 0.999999 0.001079 -0.001145 0.000000 0.000318 -0.000308 0.000000 1.567471 1.574331 -0.002327 0.002460 7.140708 0.000010 -0.000025 0.000000 7.144657 0.000004 -0.000006 0.000000 7.143855 0.000022 -0.000023 0.000000 7.141680 0.000004 -0.000004 0.000000 1.930000
-10.087082 -40.075727 21.368603 0.999988 0.001690 -0.002528 -0.003805 -0.040679 -0.030139 0.710140 -0.000176 0.000177 -0.010900 0.999999 0.000936 -0.001110 0.000001 0.001029 -0.000588 0.000003 1.568007 1.574214 -0.000091 0.001533 0.999997 0.000975 -0.002136 0.000004 0.000817 -0.000240 0.000009 1.568265 1.577419 -0.000599 0.004662 0.999998 0.001296 -0.001380 0.000000 0.001612 -0.001702 0.000000 1.566623 1.575246 -0.001849 0.001954 0.999999 0.001081 -0.001147 0.000000 0.000319 -0.000309 0.000000 1.567448 1.574355 -0.002323 0.002455 7.137269 0.000010 -0.000025 0.000000 7.141256 0.000003 -0.000006 0.000000 7.140434 0.000022 -0.000023 0.000000 7.138283 0.000004 -0.000004 0.000000 1.940000
-10.087490 -40.076028 21.375659 0.999988 0.001689 -0.002528 -0.003860 -0.041082 -0.030425 0.705484 -0.000190 0.000165 -0.010993 0.999999 0.000941 -0.001113 0.000001 0.001027 -0.000573 0.000003 1.568006 1.574230 -0.000098 0.001529 0.999997 0.000979 -0.002138 0.000004 0.000797 -0.000233 0.000008 1.568259 1.577465 -0.000641 0.004649 0.999998 0.001304 -0.001389 0.000000 0.001625 -0.001716 0.000000 1.566605 1.575266 -0.001828 0.001931 0.999999 0.001083 -0.001149 0.000000 0.000323 -0.000313 0.000000 1.567425 1.574380 -0.002317 0.002448 7.133892 0.000010 -0.000025 0.000000 7.137916 0.000003 -0.000007 0.000000 7.137073 0.000022 -0.000023 0.000000 7.134947 0.000005 -0.000005 0.000000 1.950000
-10.087901 -40.076333 21.382672 0.999988 0.001688 -0.002527 -0.003915 -0.041490 -0.030714 0.701584 -0.000202 0.000146 -0.011088 0.999999 0.000947 -0.001117 0.000001 0.001097 -0.000975 0.000003 1.568005 1.574245 -0.000105 0.001524 0.999997 0.000984 -0.002140 0.000004 0.000889 -0.000573 0.000008 1.568252 1.577511 -0.000682 0.004631 0.999998 0.001313 -0.001398 0.000000 0.001928 -0.002040 0.000000 1.566587 1.575285 -0.001807 0.001907 0.999999 0.001085 -0.001151 0.000000 0.000520 -0.000523 0.000000 1.567402 1.574404 -0.002308 0.002438 7.171315 0.000011 -0.000071 0.000000 7.175544 0.000005 -0.000032 0.000000 7.174639 0.000042 -0.000044 -0.000000 7.172451 0.000013 -0.000013 0.000000 1.960000
-10.088317 -40.076641 21.389647 0.999988 0.001687 -0.002526 -0.003970 -0.041900 -0.031003 0.697613 -0.000212 0.000125 -0.011183 0.999999 0.000952 -0.001122 0.000002 0.001095 -0.001315 0.000003 1.568004 1.574260 -0.000114 0.001519 0.999997 0.000988 -0.002143 0.000004 0.000872 -0.000708 0.000008 1.568245 1.577557 -0.000724 0.004609 0.999998 0.001323 -0.001408 0.000000 0.002046 -0.002166 0.000000 1.566569 1.575304 -0.001787 0.001885 0.999999 0.001087 -0.001153 0.000000 0.000553 -0.000558 0.000000 1.567379 1.574428 -0.002298 0.002427 7.167727 0.000010 -0.000053 0.000000 7.171993 0.000004 -0.000017 0.000000 7.171063 0.000028 -0.000030 0.000000 7.168904 0.000008 -0.000008 0.000000 1.970000
-10.088737 -40.076951 21.396581 0.999987 0.001686 -0.002526 -0.004026 -0.042313 -0.031294 0.693574 -0.000220 0.000100 -0.011279 0.999999 0.000957 -0.001129 0.000002 0.001093 -0.001457 0.000003 1.568003 1.574275 -0.000124 0.001514 0.999997 0.000992 -0.002146 0.000005 0.000851 -0.000734 0.000008 1.568238 1.577603 -0.000767 0.004584 0.999998 0.001333 -0.001419 0.000000 0.002066 -0.002188 0.000000 1.566551 1.575322 -0.001768 0.001865 0.999999 0.001090 -0.001156 0.000000 0.000560 -0.000566 0.000000 1.567356 1.574452 -0.002287 0.002414 7.164197 0.000010 -0.000041 0.000000 7.168499 0.000004 -0.000014 0.000000 7.167543 0.000025 -0.000026 0.000000 7.165414 0.000008 -0.000008 0.000000 1.980000
-10.089160 -40.077265 21.403474 0.999987 0.001685 -0.002525 -0.004083 -0.042727 -0.031585 0.689467 -0.000226 0.000072 -0.011376 0.999999 0.000963 -0.001137 0.000002 0.001091 -0.001488 0.000003 1.568002 1.574290 -0.000136 0.001511 0.999997 0.000996 -0.002150 0.000005 0.000830 -0.000743 0.000008 1.568230 1.577649 -0.000810 0.004556 0.999998 0.001344 -0.001430 0.000000 0.002068 -0.002190 0.000000 1.566534 1.575341 -0.001751 0.001845 0.999999 0.001093 -0.001159 0.000000 0.000568 -0.000573 0.000000 1.567333 1.574476 -0.002275 0.002400 7.160726 0.000010 -0.000034 0.000000 7.165062 0.000003 -0.000014 0.000000 7.164079 0.000024 -0.000026 0.000000 7.161981 0.000008 -0.000008 0.000000 1.990000
-10.089588 -40.077581 21.410327 0.999987 0.001683 -0.002525 -0.004140 -0.043143 -0.031877 0.685293 -0.000230 0.000041 -0.011473 0.999999 0.000968 -0.001144 0.000002 0.001088 -0.001462 0.000003 1.568000 1.574305 -0.000149 0.001507 0.999997 0.001001 -0.002154 0.000005 0.000809 -0.000753 0.000008 1.568222 1.577694 -0.000854 0.004524 0.999998 0.001354 -0.001441 0.000000 0.002065 -0.002187 0.000000 1.566516 1.575359 -0.001735 0.001828 0.999999 0.001096 -0.001162 0.000000 0.000576 -0.000582 0.000000 1.567311 1.574500 -0.002261 0.002385 7.157312 0.000010 -0.000030 0.000000 7.161684 0.000003 -0.000015 0.000000 7.160672 0.000024 -0.000025 0.000000 7.158605 0.000008 -0.000008 0.000000 2.000000
-10.090021 -40.077900 21.417137 0.999987 0.001682 -0.002525 -0.004197 -0.043560 -0.032170 0.681053 -0.000233 0.000007 -0.011571 0.999999 0.000974 -0.001151 0.000002 0.001086 -0.001408 0.000003 1.567999 1.574320 -0.000164 0.001505 0.999997 0.001005 -0.002158 0.000005 0.000788 -0.000765 0.000007 1.568213 1.577739 -0.000898 0.004490 0.999998 0.001364 -0.001452 0.000000 0.002060 -0.002181 0.000000 1.566499 1.575377 -0.001720 0.001811 0.999999 0.001099 -0.001165 0.000000 0.000586 -0.000593 0.000000 1.567288 1.574524 -0.002246 0.002368 7.153957 0.000010 -0.000028 0.000000 7.158362 0.000003 -0.000015 0.000000 7.157320 0.000023 -0.000025 0.000000 7.155286 0.000008 -0.000009 0.000000 2.010000
-10.090457 -40.078222 21.423905 0.999986 0.001681 -0.002525 -0.004255 -0.043980 -0.032464 0.676749 -0.000234 -0.000029 -0.011669 0.999999 0.000979 -0.001158 0.000002 0.001084 -0.001339 0.000003 1.567997 1.574335 -0.000180 0.001503 0.999997 0.001008 -0.002161 0.000005 0.000767 -0.000781 0.000007 1.568204 1.577784 -0.000942 0.004453 0.999998 0.001375 -0.001463 0.000000 0.002052 -0.002173 0.000000 1.566482 1.575395 -0.001707 0.001797 0.999999 0.001102 -0.001168 0.000000 0.000597 -0.000604 0.000000 1.567266 1.574547 -0.002230 0.002350 7.150660 0.000010 -0.000027 0.000000 7.155098 0.000003 -0.000016 0.000000 7.154026 0.000023 -0.000024 0.000000 7.152025 0.000009 -0.000009 0.000000 2.020000
-10.090897 -40.078547 21.430629 0.999986 0.001679 -0.002526 -0.004313 -0.044402 -0.032758 0.672382 -0.000233 -0.000069 -0.011769 0.999999 0.000985 -0.001164 0.000002 0.001081 -0.001265 0.000003 1.567995 1.574350 -0.000198 0.001502 0.999997 0.001012 -0.002165 0.000005 0.000746 -0.000799 0.000007 1.568194 1.577828 -0.000987 0.004413 0.999998 0.001385 -0.001474 0.000000 0.002042 -0.002162 0.000000 1.566465 1.575413 -0.001696 0.001784 0.999999 0.001105 -0.001171 0.000000 0.000609 -0.000617 0.000000 1.567244 1.574571 -0.002212 0.002331 7.147421 0.000010 -0.000026 0.000000 7.151891 0.000003 -0.000017 0.000000 7.150787 0.000022 -0.000024 0.000000 7.148820 0.000009 -0.000009 0.000000 2.030000
-10.091342 -40.078876 21.437310 0.999986 0.001678 -0.002526 -0.004372 -0.044825 -0.033054 0.667953 -0.000230 -0.000111 -0.011869 0.999999 0.000990 -0.001171 0.000002 0.001078 -0.001190 0.000003 1.567993 1.574365 -0.000217 0.001501 0.999997 0.001016 -0.002169 0.000005 0.000725 -0.000821 0.000006 1.568184 1.577871 -0.001032 0.004370 0.999998 0.001395 -0.001484 0.000000 0.002030 -0.002149 0.000000 1.566448 1.575431 -0.001685 0.001772 0.999999 0.001108 -0.001174 0.000000 0.000622 -0.000630 0.000000 1.567222 1.574594 -0.002194 0.002311 7.144241 0.000010 -0.000025 0.000000 7.148742 0.000002 -0.000017 0.000000 7.147606 0.000022 -0.000023 0.000000 7.145672 0.000009 -0.000010 0.000000 2.040000
-10.091791 -40.079207 21.443946 0.999986 0.001677 -0.002527 -0.004432 -0.045250 -0.033350 0.663463 -0.000225 -0.000156 -0.011969 0.999999 0.000995 -0.001176 0.000002 0.001076 -0.001115 0.000003 1.567991 1.574380 -0.000237 0.001501 0.999997 0.001019 -0.002174 0.000005 0.000705 -0.000845 0.000006 1.568174 1.577915 -0.001077 0.004325 0.999998 0.001405 -0.001495 0.000000 0.002015 -0.002134 0.000000 1.566432 1.575448 -0.001676 0.001762 0.999999 0.001111 -0.001177 0.000000 0.000635 -0.000645 0.000000 1.567200 1.574617 -0.002175 0.002289 7.141119 0.000010 -0.000024 0.000000 7.145650 0.000002 -0.000018 0.000000 7.144480 0.000021 -0.000023 0.000000 7.142581 0.000010 -0.000010 0.000000 2.050000
-10.092244 -40.079540 21.450538 0.999985 0.001676 -0.002528 -0.004492 -0.045677 -0.033647 0.658913 -0.000219 -0.000203 -0.012071 0.999999 0.001001 -0.001182 0.000002 0.001073 -0.001043 0.000003 1.567988 1.574395 -0.000259 0.001501 0.999997 0.001023 -0.002178 0.000005 0.000684 -0.000872 0.000006 1.568163 1.577958 -0.001122 0.004276 0.999998 0.001415 -0.001506 0.000000 0.001999 -0.002116 0.000000 1.566415 1.575466 -0.001669 0.001753 0.999999 0.001114 -0.001180 0.000000 0.000650 -0.000661 0.000000 1.567179 1.574640 -0.002154 0.002266 7.138055 0.000010 -0.000024 0.000000 7.142615 0.000002 -0.000019 0.000000 7.141412 0.000021 -0.000022 0.000000 7.139547 0.000010 -0.000010 0.000000 2.060000
-10.092702 -40.079877 21.457083 0.999985 0.001674 -0.002529 -0.004552 -0.046106 -0.033945 0.654305 -0.000211 -0.000252 -0.012173 0.999999 0.001006 -0.001187 0.000002 0.001070 -0.000974 0.000003 1.567986 1.574410 -0.000282 0.001501 0.999997 0.001026 -0.002182 0.000005 0.000664 -0.000902 0.000005 1.568151 1.578000 -0.001167 0.004225 0.999998 0.001425 -0.001516 0.000000 0.001980 -0.002096 0.000000 1.566398 1.575483 -0.001663 0.001746 0.999999 0.001117 -0.001184 0.000000 0.000666 -0.000677 0.000000 1.567157 1.574662 -0.002133 0.002243 7.135050 0.000010 -0.000024 0.000000 7.139638 0.000002 -0.000019 0.000000 7.138400 0.000020 -0.000022 0.000000 7.136570 0.000010 -0.000011 0.000000 2.070000
-10.093164 -40.080217 21.463582 0.999985 0.001673 -0.002531 -0.004613 -0.046536 -0.034244 0.649639 -0.000201 -0.000304 -0.012276 0.999999 0.001011 -0.001191 0.000002 0.001067 -0.000909 0.000003 1.567983 1.574425 -0.000306 0.001501 0.999997 0.001029 -0.002187 0.000005 0.000643 -0.000935 0.000005 1.568139 1.578042 -0.001212 0.004172 0.999998 0.001435 -0.001527 0.000000 0.001960 -0.002074 0.000000 1.566382 1.575501 -0.001658 0.001740 0.999999 0.001121 -0.001187 0.000000 0.000683 -0.000695 0.000000 1.567136 1.574684 -0.002110 0.002218 7.132103 0.000010 -0.000024 0.000000 7.136718 0.000002 -0.000020 0.000000 7.135445 0.000020 -0.000021 0.000000 7.133650 0.000011 -0.000011 0.000000 2.080000
-10.093630 -40.080560 21.470035 0.999984 0.001672 -0.002533 -0.004674 -0.046968 -0.034543 0.644918 -0.000190 -0.000359 -0.012379 0.999999 0.001017 -0.001196 0.000002 0.001064 -0.000849 0.000003 1.567979 1.574440 -0.000332 0.001501 0.999997 0.001033 -0.002192 0.000005 0.000623 -0.000970 0.000005 1.568127 1.578083 -0.001256 0.004116 0.999998 0.001444 -0.001537 0.000000 0.001937 -0.002050 0.000000 1.566365 1.575518 -0.001655 0.001736 0.999999 0.001124 -0.001191 0.000000 0.000700 -0.000713 0.000000 1.567115 1.574706 -0.002087 0.002192 7.129213 0.000010 -0.000024 0.000000 7.133854 0.000002 -0.000021 0.000000 7.132547 0.000019 -0.000020 0.000000 7.130786 0.000011 -0.000011 0.000000 2.090000
-10.094100 -40.080906 21.476440 0.999984 0.001671 -0.002535 -0.004736 -0.047402 -0.034844 0.640141 -0.000177 -0.000415 -0.012484 0.999999 0.001022 -0.001200 0.000002 0.001061 -0.000794 0.000003 1.567976 1.574455 -0.000359 0.001501 0.999997 0.001036 -0.002197 0.000005 0.000604 -0.001008 0.000004 1.568114 1.578124 -0.001301 0.004058 0.999998 0.001454 -0.001547 0.000000 0.001913 -0.002024 0.000000 1.566349 1.575535 -0.001653 0.001733 0.999999 0.001128 -0.001194 0.000000 0.000718 -0.000733 0.000000 1.567094 1.574728 -0.002062 0.002165 7.126412 0.000010 -0.000022 0.000000 7.131077 0.000002 -0.000021 0.000000 7.129735 0.000019 -0.000020 0.000000 7.128008 0.000011 -0.000011 0.000000 2.100000
-10.094575 -40.081255 21.482798 0.999984 0.001670 -0.002537 -0.004799 -0.047838 -0.035145 0.635310 -0.000162 -0.000473 -0.012589 0.999999 0.001027 -0.001204 0.000002 0.001058 -0.000740 0.000003 1.567972 1.574470 -0.000387 0.001501 0.999997 0.001039 -0.002202 0.000005 0.000584 -0.001047 0.000004 1.568101 1.578164 -0.001345 0.003998 0.999998 0.001464 -0.001557 0.000000 0.001887 -0.001997 0.000000 1.566332 1.575553 -0.001652 0.001731 0.999999 0.001131 -0.001198 0.000000 0.000737 -0.000753 0.000000 1.567074 1.574749 -0.002037 0.002138 7.123639 0.000010 -0.000022 0.000000 7.128327 0.000001 -0.000022 0.000000 7.126950 0.000018 -0.000019 0.000000 7.125256 0.000011 -0.000012 0.000000 2.110000
-10.095054 -40.081607 21.489106 0.999984 0.001669 -0.002540 -0.004862 -0.048275 -0.035448 0.630427 -0.000146 -0.000533 -0.012695 0.999999 0.001033 -0.001207 0.000002 0.001055 -0.000693 0.000003 1.567968 1.574485 -0.000416 0.001501 0.999997 0.001042 -0.002207 0.000005 0.000565 -0.001090 0.000004 1.568087 1.578204 -0.001389 0.003936 0.999998 0.001473 -0.001567 0.000000 0.001860 -0.001967 0.000000 1.566316 1.575570 -0.001652 0.001731 0.999999 0.001135 -0.001202 0.000000 0.000756 -0.000773 0.000000 1.567054 1.574771 -0.002011 0.002109 7.120923 0.000010 -0.000022 0.000000 7.125634 0.000001 -0.000022 0.000000 7.124221 0.000018 -0.000019 0.000000 7.122561 0.000012 -0.000012 0.000000 2.120000
-10.095537 -40.081962 21.495366 0.999983 0.001668 -0.002542 -0.004925 -0.048714 -0.035751 0.625492 -0.000128 -0.000596 -0.012801 0.999999 0.001038 -0.001211 0.000002 0.001052 -0.000654 0.000003 1.567964 1.574500 -0.000447 0.001500 0.999997 0.001044 -0.002213 0.000005 0.000546 -0.001134 0.000003 1.568073 1.578243 -0.001432 0.003872 0.999998 0.001482 -0.001577 0.000000 0.001831 -0.001936 0.000000 1.566299 1.575587 -0.001654 0.001732 0.999999 0.001139 -0.001206 0.000000 0.000776 -0.000794 0.000000 1.567034 1.574792 -0.001985 0.002080 7.118265 0.000010 -0.000023 0.000000 7.122998 0.000001 -0.000023 0.000000 7.121549 0.000017 -0.000018 0.000000 7.119922 0.000012 -0.000012 0.000000 2.130000
-10.096025 -40.082319 21.501577 0.999983 0.001668 -0.002546 -0.004990 -0.049155 -0.036055 0.620507 -0.000108 -0.000659 -0.012909 0.999999 0.001043 -0.001214 0.000002 0.001049 -0.000621 0.000003 1.567959 1.574515 -0.000478 0.001499 0.999997 0.001047 -0.002218 0.000005 0.000527 -0.001181 0.000003 1.568059 1.578281 -0.001475 0.003806 0.999998 0.001491 -0.001586 0.000000 0.001800 -0.001904 0.000000 1.566283 1.575604 -0.001656 0.001734 0.999999 0.001143 -0.001210 0.000000 0.000796 -0.000816 0.000000 1.567014 1.574812 -0.001958 0.002050 7.115665 0.000010 -0.000023 0.000000 7.120418 0.000001 -0.000024 -0.000000 7.118933 0.000017 -0.000018 0.000000 7.117339 0.000012 -0.000013 0.000000 2.140000
-10.096517 -40.082680 21.507738 0.999983 0.001667 -0.002549 -0.005054 -0.049597 -0.036360 0.615472 -0.000087 -0.000725 -0.013017 0.999999 0.001048 -0.001217 0.000002 0.001045 -0.000594 0.000003 1.567954 1.574530 -0.000511 0.001497 0.999997 0.001050 -0.002224 0.000005 0.000508 -0.001229 0.000003 1.568044 1.578319 -0.001517 0.003738 0.999998 0.001500 -0.001596 0.000000 0.001769 -0.001870 0.000000 1.566266 1.575622 -0.001660 0.001738 0.999999 0.001147 -0.001214 0.000000 0.000817 -0.000839 0.000000 1.566995 1.574832 -0.001930 0.002019 7.113123 0.000009 -0.000023 0.000000 7.117895 0.000001 -0.000024 -0.000000 7.116375 0.000016 -0.000017 0.000000 7.114813 0.000012 -0.000013 0.000000 2.150000
-10.097014 -40.083044 21.513848 0.999982 0.001666 -0.002553 -0.005119 -0.050041 -0.036666 0.610390 -0.000065 -0.000792 -0.013126 0.999999 0.001053 -0.001220 0.000002 0.001042 -0.000572 0.000003 1.567949 1.574545 -0.000545 0.001495 0.999997 0.001052 -0.002231 0.000005 0.000490 -0.001280 0.000002 1.568029 1.578355 -0.001558 0.003669 0.999998 0.001509 -0.001605 0.000000 0.001736 -0.001834 0.000000 1.566250 1.575639 -0.001665 0.001742 0.999999 0.001151 -0.001218 0.000000 0.000839 -0.000861 0.000000 1.566976 1.574852 -0.001901 0.001988 7.110638 0.000009 -0.000024 0.000000 7.115429 0.000001 -0.000025 -0.000000 7.113872 0.000016 -0.000017 0.000000 7.112342 0.000013 -0.000013 0.000000 2.160000
-10.097515 -40.083411 21.519907 0.999982 0.001666 -0.002557 -0.005185 -0.050487 -0.036974 0.605261 -0.000041 -0.000860 -0.013235 0.999999 0.001059 -0.001223 0.000002 0.001038 -0.000557 0.000003 1.567944 1.574560 -0.000579 0.001492 0.999997 0.001054 -0.002237 0.000005 0.000472 -0.001332 0.000002 1.568013 1.578392 -0.001599 0.003598 0.999998 0.001517 -0.001614 0.000000 0.001702 -0.001798 0.000000 1.566233 1.575656 -0.001671 0.001748 0.999999 0.001155 -0.001222 0.000000 0.000860 -0.000885 0.000000 1.566957 1.574872 -0.001872 0.001956 7.108211 0.000009 -0.000024 0.000000 7.113018 0.000001 -0.000026 -0.000000 7.111427 0.000015 -0.000016 0.000000 7.109926 0.000013 -0.000013 0.000000 2.170000
-10.098021 -40.083782 21.525915 0.999982 0.001666 -0.002562 -0.005251 -0.050934 -0.037282 0.600086 -0.000016 -0.000929 -0.013346 0.999999 0.001064 -0.001225 0.000002 0.001035 -0.000546 0.000003 1.567938 1.574575 -0.000615 0.001489 0.999997 0.001057 -0.002244 0.000005 0.000455 -0.001385 0.000002 1.567997 1.578427 -0.001639 0.003526 0.999998 0.001526 -0.001623 0.000000 0.001667 -0.001760 0.000000 1.566216 1.575674 -0.001678 0.001754 0.999999 0.001159 -0.001227 0.000000 0.000882 -0.000908 0.000000 1.566938 1.574891 -0.001843 0.001924 7.105841 0.000009 -0.000024 0.000000 7.110664 0.000001 -0.000027 -0.000000 7.109037 0.000015 -0.000016 0.000000 7.107567 0.000013 -0.000014 0.000000 2.180000
-10.098530 -40.084155 21.531871 0.999981 0.001666 -0.002567 -0.005318 -0.051382 -0.037591 0.594866 0.000011 -0.001000 -0.013457 0.999999 0.001069 -0.001228 0.000002 0.001031 -0.000541 0.000003 1.567931 1.574589 -0.000652 0.001485 0.999997 0.001059 -0.002251 0.000005 0.000438 -0.001440 0.000001 1.567980 1.578462 -0.001678 0.003453 0.999997 0.001534 -0.001631 0.000000 0.001631 -0.001722 0.000000 1.566200 1.575691 -0.001685 0.001762 0.999999 0.001164 -0.001231 0.000000 0.000904 -0.000932 0.000000 1.566920 1.574910 -0.001813 0.001892 7.103528 0.000009 -0.000025 0.000000 7.108366 0.000001 -0.000027 -0.000000 7.106705 0.000014 -0.000015 0.000000 7.105262 0.000013 -0.000014 0.000000 2.190000
-10.099045 -40.084531 21.537775 0.999981 0.001665 -0.002572 -0.005385 -0.051833 -0.037901 0.589603 0.000039 -0.001072 -0.013569 0.999999 0.001074 -0.001231 0.000002 0.001027 -0.000541 0.000003 1.567925 1.574604 -0.000689 0.001481 0.999997 0.001061 -0.002258 0.000005 0.000421 -0.001496 0.000001 1.567963 1.578496 -0.001716 0.003378 0.999997 0.001542 -0.001640 0.000000 0.001594 -0.001682 0.000000 1.566183 1.575709 -0.001694 0.001770 0.999999 0.001168 -0.001236 0.000000 0.000927 -0.000956 0.000000 1.566902 1.574929 -0.001783 0.001858 7.101271 0.000009 -0.000025 0.000000 7.106123 0.000000 -0.000028 -0.000000 7.104428 0.000014 -0.000015 0.000000 7.103014 0.000014 -0.000014 0.000000 2.200000
-10.099564 -40.084910 21.543630 0.999980 0.001666 -0.002578 -0.005453 -0.052288 -0.038215 0.585118 0.000069 -0.001148 -0.013682 0.999999 0.001079 -0.001234 0.000002 0.001093 -0.000967 0.000003 1.567918 1.574619 -0.000727 0.001475 0.999997 0.001063 -0.002267 0.000005 0.000520 -0.001932 0.000001 1.567946 1.578529 -0.001753 0.003301 0.999997 0.001551 -0.001649 0.000000 0.001848 -0.001954 0.000000 1.566166 1.575727 -0.001702 0.001778 0.999999 0.001174 -0.001241 0.000000 0.001153 -0.001197 0.000000 1.566885 1.574947 -0.001752 0.001824 7.139831 0.000010 -0.000069 0.000000 7.144909 0.000003 -0.000054 0.000000 7.143115 0.000032 -0.000034 0.000000 7.141651 0.000022 -0.000023 -0.000000 2.210000
-10.100087 -40.085293 21.549440 0.999980 0.001666 -0.002584 -0.005522 -0.052746 -0.038531 0.580585 0.000100 -0.001225 -0.013797 0.999999 0.001085 -0.001240 0.000002 0.001089 -0.001320 0.000003 1.567910 1.574634 -0.000766 0.001470 0.999997 0.001066 -0.002277 0.000005 0.000508 -0.002132 0.000001 1.567928 1.578562 -0.001789 0.003223 0.999997 0.001560 -0.001659 0.000000 0.001915 -0.002025 0.000000 1.566149 1.575745 -0.001711 0.001787 0.999999 0.001179 -0.001248 0.000000 0.001203 -0.001251 0.000000 1.566867 1.574965 -0.001720 0.001789 7.137355 0.000010 -0.000052 0.000000 7.142445 0.000001 -0.000039 0.000000 7.140618 0.000020 -0.000021 0.000000 7.139179 0.000016 -0.000017 0.000000 2.220000
-10.100616 -40.085679 21.555205 0.999980 0.001666 -0.002590 -0.005591 -0.053205 -0.038847 0.576005 0.000132 -0.001303 -0.013912 0.999999 0.001090 -0.001247 0.000002 0.001085 -0.001475 0.000003 1.567902 1.574648 -0.000805 0.001464 0.999997 0.001069 -0.002288 0.000005 0.000492 -0.002213 0.000001 1.567910 1.578594 -0.001824 0.003145 0.999997 0.001569 -0.001669 0.000000 0.001889 -0.001997 0.000000 1.566132 1.575762 -0.001721 0.001797 0.999999 0.001186 -0.001254 0.000000 0.001224 -0.001273 0.000000 1.566850 1.574983 -0.001689 0.001755 7.134933 0.000010 -0.000041 0.000000 7.140033 0.000001 -0.000036 -0.000000 7.138172 0.000016 -0.000017 0.000000 7.136759 0.000016 -0.000017 0.000000 2.230000
-10.101148 -40.086067 21.560924 0.999979 0.001667 -0.002597 -0.005660 -0.053665 -0.039164 0.571379 0.000166 -0.001381 -0.014028 0.999999 0.001096 -0.001255 0.000002 0.001080 -0.001519 0.000003 1.567894 1.574663 -0.000845 0.001460 0.999997 0.001071 -0.002299 0.000005 0.000476 -0.002272 0.000000 1.567892 1.578625 -0.001858 0.003068 0.999997 0.001579 -0.001679 0.000000 0.001845 -0.001950 0.000000 1.566115 1.575780 -0.001732 0.001809 0.999998 0.001192 -0.001260 0.000000 0.001244 -0.001295 0.000000 1.566834 1.575000 -0.001658 0.001721 7.132563 0.000010 -0.000035 0.000000 7.137673 0.000001 -0.000036 -0.000000 7.135779 0.000015 -0.000016 0.000000 7.134390 0.000016 -0.000017 0.000000 2.240000
-10.101685 -40.086459 21.566597 0.999979 0.001668 -0.002604 -0.005731 -0.054126 -0.039483 0.566709 0.000200 -0.001460 -0.014144 0.999999 0.001101 -0.001262 0.000002 0.001076 -0.001505 0.000003 1.567885 1.574677 -0.000886 0.001456 0.999997 0.001073 -0.002310 0.000005 0.000461 -0.002327 0.000000 1.567873 1.578655 -0.001891 0.002991 0.999997 0.001588 -0.001688 0.000000 0.001798 -0.001900 0.000000 1.566097 1.575798 -0.001745 0.001822 0.999998 0.001198 -0.001267 0.000000 0.001263 -0.001315 0.000000 1.566817 1.575017 -0.001627 0.001687 7.130247 0.000010 -0.000031 0.000000 7.135365 0.000001 -0.000036 -0.000000 7.133439 0.000015 -0.000015 0.000000 7.132073 0.000016 -0.000017 0.000000 2.250000
-10.102227 -40.086855 21.572223 0.999978 0.001669 -0.002612 -0.005801 -0.054589 -0.039802 0.561994 0.000236 -0.001539 -0.014261 0.999999 0.001106 -0.001270 0.000002 0.001072 -0.001459 0.000003 1.567876 1.574692 -0.000928 0.001453 0.999997 0.001076 -0.002322 0.000005 0.000446 -0.002381 -0.000000 1.567854 1.578684 -0.001923 0.002915 0.999997 0.001597 -0.001698 0.000000 0.001749 -0.001847 0.000000 1.566080 1.575817 -0.001758 0.001836 0.999998 0.001204 -0.001273 0.000000 0.001282 -0.001335 0.000000 1.566801 1.575034 -0.001596 0.001653 7.127983 0.000010 -0.000029 0.000000 7.133109 0.000001 -0.000036 -0.000000 7.131152 0.000014 -0.000015 0.000000 7.129807 0.000016 -0.000017 0.000000 2.260000
-10.102774 -40.087253 21.577801 0.999978 0.001670 -0.002620 -0.005873 -0.055054 -0.040123 0.557236 0.000273 -0.001618 -0.014379 0.999999 0.001112 -0.001277 0.000002 0.001067 -0.001398 0.000003 1.567867 1.574706 -0.000971 0.001451 0.999997 0.001078 -0.002334 0.000005 0.000432 -0.002434 -0.000001 1.567835 1.578713 -0.001953 0.002839 0.999997 0.001605 -0.001707 0.000000 0.001700 -0.001795 0.000000 1.566062 1.575835 -0.001773 0.001850 0.999998 0.001211 -0.001280 0.000000 0.001300 -0.001355 0.000000 1.566786 1.575050 -0.001566 0.001620 7.125773 0.000009 -0.000027 0.000000 7.130904 0.000001 -0.000037 -0.000000 7.128918 0.000014 -0.000014 0.000000 7.127592 0.000017 -0.000017 0.000000 2.270000
-10.103325 -40.087655 21.583332 0.999977 0.001671 -0.002628 -0.005945 -0.055519 -0.040445 0.552437 0.000311 -0.001698 -0.014498 0.999999 0.001117 -0.001283 0.000002 0.001063 -0.001329 0.000003 1.567857 1.574721 -0.001014 0.001450 0.999997 0.001080 -0.002346 0.000005 0.000418 -0.002487 -0.000001 1.567815 1.578741 -0.001983 0.002765 0.999997 0.001614 -0.001716 0.000000 0.001650 -0.001741 0.000000 1.566044 1.575854 -0.001788 0.001866 0.999998 0.001217 -0.001287 0.000000 0.001318 -0.001374 0.000000 1.566770 1.575066 -0.001537 0.001588 7.123615 0.000009 -0.000026 0.000000 7.128752 0.000001 -0.000037 -0.000000 7.126735 0.000013 -0.000014 0.000000 7.125428 0.000017 -0.000017 0.000000 2.280000
-10.103881 -40.088059 21.588815 0.999977 0.001673 -0.002637 -0.006017 -0.055986 -0.040768 0.547597 0.000351 -0.001777 -0.014617 0.999999 0.001122 -0.001290 0.000002 0.001058 -0.001257 0.000003 1.567847 1.574735 -0.001058 0.001449 0.999997 0.001082 -0.002359 0.000005 0.000404 -0.002538 -0.000001 1.567796 1.578768 -0.002011 0.002692 0.999997 0.001622 -0.001724 0.000000 0.001600 -0.001687 0.000000 1.566027 1.575872 -0.001804 0.001883 0.999998 0.001224 -0.001294 0.000000 0.001335 -0.001392 0.000000 1.566755 1.575082 -0.001508 0.001556 7.121510 0.000009 -0.000025 0.000000 7.126651 0.000001 -0.000038 -0.000000 7.124606 0.000012 -0.000013 0.000000 7.123315 0.000017 -0.000017 0.000000 2.290000
-10.104441 -40.088467 21.594250 0.999977 0.001674 -0.002646 -0.006090 -0.056455 -0.041092 0.542717 0.000391 -0.001857 -0.014737 0.999999 0.001127 -0.001296 0.000002 0.001053 -0.001184 0.000003 1.567836 1.574750 -0.001102 0.001449 0.999997 0.001084 -0.002372 0.000005 0.000391 -0.002589 -0.000001 1.567775 1.578794 -0.002038 0.002620 0.999997 0.001630 -0.001732 0.000000 0.001549 -0.001633 0.000000 1.566008 1.575891 -0.001820 0.001900 0.999998 0.001231 -0.001301 0.000000 0.001352 -0.001410 0.000000 1.566740 1.575097 -0.001479 0.001524 7.119458 0.000009 -0.000024 0.000000 7.124601 0.000001 -0.000038 -0.000000 7.122529 0.000012 -0.000012 0.000000 7.121253 0.000017 -0.000018 0.000000 2.300000
-10.105006 -40.088879 21.599636 0.999976 0.001676 -0.002656 -0.006164 -0.056924 -0.041417 0.537799 0.000432 -0.001936 -0.014858 0.999999 0.001133 -0.001302 0.000002 0.001049 -0.001113 0.000003 1.567825 1.574764 -0.001147 0.001449 0.999997 0.001086 -0.002385 0.000005 0.000379 -0.002638 -0.000001 1.567755 1.578820 -0.002064 0.002549 0.999997 0.001637 -0.001740 0.000000 0.001499 -0.001579 0.000000 1.565990 1.575910 -0.001837 0.001918 0.999998 0.001237 -0.001308 0.000000 0.001367 -0.001426 0.000000 1.566725 1.575112 -0.001451 0.001494 7.117458 0.000009 -0.000024 0.000000 7.122603 0.000001 -0.000038 -0.000000 7.120504 0.000011 -0.000012 0.000000 7.119241 0.000017 -0.000018 0.000000 2.310000
-10.105576 -40.089293 21.604972 0.999976 0.001678 -0.002666 -0.006238 -0.057395 -0.041744 0.532843 0.000474 -0.002015 -0.014979 0.999998 0.001138 -0.001307 0.000002 0.001044 -0.001044 0.000003 1.567813 1.574779 -0.001192 0.001450 0.999997 0.001088 -0.002398 0.000005 0.000367 -0.002686 -0.000002 1.567734 1.578845 -0.002088 0.002480 0.999997 0.001644 -0.001748 0.000000 0.001448 -0.001524 0.000000 1.565972 1.575929 -0.001855 0.001936 0.999998 0.001244 -0.001315 0.000000 0.001382 -0.001442 0.000000 1.566711 1.575127 -0.001424 0.001463 7.115510 0.000009 -0.000024 0.000000 7.120656 0.000001 -0.000038 -0.000000 7.118531 0.000011 -0.000011 0.000000 7.117280 0.000017 -0.000018 0.000000 2.320000
-10.106151 -40.089711 21.610259 0.999975 0.001681 -0.002676 -0.006313 -0.057867 -0.042071 0.527850 0.000517 -0.002093 -0.015101 0.999998 0.001143 -0.001312 0.000002 0.001039 -0.000979 0.000003 1.567801 1.574793 -0.001238 0.001450 0.999996 0.001089 -0.002412 0.000005 0.000356 -0.002733 -0.000002 1.567713 1.578870 -0.002112 0.002412 0.999997 0.001652 -0.001756 0.000000 0.001398 -0.001470 0.000000 1.565953 1.575949 -0.001873 0.001955 0.999998 0.001251 -0.001322 0.000000 0.001396 -0.001457 0.000000 1.566697 1.575142 -0.001397 0.001434 7.113615 0.000009 -0.000023 0.000000 7.118760 0.000001 -0.000039 -0.000000 7.116610 0.000010 -0.000011 0.000000 7.115370 0.000017 -0.000018 0.000000 2.330000
-10.106730 -40.090132 21.615496 0.999975 0.001683 -0.002687 -0.006389 -0.058341 -0.042400 0.522822 0.000561 -0.002172 -0.015223 0.999998 0.001148 -0.001317 0.000002 0.001034 -0.000917 0.000003 1.567788 1.574807 -0.001284 0.001451 0.999996 0.001091 -0.002425 0.000005 0.000345 -0.002778 -0.000002 1.567692 1.578893 -0.002133 0.002346 0.999997 0.001658 -0.001763 0.000000 0.001348 -0.001417 0.000000 1.565935 1.575968 -0.001891 0.001974 0.999998 0.001258 -0.001329 0.000000 0.001410 -0.001472 0.000000 1.566683 1.575156 -0.001371 0.001406 7.111771 0.000009 -0.000023 0.000000 7.116915 0.000001 -0.000039 0.000000 7.114742 0.000010 -0.000010 0.000000 7.113510 0.000017 -0.000017 0.000000 2.340000
-10.107314 -40.090556 21.620682 0.999974 0.001686 -0.002698 -0.006465 -0.058815 -0.042730 0.517760 0.000605 -0.002249 -0.015347 0.999998 0.001153 -0.001321 0.000002 0.001029 -0.000859 0.000003 1.567775 1.574822 -0.001330 0.001452 0.999996 0.001093 -0.002439 0.000005 0.000334 -0.002821 -0.000002 1.567671 1.578916 -0.002153 0.002282 0.999997 0.001665 -0.001770 0.000000 0.001299 -0.001364 0.000000 1.565916 1.575988 -0.001910 0.001993 0.999998 0.001265 -0.001337 0.000000 0.001422 -0.001485 0.000000 1.566670 1.575170 -0.001346 0.001378 7.109979 0.000009 -0.000023 0.000000 7.115120 0.000001 -0.000039 0.000000 7.112925 0.000010 -0.000010 0.000000 7.111700 0.000017 -0.000017 0.000000 2.350000
-10.107903 -40.090984 21.625818 0.999974 0.001689 -0.002709 -0.006542 -0.059291 -0.043062 0.512664 0.000651 -0.002326 -0.015470 0.999998 0.001159 -0.001325 0.000002 0.001025 -0.000806 0.000003 1.567762 1.574836 -0.001377 0.001452 0.999996 0.001094 -0.002453 0.000005 0.000325 -0.002862 -0.000002 1.567649 1.578939 -0.002172 0.002220 0.999997 0.001671 -0.001776 0.000000 0.001251 -0.001312 0.000000 1.565896 1.576008 -0.001929 0.002012 0.999998 0.001272 -0.001344 0.000000 0.001434 -0.001497 0.000000 1.566656 1.575183 -0.001322 0.001351 7.108268 0.000009 -0.000021 0.000000 7.113406 0.000001 -0.000038 0.000000 7.111189 0.000009 -0.000010 0.000000 7.109970 0.000016 -0.000017 0.000000 2.360000
-10.108496 -40.091415 21.630904 0.999973 0.001692 -0.002721 -0.006619 -0.059768 -0.043395 0.507536 0.000697 -0.002402 -0.015595 0.999998 0.001164 -0.001329 0.000002 0.001020 -0.000754 0.000003 1.567748 1.574851 -0.001423 0.001453 0.999996 0.001096 -0.002468 0.000005 0.000316 -0.002901 -0.000003 1.567627 1.578961 -0.002189 0.002160 0.999997 0.001677 -0.001783 0.000000 0.001203 -0.001261 0.000000 1.565877 1.576028 -0.001947 0.002032 0.999998 0.001279 -0.001352 0.000000 0.001444 -0.001509 0.000000 1.566643 1.575197 -0.001299 0.001325 7.106578 0.000009 -0.000021 0.000000 7.111712 0.000001 -0.000038 0.000000 7.109475 0.000009 -0.000009 0.000000 7.108260 0.000016 -0.000017 0.000000 2.370000
-10.109094 -40.091849 21.635937 0.999972 0.001696 -0.002733 -0.006697 -0.060246 -0.043729 0.502377 0.000744 -0.002477 -0.015720 0.999998 0.001169 -0.001333 0.000002 0.001015 -0.000708 0.000003 1.567733 1.574865 -0.001470 0.001453 0.999996 0.001098 -0.002482 0.000005 0.000307 -0.002938 -0.000003 1.567606 1.578982 -0.002205 0.002103 0.999997 0.001683 -0.001789 0.000000 0.001157 -0.001211 0.000000 1.565858 1.576049 -0.001966 0.002051 0.999998 0.001287 -0.001359 0.000000 0.001454 -0.001519 0.000000 1.566630 1.575210 -0.001276 0.001300 7.104939 0.000009 -0.000021 0.000000 7.110068 0.000001 -0.000038 0.000000 7.107812 0.000009 -0.000009 0.000000 7.106599 0.000016 -0.000017 0.000000 2.380000
-10.109697 -40.092287 21.640920 0.999972 0.001699 -0.002746 -0.006776 -0.060725 -0.044064 0.497187 0.000792 -0.002551 -0.015845 0.999998 0.001174 -0.001336 0.000002 0.001010 -0.000670 0.000003 1.567719 1.574880 -0.001517 0.001453 0.999996 0.001099 -0.002497 0.000005 0.000299 -0.002974 -0.000003 1.567583 1.579003 -0.002219 0.002047 0.999997 0.001689 -0.001795 0.000000 0.001111 -0.001162 0.000000 1.565838 1.576069 -0.001985 0.002071 0.999998 0.001294 -0.001367 0.000000 0.001463 -0.001528 0.000000 1.566618 1.575223 -0.001255 0.001276 7.103352 0.000009 -0.000022 0.000000 7.108475 0.000001 -0.000038 0.000000 7.106200 0.000009 -0.000009 0.000000 7.104987 0.000016 -0.000017 0.000000 2.390000
-10.110305 -40.092728 21.645850 0.999971 0.001703 -0.002759 -0.006855 -0.061206 -0.044401 0.491968 0.000840 -0.002624 -0.015971 0.999998 0.001179 -0.001340 0.000002 0.001004 -0.000637 0.000003 1.567703 1.574894 -0.001564 0.001453 0.999996 0.001101 -0.002512 0.000005 0.000292 -0.003007 -0.000003 1.567561 1.579023 -0.002231 0.001994 0.999997 0.001694 -0.001800 0.000000 0.001067 -0.001114 0.000000 1.565818 1.576090 -0.002003 0.002090 0.999998 0.001301 -0.001375 0.000000 0.001471 -0.001537 0.000000 1.566605 1.575235 -0.001234 0.001254 7.101815 0.000009 -0.000022 0.000000 7.106932 0.000001 -0.000038 0.000000 7.104639 0.000008 -0.000008 0.000000 7.103425 0.000016 -0.000017 0.000000 2.400000
-10.110917 -40.093172 21.650728 0.999971 0.001707 -0.002772 -0.006935 -0.061688 -0.044738 0.486721 0.000889 -0.002696 -0.016098 0.999998 0.001184 -0.001343 0.000002 0.000999 -0.000610 0.000003 1.567687 1.574909 -0.001611 0.001452 0.999996 0.001102 -0.002527 0.000005 0.000285 -0.003038 -0.000003 1.567539 1.579042 -0.002242 0.001944 0.999997 0.001700 -0.001806 0.000000 0.001024 -0.001068 0.000000 1.565798 1.576111 -0.002021 0.002109 0.999998 0.001309 -0.001382 0.000000 0.001478 -0.001544 0.000000 1.566593 1.575248 -0.001214 0.001232 7.100328 0.000009 -0.000022 0.000000 7.105438 0.000001 -0.000038 0.000000 7.103129 0.000008 -0.000008 0.000000 7.101912 0.000016 -0.000017 0.000000 2.410000
-10.111535 -40.093620 21.655554 0.999970 0.001712 -0.002786 -0.007016 -0.062171 -0.045078 0.481446 0.000938 -0.002767 -0.016225 0.999998 0.001189 -0.001346 0.000002 0.000994 -0.000589 0.000003 1.567671 1.574923 -0.001658 0.001451 0.999996 0.001103 -0.002542 0.000005 0.000278 -0.003066 -0.000003 1.567517 1.579062 -0.002251 0.001896 0.999997 0.001705 -0.001811 0.000000 0.000982 -0.001023 0.000000 1.565778 1.576132 -0.002039 0.002127 0.999998 0.001316 -0.001390 0.000000 0.001484 -0.001550 0.000000 1.566581 1.575260 -0.001196 0.001211 7.098892 0.000009 -0.000022 0.000000 7.103994 0.000002 -0.000038 0.000000 7.101670 0.000008 -0.000008 0.000000 7.100449 0.000016 -0.000017 0.000000 2.420000
-10.112157 -40.094071 21.660327 0.999969 0.001717 -0.002800 -0.007097 -0.062655 -0.045419 0.476145 0.000988 -0.002836 -0.016352 0.999998 0.001194 -0.001349 0.000002 0.000989 -0.000573 0.000003 1.567654 1.574938 -0.001705 0.001449 0.999996 0.001105 -0.002558 0.000005 0.000273 -0.003092 -0.000003 1.567494 1.579080 -0.002259 0.001851 0.999997 0.001709 -0.001816 0.000000 0.000943 -0.000980 0.000000 1.565757 1.576153 -0.002056 0.002145 0.999998 0.001323 -0.001398 0.000000 0.001488 -0.001555 0.000000 1.566569 1.575272 -0.001178 0.001191 7.097506 0.000009 -0.000023 0.000000 7.102599 0.000002 -0.000038 0.000000 7.100261 0.000008 -0.000008 0.000000 7.099034 0.000016 -0.000017 0.000000 2.430000
-10.112784 -40.094525 21.665047 0.999969 0.001721 -0.002815 -0.007179 -0.063140 -0.045761 0.470819 0.001038 -0.002904 -0.016480 0.999998 0.001199 -0.001351 0.000002 0.000984 -0.000562 0.000003 1.567637 1.574952 -0.001752 0.001447 0.999996 0.001106 -0.002573 0.000005 0.000268 -0.003115 -0.000003 1.567472 1.579098 -0.002265 0.001808 0.999997 0.001714 -0.001821 0.000000 0.000905 -0.000939 0.000000 1.565737 1.576175 -0.002072 0.002162 0.999998 0.001331 -0.001405 0.000000 0.001492 -0.001559 0.000000 1.566558 1.575283 -0.001162 0.001173 7.096170 0.000009 -0.000023 0.000000 7.101254 0.000002 -0.000038 0.000000 7.098902 0.000008 -0.000008 0.000000 7.097667 0.000016 -0.000016 0.000000 2.440000
-10.113416 -40.094983 21.669713 0.999968 0.001727 -0.002829 -0.007261 -0.063626 -0.046104 0.465469 0.001089 -0.002970 -0.016609 0.999998 0.001204 -0.001354 0.000002 0.000979 -0.000556 0.000003 1.567619 1.574967 -0.001798 0.001444 0.999996 0.001108 -0.002589 0.000005 0.000263 -0.003136 -0.000003 1.567449 1.579116 -0.002269 0.001769 0.999997 0.001718 -0.001825 0.000000 0.000868 -0.000900 0.000000 1.565716 1.576196 -0.002088 0.002179 0.999998 0.001338 -0.001413 0.000000 0.001495 -0.001562 0.000000 1.566546 1.575295 -0.001146 0.001156 7.094883 0.000008 -0.000024 0.000000 7.099958 0.000002 -0.000038 0.000000 7.097593 0.000007 -0.000008 0.000000 7.096350 0.000016 -0.000016 0.000000 2.450000
-10.114052 -40.095444 21.674327 0.999967 0.001732 -0.002844 -0.007344 -0.064113 -0.046449 0.460095 0.001140 -0.003035 -0.016738 0.999998 0.001208 -0.001357 0.000002 0.000974 -0.000554 0.000003 1.567601 1.574981 -0.001845 0.001441 0.999996 0.001109 -0.002604 0.000005 0.000259 -0.003154 -0.000003 1.567426 1.579134 -0.002271 0.001732 0.999997 0.001723 -0.001830 0.000000 0.000834 -0.000863 0.000000 1.565695 1.576218 -0.002104 0.002195 0.999998 0.001346 -0.001421 0.000000 0.001497 -0.001564 0.000000 1.566535 1.575306 -0.001132 0.001140 7.093646 0.000008 -0.000024 0.000000 7.098710 0.000002 -0.000038 0.000000 7.096334 0.000007 -0.000007 0.000000 7.095080 0.000015 -0.000016 0.000000 2.460000
-10.114694 -40.095909 21.678887 0.999967 0.001738 -0.002860 -0.007428 -0.064602 -0.046795 0.454699 0.001191 -0.003098 -0.016867 0.999998 0.001213 -0.001360 0.000002 0.000969 -0.000557 0.000003 1.567583 1.574995 -0.001890 0.001437 0.999996 0.001110 -0.002620 0.000005 0.000256 -0.003170 -0.000003 1.567404 1.579151 -0.002272 0.001698 0.999997 0.001727 -0.001834 0.000000 0.000802 -0.000828 0.000000 1.565674 1.576240 -0.002119 0.002211 0.999998 0.001353 -0.001429 0.000000 0.001497 -0.001564 0.000000 1.566524 1.575318 -0.001119 0.001125 7.092458 0.000008 -0.000024 0.000000 7.097511 0.000002 -0.000038 0.000000 7.095125 0.000007 -0.000007 0.000000 7.093859 0.000015 -0.000016 0.000000 2.470000
-10.115340 -40.096377 21.683392 0.999966 0.001744 -0.002876 -0.007512 -0.065091 -0.047143 0.449282 0.001243 -0.003160 -0.016997 0.999998 0.001218 -0.001363 0.000002 0.000963 -0.000563 0.000003 1.567564 1.575010 -0.001936 0.001433 0.999996 0.001111 -0.002636 0.000005 0.000253 -0.003182 -0.000003 1.567381 1.579168 -0.002271 0.001667 0.999997 0.001731 -0.001838 0.000000 0.000772 -0.000796 0.000000 1.565653 1.576262 -0.002132 0.002225 0.999998 0.001361 -0.001437 0.000000 0.001497 -0.001564 0.000000 1.566513 1.575329 -0.001106 0.001111 7.091318 0.000008 -0.000025 0.000000 7.096361 0.000002 -0.000037 0.000000 7.093965 0.000007 -0.000007 0.000000 7.092686 0.000015 -0.000016 0.000000 2.480000
-10.115992 -40.096849 21.687844 0.999965 0.001750 -0.002892 -0.007597 -0.065582 -0.047492 0.443845 0.001295 -0.003220 -0.017127 0.999998 0.001223 -0.001365 0.000002 0.000958 -0.000573 0.000003 1.567544 1.575024 -0.001981 0.001428 0.999996 0.001113 -0.002652 0.000005 0.000251 -0.003192 -0.000003 1.567358 1.579184 -0.002268 0.001639 0.999997 0.001734 -0.001842 0.000000 0.000744 -0.000766 0.000000 1.565632 1.576284 -0.002145 0.002239 0.999998 0.001368 -0.001444 0.000000 0.001495 -0.001562 0.000000 1.566502 1.575340 -0.001095 0.001098 7.090228 0.000008 -0.000025 0.000000 7.095259 0.000002 -0.000037 0.000000 7.092854 0.000007 -0.000007 0.000000 7.091560 0.000015 -0.000015 0.000000 2.490000
-10.116648 -40.097324 21.692245 0.999965 0.001756 -0.002908 -0.007683 -0.066079 -0.047846 0.439209 0.001348 -0.003282 -0.017259 0.999998 0.001228 -0.001369 0.000002 0.001024 -0.001022 0.000003 1.567524 1.575038 -0.002025 0.001422 0.999996 0.001114 -0.002669 0.000005 0.000375 -0.003573 -0.000003 1.567336 1.579200 -0.002263 0.001612 0.999997 0.001739 -0.001847 0.000000 0.001019 -0.001058 0.000000 1.565610 1.576307 -0.002156 0.002250 0.999998 0.001376 -0.001453 0.000000 0.001698 -0.001778 0.000000 1.566491 1.575351 -0.001084 0.001086 7.129980 0.000009 -0.000066 0.000000 7.135238 0.000005 -0.000060 0.000000 7.132752 0.000026 -0.000027 0.000000 7.131348 0.000022 -0.000023 0.000000 2.500000
-10.117309 -40.097803 21.696601 0.999964 0.001763 -0.002924 -0.007769 -0.066576 -0.048202 0.434549 0.001400 -0.003342 -0.017391 0.999998 0.001233 -0.001375 0.000002 0.001019 -0.001382 0.000003 1.567504 1.575052 -0.002069 0.001416 0.999996 0.001116 -0.002687 0.000005 0.000378 -0.003714 -0.000003 1.567313 1.579216 -0.002256 0.001588 0.999997 0.001744 -0.001852 0.000000 0.001103 -0.001147 0.000000 1.565589 1.576329 -0.002167 0.002261 0.999998 0.001385 -0.001462 0.000000 0.001722 -0.001803 0.000000 1.566480 1.575362 -0.001075 0.001075 7.128653 0.000009 -0.000051 0.000000 7.133898 0.000004 -0.000045 0.000000 7.131405 0.000014 -0.000015 0.000000 7.129984 0.000017 -0.000018 0.000000 2.510000
-10.117975 -40.098285 21.700909 0.999963 0.001770 -0.002941 -0.007856 -0.067075 -0.048559 0.429864 0.001453 -0.003400 -0.017524 0.999998 0.001238 -0.001383 0.000002 0.001014 -0.001547 0.000003 1.567483 1.575066 -0.002112 0.001410 0.999996 0.001118 -0.002705 0.000005 0.000377 -0.003736 -0.000002 1.567291 1.579232 -0.002248 0.001569 0.999997 0.001750 -0.001858 0.000000 0.001095 -0.001139 0.000000 1.565567 1.576352 -0.002176 0.002271 0.999998 0.001393 -0.001471 0.000000 0.001715 -0.001796 0.000000 1.566469 1.575372 -0.001066 0.001065 7.127370 0.000009 -0.000041 0.000000 7.132602 0.000004 -0.000041 0.000000 7.130103 0.000012 -0.000012 0.000000 7.128663 0.000016 -0.000017 0.000000 2.520000
-10.118647 -40.098771 21.705171 0.999962 0.001777 -0.002959 -0.007944 -0.067575 -0.048917 0.425156 0.001506 -0.003456 -0.017657 0.999998 0.001243 -0.001390 0.000002 0.001009 -0.001599 0.000003 1.567462 1.575080 -0.002155 0.001405 0.999996 0.001120 -0.002724 0.000005 0.000377 -0.003732 -0.000002 1.567268 1.579247 -0.002238 0.001553 0.999997 0.001755 -0.001863 0.000000 0.001072 -0.001114 0.000000 1.565545 1.576375 -0.002186 0.002280 0.999998 0.001402 -0.001480 0.000000 0.001707 -0.001786 0.000000 1.566459 1.575383 -0.001060 0.001057 7.126131 0.000009 -0.000035 0.000000 7.131350 0.000004 -0.000040 0.000000 7.128845 0.000011 -0.000011 0.000000 7.127386 0.000016 -0.000017 0.000000 2.530000
-10.119323 -40.099260 21.709386 0.999962 0.001785 -0.002976 -0.008032 -0.068075 -0.049277 0.420425 0.001559 -0.003509 -0.017790 0.999998 0.001248 -0.001398 0.000002 0.001004 -0.001591 0.000003 1.567440 1.575094 -0.002197 0.001402 0.999996 0.001122 -0.002743 0.000005 0.000377 -0.003721 -0.000002 1.567246 1.579263 -0.002226 0.001541 0.999997 0.001760 -0.001869 0.000000 0.001047 -0.001087 0.000000 1.565523 1.576397 -0.002195 0.002290 0.999998 0.001410 -0.001488 0.000000 0.001696 -0.001775 0.000000 1.566448 1.575393 -0.001054 0.001051 7.124937 0.000009 -0.000031 0.000000 7.130142 0.000004 -0.000040 0.000000 7.127632 0.000011 -0.000011 0.000000 7.126152 0.000016 -0.000016 0.000000 2.540000
-10.120004 -40.099754 21.713553 0.999961 0.001793 -0.002994 -0.008121 -0.068577 -0.049638 0.415672 0.001612 -0.003561 -0.017923 0.999998 0.001253 -0.001406 0.000002 0.000999 -0.001548 0.000003 1.567418 1.575108 -0.002238 0.001399 0.999996 0.001124 -0.002761 0.000005 0.000377 -0.003705 -0.000002 1.567224 1.579278 -0.002213 0.001533 0.999997 0.001765 -0.001874 0.000000 0.001024 -0.001061 0.000000 1.565501 1.576420 -0.002203 0.002298 0.999998 0.001419 -0.001497 0.000000 0.001685 -0.001763 0.000000 1.566438 1.575404 -0.001050 0.001046 7.123786 0.000009 -0.000029 0.000000 7.128977 0.000004 -0.000039 0.000000 7.126464 0.000011 -0.000011 0.000000 7.124962 0.000015 -0.000016 0.000000 2.550000
-10.120690 -40.100250 21.717673 0.999960 0.001801 -0.003012 -0.008211 -0.069080 -0.050001 0.410898 0.001665 -0.003611 -0.018057 0.999998 0.001258 -0.001414 0.000002 0.000993 -0.001488 0.000003 1.567395 1.575122 -0.002279 0.001397 0.999996 0.001125 -0.002779 0.000005 0.000378 -0.003685 -0.000002 1.567202 1.579293 -0.002199 0.001528 0.999997 0.001771 -0.001879 0.000000 0.001002 -0.001037 0.000000 1.565479 1.576443 -0.002211 0.002306 0.999998 0.001427 -0.001506 0.000000 0.001672 -0.001749 0.000000 1.566427 1.575414 -0.001048 0.001043 7.122679 0.000009 -0.000027 0.000000 7.127857 0.000004 -0.000038 0.000000 7.125340 0.000011 -0.000011 0.000000 7.123815 0.000015 -0.000015 0.000000 2.560000
-10.121381 -40.100750 21.721745 0.999959 0.001809 -0.003030 -0.008301 -0.069584 -0.050366 0.406105 0.001718 -0.003658 -0.018191 0.999998 0.001263 -0.001421 0.000002 0.000988 -0.001418 0.000003 1.567372 1.575136 -0.002319 0.001396 0.999995 0.001127 -0.002798 0.000005 0.000380 -0.003662 -0.000002 1.567180 1.579309 -0.002183 0.001528 0.999997 0.001775 -0.001885 0.000000 0.000981 -0.001015 0.000000 1.565457 1.576466 -0.002218 0.002314 0.999998 0.001435 -0.001515 0.000000 0.001659 -0.001734 0.000000 1.566417 1.575425 -0.001047 0.001042 7.121616 0.000009 -0.000026 0.000000 7.126780 0.000004 -0.000037 0.000000 7.124260 0.000011 -0.000011 0.000000 7.122711 0.000015 -0.000015 0.000000 2.570000
-10.122077 -40.101254 21.725770 0.999958 0.001818 -0.003048 -0.008392 -0.070089 -0.050732 0.401292 0.001770 -0.003703 -0.018325 0.999998 0.001268 -0.001428 0.000002 0.000983 -0.001343 0.000003 1.567349 1.575150 -0.002359 0.001396 0.999995 0.001129 -0.002816 0.000005 0.000382 -0.003636 -0.000002 1.567159 1.579324 -0.002165 0.001532 0.999997 0.001780 -0.001890 0.000000 0.000962 -0.000994 0.000000 1.565435 1.576489 -0.002225 0.002321 0.999998 0.001443 -0.001523 0.000000 0.001644 -0.001717 0.000000 1.566406 1.575435 -0.001048 0.001041 7.120596 0.000009 -0.000025 0.000000 7.125746 0.000004 -0.000037 0.000000 7.123224 0.000011 -0.000011 0.000000 7.121650 0.000014 -0.000015 0.000000 2.580000
-10.122779 -40.101762 21.729746 0.999958 0.001826 -0.003067 -0.008484 -0.070595 -0.051099 0.396461 0.001823 -0.003745 -0.018459 0.999998 0.001273 -0.001434 0.000002 0.000978 -0.001267 0.000003 1.567325 1.575164 -0.002397 0.001397 0.999995 0.001131 -0.002834 0.000005 0.000384 -0.003606 -0.000001 1.567137 1.579339 -0.002147 0.001539 0.999997 0.001785 -0.001894 0.000000 0.000945 -0.000975 0.000000 1.565413 1.576512 -0.002231 0.002327 0.999998 0.001452 -0.001532 0.000000 0.001627 -0.001700 0.000000 1.566396 1.575445 -0.001049 0.001043 7.119619 0.000009 -0.000024 0.000000 7.124755 0.000004 -0.000036 0.000000 7.122232 0.000011 -0.000011 0.000000 7.120632 0.000014 -0.000014 0.000000 2.590000
-10.123485 -40.102273 21.733674 0.999957 0.001835 -0.003086 -0.008576 -0.071103 -0.051468 0.391612 0.001875 -0.003786 -0.018594 0.999998 0.001278 -0.001441 0.000002 0.000973 -0.001191 0.000003 1.567301 1.575178 -0.002435 0.001398 0.999995 0.001133 -0.002852 0.000005 0.000387 -0.003572 -0.000001 1.567116 1.579355 -0.002126 0.001550 0.999997 0.001790 -0.001899 0.000000 0.000930 -0.000958 0.000000 1.565391 1.576536 -0.002236 0.002332 0.999998 0.001460 -0.001540 0.000000 0.001610 -0.001681 0.000000 1.566385 1.575456 -0.001053 0.001046 7.118685 0.000008 -0.000024 0.000000 7.123808 0.000005 -0.000035 0.000000 7.121283 0.000011 -0.000011 0.000000 7.119657 0.000013 -0.000014 0.000000 2.600000
-10.124196 -40.102788 21.737553 0.999956 0.001845 -0.003105 -0.008669 -0.071611 -0.051839 0.386747 0.001926 -0.003824 -0.018728 0.999998 0.001282 -0.001446 0.000002 0.000968 -0.001117 0.000003 1.567277 1.575192 -0.002472 0.001399 0.999995 0.001135 -0.002870 0.000005 0.000391 -0.003536 -0.000001 1.567095 1.579370 -0.002105 0.001565 0.999997 0.001794 -0.001904 0.000000 0.000916 -0.000943 0.000000 1.565368 1.576559 -0.002241 0.002337 0.999998 0.001468 -0.001549 0.000000 0.001592 -0.001661 0.000000 1.566375 1.575466 -0.001057 0.001050 7.117794 0.000008 -0.000023 0.000000 7.122903 0.000005 -0.000034 0.000000 7.120377 0.000011 -0.000011 0.000000 7.118724 0.000013 -0.000014 0.000000 2.610000
-10.124913 -40.103307 21.741385 0.999955 0.001854 -0.003124 -0.008763 -0.072121 -0.052211 0.381867 0.001978 -0.003859 -0.018863 0.999998 0.001287 -0.001452 0.000002 0.000963 -0.001045 0.000003 1.567252 1.575206 -0.002508 0.001401 0.999995 0.001137 -0.002887 0.000005 0.000394 -0.003496 -0.000001 1.567074 1.579386 -0.002082 0.001583 0.999997 0.001799 -0.001909 0.000000 0.000904 -0.000930 0.000000 1.565346 1.576582 -0.002245 0.002341 0.999998 0.001476 -0.001557 0.000000 0.001572 -0.001640 0.000000 1.566364 1.575477 -0.001063 0.001056 7.116945 0.000008 -0.000023 0.000000 7.122040 0.000005 -0.000034 0.000000 7.119514 0.000011 -0.000012 0.000000 7.117833 0.000013 -0.000013 0.000000 2.620000
-10.125634 -40.103829 21.745167 0.999954 0.001864 -0.003144 -0.008857 -0.072631 -0.052585 0.376971 0.002029 -0.003892 -0.018998 0.999998 0.001292 -0.001457 0.000002 0.000959 -0.000977 0.000003 1.567227 1.575220 -0.002543 0.001403 0.999995 0.001139 -0.002904 0.000005 0.000399 -0.003453 -0.000001 1.567053 1.579402 -0.002057 0.001605 0.999997 0.001803 -0.001913 0.000000 0.000894 -0.000919 0.000000 1.565324 1.576606 -0.002248 0.002344 0.999998 0.001483 -0.001565 0.000000 0.001552 -0.001618 0.000000 1.566354 1.575487 -0.001070 0.001063 7.116138 0.000008 -0.000022 0.000000 7.121220 0.000005 -0.000033 0.000000 7.118693 0.000011 -0.000012 0.000000 7.116984 0.000012 -0.000013 0.000000 2.630000
-10.126361 -40.104355 21.748900 0.999953 0.001874 -0.003163 -0.008952 -0.073143 -0.052960 0.372062 0.002079 -0.003923 -0.019133 0.999998 0.001297 -0.001461 0.000002 0.000954 -0.000913 0.000003 1.567201 1.575234 -0.002578 0.001405 0.999995 0.001141 -0.002922 0.000005 0.000403 -0.003406 -0.000000 1.567033 1.579418 -0.002031 0.001630 0.999997 0.001808 -0.001918 0.000000 0.000885 -0.000909 0.000000 1.565301 1.576629 -0.002250 0.002346 0.999998 0.001491 -0.001573 0.000000 0.001531 -0.001594 0.000000 1.566343 1.575498 -0.001078 0.001071 7.115373 0.000008 -0.000022 0.000000 7.120442 0.000005 -0.000032 0.000000 7.117916 0.000012 -0.000012 0.000000 7.116178 0.000012 -0.000012 0.000000 2.640000
-10.127092 -40.104885 21.752585 0.999952 0.001885 -0.003183 -0.009048 -0.073656 -0.053337 0.367139 0.002129 -0.003951 -0.019269 0.999998 0.001301 -0.001466 0.000002 0.000949 -0.000853 0.000003 1.567175 1.575248 -0.002611 0.001407 0.999995 0.001143 -0.002938 0.000005 0.000409 -0.003357 -0.000000 1.567013 1.579434 -0.002004 0.001659 0.999997 0.001812 -0.001922 0.000000 0.000878 -0.000901 0.000000 1.565279 1.576652 -0.002251 0.002347 0.999998 0.001499 -0.001581 0.000000 0.001508 -0.001570 0.000000 1.566332 1.575509 -0.001088 0.001081 7.114650 0.000008 -0.000022 0.000000 7.119706 0.000005 -0.000031 0.000000 7.117180 0.000012 -0.000012 0.000000 7.115412 0.000012 -0.000012 0.000000 2.650000
-10.127829 -40.105418 21.756220 0.999951 0.001895 -0.003203 -0.009145 -0.074170 -0.053716 0.362205 0.002179 -0.003977 -0.019404 0.999998 0.001306 -0.001470 0.000002 0.000944 -0.000797 0.000003 1.567149 1.575262 -0.002643 0.001409 0.999995 0.001145 -0.002955 0.000005 0.000414 -0.003305 0.000000 1.566993 1.579451 -0.001976 0.001691 0.999996 0.001817 -0.001927 0.000000 0.000873 -0.000895 0.000000 1.565256 1.576676 -0.002252 0.002347 0.999998 0.001506 -0.001589 0.000000 0.001485 -0.001545 0.000000 1.566321 1.575519 -0.001099 0.001092 7.113968 0.000008 -0.000022 0.000000 7.119011 0.000005 -0.000030 0.000000 7.116486 0.000012 -0.000012 0.000000 7.114689 0.000011 -0.000012 0.000000 2.660000
-10.128571 -40.105956 21.759806 0.999950 0.001906 -0.003223 -0.009242 -0.074685 -0.054096 0.357258 0.002228 -0.004000 -0.019539 0.999998 0.001311 -0.001474 0.000002 0.000940 -0.000747 0.000003 1.567123 1.575276 -0.002674 0.001410 0.999995 0.001147 -0.002971 0.000005 0.000420 -0.003251 0.000001 1.566973 1.579468 -0.001947 0.001726 0.999996 0.001821 -0.001931 0.000000 0.000870 -0.000891 0.000000 1.565234 1.576699 -0.002252 0.002347 0.999998 0.001513 -0.001596 0.000000 0.001462 -0.001519 0.000000 1.566310 1.575530 -0.001110 0.001104 7.113327 0.000008 -0.000022 0.000000 7.118358 0.000005 -0.000029 0.000000 7.115834 0.000012 -0.000012 0.000000 7.114006 0.000011 -0.000011 0.000000 2.670000
-10.129318 -40.106497 21.763343 0.999949 0.001917 -0.003243 -0.009339 -0.075202 -0.054477 0.352302 0.002276 -0.004021 -0.019675 0.999998 0.001316 -0.001477 0.000002 0.000935 -0.000702 0.000003 1.567096 1.575290 -0.002704 0.001412 0.999995 0.001149 -0.002987 0.000005 0.000426 -0.003193 0.000001 1.566954 1.579485 -0.001916 0.001764 0.999996 0.001825 -0.001936 0.000000 0.000869 -0.000889 0.000000 1.565211 1.576723 -0.002251 0.002346 0.999998 0.001521 -0.001604 0.000000 0.001437 -0.001493 0.000000 1.566299 1.575541 -0.001123 0.001117 7.112727 0.000008 -0.000022 0.000000 7.117746 0.000006 -0.000028 0.000000 7.115223 0.000012 -0.000013 0.000000 7.113365 0.000011 -0.000011 0.000000 2.680000
-10.130070 -40.107042 21.766830 0.999948 0.001929 -0.003263 -0.009438 -0.075719 -0.054861 0.347335 0.002324 -0.004040 -0.019810 0.999998 0.001320 -0.001481 0.000003 0.000931 -0.000663 0.000003 1.567069 1.575304 -0.002732 0.001413 0.999995 0.001151 -0.003003 0.000005 0.000433 -0.003134 0.000001 1.566935 1.579503 -0.001884 0.001805 0.999996 0.001830 -0.001940 0.000000 0.000869 -0.000889 0.000000 1.565189 1.576746 -0.002249 0.002343 0.999998 0.001528 -0.001611 0.000000 0.001412 -0.001465 0.000000 1.566288 1.575553 -0.001137 0.001132 7.112167 0.000008 -0.000022 0.000000 7.117176 0.000006 -0.000027 0.000000 7.114654 0.000013 -0.000013 0.000000 7.112765 0.000010 -0.000011 0.000000 2.690000
-10.130828 -40.107591 21.770268 0.999947 0.001940 -0.003283 -0.009537 -0.076238 -0.055246 0.342359 0.002370 -0.004055 -0.019946 0.999998 0.001325 -0.001484 0.000003 0.000927 -0.000629 0.000003 1.567041 1.575318 -0.002760 0.001414 0.999995 0.001154 -0.003019 0.000005 0.000440 -0.003072 0.000002 1.566917 1.579521 -0.001851 0.001848 0.999996 0.001834 -0.001945 0.000000 0.000871 -0.000890 0.000000 1.565167 1.576769 -0.002246 0.002340 0.999998 0.001535 -0.001618 0.000000 0.001386 -0.001437 0.000000 1.566276 1.575564 -0.001152 0.001147 7.111648 0.000008 -0.000022 0.000000 7.116645 0.000006 -0.000026 0.000000 7.114125 0.000013 -0.000013 0.000000 7.112205 0.000010 -0.000010 0.000000 2.700000
-10.131590 -40.108143 21.773656 0.999946 0.001952 -0.003303 -0.009637 -0.076758 -0.055632 0.337376 0.002417 -0.004069 -0.020081 0.999998 0.001329 -0.001487 0.000003 0.000922 -0.000601 0.000003 1.567014 1.575332 -0.002786 0.001415 0.999995 0.001156 -0.003034 0.000005 0.000447 -0.003007 0.000002 1.566898 1.579540 -0.001817 0.001895 0.999996 0.001838 -0.001949 0.000000 0.000874 -0.000894 0.000000 1.565144 1.576793 -0.002243 0.002336 0.999997 0.001542 -0.001625 0.000000 0.001360 -0.001408 0.000000 1.566265 1.575576 -0.001167 0.001164 7.111168 0.000008 -0.000023 0.000000 7.116156 0.000006 -0.000026 0.000000 7.113636 0.000013 -0.000013 0.000000 7.111686 0.000010 -0.000010 0.000000 2.710000
-10.132358 -40.108700 21.776994 0.999945 0.001964 -0.003324 -0.009737 -0.077280 -0.056020 0.332385 0.002462 -0.004080 -0.020217 0.999998 0.001334 -0.001490 0.000003 0.000918 -0.000578 0.000003 1.566986 1.575346 -0.002811 0.001415 0.999995 0.001158 -0.003049 0.000005 0.000455 -0.002941 0.000002 1.566880 1.579559 -0.001782 0.001944 0.999996 0.001843 -0.001954 0.000000 0.000879 -0.000899 0.000000 1.565122 1.576816 -0.002238 0.002331 0.999997 0.001548 -0.001632 0.000000 0.001333 -0.001379 0.000000 1.566253 1.575587 -0.001184 0.001181 7.110728 0.000008 -0.000023 0.000000 7.115706 0.000006 -0.000025 0.000000 7.113188 0.000013 -0.000014 0.000000 7.111206 0.000009 -0.000009 0.000000 2.720000
-10.133131 -40.109260 21.780283 0.999944 0.001976 -0.003344 -0.009838 -0.077802 -0.056410 0.327387 0.002506 -0.004088 -0.020353 0.999998 0.001339 -0.001493 0.000003 0.000914 -0.000560 0.000003 1.566958 1.575360 -0.002834 0.001414 0.999995 0.001160 -0.003063 0.000005 0.000463 -0.002873 0.000003 1.566863 1.579579 -0.001746 0.001995 0.999996 0.001847 -0.001958 0.000000 0.000886 -0.000905 0.000000 1.565100 1.576839 -0.002233 0.002325 0.999997 0.001555 -0.001639 0.000000 0.001306 -0.001350 0.000000 1.566241 1.575599 -0.001201 0.001199 7.110328 0.000008 -0.000023 0.000000 7.115297 0.000006 -0.000024 0.000000 7.112780 0.000014 -0.000014 0.000000 7.110767 0.000009 -0.000009 0.000000 2.730000
-10.133909 -40.109825 21.783521 0.999943 0.001989 -0.003365 -0.009940 -0.078326 -0.056802 0.322384 0.002550 -0.004094 -0.020488 0.999998 0.001343 -0.001496 0.000003 0.000910 -0.000548 0.000003 1.566929 1.575374 -0.002857 0.001413 0.999995 0.001163 -0.003077 0.000005 0.000471 -0.002803 0.000003 1.566846 1.579599 -0.001709 0.002049 0.999996 0.001851 -0.001963 0.000000 0.000894 -0.000913 0.000000 1.565077 1.576862 -0.002227 0.002319 0.999997 0.001561 -0.001646 0.000000 0.001278 -0.001319 0.000000 1.566229 1.575611 -0.001219 0.001218 7.109967 0.000008 -0.000024 0.000000 7.114927 0.000006 -0.000023 0.000000 7.112411 0.000014 -0.000014 0.000000 7.110367 0.000009 -0.000009 0.000000 2.740000
-10.134693 -40.110393 21.786710 0.999942 0.002001 -0.003385 -0.010042 -0.078851 -0.057195 0.317375 0.002593 -0.004098 -0.020624 0.999998 0.001348 -0.001498 0.000003 0.000906 -0.000540 0.000003 1.566901 1.575389 -0.002878 0.001412 0.999995 0.001165 -0.003091 0.000005 0.000480 -0.002732 0.000003 1.566829 1.579620 -0.001671 0.002104 0.999996 0.001856 -0.001967 0.000000 0.000903 -0.000923 0.000000 1.565055 1.576885 -0.002221 0.002311 0.999997 0.001568 -0.001652 0.000000 0.001250 -0.001289 0.000000 1.566217 1.575623 -0.001238 0.001238 7.109644 0.000008 -0.000024 0.000000 7.114597 0.000007 -0.000022 0.000000 7.112082 0.000014 -0.000015 0.000000 7.110007 0.000008 -0.000008 0.000000 2.750000
-10.135481 -40.110965 21.789849 0.999941 0.002014 -0.003406 -0.010145 -0.079378 -0.057589 0.312363 0.002634 -0.004099 -0.020759 0.999998 0.001352 -0.001501 0.000003 0.000902 -0.000537 0.000003 1.566872 1.575403 -0.002897 0.001410 0.999994 0.001167 -0.003104 0.000005 0.000489 -0.002659 0.000004 1.566812 1.579641 -0.001632 0.002162 0.999996 0.001860 -0.001972 0.000000 0.000914 -0.000934 0.000000 1.565033 1.576908 -0.002213 0.002303 0.999997 0.001574 -0.001659 0.000000 0.001222 -0.001258 0.000000 1.566205 1.575636 -0.001258 0.001258 7.109360 0.000008 -0.000024 0.000000 7.114306 0.000007 -0.000021 0.000000 7.111792 0.000014 -0.000015 0.000000 7.109686 0.000008 -0.000008 0.000000 2.760000
-10.136275 -40.111541 21.792938 0.999940 0.002027 -0.003426 -0.010249 -0.079906 -0.057986 0.307347 0.002675 -0.004098 -0.020895 0.999998 0.001357 -0.001504 0.000003 0.000899 -0.000539 0.000003 1.566843 1.575417 -0.002916 0.001407 0.999994 0.001170 -0.003118 0.000005 0.000498 -0.002585 0.000004 1.566796 1.579663 -0.001592 0.002221 0.999996 0.001865 -0.001976 0.000000 0.000926 -0.000947 0.000000 1.565011 1.576931 -0.002205 0.002294 0.999997 0.001580 -0.001665 0.000000 0.001194 -0.001227 0.000000 1.566192 1.575648 -0.001278 0.001279 7.109114 0.000008 -0.000025 0.000000 7.114054 0.000007 -0.000020 0.000000 7.111540 0.000015 -0.000015 0.000000 7.109404 0.000008 -0.000008 0.000000 2.770000
-10.137075 -40.112121 21.795977 0.999938 0.002041 -0.003447 -0.010354 -0.080435 -0.058384 0.302328 0.002715 -0.004094 -0.021030 0.999998 0.001361 -0.001506 0.000003 0.000895 -0.000545 0.000003 1.566814 1.575431 -0.002932 0.001404 0.999994 0.001172 -0.003130 0.000005 0.000507 -0.002510 0.000004 1.566780 1.579685 -0.001552 0.002282 0.999996 0.001870 -0.001981 0.000000 0.000940 -0.000961 0.000000 1.564989 1.576954 -0.002196 0.002284 0.999997 0.001586 -0.001671 0.000000 0.001165 -0.001196 0.000000 1.566179 1.575661 -0.001298 0.001301 7.108906 0.000008 -0.000025 0.000000 7.113840 0.000007 -0.000019 0.000000 7.111327 0.000015 -0.000015 0.000000 7.109161 0.000007 -0.000007 0.000000 2.780000
-10.137879 -40.112705 21.798966 0.999937 0.002054 -0.003467 -0.010459 -0.080966 -0.058783 0.297308 0.002753 -0.004088 -0.021165 0.999998 0.001366 -0.001509 0.000003 0.000892 -0.000554 0.000003 1.566785 1.575445 -0.002948 0.001401 0.999994 0.001175 -0.003143 0.000005 0.000517 -0.002435 0.000005 1.566765 1.579708 -0.001511 0.002344 0.999996 0.001874 -0.001986 0.000000 0.000954 -0.000976 0.000000 1.564967 1.576977 -0.002186 0.002273 0.999997 0.001591 -0.001677 0.000000 0.001137 -0.001165 0.000000 1.566166 1.575674 -0.001319 0.001323 7.108735 0.000008 -0.000026 0.000000 7.113665 0.000007 -0.000018 0.000000 7.111152 0.000015 -0.000016 0.000000 7.108956 0.000007 -0.000007 0.000000 2.790000
-10.138689 -40.113293 21.801904 0.999936 0.002068 -0.003488 -0.010565 -0.081498 -0.059184 0.292287 0.002791 -0.004080 -0.021301 0.999998 0.001370 -0.001512 0.000003 0.000888 -0.000567 0.000002 1.566755 1.575459 -0.002961 0.001397 0.999994 0.001178 -0.003155 0.000005 0.000526 -0.002358 0.000005 1.566750 1.579732 -0.001469 0.002408 0.999996 0.001879 -0.001991 0.000000 0.000970 -0.000992 0.000000 1.564946 1.576999 -0.002176 0.002262 0.999997 0.001597 -0.001682 0.000000 0.001108 -0.001134 0.000000 1.566153 1.575688 -0.001340 0.001346 7.108602 0.000008 -0.000026 0.000000 7.113527 0.000007 -0.000018 0.000000 7.111015 0.000016 -0.000016 0.000000 7.108789 0.000007 -0.000007 0.000000 2.800000
-10.139504 -40.113885 21.804793 0.999935 0.002082 -0.003508 -0.010671 -0.082032 -0.059587 0.287265 0.002827 -0.004069 -0.021436 0.999998 0.001374 -0.001515 0.000003 0.000885 -0.000582 0.000002 1.566726 1.575473 -0.002974 0.001392 0.999994 0.001180 -0.003166 0.000005 0.000536 -0.002281 0.000006 1.566736 1.579756 -0.001427 0.002473 0.999996 0.001884 -0.001996 0.000000 0.000987 -0.001010 0.000000 1.564924 1.577022 -0.002165 0.002250 0.999997 0.001602 -0.001688 0.000000 0.001080 -0.001103 0.000000 1.566139 1.575701 -0.001362 0.001369 7.108505 0.000008 -0.000027 0.000000 7.113428 0.000007 -0.000017 0.000000 7.110915 0.000016 -0.000016 0.000000 7.108661 0.000007 -0.000006 0.000000 2.810000
-10.140324 -40.114481 21.807632 0.999933 0.002096 -0.003528 -0.010778 -0.082567 -0.059992 0.282243 0.002862 -0.004057 -0.021571 0.999998 0.001379 -0.001518 0.000003 0.000882 -0.000601 0.000002 1.566696 1.575486 -0.002985 0.001387 0.999994 0.001183 -0.003177 0.000006 0.000546 -0.002204 0.000006 1.566722 1.579781 -0.001384 0.002539 0.999996 0.001889 -0.002001 0.000000 0.001005 -0.001028 0.000000 1.564902 1.577044 -0.002153 0.002237 0.999997 0.001608 -0.001693 0.000000 0.001051 -0.001072 0.000000 1.566126 1.575715 -0.001384 0.001392 7.108445 0.000008 -0.000027 0.000000 7.113365 0.000007 -0.000016 0.000000 7.110853 0.000016 -0.000017 0.000000 7.108569 0.000006 -0.000006 0.000000 2.820000
-10.141150 -40.115081 21.810420 0.999932 0.002110 -0.003549 -0.010886 -0.083103 -0.060398 0.277223 0.002896 -0.004042 -0.021706 0.999998 0.001383 -0.001521 0.000003 0.000879 -0.000621 0.000002 1.566666 1.575500 -0.002994 0.001382 0.999994 0.001186 -0.003188 0.000006 0.000556 -0.002126 0.000006 1.566708 1.579807 -0.001341 0.002605 0.999996 0.001894 -0.002006 0.000000 0.001023 -0.001048 0.000000 1.564881 1.577066 -0.002141 0.002224 0.999997 0.001613 -0.001699 0.000000 0.001023 -0.001042 0.000000 1.566112 1.575729 -0.001406 0.001415 7.108421 0.000008 -0.000027 0.000000 7.113340 0.000008 -0.000015 0.000000 7.110827 0.000016 -0.000017 0.000000 7.108515 0.000006 -0.000006 0.000000 2.830000
-10.141981 -40.115685 21.813159 0.999931 0.002124 -0.003569 -0.010995 -0.083641 -0.060805 0.272205 0.002929 -0.004025 -0.021840 0.999998 0.001388 -0.001524 0.000003 0.000876 -0.000643 0.000002 1.566636 1.575514 -0.003002 0.001376 0.999994 0.001188 -0.003198 0.000006 0.000566 -0.002049 0.000007 1.566695 1.579833 -0.001297 0.002672 0.999996 0.001899 -0.002011 0.000000 0.001043 -0.001068 0.000000 1.564860 1.577089 -0.002128 0.002210 0.999997 0.001618 -0.001704 0.000000 0.000995 -0.001011 0.000000 1.566098 1.575743 -0.001428 0.001439 7.108433 0.000008 -0.000028 0.000000 7.113352 0.000008 -0.000015 0.000000 7.110838 0.000017 -0.000017 0.000000 7.108499 0.000006 -0.000006 0.000000 2.840000
-10.142818 -40.116293 21.815847 0.999930 0.002139 -0.003589 -0.011104 -0.084181 -0.061215 0.267189 0.002961 -0.004006 -0.021975 0.999998 0.001392 -0.001527 0.000003 0.000873 -0.000667 0.000002 1.566606 1.575528 -0.003008 0.001370 0.999994 0.001191 -0.003208 0.000006 0.000577 -0.001972 0.000007 1.566682 1.579860 -0.001252 0.002740 0.999996 0.001904 -0.002017 0.000000 0.001063 -0.001089 0.000000 1.564839 1.577110 -0.002115 0.002196 0.999997 0.001623 -0.001709 0.000000 0.000968 -0.000981 0.000000 1.566083 1.575758 -0.001451 0.001463 7.108481 0.000008 -0.000028 0.000000 7.113400 0.000008 -0.000014 0.000000 7.110885 0.000017 -0.000018 0.000000 7.108518 0.000006 -0.000005 0.000000 2.850000
-10.143660 -40.116906 21.818490 0.999928 0.002153 -0.003609 -0.011214 -0.084727 -0.061629 0.262999 0.002991 -0.003988 -0.022111 0.999998 0.001397 -0.001532 0.000003 0.000949 -0.001139 0.000002 1.566576 1.575541 -0.003012 0.001362 0.999994 0.001194 -0.003219 0.000006 0.000723 -0.002254 0.000009 1.566670 1.579888 -0.001206 0.002805 0.999996 0.001911 -0.002023 0.000000 0.001405 -0.001454 0.000000 1.564818 1.577132 -0.002100 0.002179 0.999997 0.001628 -0.001714 0.000000 0.001145 -0.001168 0.000000 1.566069 1.575772 -0.001472 0.001485 7.149419 0.000009 -0.000070 0.000000 7.154574 0.000011 -0.000036 0.000000 7.152000 0.000037 -0.000039 0.000000 7.149470 0.000013 -0.000013 0.000000 2.860000
-10.144507 -40.117522 21.821091 0.999927 0.002168 -0.003629 -0.011324 -0.085274 -0.062046 0.258807 0.003020 -0.003968 -0.022246 0.999998 0.001401 -0.001538 0.000003 0.000947 -0.001516 0.000002 1.566546 1.575555 -0.003014 0.001354 0.999994 0.001198 -0.003230 0.000006 0.000738 -0.002311 0.000009 1.566658 1.579916 -0.001160 0.002871 0.999996 0.001918 -0.002031 0.000000 0.001542 -0.001599 0.000000 1.564797 1.577154 -0.002084 0.002162 0.999997 0.001634 -0.001720 0.000000 0.001145 -0.001168 0.000000 1.566054 1.575787 -0.001494 0.001508 7.149205 0.000009 -0.000054 0.000000 7.154360 0.000009 -0.000021 0.000000 7.151785 0.000025 -0.000026 0.000000 7.149229 0.000008 -0.000008 0.000000 2.870000
-10.145360 -40.118143 21.823650 0.999926 0.002183 -0.003649 -0.011436 -0.085824 -0.062464 0.254612 0.003048 -0.003946 -0.022381 0.999998 0.001406 -0.001546 0.000003 0.000945 -0.001692 0.000002 1.566516 1.575568 -0.003015 0.001348 0.999994 0.001202 -0.003242 0.000006 0.000747 -0.002257 0.000010 1.566647 1.579945 -0.001114 0.002938 0.999996 0.001926 -0.002039 0.000000 0.001578 -0.001637 0.000000 1.564776 1.577175 -0.002069 0.002146 0.999997 0.001639 -0.001726 0.000000 0.001118 -0.001138 0.000000 1.566039 1.575802 -0.001515 0.001531 7.149021 0.000009 -0.000044 0.000000 7.154178 0.000009 -0.000017 0.000000 7.151601 0.000022 -0.000023 0.000000 7.149020 0.000007 -0.000007 0.000000 2.880000
-10.146218 -40.118768 21.826167 0.999924 0.002198 -0.003668 -0.011547 -0.086375 -0.062883 0.250416 0.003074 -0.003922 -0.022516 0.999998 0.001411 -0.001555 0.000003 0.000942 -0.001748 0.000002 1.566486 1.575582 -0.003014 0.001342 0.999994 0.001206 -0.003253 0.000006 0.000756 -0.002181 0.000010 1.566636 1.579975 -0.001068 0.003005 0.999996 0.001934 -0.002047 0.000000 0.001595 -0.001654 0.000000 1.564755 1.577197 -0.002054 0.002130 0.999997 0.001645 -0.001731 0.000000 0.001089 -0.001106 0.000000 1.566024 1.575818 -0.001537 0.001554 7.148868 0.000009 -0.000037 0.000000 7.154028 0.000009 -0.000016 0.000000 7.151449 0.000022 -0.000023 0.000000 7.148843 0.000007 -0.000007 0.000000 2.890000
-10.147082 -40.119397 21.828643 0.999923 0.002213 -0.003688 -0.011660 -0.086927 -0.063304 0.246218 0.003098 -0.003897 -0.022651 0.999998 0.001415 -0.001564 0.000003 0.000940 -0.001739 0.000002 1.566456 1.575595 -0.003012 0.001338 0.999994 0.001209 -0.003263 0.000006 0.000765 -0.002102 0.000011 1.566626 1.580005 -0.001022 0.003073 0.999996 0.001942 -0.002055 0.000000 0.001607 -0.001667 0.000000 1.564735 1.577218 -0.002040 0.002114 0.999997 0.001650 -0.001737 0.000000 0.001061 -0.001075 0.000000 1.566008 1.575833 -0.001559 0.001577 7.148746 0.000009 -0.000033 0.000000 7.153910 0.000010 -0.000015 0.000000 7.151328 0.000022 -0.000022 0.000000 7.148699 0.000007 -0.000007 0.000000 2.900000
-10.147951 -40.120030 21.831076 0.999921 0.002229 -0.003707 -0.011773 -0.087481 -0.063727 0.242020 0.003122 -0.003869 -0.022786 0.999998 0.001420 -0.001572 0.000003 0.000938 -0.001694 0.000002 1.566426 1.575608 -0.003008 0.001335 0.999994 0.001213 -0.003274 0.000006 0.000774 -0.002023 0.000011 1.566616 1.580036 -0.000976 0.003141 0.999996 0.001950 -0.002064 0.000000 0.001618 -0.001679 0.000000 1.564715 1.577239 -0.002026 0.002098 0.999997 0.001655 -0.001742 0.000000 0.001032 -0.001044 0.000000 1.565993 1.575849 -0.001581 0.001601 7.148654 0.000009 -0.000031 0.000000 7.153823 0.000010 -0.000015 0.000000 7.151238 0.000022 -0.000022 0.000000 7.148586 0.000007 -0.000006 0.000000 2.910000
-10.148826 -40.120667 21.833468 0.999920 0.002244 -0.003726 -0.011887 -0.088037 -0.064151 0.237823 0.003144 -0.003840 -0.022921 0.999998 0.001425 -0.001580 0.000003 0.000936 -0.001629 0.000002 1.566396 1.575622 -0.003003 0.001333 0.999994 0.001217 -0.003284 0.000006 0.000783 -0.001945 0.000011 1.566606 1.580068 -0.000930 0.003208 0.999996 0.001958 -0.002072 0.000000 0.001629 -0.001689 0.000000 1.564695 1.577260 -0.002012 0.002083 0.999997 0.001661 -0.001747 0.000000 0.001005 -0.001014 0.000000 1.565977 1.575865 -0.001603 0.001624 7.148593 0.000009 -0.000029 0.000000 7.153768 0.000010 -0.000014 0.000000 7.151180 0.000022 -0.000022 0.000000 7.148506 0.000006 -0.000006 0.000000 2.920000
-10.149706 -40.121309 21.835818 0.999918 0.002260 -0.003746 -0.012002 -0.088594 -0.064577 0.233626 0.003164 -0.003808 -0.023055 0.999998 0.001429 -0.001588 0.000003 0.000934 -0.001552 0.000003 1.566366 1.575635 -0.002996 0.001332 0.999994 0.001221 -0.003293 0.000006 0.000792 -0.001869 0.000012 1.566597 1.580100 -0.000885 0.003276 0.999996 0.001966 -0.002081 0.000000 0.001638 -0.001699 0.000000 1.564675 1.577280 -0.001999 0.002069 0.999997 0.001666 -0.001752 0.000000 0.000978 -0.000984 0.000000 1.565961 1.575882 -0.001625 0.001647 7.148563 0.000009 -0.000027 0.000000 7.153743 0.000010 -0.000013 0.000000 7.151152 0.000022 -0.000022 0.000000 7.148456 0.000006 -0.000006 0.000000 2.930000
-10.150592 -40.121955 21.838126 0.999917 0.002275 -0.003765 -0.012117 -0.089153 -0.065004 0.229430 0.003183 -0.003775 -0.023189 0.999998 0.001434 -0.001596 0.000003 0.000933 -0.001469 0.000003 1.566336 1.575648 -0.002988 0.001332 0.999994 0.001225 -0.003302 0.000006 0.000801 -0.001793 0.000012 1.566589 1.580133 -0.000839 0.003343 0.999996 0.001974 -0.002089 0.000000 0.001647 -0.001708 0.000000 1.564655 1.577301 -0.001986 0.002055 0.999997 0.001670 -0.001757 0.000000 0.000951 -0.000955 0.000000 1.565944 1.575898 -0.001647 0.001671 7.148562 0.000009 -0.000026 0.000000 7.153749 0.000010 -0.000013 0.000000 7.151155 0.000022 -0.000022 0.000000 7.148438 0.000006 -0.000006 0.000000 2.940000
-10.151484 -40.122605 21.840392 0.999915 0.002291 -0.003783 -0.012233 -0.089713 -0.065433 0.225237 0.003200 -0.003741 -0.023323 0.999998 0.001439 -0.001603 0.000003 0.000931 -0.001384 0.000003 1.566307 1.575661 -0.002978 0.001333 0.999994 0.001229 -0.003311 0.000006 0.000809 -0.001718 0.000013 1.566581 1.580167 -0.000795 0.003409 0.999996 0.001982 -0.002098 0.000000 0.001654 -0.001715 0.000000 1.564635 1.577321 -0.001974 0.002041 0.999997 0.001675 -0.001762 0.000000 0.000925 -0.000927 0.000000 1.565928 1.575915 -0.001669 0.001694 7.148590 0.000009 -0.000025 0.000000 7.153786 0.000010 -0.000012 0.000000 7.151188 0.000021 -0.000022 0.000000 7.148451 0.000006 -0.000006 0.000000 2.950000
-10.152381 -40.123259 21.842616 0.999914 0.002307 -0.003802 -0.012350 -0.090276 -0.065864 0.221046 0.003215 -0.003705 -0.023456 0.999998 0.001443 -0.001610 0.000003 0.000929 -0.001298 0.000003 1.566277 1.575675 -0.002967 0.001335 0.999994 0.001233 -0.003319 0.000006 0.000818 -0.001645 0.000013 1.566573 1.580201 -0.000750 0.003475 0.999996 0.001991 -0.002106 0.000000 0.001661 -0.001722 0.000000 1.564615 1.577342 -0.001962 0.002028 0.999997 0.001680 -0.001766 0.000000 0.000900 -0.000899 0.000000 1.565911 1.575932 -0.001690 0.001716 7.148648 0.000009 -0.000024 0.000000 7.153853 0.000010 -0.000012 0.000000 7.151251 0.000021 -0.000022 0.000000 7.148495 0.000006 -0.000005 0.000000 2.960000
-10.153284 -40.123918 21.844799 0.999912 0.002323 -0.003820 -0.012467 -0.090840 -0.066295 0.216859 0.003230 -0.003667 -0.023590 0.999998 0.001448 -0.001616 0.000003 0.000928 -0.001213 0.000003 1.566247 1.575688 -0.002955 0.001337 0.999994 0.001237 -0.003327 0.000006 0.000826 -0.001574 0.000013 1.566566 1.580236 -0.000706 0.003539 0.999996 0.001999 -0.002115 0.000000 0.001666 -0.001727 0.000000 1.564596 1.577362 -0.001951 0.002016 0.999997 0.001684 -0.001771 0.000000 0.000875 -0.000872 0.000000 1.565894 1.575949 -0.001711 0.001739 7.148735 0.000009 -0.000024 0.000000 7.153949 0.000010 -0.000011 0.000000 7.151344 0.000021 -0.000022 0.000000 7.148569 0.000006 -0.000005 0.000000 2.970000
-10.154192 -40.124581 21.846940 0.999911 0.002338 -0.003839 -0.012585 -0.091406 -0.066729 0.212675 0.003242 -0.003628 -0.023723 0.999998 0.001453 -0.001622 0.000003 0.000927 -0.001130 0.000003 1.566218 1.575701 -0.002941 0.001340 0.999994 0.001241 -0.003335 0.000006 0.000834 -0.001505 0.000014 1.566559 1.580271 -0.000663 0.003603 0.999996 0.002007 -0.002123 0.000000 0.001671 -0.001731 0.000000 1.564577 1.577382 -0.001940 0.002004 0.999997 0.001688 -0.001775 0.000000 0.000851 -0.000845 0.000000 1.565877 1.575967 -0.001732 0.001761 7.148851 0.000009 -0.000023 0.000000 7.154075 0.000010 -0.000011 0.000000 7.151466 0.000021 -0.000022 0.000000 7.148673 0.000006 -0.000005 0.000000 2.980000
-10.155106 -40.125248 21.849039 0.999909 0.002354 -0.003857 -0.012703 -0.091973 -0.067164 0.208496 0.003253 -0.003587 -0.023856 0.999998 0.001457 -0.001627 0.000003 0.000926 -0.001050 0.000003 1.566189 1.575715 -0.002925 0.001343 0.999994 0.001245 -0.003342 0.000006 0.000841 -0.001437 0.000014 1.566552 1.580308 -0.000620 0.003665 0.999996 0.002016 -0.002132 0.000000 0.001674 -0.001735 0.000000 1.564557 1.577402 -0.001930 0.001993 0.999997 0.001692 -0.001779 0.000000 0.000828 -0.000820 0.000000 1.565860 1.575984 -0.001752 0.001782 7.148996 0.000009 -0.000023 0.000000 7.154231 0.000010 -0.000010 0.000000 7.151618 0.000021 -0.000022 0.000000 7.148807 0.000005 -0.000005 0.000000 2.990000
-10.156026 -40.125920 21.851097 0.999907 0.002370 -0.003875 -0.012823 -0.092542 -0.067600 0.204322 0.003262 -0.003545 -0.023989 0.999998 0.001462 -0.001632 0.000003 0.000925 -0.000974 0.000003 1.566160 1.575728 -0.002908 0.001346 0.999994 0.001250 -0.003349 0.000006 0.000849 -0.001372 0.000014 1.566546 1.580344 -0.000578 0.003727 0.999996 0.002024 -0.002141 0.000000 0.001676 -0.001737 0.000000 1.564538 1.577422 -0.001921 0.001982 0.999997 0.001697 -0.001783 0.000000 0.000805 -0.000795 0.000000 1.565842 1.576002 -0.001772 0.001803 7.149169 0.000009 -0.000022 0.000000 7.154416 0.000010 -0.000010 0.000000 7.151798 0.000021 -0.000022 0.000000 7.148971 0.000005 -0.000005 0.000000 3.000000
-10.156951 -40.126596 21.853113 0.999906 0.002386 -0.003892 -0.012943 -0.093114 -0.068038 0.200153 0.003270 -0.003502 -0.024122 0.999998 0.001466 -0.001637 0.000003 0.000924 -0.000903 0.000003 1.566131 1.575742 -0.002890 0.001350 0.999994 0.001254 -0.003356 0.000007 0.000856 -0.001309 0.000014 1.566541 1.580382 -0.000536 0.003786 0.999996 0.002032 -0.002149 0.000000 0.001678 -0.001738 0.000000 1.564519 1.577441 -0.001912 0.001972 0.999997 0.001700 -0.001787 0.000000 0.000784 -0.000771 0.000000 1.565824 1.576020 -0.001791 0.001824 7.149370 0.000009 -0.000022 0.000000 7.154629 0.000010 -0.000010 0.000000 7.152008 0.000021 -0.000022 0.000000 7.149164 0.000005 -0.000005 0.000000 3.010000
-10.157882 -40.127277 21.855088 0.999904 0.002402 -0.003910 -0.013063 -0.093687 -0.068477 0.195991 0.003276 -0.003457 -0.024254 0.999998 0.001471 -0.001641 0.000003 0.000923 -0.000836 0.000003 1.566102 1.575755 -0.002871 0.001353 0.999994 0.001258 -0.003362 0.000007 0.000863 -0.001248 0.000015 1.566536 1.580420 -0.000495 0.003844 0.999996 0.002041 -0.002158 0.000000 0.001678 -0.001738 0.000000 1.564500 1.577461 -0.001903 0.001963 0.999997 0.001704 -0.001791 0.000000 0.000763 -0.000749 0.000000 1.565806 1.576039 -0.001810 0.001843 7.149598 0.000009 -0.000022 0.000000 7.154871 0.000010 -0.000010 0.000000 7.152245 0.000021 -0.000022 0.000000 7.149386 0.000005 -0.000005 0.000000 3.020000
-10.158819 -40.127961 21.857021 0.999902 0.002419 -0.003927 -0.013184 -0.094261 -0.068918 0.191835 0.003280 -0.003411 -0.024386 0.999998 0.001476 -0.001645 0.000003 0.000923 -0.000775 0.000003 1.566074 1.575769 -0.002850 0.001357 0.999994 0.001263 -0.003369 0.000007 0.000869 -0.001190 0.000015 1.566531 1.580459 -0.000455 0.003900 0.999996 0.002049 -0.002167 0.000000 0.001677 -0.001737 0.000000 1.564481 1.577480 -0.001895 0.001954 0.999997 0.001708 -0.001794 0.000000 0.000744 -0.000727 0.000000 1.565788 1.576057 -0.001828 0.001863 7.149854 0.000009 -0.000022 0.000000 7.155140 0.000010 -0.000009 0.000000 7.152511 0.000021 -0.000021 0.000000 7.149637 0.000005 -0.000005 0.000000 3.030000
-10.159762 -40.128651 21.858912 0.999901 0.002435 -0.003944 -0.013306 -0.094838 -0.069360 0.187687 0.003283 -0.003365 -0.024518 0.999998 0.001480 -0.001649 0.000003 0.000922 -0.000719 0.000003 1.566045 1.575782 -0.002827 0.001360 0.999994 0.001267 -0.003374 0.000007 0.000875 -0.001135 0.000015 1.566527 1.580498 -0.000415 0.003954 0.999996 0.002057 -0.002175 0.000000 0.001676 -0.001735 0.000000 1.564462 1.577500 -0.001888 0.001946 0.999997 0.001712 -0.001798 0.000000 0.000725 -0.000706 0.000000 1.565770 1.576076 -0.001846 0.001881 7.150137 0.000009 -0.000022 0.000000 7.155438 0.000010 -0.000009 0.000000 7.152805 0.000020 -0.000021 0.000000 7.149916 0.000005 -0.000005 0.000000 3.040000
-10.160710 -40.129344 21.860763 0.999899 0.002451 -0.003961 -0.013429 -0.095417 -0.069804 0.183546 0.003284 -0.003317 -0.024650 0.999998 0.001485 -0.001652 0.000003 0.000922 -0.000670 0.000003 1.566017 1.575796 -0.002803 0.001363 0.999993 0.001271 -0.003380 0.000007 0.000881 -0.001082 0.000015 1.566523 1.580537 -0.000377 0.004006 0.999995 0.002066 -0.002184 0.000000 0.001673 -0.001731 0.000000 1.564443 1.577519 -0.001882 0.001938 0.999997 0.001715 -0.001801 0.000000 0.000707 -0.000687 0.000000 1.565751 1.576094 -0.001863 0.001899 7.150447 0.000009 -0.000022 0.000000 7.155763 0.000010 -0.000009 0.000000 7.153126 0.000020 -0.000021 0.000000 7.150224 0.000005 -0.000005 0.000000 3.050000
-10.161664 -40.130042 21.862572 0.999897 0.002467 -0.003977 -0.013552 -0.095997 -0.070249 0.179414 0.003284 -0.003268 -0.024781 0.999998 0.001489 -0.001656 0.000003 0.000922 -0.000626 0.000003 1.565989 1.575809 -0.002778 0.001366 0.999993 0.001276 -0.003385 0.000007 0.000887 -0.001033 0.000016 1.566519 1.580578 -0.000339 0.004055 0.999995 0.002074 -0.002192 0.000000 0.001669 -0.001727 0.000000 1.564425 1.577539 -0.001876 0.001931 0.999997 0.001719 -0.001805 0.000000 0.000691 -0.000668 0.000000 1.565733 1.576113 -0.001879 0.001916 7.150784 0.000009 -0.000022 0.000000 7.156116 0.000010 -0.000009 0.000000 7.153475 0.000020 -0.000021 0.000000 7.150560 0.000005 -0.000005 0.000000 3.060000
-10.162624 -40.130745 21.864340 0.999895 0.002483 -0.003993 -0.013676 -0.096579 -0.070695 0.175291 0.003282 -0.003219 -0.024913 0.999998 0.001494 -0.001659 0.000003 0.000922 -0.000589 0.000003 1.565962 1.575823 -0.002752 0.001368 0.999993 0.001280 -0.003390 0.000007 0.000892 -0.000986 0.000016 1.566516 1.580618 -0.000303 0.004103 0.999995 0.002082 -0.002201 0.000000 0.001665 -0.001722 0.000000 1.564406 1.577558 -0.001870 0.001925 0.999997 0.001722 -0.001808 0.000000 0.000675 -0.000651 0.000000 1.565714 1.576133 -0.001894 0.001932 7.151147 0.000009 -0.000023 0.000000 7.156495 0.000010 -0.000009 0.000000 7.153851 0.000020 -0.000021 0.000000 7.150923 0.000005 -0.000005 0.000000 3.070000
-10.163590 -40.131452 21.866067 0.999894 0.002499 -0.004009 -0.013800 -0.097164 -0.071143 0.171177 0.003278 -0.003168 -0.025044 0.999997 0.001499 -0.001662 0.000003 0.000922 -0.000557 0.000003 1.565935 1.575837 -0.002725 0.001370 0.999993 0.001285 -0.003395 0.000007 0.000897 -0.000943 0.000016 1.566513 1.580659 -0.000267 0.004148 0.999995 0.002091 -0.002210 0.000000 0.001659 -0.001715 0.000000 1.564387 1.577577 -0.001865 0.001919 0.999997 0.001726 -0.001811 0.000000 0.000660 -0.000635 0.000000 1.565695 1.576152 -0.001909 0.001947 7.151536 0.000009 -0.000023 0.000000 7.156901 0.000010 -0.000009 0.000000 7.154253 0.000020 -0.000020 0.000000 7.151313 0.000005 -0.000005 0.000000 3.080000
-10.164561 -40.132163 21.867753 0.999892 0.002515 -0.004025 -0.013925 -0.097750 -0.071592 0.167073 0.003273 -0.003117 -0.025175 0.999997 0.001503 -0.001664 0.000003 0.000922 -0.000531 0.000003 1.565907 1.575850 -0.002696 0.001371 0.999993 0.001289 -0.003400 0.000007 0.000902 -0.000902 0.000016 1.566511 1.580701 -0.000232 0.004190 0.999995 0.002099 -0.002218 0.000000 0.001652 -0.001708 0.000000 1.564369 1.577596 -0.001861 0.001914 0.999997 0.001729 -0.001814 0.000000 0.000647 -0.000620 0.000000 1.565676 1.576171 -0.001922 0.001961 7.151951 0.000009 -0.000023 0.000000 7.157333 0.000010 -0.000009 0.000000 7.154682 0.000020 -0.000020 0.000000 7.151731 0.000005 -0.000005 0.000000 3.090000
-10.165539 -40.132879 21.869398 0.999890 0.002531 -0.004041 -0.014051 -0.098338 -0.072043 0.162979 0.003266 -0.003065 -0.025306 0.999997 0.001508 -0.001667 0.000003 0.000922 -0.000512 0.000003 1.565881 1.575864 -0.002666 0.001372 0.999993 0.001294 -0.003404 0.000007 0.000906 -0.000865 0.000016 1.566508 1.580743 -0.000199 0.004230 0.999995 0.002107 -0.002227 0.000000 0.001645 -0.001699 0.000000 1.564350 1.577615 -0.001858 0.001910 0.999997 0.001732 -0.001818 0.000000 0.000635 -0.000606 0.000000 1.565657 1.576191 -0.001935 0.001975 7.152391 0.000009 -0.000024 0.000000 7.157792 0.000010 -0.000009 0.000000 7.155138 0.000019 -0.000020 0.000000 7.152175 0.000005 -0.000005 0.000000 3.100000
-10.166522 -40.133600 21.871002 0.999888 0.002547 -0.004056 -0.014178 -0.098929 -0.072495 0.158897 0.003258 -0.003013 -0.025437 0.999997 0.001512 -0.001669 0.000003 0.000922 -0.000498 0.000003 1.565854 1.575878 -0.002634 0.001372 0.999993 0.001298 -0.003408 0.000007 0.000910 -0.000832 0.000017 1.566507 1.580785 -0.000166 0.004267 0.999995 0.002115 -0.002235 0.000000 0.001637 -0.001690 0.000000 1.564332 1.577634 -0.001855 0.001906 0.999997 0.001735 -0.001821 0.000000 0.000624 -0.000593 0.000000 1.565637 1.576211 -0.001947 0.001987 7.152857 0.000009 -0.000024 0.000000 7.158275 0.000010 -0.000009 0.000000 7.155619 0.000019 -0.000020 0.000000 7.152646 0.000005 -0.000005 0.000000 3.110000
-10.167511 -40.134325 21.872566 0.999886 0.002563 -0.004071 -0.014305 -0.099521 -0.072949 0.154826 0.003248 -0.002960 -0.025567 0.999997 0.001517 -0.001672 0.000003 0.000923 -0.000489 0.000003 1.565828 1.575891 -0.002602 0.001371 0.999993 0.001303 -0.003412 0.000007 0.000913 -0.000801 0.000017 1.566505 1.580828 -0.000135 0.004301 0.999995 0.002123 -0.002244 0.000000 0.001627 -0.001680 0.000000 1.564313 1.577653 -0.001852 0.001903 0.999997 0.001738 -0.001823 0.000000 0.000614 -0.000582 0.000000 1.565618 1.576231 -0.001958 0.001998 7.153347 0.000009 -0.000024 0.000000 7.158785 0.000010 -0.000009 0.000000 7.156126 0.000019 -0.000020 0.000000 7.153143 0.000006 -0.000005 0.000000 3.120000
-10.168506 -40.135054 21.874089 0.999884 0.002579 -0.004085 -0.014433 -0.100115 -0.073403 0.150767 0.003236 -0.002907 -0.025698 0.999997 0.001522 -0.001674 0.000003 0.000924 -0.000486 0.000003 1.565802 1.575905 -0.002568 0.001370 0.999993 0.001307 -0.003416 0.000007 0.000916 -0.000774 0.000017 1.566504 1.580871 -0.000104 0.004332 0.999995 0.002131 -0.002252 0.000000 0.001618 -0.001669 0.000000 1.564295 1.577672 -0.001850 0.001900 0.999997 0.001741 -0.001826 0.000000 0.000605 -0.000572 0.000000 1.565598 1.576251 -0.001968 0.002008 7.153862 0.000009 -0.000025 0.000000 7.159319 0.000010 -0.000009 0.000000 7.156659 0.000019 -0.000019 0.000000 7.153665 0.000006 -0.000005 0.000000 3.130000
-10.169507 -40.135788 21.875572 0.999882 0.002595 -0.004100 -0.014561 -0.100711 -0.073860 0.146721 0.003223 -0.002853 -0.025828 0.999997 0.001526 -0.001677 0.000003 0.000924 -0.000487 0.000003 1.565777 1.575919 -0.002534 0.001369 0.999993 0.001312 -0.003420 0.000007 0.000919 -0.000751 0.000017 1.566503 1.580914 -0.000075 0.004360 0.999995 0.002140 -0.002260 0.000000 0.001607 -0.001657 0.000000 1.564276 1.577691 -0.001849 0.001898 0.999997 0.001744 -0.001829 0.000000 0.000597 -0.000563 0.000000 1.565579 1.576271 -0.001977 0.002017 7.154401 0.000009 -0.000025 0.000000 7.159878 0.000010 -0.000010 0.000000 7.157216 0.000019 -0.000019 0.000000 7.154214 0.000006 -0.000005 0.000000 3.140000
-10.170514 -40.136527 21.877014 0.999880 0.002610 -0.004114 -0.014690 -0.101310 -0.074317 0.142687 0.003209 -0.002799 -0.025958 0.999997 0.001531 -0.001679 0.000003 0.000925 -0.000493 0.000003 1.565752 1.575932 -0.002498 0.001367 0.999993 0.001316 -0.003424 0.000008 0.000921 -0.000731 0.000017 1.566502 1.580958 -0.000047 0.004385 0.999995 0.002147 -0.002268 0.000000 0.001595 -0.001645 0.000000 1.564258 1.577710 -0.001848 0.001896 0.999997 0.001747 -0.001832 0.000000 0.000591 -0.000556 0.000000 1.565559 1.576291 -0.001984 0.002025 7.154964 0.000009 -0.000026 0.000000 7.160461 0.000010 -0.000010 0.000000 7.157799 0.000019 -0.000019 0.000000 7.154787 0.000006 -0.000005 0.000000 3.150000
-10.171527 -40.137270 21.878417 0.999878 0.002626 -0.004128 -0.014820 -0.101910 -0.074776 0.138668 0.003192 -0.002745 -0.026088 0.999997 0.001535 -0.001682 0.000003 0.000926 -0.000502 0.000003 1.565727 1.575946 -0.002461 0.001364 0.999993 0.001321 -0.003427 0.000008 0.000923 -0.000715 0.000017 1.566502 1.581002 -0.000021 0.004407 0.999995 0.002155 -0.002277 0.000000 0.001583 -0.001631 0.000000 1.564240 1.577729 -0.001848 0.001895 0.999997 0.001750 -0.001835 0.000000 0.000586 -0.000550 0.000000 1.565539 1.576311 -0.001991 0.002032 7.155551 0.000009 -0.000026 0.000000 7.161069 0.000010 -0.000010 0.000000 7.158406 0.000018 -0.000019 0.000000 7.155385 0.000006 -0.000006 0.000000 3.160000
-10.172546 -40.138017 21.879779 0.999876 0.002641 -0.004142 -0.014950 -0.102512 -0.075236 0.134662 0.003175 -0.002690 -0.026218 0.999997 0.001540 -0.001684 0.000003 0.000927 -0.000516 0.000003 1.565703 1.575959 -0.002423 0.001360 0.999993 0.001326 -0.003431 0.000008 0.000924 -0.000702 0.000017 1.566502 1.581046 0.000005 0.004426 0.999995 0.002163 -0.002285 0.000000 0.001571 -0.001617 0.000000 1.564221 1.577748 -0.001848 0.001895 0.999997 0.001753 -0.001837 0.000000 0.000582 -0.000545 0.000000 1.565519 1.576331 -0.001997 0.002038 7.156162 0.000010 -0.000027 0.000000 7.161700 0.000009 -0.000011 0.000000 7.159037 0.000018 -0.000019 0.000000 7.156008 0.000006 -0.000006 0.000000 3.170000
-10.173571 -40.138770 21.881102 0.999874 0.002657 -0.004155 -0.015081 -0.103117 -0.075697 0.130670 0.003156 -0.002636 -0.026348 0.999997 0.001545 -0.001687 0.000003 0.000928 -0.000532 0.000003 1.565679 1.575973 -0.002385 0.001356 0.999993 0.001330 -0.003434 0.000008 0.000925 -0.000693 0.000017 1.566502 1.581090 0.000029 0.004442 0.999995 0.002171 -0.002293 0.000000 0.001557 -0.001603 0.000000 1.564203 1.577767 -0.001849 0.001895 0.999997 0.001756 -0.001840 0.000000 0.000579 -0.000541 0.000000 1.565499 1.576352 -0.002002 0.002043 7.156795 0.000010 -0.000027 0.000000 7.162354 0.000009 -0.000011 0.000000 7.159692 0.000018 -0.000018 0.000000 7.156655 0.000006 -0.000006 0.000000 3.180000
-10.174602 -40.139527 21.882384 0.999872 0.002672 -0.004168 -0.015213 -0.103723 -0.076160 0.126694 0.003136 -0.002581 -0.026478 0.999997 0.001549 -0.001690 0.000003 0.000929 -0.000552 0.000003 1.565655 1.575986 -0.002345 0.001352 0.999993 0.001335 -0.003438 0.000008 0.000925 -0.000687 0.000017 1.566503 1.581134 0.000052 0.004454 0.999995 0.002179 -0.002301 0.000000 0.001544 -0.001588 0.000000 1.564184 1.577785 -0.001850 0.001895 0.999997 0.001759 -0.001843 0.000000 0.000577 -0.000539 0.000000 1.565479 1.576372 -0.002005 0.002046 7.157451 0.000010 -0.000028 0.000000 7.163032 0.000009 -0.000011 0.000000 7.160371 0.000018 -0.000018 0.000000 7.157325 0.000007 -0.000006 0.000000 3.190000
-10.175639 -40.140288 21.883628 0.999870 0.002687 -0.004181 -0.015345 -0.104332 -0.076624 0.122732 0.003114 -0.002527 -0.026607 0.999997 0.001554 -0.001692 0.000003 0.000931 -0.000574 0.000003 1.565632 1.576000 -0.002304 0.001347 0.999993 0.001339 -0.003441 0.000008 0.000925 -0.000686 0.000017 1.566503 1.581179 0.000073 0.004463 0.999995 0.002186 -0.002308 0.000000 0.001529 -0.001572 0.000000 1.564166 1.577804 -0.001851 0.001896 0.999997 0.001762 -0.001846 0.000000 0.000577 -0.000537 0.000000 1.565459 1.576393 -0.002008 0.002048 7.158129 0.000010 -0.000028 0.000000 7.163733 0.000009 -0.000012 0.000000 7.161074 0.000018 -0.000018 0.000000 7.158020 0.000007 -0.000006 0.000000 3.200000
-10.176682 -40.141054 21.884831 0.999868 0.002703 -0.004194 -0.015478 -0.104943 -0.077089 0.118787 0.003091 -0.002472 -0.026737 0.999997 0.001559 -0.001695 0.000003 0.000932 -0.000597 0.000003 1.565609 1.576013 -0.002263 0.001341 0.999993 0.001344 -0.003445 0.000008 0.000925 -0.000687 0.000017 1.566504 1.581223 0.000093 0.004469 0.999995 0.002194 -0.002316 0.000000 0.001515 -0.001556 0.000000 1.564147 1.577823 -0.001853 0.001898 0.999997 0.001765 -0.001848 0.000000 0.000577 -0.000537 0.000000 1.565439 1.576413 -0.002010 0.002049 7.158830 0.000010 -0.000028 0.000000 7.164456 0.000009 -0.000012 0.000000 7.161799 0.000017 -0.000018 0.000000 7.158737 0.000007 -0.000007 0.000000 3.210000
-10.177731 -40.141825 21.885996 0.999866 0.002717 -0.004206 -0.015612 -0.105556 -0.077556 0.114858 0.003067 -0.002418 -0.026866 0.999997 0.001563 -0.001698 0.000003 0.000934 -0.000622 0.000003 1.565587 1.576027 -0.002221 0.001336 0.999993 0.001349 -0.003448 0.000008 0.000924 -0.000692 0.000017 1.566505 1.581268 0.000112 0.004472 0.999995 0.002202 -0.002324 0.000000 0.001499 -0.001539 0.000000 1.564129 1.577842 -0.001856 0.001900 0.999997 0.001767 -0.001851 0.000000 0.000579 -0.000539 0.000000 1.565419 1.576433 -0.002010 0.002049 7.159553 0.000010 -0.000029 0.000000 7.165201 0.000009 -0.000013 0.000000 7.162547 0.000017 -0.000018 0.000000 7.159478 0.000007 -0.000007 0.000000 3.220000
-10.178786 -40.142601 21.887121 0.999863 0.002732 -0.004218 -0.015746 -0.106170 -0.078023 0.110945 0.003041 -0.002364 -0.026996 0.999997 0.001568 -0.001701 0.000003 0.000935 -0.000648 0.000003 1.565565 1.576040 -0.002178 0.001329 0.999993 0.001353 -0.003452 0.000008 0.000923 -0.000701 0.000017 1.566506 1.581312 0.000129 0.004471 0.999995 0.002209 -0.002332 0.000000 0.001484 -0.001522 0.000000 1.564110 1.577861 -0.001858 0.001902 0.999997 0.001770 -0.001854 0.000000 0.000582 -0.000541 0.000000 1.565399 1.576454 -0.002009 0.002048 7.160297 0.000010 -0.000029 0.000000 7.165967 0.000009 -0.000013 0.000000 7.163318 0.000017 -0.000017 0.000000 7.160241 0.000007 -0.000007 0.000000 3.230000
-10.179848 -40.143381 21.888208 0.999861 0.002747 -0.004230 -0.015881 -0.106787 -0.078492 0.107050 0.003014 -0.002310 -0.027125 0.999997 0.001573 -0.001705 0.000003 0.000937 -0.000675 0.000003 1.565544 1.576053 -0.002134 0.001323 0.999993 0.001358 -0.003455 0.000008 0.000921 -0.000713 0.000017 1.566508 1.581357 0.000145 0.004468 0.999995 0.002216 -0.002339 0.000000 0.001468 -0.001505 0.000000 1.564092 1.577880 -0.001861 0.001904 0.999997 0.001773 -0.001856 0.000000 0.000586 -0.000545 0.000000 1.565379 1.576474 -0.002008 0.002045 7.161063 0.000010 -0.000029 0.000000 7.166756 0.000009 -0.000014 0.000000 7.164111 0.000017 -0.000017 0.000000 7.161026 0.000008 -0.000007 0.000000 3.240000
-10.180915 -40.144166 21.889256 0.999859 0.002762 -0.004241 -0.016017 -0.107406 -0.078962 0.103172 0.002986 -0.002256 -0.027255 0.999997 0.001577 -0.001708 0.000003 0.000939 -0.000702 0.000003 1.565523 1.576066 -0.002089 0.001316 0.999993 0.001362 -0.003459 0.000008 0.000918 -0.000728 0.000016 1.566509 1.581401 0.000159 0.004461 0.999995 0.002224 -0.002347 0.000000 0.001453 -0.001488 0.000000 1.564073 1.577899 -0.001865 0.001907 0.999997 0.001776 -0.001859 0.000000 0.000591 -0.000550 0.000000 1.565359 1.576495 -0.002005 0.002042 7.161849 0.000010 -0.000030 0.000000 7.167565 0.000009 -0.000015 0.000000 7.164925 0.000017 -0.000017 0.000000 7.161834 0.000008 -0.000007 0.000000 3.250000
-10.181989 -40.144955 21.890265 0.999857 0.002776 -0.004252 -0.016153 -0.108027 -0.079434 0.099312 0.002957 -0.002203 -0.027384 0.999997 0.001582 -0.001712 0.000003 0.000941 -0.000729 0.000003 1.565502 1.576079 -0.002044 0.001309 0.999993 0.001367 -0.003462 0.000008 0.000916 -0.000747 0.000016 1.566511 1.581446 0.000172 0.004451 0.999995 0.002231 -0.002354 0.000000 0.001437 -0.001470 0.000000 1.564055 1.577918 -0.001869 0.001910 0.999997 0.001779 -0.001862 0.000000 0.000597 -0.000555 0.000000 1.565339 1.576515 -0.002001 0.002037 7.162657 0.000010 -0.000030 0.000000 7.168396 0.000009 -0.000015 0.000000 7.165762 0.000016 -0.000017 0.000000 7.162663 0.000008 -0.000008 0.000000 3.260000
-10.183069 -40.145749 21.891236 0.999854 0.002790 -0.004263 -0.016290 -0.108651 -0.079906 0.095471 0.002926 -0.002150 -0.027513 0.999997 0.001587 -0.001715 0.000003 0.000942 -0.000756 0.000003 1.565482 1.576092 -0.001998 0.001301 0.999993 0.001371 -0.003466 0.000008 0.000913 -0.000769 0.000016 1.566513 1.581490 0.000184 0.004437 0.999995 0.002238 -0.002361 0.000000 0.001420 -0.001453 0.000000 1.564036 1.577937 -0.001872 0.001914 0.999997 0.001782 -0.001865 0.000000 0.000604 -0.000563 0.000000 1.565319 1.576535 -0.001996 0.002031 7.163484 0.000010 -0.000030 0.000000 7.169246 0.000008 -0.000016 0.000000 7.166619 0.000016 -0.000017 0.000000 7.163513 0.000008 -0.000008 0.000000 3.270000
-10.184155 -40.146548 21.892169 0.999852 0.002804 -0.004274 -0.016427 -0.109276 -0.080380 0.091648 0.002895 -0.002098 -0.027643 0.999997 0.001591 -0.001719 0.000003 0.000944 -0.000782 0.000003 1.565462 1.576105 -0.001952 0.001294 0.999993 0.001376 -0.003470 0.000008 0.000909 -0.000794 0.000016 1.566514 1.581534 0.000194 0.004421 0.999995 0.002245 -0.002368 0.000000 0.001404 -0.001435 0.000000 1.564017 1.577956 -0.001877 0.001917 0.999997 0.001785 -0.001867 0.000000 0.000612 -0.000571 0.000000 1.565299 1.576555 -0.001990 0.002024 7.164332 0.000010 -0.000030 0.000000 7.170117 0.000008 -0.000017 0.000000 7.167498 0.000016 -0.000016 0.000000 7.164384 0.000009 -0.000008 0.000000 3.280000
-10.185248 -40.147352 21.893063 0.999850 0.002818 -0.004285 -0.016565 -0.109903 -0.080855 0.087845 0.002862 -0.002046 -0.027772 0.999997 0.001596 -0.001723 0.000003 0.000946 -0.000807 0.000003 1.565443 1.576118 -0.001905 0.001286 0.999993 0.001381 -0.003474 0.000009 0.000905 -0.000823 0.000016 1.566516 1.581578 0.000203 0.004401 0.999995 0.002252 -0.002376 0.000000 0.001388 -0.001417 0.000000 1.563999 1.577975 -0.001881 0.001921 0.999997 0.001788 -0.001870 0.000000 0.000621 -0.000580 0.000000 1.565280 1.576576 -0.001983 0.002016 7.165200 0.000010 -0.000030 0.000000 7.171008 0.000008 -0.000017 0.000000 7.168397 0.000016 -0.000016 0.000000 7.165276 0.000009 -0.000008 0.000000 3.290000
-10.186347 -40.148160 21.893920 0.999847 0.002832 -0.004295 -0.016704 -0.110533 -0.081331 0.084061 0.002829 -0.001995 -0.027901 0.999997 0.001601 -0.001727 0.000003 0.000949 -0.000830 0.000003 1.565424 1.576131 -0.001858 0.001278 0.999993 0.001385 -0.003478 0.000009 0.000900 -0.000854 0.000016 1.566518 1.581622 0.000210 0.004378 0.999995 0.002259 -0.002383 0.000000 0.001372 -0.001400 0.000000 1.563980 1.577995 -0.001885 0.001925 0.999997 0.001791 -0.001873 0.000000 0.000631 -0.000590 0.000000 1.565260 1.576596 -0.001975 0.002007 7.166087 0.000010 -0.000030 0.000000 7.171919 0.000008 -0.000018 0.000000 7.169317 0.000016 -0.000016 0.000000 7.166187 0.000009 -0.000009 0.000000 3.300000
-10.187452 -40.148973 21.894739 0.999845 0.002846 -0.004305 -0.016843 -0.111164 -0.081808 0.080297 0.002794 -0.001944 -0.028031 0.999997 0.001605 -0.001731 0.000003 0.000951 -0.000853 0.000003 1.565406 1.576144 -0.001810 0.001270 0.999993 0.001390 -0.003483 0.000009 0.000895 -0.000888 0.000015 1.566521 1.581666 0.000216 0.004353 0.999995 0.002266 -0.002390 0.000000 0.001356 -0.001382 0.000000 1.563961 1.578014 -0.001890 0.001930 0.999997 0.001795 -0.001876 0.000000 0.000641 -0.000601 0.000000 1.565240 1.576616 -0.001966 0.001996 7.166994 0.000010 -0.000030 0.000000 7.172848 0.000008 -0.000019 0.000000 7.170257 0.000016 -0.000016 0.000000 7.167119 0.000009 -0.000009 0.000000 3.310000
-10.188563 -40.149791 21.895521 0.999842 0.002859 -0.004315 -0.016983 -0.111798 -0.082287 0.076553 0.002758 -0.001894 -0.028160 0.999997 0.001610 -0.001736 0.000003 0.000953 -0.000873 0.000003 1.565388 1.576156 -0.001762 0.001262 0.999993 0.001394 -0.003487 0.000009 0.000890 -0.000925 0.000015 1.566523 1.581709 0.000220 0.004324 0.999995 0.002272 -0.002396 0.000000 0.001340 -0.001365 0.000000 1.563942 1.578033 -0.001895 0.001934 0.999997 0.001798 -0.001879 0.000000 0.000653 -0.000613 0.000000 1.565221 1.576635 -0.001956 0.001985 7.167919 0.000010 -0.000030 0.000000 7.173797 0.000008 -0.000019 0.000000 7.171216 0.000016 -0.000016 0.000000 7.168071 0.000010 -0.000009 0.000000 3.320000
-10.189681 -40.150614 21.896266 0.999840 0.002872 -0.004324 -0.017124 -0.112433 -0.082766 0.072830 0.002722 -0.001845 -0.028290 0.999997 0.001615 -0.001740 0.000003 0.000955 -0.000892 0.000003 1.565371 1.576169 -0.001714 0.001254 0.999993 0.001398 -0.003492 0.000009 0.000884 -0.000965 0.000015 1.566525 1.581752 0.000223 0.004293 0.999995 0.002279 -0.002403 0.000000 0.001324 -0.001348 0.000000 1.563923 1.578052 -0.001900 0.001938 0.999997 0.001801 -0.001882 0.000000 0.000666 -0.000626 0.000000 1.565201 1.576655 -0.001945 0.001972 7.168863 0.000010 -0.000030 0.000000 7.174764 0.000008 -0.000020 0.000000 7.172195 0.000015 -0.000016 0.000000 7.169042 0.000010 -0.000010 0.000000 3.330000
-10.190805 -40.151442 21.896973 0.999837 0.002885 -0.004333 -0.017265 -0.113071 -0.083247 0.069129 0.002685 -0.001796 -0.028419 0.999997 0.001620 -0.001745 0.000003 0.000957 -0.000909 0.000003 1.565354 1.576181 -0.001665 0.001247 0.999993 0.001403 -0.003497 0.000009 0.000878 -0.001007 0.000015 1.566527 1.581794 0.000224 0.004259 0.999994 0.002286 -0.002410 0.000000 0.001309 -0.001331 0.000000 1.563904 1.578072 -0.001905 0.001943 0.999997 0.001804 -0.001885 0.000000 0.000679 -0.000640 0.000000 1.565182 1.576675 -0.001933 0.001959 7.169826 0.000010 -0.000030 0.000000 7.175749 0.000007 -0.000021 0.000000 7.173193 0.000015 -0.000016 0.000000 7.170032 0.000010 -0.000010 0.000000 3.340000
-10.191935 -40.152274 21.897644 0.999835 0.002898 -0.004342 -0.017407 -0.113710 -0.083729 0.065448 0.002647 -0.001749 -0.028549 0.999997 0.001624 -0.001749 0.000003 0.000960 -0.000924 0.000003 1.565338 1.576194 -0.001616 0.001239 0.999993 0.001407 -0.003502 0.000009 0.000871 -0.001052 0.000014 1.566529 1.581837 0.000224 0.004223 0.999994 0.002292 -0.002416 0.000000 0.001294 -0.001314 0.000000 1.563885 1.578091 -0.001910 0.001947 0.999997 0.001808 -0.001889 0.000000 0.000693 -0.000654 0.000000 1.565163 1.576694 -0.001920 0.001944 7.170806 0.000010 -0.000030 0.000000 7.176753 0.000007 -0.000022 0.000000 7.174210 0.000015 -0.000015 0.000000 7.171040 0.000010 -0.000010 0.000000 3.350000
-10.193072 -40.153111 21.898278 0.999832 0.002911 -0.004351 -0.017550 -0.114352 -0.084212 0.061790 0.002608 -0.001702 -0.028679 0.999997 0.001629 -0.001754 0.000003 0.000962 -0.000936 0.000003 1.565322 1.576206 -0.001567 0.001231 0.999993 0.001411 -0.003507 0.000009 0.000864 -0.001099 0.000014 1.566532 1.581879 0.000223 0.004183 0.999994 0.002298 -0.002423 0.000000 0.001279 -0.001298 0.000000 1.563866 1.578110 -0.001915 0.001952 0.999997 0.001811 -0.001892 0.000000 0.000707 -0.000669 0.000000 1.565144 1.576713 -0.001907 0.001929 7.171804 0.000010 -0.000030 0.000000 7.177774 0.000007 -0.000022 0.000000 7.175245 0.000015 -0.000015 0.000000 7.172067 0.000011 -0.000010 0.000000 3.360000
-10.194215 -40.153953 21.898876 0.999830 0.002923 -0.004360 -0.017693 -0.114996 -0.084696 0.058154 0.002568 -0.001656 -0.028809 0.999997 0.001634 -0.001759 0.000003 0.000965 -0.000947 0.000003 1.565306 1.576218 -0.001517 0.001224 0.999993 0.001416 -0.003513 0.000009 0.000856 -0.001148 0.000014 1.566534 1.581920 0.000220 0.004142 0.999994 0.002305 -0.002429 0.000000 0.001265 -0.001282 0.000000 1.563847 1.578130 -0.001920 0.001956 0.999997 0.001815 -0.001895 0.000000 0.000723 -0.000685 0.000000 1.565125 1.576733 -0.001892 0.001913 7.172820 0.000010 -0.000030 0.000000 7.178812 0.000007 -0.000023 0.000000 7.176299 0.000015 -0.000015 0.000000 7.173111 0.000011 -0.000011 0.000000 3.370000
-10.195364 -40.154799 21.899438 0.999827 0.002935 -0.004368 -0.017837 -0.115641 -0.085181 0.054540 0.002528 -0.001611 -0.028939 0.999997 0.001639 -0.001763 0.000003 0.000967 -0.000956 0.000003 1.565291 1.576230 -0.001468 0.001217 0.999993 0.001420 -0.003519 0.000009 0.000848 -0.001199 0.000013 1.566536 1.581961 0.000216 0.004098 0.999994 0.002311 -0.002436 0.000000 0.001251 -0.001267 0.000000 1.563828 1.578149 -0.001924 0.001960 0.999997 0.001818 -0.001899 0.000000 0.000739 -0.000702 0.000000 1.565106 1.576752 -0.001877 0.001896 7.173853 0.000010 -0.000030 0.000000 7.179867 0.000007 -0.000024 0.000000 7.177370 0.000015 -0.000015 0.000000 7.174174 0.000011 -0.000011 0.000000 3.380000
-10.196520 -40.155651 21.899968 0.999824 0.002947 -0.004376 -0.017982 -0.116295 -0.085671 0.051773 0.002486 -0.001570 -0.029070 0.999997 0.001644 -0.001769 0.000003 0.001058 -0.001420 0.000003 1.565277 1.576243 -0.001417 0.001208 0.999993 0.001425 -0.003526 0.000009 0.000972 -0.001674 0.000014 1.566538 1.582002 0.000211 0.004048 0.999994 0.002318 -0.002443 0.000000 0.001568 -0.001604 0.000000 1.563809 1.578169 -0.001927 0.001963 0.999997 0.001823 -0.001903 0.000000 0.000979 -0.000956 0.000000 1.565087 1.576770 -0.001860 0.001876 7.215825 0.000011 -0.000065 0.000000 7.222112 0.000009 -0.000048 0.000000 7.219561 0.000034 -0.000035 0.000000 7.216214 0.000019 -0.000019 0.000000 3.390000
-10.197683 -40.156508 21.900470 0.999822 0.002959 -0.004384 -0.018127 -0.116951 -0.086163 0.049023 0.002444 -0.001530 -0.029201 0.999997 0.001649 -0.001777 0.000003 0.001061 -0.001748 0.000003 1.565263 1.576255 -0.001366 0.001200 0.999993 0.001429 -0.003535 0.000009 0.000967 -0.001878 0.000014 1.566540 1.582042 0.000205 0.003997 0.999994 0.002326 -0.002451 0.000000 0.001669 -0.001711 0.000000 1.563789 1.578189 -0.001931 0.001965 0.999997 0.001828 -0.001908 0.000000 0.001025 -0.001005 0.000000 1.565069 1.576789 -0.001842 0.001856 7.216557 0.000011 -0.000052 0.000000 7.222866 0.000008 -0.000035 0.000000 7.220333 0.000023 -0.000023 0.000000 7.216977 0.000014 -0.000014 0.000000 3.400000
-10.198852 -40.157369 21.900945 0.999819 0.002971 -0.004392 -0.018273 -0.117609 -0.086656 0.046289 0.002402 -0.001491 -0.029333 0.999997 0.001655 -0.001786 0.000003 0.001063 -0.001894 0.000003 1.565250 1.576266 -0.001315 0.001194 0.999993 0.001434 -0.003544 0.000009 0.000957 -0.001963 0.000013 1.566542 1.582081 0.000197 0.003945 0.999994 0.002334 -0.002460 0.000000 0.001673 -0.001715 0.000000 1.563770 1.578208 -0.001935 0.001968 0.999996 0.001833 -0.001913 0.000000 0.001041 -0.001022 0.000000 1.565051 1.576807 -0.001823 0.001835 7.217302 0.000011 -0.000043 0.000000 7.223632 0.000008 -0.000032 0.000000 7.221117 0.000019 -0.000020 0.000000 7.217753 0.000014 -0.000014 0.000000 3.410000
-10.200028 -40.158235 21.901393 0.999816 0.002982 -0.004399 -0.018419 -0.118268 -0.087150 0.043572 0.002359 -0.001453 -0.029465 0.999997 0.001660 -0.001796 0.000003 0.001065 -0.001928 0.000003 1.565237 1.576278 -0.001264 0.001189 0.999993 0.001439 -0.003554 0.000009 0.000946 -0.002020 0.000013 1.566544 1.582121 0.000188 0.003892 0.999994 0.002343 -0.002468 0.000000 0.001656 -0.001696 0.000000 1.563751 1.578228 -0.001939 0.001972 0.999996 0.001838 -0.001918 0.000000 0.001056 -0.001037 0.000000 1.565032 1.576826 -0.001805 0.001815 7.218059 0.000011 -0.000037 0.000000 7.224410 0.000007 -0.000032 0.000000 7.221915 0.000019 -0.000019 0.000000 7.218541 0.000014 -0.000014 0.000000 3.420000
-10.201210 -40.159106 21.901814 0.999813 0.002993 -0.004407 -0.018567 -0.118930 -0.087644 0.040872 0.002315 -0.001416 -0.029597 0.999997 0.001665 -0.001805 0.000003 0.001067 -0.001898 0.000003 1.565225 1.576290 -0.001214 0.001186 0.999993 0.001444 -0.003564 0.000009 0.000934 -0.002072 0.000013 1.566546 1.582159 0.000178 0.003838 0.999994 0.002351 -0.002477 0.000000 0.001634 -0.001672 0.000000 1.563732 1.578248 -0.001944 0.001976 0.999996 0.001843 -0.001923 0.000000 0.001070 -0.001053 0.000000 1.565015 1.576844 -0.001786 0.001794 7.218829 0.000011 -0.000033 0.000000 7.225201 0.000007 -0.000032 0.000000 7.222726 0.000018 -0.000018 0.000000 7.219343 0.000014 -0.000014 0.000000 3.430000
-10.202399 -40.159983 21.902208 0.999811 0.003004 -0.004414 -0.018714 -0.119593 -0.088140 0.038189 0.002271 -0.001380 -0.029729 0.999997 0.001670 -0.001815 0.000003 0.001069 -0.001829 0.000003 1.565213 1.576302 -0.001163 0.001184 0.999993 0.001448 -0.003575 0.000009 0.000922 -0.002123 0.000012 1.566548 1.582197 0.000165 0.003783 0.999994 0.002359 -0.002485 0.000000 0.001611 -0.001647 0.000000 1.563712 1.578267 -0.001949 0.001981 0.999996 0.001849 -0.001928 0.000000 0.001085 -0.001068 0.000000 1.564997 1.576861 -0.001767 0.001772 7.219612 0.000011 -0.000030 0.000000 7.226004 0.000007 -0.000033 0.000000 7.223551 0.000018 -0.000018 0.000000 7.220157 0.000014 -0.000014 0.000000 3.440000
-10.203595 -40.160864 21.902576 0.999808 0.003015 -0.004421 -0.018863 -0.120259 -0.088637 0.035523 0.002227 -0.001346 -0.029862 0.999997 0.001676 -0.001823 0.000003 0.001071 -0.001737 0.000003 1.565201 1.576314 -0.001114 0.001184 0.999993 0.001453 -0.003585 0.000010 0.000910 -0.002174 0.000012 1.566549 1.582234 0.000152 0.003727 0.999994 0.002367 -0.002493 0.000000 0.001587 -0.001621 0.000000 1.563693 1.578287 -0.001955 0.001986 0.999996 0.001854 -0.001934 0.000000 0.001099 -0.001083 0.000000 1.564979 1.576879 -0.001748 0.001751 7.220407 0.000011 -0.000027 0.000000 7.226819 0.000007 -0.000033 0.000000 7.224388 0.000018 -0.000018 0.000000 7.220984 0.000014 -0.000014 0.000000 3.450000
-10.204797 -40.161750 21.902916 0.999805 0.003025 -0.004428 -0.019012 -0.120926 -0.089134 0.032875 0.002182 -0.001312 -0.029994 0.999997 0.001681 -0.001832 0.000003 0.001073 -0.001633 0.000003 1.565191 1.576326 -0.001065 0.001185 0.999992 0.001457 -0.003596 0.000010 0.000898 -0.002225 0.000012 1.566551 1.582271 0.000137 0.003671 0.999994 0.002375 -0.002501 0.000000 0.001563 -0.001595 0.000000 1.563673 1.578307 -0.001961 0.001992 0.999996 0.001860 -0.001939 0.000000 0.001113 -0.001097 0.000000 1.564962 1.576896 -0.001729 0.001729 7.221214 0.000011 -0.000026 0.000000 7.227646 0.000007 -0.000034 0.000000 7.225237 0.000017 -0.000018 0.000000 7.221823 0.000015 -0.000015 0.000000 3.460000
-10.206006 -40.162641 21.903231 0.999802 0.003035 -0.004435 -0.019162 -0.121595 -0.089633 0.030245 0.002137 -0.001279 -0.030127 0.999997 0.001686 -0.001840 0.000004 0.001075 -0.001522 0.000004 1.565180 1.576337 -0.001016 0.001187 0.999992 0.001462 -0.003608 0.000010 0.000885 -0.002276 0.000011 1.566552 1.582308 0.000120 0.003615 0.999994 0.002383 -0.002509 0.000000 0.001539 -0.001569 0.000000 1.563654 1.578327 -0.001967 0.001998 0.999996 0.001865 -0.001945 0.000000 0.001127 -0.001112 0.000000 1.564945 1.576913 -0.001709 0.001707 7.222034 0.000011 -0.000024 0.000000 7.228485 0.000006 -0.000034 0.000000 7.226099 0.000017 -0.000017 0.000000 7.222674 0.000015 -0.000015 0.000000 3.470000
-10.207221 -40.163537 21.903520 0.999799 0.003045 -0.004441 -0.019312 -0.122265 -0.090132 0.027633 0.002092 -0.001248 -0.030261 0.999997 0.001692 -0.001847 0.000004 0.001077 -0.001408 0.000004 1.565170 1.576349 -0.000968 0.001191 0.999992 0.001466 -0.003619 0.000010 0.000871 -0.002326 0.000011 1.566553 1.582343 0.000103 0.003559 0.999994 0.002390 -0.002517 0.000000 0.001515 -0.001543 0.000000 1.563634 1.578347 -0.001974 0.002004 0.999996 0.001871 -0.001950 0.000000 0.001141 -0.001126 0.000000 1.564928 1.576930 -0.001690 0.001686 7.222865 0.000011 -0.000023 0.000000 7.229335 0.000006 -0.000034 0.000000 7.226974 0.000017 -0.000017 0.000000 7.223536 0.000015 -0.000015 0.000000 3.480000
-10.208443 -40.164438 21.903782 0.999796 0.003055 -0.004448 -0.019464 -0.122938 -0.090633 0.025040 0.002047 -0.001218 -0.030394 0.999997 0.001697 -0.001854 0.000004 0.001079 -0.001295 0.000004 1.565161 1.576361 -0.000920 0.001195 0.999992 0.001470 -0.003631 0.000010 0.000858 -0.002376 0.000010 1.566554 1.582379 0.000084 0.003502 0.999994 0.002398 -0.002524 0.000000 0.001491 -0.001517 0.000000 1.563614 1.578367 -0.001981 0.002011 0.999996 0.001877 -0.001956 0.000000 0.001154 -0.001141 0.000000 1.564911 1.576947 -0.001671 0.001664 7.223707 0.000011 -0.000022 0.000000 7.230196 0.000006 -0.000035 0.000000 7.227860 0.000017 -0.000017 0.000000 7.224410 0.000015 -0.000015 0.000000 3.490000
-10.209672 -40.165344 21.904019 0.999793 0.003065 -0.004454 -0.019615 -0.123612 -0.091134 0.022465 0.002002 -0.001188 -0.030528 0.999997 0.001703 -0.001860 0.000004 0.001081 -0.001183 0.000004 1.565152 1.576373 -0.000873 0.001200 0.999992 0.001475 -0.003643 0.000010 0.000844 -0.002425 0.000010 1.566555 1.582413 0.000063 0.003445 0.999994 0.002405 -0.002532 0.000000 0.001468 -0.001491 0.000000 1.563594 1.578387 -0.001988 0.002017 0.999996 0.001883 -0.001962 0.000000 0.001168 -0.001155 0.000000 1.564895 1.576964 -0.001651 0.001642 7.224561 0.000011 -0.000021 0.000000 7.231068 0.000006 -0.000035 0.000000 7.228757 0.000016 -0.000017 0.000000 7.225296 0.000015 -0.000015 0.000000 3.500000
-10.210908 -40.166255 21.904230 0.999790 0.003074 -0.004460 -0.019768 -0.124288 -0.091636 0.019908 0.001956 -0.001160 -0.030663 0.999997 0.001708 -0.001866 0.000004 0.001083 -0.001076 0.000004 1.565144 1.576385 -0.000827 0.001205 0.999992 0.001479 -0.003655 0.000010 0.000830 -0.002474 0.000010 1.566555 1.582447 0.000041 0.003389 0.999994 0.002412 -0.002539 0.000000 0.001444 -0.001466 0.000000 1.563575 1.578407 -0.001996 0.002024 0.999996 0.001888 -0.001967 0.000000 0.001181 -0.001168 0.000000 1.564878 1.576980 -0.001632 0.001620 7.225426 0.000011 -0.000021 0.000000 7.231950 0.000006 -0.000036 0.000000 7.229666 0.000016 -0.000016 0.000000 7.226192 0.000015 -0.000015 0.000000 3.510000
-10.212150 -40.167171 21.904416 0.999787 0.003083 -0.004466 -0.019921 -0.124966 -0.092139 0.017371 0.001911 -0.001134 -0.030797 0.999997 0.001713 -0.001871 0.000004 0.001085 -0.000973 0.000004 1.565136 1.576397 -0.000781 0.001211 0.999992 0.001483 -0.003667 0.000010 0.000815 -0.002521 0.000009 1.566556 1.582481 0.000019 0.003333 0.999994 0.002419 -0.002546 0.000000 0.001421 -0.001440 0.000000 1.563555 1.578427 -0.002003 0.002031 0.999996 0.001894 -0.001973 0.000000 0.001193 -0.001181 0.000000 1.564862 1.576996 -0.001613 0.001599 7.226302 0.000011 -0.000020 0.000000 7.232844 0.000006 -0.000036 0.000000 7.230587 0.000016 -0.000016 0.000000 7.227099 0.000015 -0.000015 0.000000 3.520000
-10.213399 -40.168092 21.904577 0.999784 0.003092 -0.004472 -0.020075 -0.125646 -0.092643 0.014853 0.001865 -0.001108 -0.030932 0.999997 0.001719 -0.001875 0.000004 0.001087 -0.000875 0.000004 1.565128 1.576409 -0.000737 0.001217 0.999992 0.001487 -0.003680 0.000010 0.000800 -0.002568 0.000009 1.566556 1.582514 -0.000005 0.003277 0.999994 0.002426 -0.002553 0.000000 0.001398 -0.001415 0.000000 1.563535 1.578447 -0.002011 0.002039 0.999996 0.001900 -0.001979 0.000000 0.001206 -0.001194 0.000000 1.564846 1.577012 -0.001594 0.001577 7.227189 0.000011 -0.000020 0.000000 7.233747 0.000005 -0.000036 0.000000 7.231518 0.000016 -0.000016 0.000000 7.228017 0.000015 -0.000015 0.000000 3.530000
-10.214655 -40.169018 21.904712 0.999781 0.003100 -0.004478 -0.020229 -0.126327 -0.093148 0.012354 0.001820 -0.001083 -0.031068 0.999997 0.001724 -0.001879 0.000004 0.001088 -0.000784 0.000004 1.565121 1.576421 -0.000693 0.001223 0.999992 0.001491 -0.003693 0.000010 0.000786 -0.002613 0.000008 1.566556 1.582546 -0.000031 0.003221 0.999994 0.002433 -0.002560 0.000000 0.001375 -0.001390 0.000000 1.563515 1.578468 -0.002019 0.002046 0.999996 0.001906 -0.001985 0.000000 0.001217 -0.001206 0.000000 1.564830 1.577027 -0.001575 0.001556 7.228086 0.000011 -0.000019 0.000000 7.234661 0.000005 -0.000037 0.000000 7.232460 0.000016 -0.000016 0.000000 7.228945 0.000015 -0.000015 0.000000 3.540000
-10.215918 -40.169949 21.904823 0.999777 0.003109 -0.004483 -0.020385 -0.127010 -0.093654 0.009875 0.001775 -0.001060 -0.031204 0.999997 0.001730 -0.001883 0.000004 0.001090 -0.000701 0.000004 1.565114 1.576434 -0.000650 0.001229 0.999992 0.001495 -0.003706 0.000010 0.000770 -0.002657 0.000008 1.566555 1.582578 -0.000057 0.003167 0.999994 0.002440 -0.002567 0.000000 0.001353 -0.001366 0.000000 1.563494 1.578488 -0.002026 0.002053 0.999996 0.001912 -0.001991 0.000000 0.001229 -0.001218 0.000000 1.564815 1.577043 -0.001556 0.001535 7.228994 0.000011 -0.000019 0.000000 7.235585 0.000005 -0.000037 0.000000 7.233412 0.000016 -0.000016 0.000000 7.229883 0.000015 -0.000015 0.000000 3.550000
-10.217187 -40.170885 21.904909 0.999774 0.003117 -0.004489 -0.020540 -0.127695 -0.094161 0.007416 0.001730 -0.001038 -0.031340 0.999997 0.001735 -0.001886 0.000004 0.001092 -0.000624 0.000004 1.565108 1.576446 -0.000607 0.001234 0.999992 0.001499 -0.003720 0.000010 0.000755 -0.002700 0.000008 1.566554 1.582609 -0.000084 0.003113 0.999994 0.002447 -0.002574 0.000000 0.001331 -0.001343 0.000000 1.563474 1.578509 -0.002034 0.002060 0.999996 0.001919 -0.001997 0.000000 0.001240 -0.001230 0.000000 1.564799 1.577058 -0.001538 0.001514 7.229912 0.000011 -0.000019 0.000000 7.236519 0.000005 -0.000037 0.000000 7.234375 0.000015 -0.000015 0.000000 7.230831 0.000015 -0.000015 0.000000 3.560000
-10.218464 -40.171826 21.904971 0.999771 0.003125 -0.004494 -0.020697 -0.128381 -0.094668 0.004976 0.001685 -0.001017 -0.031477 0.999997 0.001741 -0.001889 0.000004 0.001093 -0.000556 0.000004 1.565102 1.576458 -0.000566 0.001240 0.999992 0.001502 -0.003733 0.000010 0.000739 -0.002741 0.000007 1.566553 1.582640 -0.000112 0.003060 0.999994 0.002453 -0.002581 0.000000 0.001310 -0.001320 0.000000 1.563454 1.578529 -0.002042 0.002067 0.999996 0.001925 -0.002004 0.000000 0.001250 -0.001241 0.000000 1.564784 1.577073 -0.001520 0.001494 7.230840 0.000011 -0.000019 0.000000 7.237462 0.000005 -0.000037 0.000000 7.235348 0.000015 -0.000015 0.000000 7.231789 0.000015 -0.000015 0.000000 3.570000
-10.219747 -40.172773 21.905008 0.999767 0.003133 -0.004499 -0.020854 -0.129069 -0.095176 0.002557 0.001641 -0.000997 -0.031615 0.999997 0.001746 -0.001892 0.000004 0.001095 -0.000495 0.000004 1.565097 1.576471 -0.000526 0.001245 0.999992 0.001506 -0.003747 0.000010 0.000724 -0.002781 0.000007 1.566552 1.582670 -0.000141 0.003007 0.999994 0.002460 -0.002587 0.000000 0.001290 -0.001297 0.000000 1.563433 1.578550 -0.002049 0.002074 0.999996 0.001931 -0.002010 0.000000 0.001260 -0.001251 0.000000 1.564769 1.577088 -0.001502 0.001473 7.231777 0.000011 -0.000019 0.000000 7.238415 0.000004 -0.000038 0.000000 7.236331 0.000015 -0.000015 0.000000 7.232756 0.000015 -0.000015 0.000000 3.580000
-10.221037 -40.173724 21.905022 0.999764 0.003140 -0.004505 -0.021012 -0.129759 -0.095686 0.000158 0.001597 -0.000979 -0.031753 0.999997 0.001751 -0.001894 0.000004 0.001096 -0.000443 0.000004 1.565092 1.576483 -0.000487 0.001249 0.999992 0.001510 -0.003761 0.000010 0.000708 -0.002819 0.000006 1.566551 1.582700 -0.000172 0.002956 0.999994 0.002466 -0.002594 0.000000 0.001270 -0.001276 0.000000 1.563413 1.578571 -0.002056 0.002081 0.999996 0.001937 -0.002016 0.000000 0.001269 -0.001261 0.000000 1.564754 1.577102 -0.001485 0.001453 7.232724 0.000011 -0.000020 0.000000 7.239377 0.000004 -0.000038 0.000000 7.237323 0.000015 -0.000015 0.000000 7.233732 0.000015 -0.000015 0.000000 3.590000
-10.222334 -40.174680 21.905012 0.999761 0.003147 -0.004510 -0.021171 -0.130450 -0.096196 -0.002220 0.001553 -0.000962 -0.031891 0.999997 0.001757 -0.001896 0.000004 0.001097 -0.000399 0.000004 1.565087 1.576495 -0.000449 0.001253 0.999992 0.001513 -0.003775 0.000010 0.000692 -0.002856 0.000006 1.566549 1.582729 -0.000202 0.002906 0.999994 0.002473 -0.002600 0.000000 0.001251 -0.001255 0.000000 1.563392 1.578591 -0.002064 0.002088 0.999996 0.001944 -0.002022 0.000000 0.001278 -0.001270 0.000000 1.564739 1.577117 -0.001467 0.001434 7.233681 0.000011 -0.000020 0.000000 7.240348 0.000004 -0.000038 0.000000 7.238324 0.000015 -0.000015 0.000000 7.234718 0.000015 -0.000015 0.000000 3.600000
-10.223638 -40.175642 21.904978 0.999757 0.003154 -0.004515 -0.021330 -0.131143 -0.096707 -0.004577 0.001510 -0.000946 -0.032030 0.999997 0.001762 -0.001898 0.000004 0.001099 -0.000363 0.000004 1.565083 1.576508 -0.000412 0.001257 0.999992 0.001516 -0.003789 0.000010 0.000676 -0.002890 0.000006 1.566547 1.582758 -0.000234 0.002857 0.999994 0.002479 -0.002606 0.000000 0.001233 -0.001235 0.000000 1.563372 1.578612 -0.002071 0.002094 0.999996 0.001950 -0.002029 0.000000 0.001286 -0.001278 0.000000 1.564725 1.577131 -0.001451 0.001415 7.234646 0.000011 -0.000020 0.000000 7.241328 0.000004 -0.000038 0.000000 7.239335 0.000015 -0.000015 0.000000 7.235712 0.000015 -0.000015 0.000000 3.610000
-10.224949 -40.176608 21.904921 0.999754 0.003161 -0.004520 -0.021490 -0.131838 -0.097219 -0.006914 0.001467 -0.000931 -0.032170 0.999997 0.001768 -0.001900 0.000004 0.001100 -0.000335 0.000004 1.565079 1.576521 -0.000376 0.001259 0.999992 0.001520 -0.003804 0.000010 0.000660 -0.002923 0.000005 1.566544 1.582786 -0.000267 0.002810 0.999994 0.002485 -0.002612 0.000000 0.001215 -0.001216 0.000000 1.563351 1.578633 -0.002077 0.002100 0.999996 0.001956 -0.002035 0.000000 0.001294 -0.001286 0.000000 1.564710 1.577145 -0.001435 0.001396 7.235620 0.000011 -0.000021 0.000000 7.242317 0.000004 -0.000038 0.000000 7.240354 0.000015 -0.000015 0.000000 7.236715 0.000015 -0.000015 0.000000 3.620000
-10.226267 -40.177580 21.904840 0.999750 0.003168 -0.004525 -0.021651 -0.132534 -0.097731 -0.009230 0.001424 -0.000918 -0.032310 0.999997 0.001773 -0.001902 0.000004 0.001101 -0.000314 0.000004 1.565075 1.576533 -0.000341 0.001261 0.999992 0.001523 -0.003818 0.000010 0.000644 -0.002954 0.000005 1.566541 1.582814 -0.000300 0.002764 0.999993 0.002491 -0.002618 0.000000 0.001199 -0.001198 0.000000 1.563330 1.578654 -0.002084 0.002106 0.999996 0.001963 -0.002041 0.000000 0.001301 -0.001293 0.000000 1.564696 1.577159 -0.001419 0.001378 7.236603 0.000011 -0.000021 0.000000 7.243314 0.000004 -0.000038 0.000000 7.241382 0.000015 -0.000015 0.000000 7.237726 0.000015 -0.000015 0.000000 3.630000
-10.227591 -40.178557 21.904737 0.999747 0.003174 -0.004530 -0.021812 -0.133232 -0.098245 -0.011524 0.001383 -0.000905 -0.032451 0.999997 0.001779 -0.001903 0.000004 0.001102 -0.000300 0.000004 1.565072 1.576546 -0.000308 0.001262 0.999991 0.001526 -0.003833 0.000010 0.000627 -0.002983 0.000004 1.566538 1.582841 -0.000333 0.002720 0.999993 0.002497 -0.002624 0.000000 0.001183 -0.001181 0.000000 1.563310 1.578675 -0.002090 0.002112 0.999996 0.001969 -0.002048 0.000000 0.001307 -0.001300 0.000000 1.564682 1.577172 -0.001403 0.001360 7.237595 0.000011 -0.000022 0.000000 7.244319 0.000003 -0.000038 0.000000 7.242418 0.000015 -0.000015 0.000000 7.238745 0.000015 -0.000015 0.000000 3.640000
-10.228923 -40.179539 21.904610 0.999743 0.003180 -0.004535 -0.021974 -0.133932 -0.098759 -0.013798 0.001341 -0.000894 -0.032593 0.999997 0.001784 -0.001905 0.000004 0.001103 -0.000294 0.000004 1.565069 1.576558 -0.000276 0.001263 0.999991 0.001529 -0.003848 0.000010 0.000611 -0.003009 0.000004 1.566535 1.582868 -0.000368 0.002677 0.999993 0.002503 -0.002630 0.000000 0.001169 -0.001165 0.000000 1.563289 1.578696 -0.002096 0.002117 0.999996 0.001976 -0.002054 0.000000 0.001313 -0.001305 0.000000 1.564668 1.577186 -0.001389 0.001343 7.238595 0.000011 -0.000022 0.000000 7.245333 0.000003 -0.000038 0.000000 7.243462 0.000015 -0.000015 0.000000 7.239772 0.000015 -0.000015 0.000000 3.650000
-10.230261 -40.180526 21.904462 0.999740 0.003186 -0.004540 -0.022137 -0.134633 -0.099274 -0.016049 0.001301 -0.000885 -0.032736 0.999997 0.001790 -0.001906 0.000004 0.001104 -0.000294 0.000004 1.565066 1.576571 -0.000245 0.001262 0.999991 0.001532 -0.003863 0.000010 0.000595 -0.003033 0.000004 1.566531 1.582895 -0.000402 0.002636 0.999993 0.002509 -0.002636 0.000000 0.001155 -0.001150 0.000000 1.563268 1.578717 -0.002101 0.002122 0.999996 0.001983 -0.002061 0.000000 0.001318 -0.001310 0.000000 1.564654 1.577199 -0.001374 0.001327 7.239602 0.000011 -0.000023 0.000000 7.246354 0.000003 -0.000038 0.000000 7.244515 0.000015 -0.000015 0.000000 7.240807 0.000015 -0.000015 0.000000 3.660000
-10.231607 -40.181518 21.904291 0.999736 0.003192 -0.004544 -0.022300 -0.135335 -0.099790 -0.018279 0.001261 -0.000876 -0.032879 0.999997 0.001795 -0.001908 0.000004 0.001104 -0.000299 0.000004 1.565064 1.576583 -0.000215 0.001261 0.999991 0.001535 -0.003878 0.000011 0.000578 -0.003056 0.000003 1.566527 1.582921 -0.000437 0.002596 0.999993 0.002514 -0.002642 0.000000 0.001142 -0.001136 0.000000 1.563247 1.578739 -0.002106 0.002126 0.999996 0.001989 -0.002067 0.000000 0.001322 -0.001315 0.000000 1.564641 1.577212 -0.001361 0.001311 7.240618 0.000011 -0.000023 0.000000 7.247383 0.000003 -0.000038 0.000000 7.245575 0.000015 -0.000015 0.000000 7.241849 0.000015 -0.000015 0.000000 3.670000
-10.232960 -40.182516 21.904097 0.999732 0.003197 -0.004549 -0.022465 -0.136040 -0.100307 -0.020488 0.001222 -0.000869 -0.033023 0.999997 0.001801 -0.001909 0.000004 0.001105 -0.000310 0.000004 1.565062 1.576596 -0.000187 0.001258 0.999991 0.001538 -0.003894 0.000011 0.000562 -0.003075 0.000003 1.566522 1.582946 -0.000473 0.002559 0.999993 0.002520 -0.002647 0.000000 0.001131 -0.001123 0.000000 1.563226 1.578760 -0.002111 0.002130 0.999996 0.001996 -0.002074 0.000000 0.001326 -0.001318 0.000000 1.564627 1.577225 -0.001347 0.001295 7.241641 0.000011 -0.000024 0.000000 7.248420 0.000003 -0.000038 0.000000 7.246642 0.000015 -0.000015 0.000000 7.242899 0.000015 -0.000015 0.000000 3.680000
-10.234319 -40.183518 21.903882 0.999728 0.003203 -0.004554 -0.022630 -0.136745 -0.100825 -0.022674 0.001183 -0.000863 -0.033167 0.999997 0.001806 -0.001911 0.000004 0.001106 -0.000326 0.000004 1.565060 1.576609 -0.000160 0.001256 0.999991 0.001541 -0.003909 0.000011 0.000546 -0.003093 0.000002 1.566517 1.582972 -0.000509 0.002523 0.999993 0.002526 -0.002653 0.000000 0.001120 -0.001111 0.000000 1.563205 1.578781 -0.002115 0.002133 0.999996 0.002002 -0.002081 0.000000 0.001328 -0.001321 0.000000 1.564614 1.577238 -0.001335 0.001281 7.242672 0.000011 -0.000024 0.000000 7.249464 0.000003 -0.000038 0.000000 7.247716 0.000015 -0.000015 0.000000 7.243956 0.000015 -0.000015 0.000000 3.690000
-10.235686 -40.184526 21.903645 0.999725 0.003208 -0.004558 -0.022795 -0.137452 -0.101344 -0.024838 0.001146 -0.000858 -0.033313 0.999997 0.001812 -0.001912 0.000004 0.001106 -0.000347 0.000004 1.565059 1.576621 -0.000134 0.001252 0.999991 0.001543 -0.003925 0.000011 0.000530 -0.003108 0.000002 1.566512 1.582997 -0.000545 0.002490 0.999993 0.002531 -0.002658 0.000000 0.001111 -0.001100 0.000000 1.563184 1.578802 -0.002119 0.002136 0.999996 0.002009 -0.002087 0.000000 0.001331 -0.001323 0.000000 1.564601 1.577251 -0.001323 0.001266 7.243710 0.000011 -0.000025 0.000000 7.250516 0.000002 -0.000038 0.000000 7.248798 0.000015 -0.000015 0.000000 7.245019 0.000015 -0.000015 0.000000 3.700000
-10.237060 -40.185539 21.903387 0.999721 0.003213 -0.004563 -0.022962 -0.138161 -0.101863 -0.026981 0.001109 -0.000854 -0.033459 0.999997 0.001817 -0.001914 0.000004 0.001106 -0.000371 0.000004 1.565058 1.576633 -0.000110 0.001247 0.999991 0.001546 -0.003940 0.000011 0.000514 -0.003121 0.000002 1.566506 1.583021 -0.000582 0.002458 0.999993 0.002537 -0.002664 0.000000 0.001102 -0.001091 0.000000 1.563163 1.578824 -0.002122 0.002139 0.999996 0.002016 -0.002094 0.000000 0.001332 -0.001324 0.000000 1.564588 1.577263 -0.001311 0.001253 7.244755 0.000011 -0.000026 0.000000 7.251574 0.000002 -0.000038 0.000000 7.249886 0.000015 -0.000015 0.000000 7.246089 0.000015 -0.000015 0.000000 3.710000
-10.238441 -40.186557 21.903108 0.999717 0.003218 -0.004568 -0.023129 -0.138871 -0.102383 -0.029100 0.001073 -0.000851 -0.033606 0.999997 0.001823 -0.001916 0.000004 0.001107 -0.000398 0.000004 1.565057 1.576646 -0.000088 0.001242 0.999991 0.001549 -0.003956 0.000011 0.000498 -0.003131 0.000001 1.566500 1.583046 -0.000618 0.002429 0.999993 0.002542 -0.002669 0.000000 0.001095 -0.001082 0.000000 1.563141 1.578845 -0.002125 0.002141 0.999996 0.002022 -0.002100 0.000000 0.001333 -0.001325 0.000000 1.564575 1.577276 -0.001301 0.001240 7.245806 0.000011 -0.000026 0.000000 7.252639 0.000002 -0.000037 0.000000 7.250981 0.000015 -0.000015 0.000000 7.247166 0.000015 -0.000015 0.000000 3.720000
-10.239829 -40.187580 21.902807 0.999713 0.003222 -0.004572 -0.023297 -0.139583 -0.102904 -0.031198 0.001038 -0.000850 -0.033754 0.999996 0.001828 -0.001918 0.000004 0.001107 -0.000427 0.000004 1.565056 1.576658 -0.000066 0.001236 0.999991 0.001551 -0.003971 0.000011 0.000482 -0.003139 0.000001 1.566494 1.583070 -0.000655 0.002401 0.999993 0.002547 -0.002674 0.000000 0.001089 -0.001075 0.000000 1.563120 1.578866 -0.002127 0.002142 0.999996 0.002029 -0.002107 0.000000 0.001333 -0.001324 0.000000 1.564562 1.577288 -0.001290 0.001228 7.246865 0.000011 -0.000027 0.000000 7.253711 0.000002 -0.000037 0.000000 7.252082 0.000015 -0.000015 0.000000 7.248249 0.000015 -0.000015 0.000000 3.730000
-10.241224 -40.188608 21.902486 0.999709 0.003227 -0.004577 -0.023465 -0.140297 -0.103426 -0.033273 0.001004 -0.000850 -0.033903 0.999996 0.001834 -0.001920 0.000004 0.001107 -0.000459 0.000004 1.565055 1.576671 -0.000047 0.001230 0.999991 0.001553 -0.003987 0.000011 0.000466 -0.003145 0.000001 1.566487 1.583094 -0.000692 0.002376 0.999993 0.002553 -0.002680 0.000000 0.001083 -0.001069 0.000000 1.563099 1.578888 -0.002129 0.002143 0.999996 0.002036 -0.002114 0.000000 0.001332 -0.001323 0.000000 1.564549 1.577300 -0.001281 0.001216 7.247929 0.000011 -0.000027 0.000000 7.254790 0.000002 -0.000037 0.000000 7.253188 0.000015 -0.000015 0.000000 7.249338 0.000015 -0.000014 0.000000 3.740000
-10.242626 -40.189642 21.902144 0.999705 0.003231 -0.004582 -0.023634 -0.141011 -0.103949 -0.035325 0.000971 -0.000851 -0.034052 0.999996 0.001839 -0.001923 0.000004 0.001107 -0.000492 0.000004 1.565055 1.576683 -0.000029 0.001223 0.999991 0.001556 -0.004003 0.000011 0.000451 -0.003148 0.000000 1.566480 1.583117 -0.000728 0.002353 0.999993 0.002558 -0.002685 0.000000 0.001079 -0.001064 0.000000 1.563078 1.578909 -0.002130 0.002143 0.999996 0.002042 -0.002120 0.000000 0.001331 -0.001321 0.000000 1.564536 1.577312 -0.001272 0.001206 7.249000 0.000011 -0.000027 0.000000 7.255875 0.000002 -0.000037 0.000000 7.254301 0.000015 -0.000015 0.000000 7.250433 0.000014 -0.000014 0.000000 3.750000
-10.244035 -40.190681 21.901781 0.999701 0.003235 -0.004586 -0.023804 -0.141727 -0.104473 -0.037354 0.000938 -0.000853 -0.034203 0.999996 0.001845 -0.001925 0.000004 0.001107 -0.000526 0.000004 1.565055 1.576695 -0.000012 0.001215 0.999991 0.001558 -0.004018 0.000011 0.000435 -0.003148 0.000000 1.566473 1.583141 -0.000765 0.002332 0.999993 0.002564 -0.002690 0.000000 0.001076 -0.001060 0.000000 1.563056 1.578930 -0.002131 0.002143 0.999996 0.002049 -0.002127 0.000000 0.001329 -0.001319 0.000000 1.564523 1.577324 -0.001264 0.001196 7.250077 0.000011 -0.000028 0.000000 7.256966 0.000002 -0.000036 0.000000 7.255419 0.000015 -0.000015 0.000000 7.251533 0.000014 -0.000014 0.000000 3.760000
-10.245451 -40.191725 21.901399 0.999697 0.003239 -0.004591 -0.023975 -0.142445 -0.104998 -0.039361 0.000907 -0.000856 -0.034354 0.999996 0.001850 -0.001928 0.000004 0.001106 -0.000560 0.000004 1.565055 1.576707 0.000003 0.001208 0.999991 0.001560 -0.004034 0.000011 0.000420 -0.003147 -0.000000 1.566465 1.583164 -0.000801 0.002313 0.999993 0.002569 -0.002696 0.000000 0.001074 -0.001057 0.000000 1.563035 1.578952 -0.002131 0.002142 0.999996 0.002055 -0.002133 0.000000 0.001326 -0.001315 0.000000 1.564511 1.577336 -0.001256 0.001186 7.251160 0.000011 -0.000028 0.000000 7.258063 0.000002 -0.000036 0.000000 7.256543 0.000015 -0.000015 0.000000 7.252639 0.000014 -0.000014 0.000000 3.770000
-10.246875 -40.192774 21.900997 0.999693 0.003243 -0.004596 -0.024147 -0.143164 -0.105523 -0.041344 0.000877 -0.000860 -0.034507 0.999996 0.001856 -0.001931 0.000004 0.001106 -0.000595 0.000004 1.565055 1.576719 0.000017 0.001199 0.999991 0.001562 -0.004050 0.000011 0.000405 -0.003142 -0.000000 1.566457 1.583187 -0.000838 0.002296 0.999993 0.002574 -0.002701 0.000000 0.001073 -0.001055 0.000000 1.563014 1.578973 -0.002131 0.002140 0.999996 0.002062 -0.002140 0.000000 0.001322 -0.001311 0.000000 1.564498 1.577348 -0.001249 0.001178 7.252248 0.000011 -0.000028 0.000000 7.259166 0.000002 -0.000036 0.000000 7.257671 0.000015 -0.000015 0.000000 7.253750 0.000014 -0.000014 0.000000 3.780000
-10.248306 -40.193829 21.900575 0.999688 0.003246 -0.004601 -0.024319 -0.143885 -0.106049 -0.043305 0.000848 -0.000866 -0.034660 0.999996 0.001862 -0.001934 0.000004 0.001105 -0.000629 0.000004 1.565055 1.576731 0.000029 0.001191 0.999991 0.001564 -0.004065 0.000011 0.000391 -0.003136 -0.000001 1.566448 1.583210 -0.000874 0.002282 0.999993 0.002580 -0.002706 0.000000 0.001072 -0.001054 0.000000 1.562993 1.578994 -0.002130 0.002138 0.999996 0.002069 -0.002146 0.000000 0.001318 -0.001306 0.000000 1.564486 1.577360 -0.001243 0.001170 7.253342 0.000011 -0.000029 0.000000 7.260274 0.000001 -0.000035 0.000000 7.258804 0.000015 -0.000015 0.000000 7.254866 0.000014 -0.000014 0.000000 3.790000
-10.249744 -40.194889 21.900134 0.999684 0.003250 -0.004605 -0.024492 -0.144607 -0.106576 -0.045242 0.000821 -0.000872 -0.034814 0.999996 0.001867 -0.001937 0.000004 0.001105 -0.000662 0.000004 1.565055 1.576743 0.000039 0.001182 0.999990 0.001566 -0.004081 0.000011 0.000376 -0.003127 -0.000001 1.566439 1.583232 -0.000910 0.002270 0.999993 0.002585 -0.002711 0.000000 0.001073 -0.001054 0.000000 1.562972 1.579016 -0.002128 0.002135 0.999996 0.002075 -0.002153 0.000000 0.001313 -0.001301 0.000000 1.564474 1.577371 -0.001238 0.001163 7.254441 0.000011 -0.000029 0.000000 7.261388 0.000001 -0.000035 0.000000 7.259942 0.000016 -0.000015 0.000000 7.255987 0.000014 -0.000014 0.000000 3.800000
-10.251189 -40.195954 21.899673 0.999680 0.003253 -0.004610 -0.024666 -0.145330 -0.107105 -0.047156 0.000794 -0.000880 -0.034969 0.999996 0.001873 -0.001940 0.000004 0.001104 -0.000694 0.000004 1.565056 1.576754 0.000048 0.001173 0.999990 0.001568 -0.004096 0.000011 0.000362 -0.003116 -0.000001 1.566430 1.583255 -0.000945 0.002260 0.999993 0.002590 -0.002717 0.000000 0.001075 -0.001056 0.000000 1.562950 1.579037 -0.002126 0.002132 0.999996 0.002082 -0.002159 0.000000 0.001308 -0.001294 0.000000 1.564461 1.577383 -0.001233 0.001156 7.255572 0.000011 -0.000032 0.000000 7.262535 0.000001 -0.000035 0.000000 7.261113 0.000016 -0.000016 0.000000 7.257140 0.000014 -0.000013 0.000000 3.810000
-10.252641 -40.197024 21.899193 0.999675 0.003256 -0.004615 -0.024841 -0.146055 -0.107634 -0.049047 0.000768 -0.000888 -0.035126 0.999996 0.001878 -0.001944 0.000004 0.001103 -0.000732 0.000004 1.565056 1.576766 0.000055 0.001163 0.999990 0.001570 -0.004112 0.000011 0.000348 -0.003103 -0.000001 1.566420 1.583277 -0.000980 0.002253 0.999993 0.002596 -0.002722 0.000000 0.001078 -0.001059 0.000000 1.562929 1.579058 -0.002124 0.002128 0.999995 0.002088 -0.002166 0.000000 0.001302 -0.001287 0.000000 1.564449 1.577394 -0.001229 0.001150 7.256681 0.000011 -0.000032 0.000000 7.263659 0.000001 -0.000035 0.000000 7.262260 0.000016 -0.000016 0.000000 7.258271 0.000014 -0.000013 0.000000 3.820000
-10.254101 -40.198100 21.898695 0.999671 0.003259 -0.004620 -0.025016 -0.146782 -0.108163 -0.050914 0.000744 -0.000898 -0.035283 0.999996 0.001884 -0.001948 0.000004 0.001102 -0.000765 0.000004 1.565057 1.576778 0.000061 0.001154 0.999990 0.001571 -0.004127 0.000011 0.000334 -0.003087 -0.000002 1.566411 1.583300 -0.001015 0.002248 0.999993 0.002601 -0.002727 0.000000 0.001082 -0.001062 0.000000 1.562908 1.579079 -0.002120 0.002124 0.999995 0.002095 -0.002172 0.000000 0.001295 -0.001279 0.000000 1.564437 1.577406 -0.001225 0.001145 7.257794 0.000011 -0.000032 0.000000 7.264788 0.000001 -0.000034 0.000000 7.263411 0.000017 -0.000016 0.000000 7.259405 0.000013 -0.000013 0.000000 3.830000
-10.255568 -40.199180 21.898178 0.999667 0.003262 -0.004625 -0.025192 -0.147509 -0.108694 -0.052758 0.000721 -0.000909 -0.035441 0.999996 0.001889 -0.001952 0.000004 0.001101 -0.000793 0.000004 1.565058 1.576789 0.000065 0.001144 0.999990 0.001573 -0.004143 0.000011 0.000321 -0.003069 -0.000002 1.566400 1.583322 -0.001049 0.002245 0.999993 0.002607 -0.002733 0.000000 0.001086 -0.001066 0.000000 1.562887 1.579101 -0.002117 0.002119 0.999995 0.002101 -0.002179 0.000000 0.001288 -0.001271 0.000000 1.564425 1.577417 -0.001222 0.001141 7.258912 0.000011 -0.000032 0.000000 7.265922 0.000001 -0.000034 0.000000 7.264565 0.000017 -0.000017 0.000000 7.260544 0.000013 -0.000013 0.000000 3.840000
-10.257042 -40.200267 21.897643 0.999662 0.003265 -0.004630 -0.025369 -0.148238 -0.109226 -0.054579 0.000699 -0.000920 -0.035600 0.999996 0.001894 -0.001956 0.000004 0.001100 -0.000818 0.000004 1.565058 1.576800 0.000067 0.001135 0.999990 0.001574 -0.004158 0.000011 0.000308 -0.003049 -0.000002 1.566390 1.583344 -0.001082 0.002244 0.999993 0.002612 -0.002738 0.000000 0.001091 -0.001071 0.000000 1.562866 1.579122 -0.002113 0.002113 0.999995 0.002107 -0.002185 0.000000 0.001280 -0.001262 0.000000 1.564412 1.577428 -0.001220 0.001137 7.260035 0.000011 -0.000032 0.000000 7.267061 0.000001 -0.000033 0.000000 7.265723 0.000017 -0.000017 0.000000 7.261686 0.000013 -0.000013 0.000000 3.850000
-10.258523 -40.201358 21.897090 0.999658 0.003268 -0.004635 -0.025547 -0.148969 -0.109759 -0.056375 0.000678 -0.000933 -0.035761 0.999996 0.001900 -0.001960 0.000004 0.001098 -0.000838 0.000004 1.565059 1.576812 0.000068 0.001126 0.999990 0.001576 -0.004173 0.000011 0.000295 -0.003027 -0.000002 1.566379 1.583367 -0.001115 0.002245 0.999993 0.002617 -0.002743 0.000000 0.001097 -0.001076 0.000000 1.562845 1.579143 -0.002108 0.002107 0.999995 0.002114 -0.002191 0.000000 0.001271 -0.001252 0.000000 1.564400 1.577440 -0.001218 0.001134 7.261161 0.000011 -0.000032 0.000000 7.268204 0.000001 -0.000033 0.000000 7.266884 0.000017 -0.000017 0.000000 7.262832 0.000013 -0.000013 0.000000 3.860000
-10.260012 -40.202455 21.896520 0.999653 0.003270 -0.004640 -0.025726 -0.149701 -0.110292 -0.058148 0.000659 -0.000946 -0.035922 0.999996 0.001905 -0.001964 0.000004 0.001097 -0.000856 0.000004 1.565060 1.576823 0.000068 0.001116 0.999990 0.001577 -0.004188 0.000011 0.000283 -0.003002 -0.000002 1.566367 1.583389 -0.001147 0.002248 0.999993 0.002623 -0.002749 0.000000 0.001104 -0.001083 0.000000 1.562824 1.579164 -0.002103 0.002101 0.999995 0.002120 -0.002197 0.000000 0.001262 -0.001242 0.000000 1.564388 1.577451 -0.001217 0.001132 7.262291 0.000011 -0.000032 0.000000 7.269351 0.000001 -0.000032 0.000000 7.268048 0.000017 -0.000017 0.000000 7.263982 0.000013 -0.000012 0.000000 3.870000
-10.261508 -40.203557 21.895931 0.999648 0.003273 -0.004646 -0.025905 -0.150434 -0.110826 -0.059897 0.000641 -0.000961 -0.036085 0.999996 0.001911 -0.001968 0.000004 0.001095 -0.000871 0.000004 1.565060 1.576834 0.000065 0.001107 0.999990 0.001579 -0.004203 0.000011 0.000271 -0.002976 -0.000003 1.566356 1.583412 -0.001179 0.002254 0.999993 0.002628 -0.002754 0.000000 0.001111 -0.001090 0.000000 1.562803 1.579185 -0.002097 0.002094 0.999995 0.002126 -0.002204 0.000000 0.001252 -0.001231 0.000000 1.564376 1.577462 -0.001217 0.001130 7.263425 0.000011 -0.000032 0.000000 7.270502 0.000001 -0.000032 0.000000 7.269215 0.000017 -0.000017 0.000000 7.265135 0.000013 -0.000012 0.000000 3.880000
-10.263011 -40.204665 21.895326 0.999644 0.003275 -0.004651 -0.026085 -0.151169 -0.111362 -0.061623 0.000624 -0.000976 -0.036248 0.999996 0.001916 -0.001973 0.000004 0.001093 -0.000883 0.000004 1.565061 1.576845 0.000061 0.001098 0.999990 0.001580 -0.004218 0.000011 0.000260 -0.002948 -0.000003 1.566344 1.583434 -0.001209 0.002261 0.999993 0.002634 -0.002760 0.000000 0.001119 -0.001097 0.000000 1.562782 1.579205 -0.002091 0.002086 0.999995 0.002133 -0.002210 0.000000 0.001242 -0.001220 0.000000 1.564364 1.577474 -0.001217 0.001129 7.264563 0.000010 -0.000031 0.000000 7.271657 0.000001 -0.000031 0.000000 7.270385 0.000018 -0.000017 0.000000 7.266290 0.000012 -0.000012 0.000000 3.890000
-10.264522 -40.205777 21.894703 0.999639 0.003278 -0.004656 -0.026266 -0.151905 -0.111898 -0.063324 0.000609 -0.000992 -0.036413 0.999996 0.001922 -0.001977 0.000004 0.001092 -0.000892 0.000004 1.565061 1.576856 0.000056 0.001089 0.999990 0.001581 -0.004232 0.000011 0.000248 -0.002918 -0.000003 1.566332 1.583457 -0.001239 0.002271 0.999993 0.002640 -0.002765 0.000000 0.001127 -0.001105 0.000000 1.562761 1.579226 -0.002085 0.002078 0.999995 0.002139 -0.002216 0.000000 0.001232 -0.001208 0.000000 1.564352 1.577485 -0.001218 0.001129 7.265704 0.000010 -0.000031 0.000000 7.272815 0.000001 -0.000031 0.000000 7.271557 0.000018 -0.000018 0.000000 7.267449 0.000012 -0.000012 0.000000 3.900000
-10.266040 -40.206896 21.894063 0.999634 0.003280 -0.004662 -0.026448 -0.152643 -0.112435 -0.065002 0.000594 -0.001009 -0.036579 0.999996 0.001927 -0.001982 0.000004 0.001090 -0.000899 0.000004 1.565062 1.576867 0.000048 0.001081 0.999990 0.001583 -0.004247 0.000011 0.000237 -0.002886 -0.000003 1.566319 1.583479 -0.001268 0.002282 0.999993 0.002645 -0.002771 0.000000 0.001136 -0.001114 0.000000 1.562740 1.579247 -0.002078 0.002069 0.999995 0.002145 -0.002222 0.000000 0.001221 -0.001195 0.000000 1.564340 1.577496 -0.001219 0.001129 7.266848 0.000010 -0.000031 0.000000 7.273977 0.000001 -0.000030 0.000000 7.272732 0.000018 -0.000018 0.000000 7.268611 0.000012 -0.000012 0.000000 3.910000
-10.267565 -40.208019 21.893407 0.999629 0.003282 -0.004667 -0.026631 -0.153382 -0.112974 -0.066656 0.000581 -0.001027 -0.036746 0.999996 0.001933 -0.001986 0.000004 0.001087 -0.000903 0.000004 1.565062 1.576877 0.000040 0.001072 0.999990 0.001584 -0.004261 0.000011 0.000227 -0.002853 -0.000003 1.566306 1.583502 -0.001296 0.002296 0.999993 0.002651 -0.002776 0.000000 0.001145 -0.001123 0.000000 1.562720 1.579267 -0.002070 0.002060 0.999995 0.002151 -0.002228 0.000000 0.001209 -0.001182 0.000000 1.564327 1.577507 -0.001221 0.001130 7.267995 0.000010 -0.000031 0.000000 7.275143 0.000001 -0.000030 0.000000 7.273908 0.000018 -0.000018 0.000000 7.269775 0.000012 -0.000011 0.000000 3.920000
-10.269098 -40.209148 21.892734 0.999624 0.003284 -0.004673 -0.026814 -0.154122 -0.113513 -0.068285 0.000570 -0.001045 -0.036914 0.999996 0.001938 -0.001991 0.000004 0.001085 -0.000905 0.000004 1.565063 1.576888 0.000029 0.001064 0.999990 0.001585 -0.004275 0.000011 0.000217 -0.002818 -0.000003 1.566293 1.583525 -0.001324 0.002311 0.999993 0.002657 -0.002782 0.000000 0.001155 -0.001133 0.000000 1.562699 1.579288 -0.002062 0.002051 0.999995 0.002157 -0.002233 0.000000 0.001197 -0.001169 0.000000 1.564315 1.577519 -0.001223 0.001131 7.269145 0.000010 -0.000030 0.000000 7.276311 0.000001 -0.000029 0.000000 7.275086 0.000018 -0.000018 0.000000 7.270942 0.000012 -0.000011 0.000000 3.930000
-10.270638 -40.210282 21.892046 0.999619 0.003286 -0.004679 -0.026999 -0.154864 -0.114053 -0.069891 0.000559 -0.001065 -0.037083 0.999996 0.001943 -0.001995 0.000004 0.001083 -0.000904 0.000004 1.565063 1.576899 0.000018 0.001056 0.999990 0.001586 -0.004289 0.000011 0.000207 -0.002782 -0.000003 1.566280 1.583548 -0.001350 0.002328 0.999993 0.002662 -0.002787 0.000000 0.001165 -0.001143 0.000000 1.562679 1.579308 -0.002054 0.002041 0.999995 0.002163 -0.002239 0.000000 0.001185 -0.001155 0.000000 1.564303 1.577530 -0.001226 0.001133 7.270297 0.000010 -0.000030 0.000000 7.277482 0.000001 -0.000028 0.000000 7.276266 0.000018 -0.000018 0.000000 7.272110 0.000012 -0.000011 0.000000 3.940000
-10.272185 -40.211422 21.891341 0.999614 0.003289 -0.004685 -0.027184 -0.155607 -0.114594 -0.071472 0.000551 -0.001085 -0.037253 0.999996 0.001949 -0.002000 0.000004 0.001080 -0.000901 0.000004 1.565063 1.576909 0.000004 0.001048 0.999989 0.001587 -0.004303 0.000011 0.000198 -0.002744 -0.000003 1.566266 1.583572 -0.001375 0.002347 0.999993 0.002668 -0.002793 0.000000 0.001175 -0.001154 0.000000 1.562658 1.579329 -0.002046 0.002031 0.999995 0.002169 -0.002245 0.000000 0.001172 -0.001141 0.000000 1.564291 1.577541 -0.001230 0.001136 7.271452 0.000010 -0.000030 0.000000 7.278656 0.000001 -0.000028 0.000000 7.277447 0.000018 -0.000018 0.000000 7.273281 0.000011 -0.000011 0.000000 3.950000
-10.273740 -40.212567 21.890621 0.999609 0.003291 -0.004691 -0.027370 -0.156352 -0.115136 -0.073030 0.000543 -0.001105 -0.037425 0.999996 0.001954 -0.002004 0.000004 0.001078 -0.000896 0.000004 1.565063 1.576920 -0.000011 0.001041 0.999989 0.001588 -0.004317 0.000011 0.000189 -0.002705 -0.000003 1.566253 1.583595 -0.001399 0.002367 0.999993 0.002674 -0.002799 0.000000 0.001186 -0.001164 0.000000 1.562638 1.579349 -0.002037 0.002021 0.999995 0.002175 -0.002251 0.000000 0.001159 -0.001126 0.000000 1.564279 1.577553 -0.001233 0.001138 7.272610 0.000010 -0.000030 0.000000 7.279833 0.000001 -0.000027 0.000000 7.278630 0.000019 -0.000018 0.000000 7.274454 0.000011 -0.000011 0.000000 3.960000
-10.275303 -40.213717 21.889885 0.999604 0.003292 -0.004697 -0.027557 -0.157098 -0.115679 -0.074563 0.000537 -0.001127 -0.037597 0.999996 0.001960 -0.002009 0.000004 0.001075 -0.000889 0.000004 1.565063 1.576930 -0.000027 0.001034 0.999989 0.001589 -0.004330 0.000011 0.000181 -0.002665 -0.000003 1.566239 1.583619 -0.001422 0.002389 0.999992 0.002680 -0.002805 0.000000 0.001197 -0.001175 0.000000 1.562618 1.579369 -0.002028 0.002010 0.999995 0.002180 -0.002256 0.000000 0.001146 -0.001111 0.000000 1.564266 1.577564 -0.001238 0.001142 7.273769 0.000010 -0.000029 0.000000 7.281012 0.000001 -0.000027 0.000000 7.279813 0.000019 -0.000019 0.000000 7.275628 0.000011 -0.000010 0.000000 3.970000
-10.276873 -40.214873 21.889134 0.999599 0.003294 -0.004703 -0.027745 -0.157845 -0.116224 -0.076072 0.000532 -0.001149 -0.037771 0.999996 0.001965 -0.002013 0.000004 0.001073 -0.000880 0.000004 1.565063 1.576940 -0.000045 0.001027 0.999989 0.001590 -0.004343 0.000011 0.000173 -0.002624 -0.000003 1.566224 1.583643 -0.001444 0.002412 0.999992 0.002686 -0.002811 0.000000 0.001208 -0.001186 0.000000 1.562597 1.579389 -0.002018 0.001999 0.999995 0.002186 -0.002262 0.000000 0.001132 -0.001096 0.000000 1.564254 1.577575 -0.001242 0.001146 7.274931 0.000010 -0.000029 0.000000 7.282193 0.000001 -0.000026 0.000000 7.280998 0.000019 -0.000019 0.000000 7.276803 0.000011 -0.000010 0.000000 3.980000
-10.278450 -40.216035 21.888368 0.999593 0.003296 -0.004709 -0.027933 -0.158594 -0.116769 -0.077557 0.000528 -0.001172 -0.037946 0.999996 0.001970 -0.002017 0.000004 0.001070 -0.000858 0.000004 1.565062 1.576950 -0.000064 0.001020 0.999989 0.001591 -0.004356 0.000011 0.000166 -0.002579 -0.000004 1.566210 1.583667 -0.001465 0.002437 0.999992 0.002692 -0.002817 0.000000 0.001215 -0.001193 0.000000 1.562577 1.579409 -0.002009 0.001987 0.999995 0.002192 -0.002267 0.000000 0.001117 -0.001079 0.000000 1.564241 1.577587 -0.001248 0.001150 7.276094 0.000010 -0.000029 0.000000 7.283376 0.000001 -0.000026 0.000000 7.282183 0.000019 -0.000019 0.000000 7.277980 0.000011 -0.000010 0.000000 3.990000
-10.280035 -40.217201 21.887588 0.999588 0.003298 -0.004716 -0.028123 -0.159344 -0.117315 -0.079018 0.000526 -0.001195 -0.038122 0.999996 0.001976 -0.002021 0.000004 0.001067 -0.000839 0.000003 1.565061 1.576960 -0.000085 0.001013 0.999989 0.001591 -0.004369 0.000011 0.000159 -0.002535 -0.000004 1.566195 1.583691 -0.001484 0.002462 0.999992 0.002698 -0.002823 0.000000 0.001225 -0.001203 0.000000 1.562557 1.579428 -0.001999 0.001976 0.999995 0.002197 -0.002272 0.000000 0.001103 -0.001063 0.000000 1.564229 1.577598 -0.001253 0.001155 7.277258 0.000010 -0.000029 0.000000 7.284560 0.000001 -0.000025 0.000000 7.283368 0.000019 -0.000019 0.000000 7.279158 0.000011 -0.000010 0.000000 4.000000
-10.281627 -40.218374 21.886793 0.999583 0.003300 -0.004722 -0.028313 -0.160096 -0.117862 -0.080454 0.000525 -0.001219 -0.038300 0.999996 0.001981 -0.002026 0.000004 0.001064 -0.000823 0.000003 1.565060 1.576971 -0.000107 0.001007 0.999989 0.001592 -0.004381 0.000011 0.000152 -0.002491 -0.000004 1.566180 1.583716 -0.001502 0.002490 0.999992 0.002704 -0.002829 0.000000 0.001236 -0.001214 0.000000 1.562537 1.579448 -0.001989 0.001964 0.999995 0.002203 -0.002278 0.000000 0.001089 -0.001048 0.000000 1.564216 1.577610 -0.001259 0.001160 7.278425 0.000010 -0.000029 0.000000 7.285747 0.000001 -0.000025 0.000000 7.284554 0.000020 -0.000019 0.000000 7.280337 0.000011 -0.000010 0.000000 4.010000
-10.283226 -40.219551 21.885984 0.999577 0.003302 -0.004729 -0.028504 -0.160849 -0.118410 -0.081867 0.000525 -0.001243 -0.038478 0.999996 0.001986 -0.002030 0.000004 0.001060 -0.000808 0.000003 1.565059 1.576981 -0.000131 0.001001 0.999989 0.001593 -0.004394 0.000011 0.000146 -0.002447 -0.000004 1.566165 1.583741 -0.001519 0.002518 0.999992 0.002711 -0.002835 0.000000 0.001247 -0.001226 0.000000 1.562518 1.579468 -0.001978 0.001952 0.999995 0.002208 -0.002283 0.000000 0.001074 -0.001031 0.000000 1.564204 1.577621 -0.001265 0.001166 7.279592 0.000010 -0.000029 0.000000 7.286935 0.000001 -0.000024 0.000000 7.285740 0.000020 -0.000020 0.000000 7.281516 0.000010 -0.000010 0.000000 4.020000
-10.284834 -40.220734 21.885161 0.999571 0.003304 -0.004736 -0.028696 -0.161603 -0.118960 -0.083255 0.000527 -0.001268 -0.038658 0.999996 0.001992 -0.002034 0.000004 0.001057 -0.000795 0.000003 1.565058 1.576991 -0.000156 0.000995 0.999989 0.001594 -0.004406 0.000011 0.000141 -0.002402 -0.000003 1.566150 1.583766 -0.001535 0.002547 0.999992 0.002717 -0.002841 0.000000 0.001258 -0.001237 0.000000 1.562498 1.579487 -0.001968 0.001939 0.999995 0.002213 -0.002288 0.000000 0.001060 -0.001015 0.000000 1.564191 1.577633 -0.001271 0.001171 7.280761 0.000010 -0.000029 0.000000 7.288124 0.000001 -0.000024 0.000000 7.286926 0.000020 -0.000020 0.000000 7.282696 0.000010 -0.000009 0.000000 4.030000
-10.286448 -40.221923 21.884324 0.999566 0.003306 -0.004743 -0.028889 -0.162359 -0.119510 -0.084619 0.000529 -0.001293 -0.038839 0.999996 0.001997 -0.002038 0.000004 0.001054 -0.000781 0.000003 1.565056 1.577000 -0.000182 0.000989 0.999989 0.001594 -0.004418 0.000011 0.000135 -0.002357 -0.000003 1.566134 1.583792 -0.001550 0.002577 0.999992 0.002723 -0.002847 0.000000 0.001269 -0.001248 0.000000 1.562478 1.579506 -0.001957 0.001927 0.999995 0.002219 -0.002293 0.000000 0.001046 -0.000999 0.000000 1.564179 1.577645 -0.001278 0.001177 7.281930 0.000010 -0.000029 0.000000 7.289314 0.000001 -0.000023 0.000000 7.288111 0.000020 -0.000020 0.000000 7.283877 0.000010 -0.000009 0.000000 4.040000
-10.288071 -40.223117 21.883474 0.999560 0.003308 -0.004750 -0.029083 -0.163117 -0.120061 -0.085959 0.000534 -0.001319 -0.039021 0.999996 0.002002 -0.002041 0.000004 0.001050 -0.000768 0.000003 1.565054 1.577010 -0.000210 0.000983 0.999989 0.001595 -0.004429 0.000011 0.000131 -0.002311 -0.000003 1.566119 1.583818 -0.001563 0.002608 0.999992 0.002729 -0.002853 0.000000 0.001280 -0.001258 0.000000 1.562459 1.579525 -0.001946 0.001914 0.999995 0.002224 -0.002298 0.000000 0.001031 -0.000982 0.000000 1.564166 1.577657 -0.001285 0.001184 7.283100 0.000010 -0.000029 0.000000 7.290505 0.000001 -0.000023 0.000000 7.289296 0.000020 -0.000020 0.000000 7.285058 0.000010 -0.000009 0.000000 4.050000
-10.289701 -40.224317 21.882611 0.999555 0.003310 -0.004757 -0.029278 -0.163875 -0.120614 -0.087274 0.000539 -0.001345 -0.039204 0.999996 0.002007 -0.002045 0.000004 0.001047 -0.000755 0.000003 1.565052 1.577020 -0.000239 0.000978 0.999989 0.001596 -0.004441 0.000011 0.000127 -0.002266 -0.000003 1.566103 1.583844 -0.001575 0.002640 0.999992 0.002736 -0.002860 0.000000 0.001291 -0.001269 0.000000 1.562440 1.579544 -0.001936 0.001902 0.999995 0.002229 -0.002303 0.000000 0.001016 -0.000966 0.000000 1.564153 1.577668 -0.001292 0.001190 7.284271 0.000010 -0.000028 0.000000 7.291697 0.000001 -0.000022 0.000000 7.290481 0.000020 -0.000020 0.000000 7.286238 0.000010 -0.000009 0.000000 4.060000
-10.291338 -40.225522 21.881734 0.999549 0.003312 -0.004764 -0.029474 -0.164636 -0.121168 -0.088565 0.000546 -0.001372 -0.039389 0.999996 0.002012 -0.002049 0.000004 0.001043 -0.000741 0.000003 1.565049 1.577030 -0.000269 0.000972 0.999989 0.001596 -0.004452 0.000011 0.000123 -0.002220 -0.000003 1.566088 1.583870 -0.001585 0.002673 0.999992 0.002742 -0.002866 0.000000 0.001301 -0.001279 0.000000 1.562420 1.579563 -0.001925 0.001889 0.999995 0.002234 -0.002308 0.000000 0.001002 -0.000950 0.000000 1.564140 1.577680 -0.001299 0.001197 7.285442 0.000010 -0.000028 0.000000 7.292889 0.000001 -0.000022 0.000000 7.291665 0.000020 -0.000020 0.000000 7.287419 0.000010 -0.000009 0.000000 4.070000
-10.292983 -40.226733 21.880845 0.999543 0.003314 -0.004772 -0.029671 -0.165397 -0.121722 -0.089832 0.000554 -0.001399 -0.039575 0.999996 0.002018 -0.002053 0.000004 0.001039 -0.000728 0.000003 1.565046 1.577039 -0.000301 0.000967 0.999989 0.001597 -0.004463 0.000011 0.000120 -0.002174 -0.000003 1.566072 1.583897 -0.001594 0.002706 0.999992 0.002749 -0.002872 0.000000 0.001311 -0.001289 0.000000 1.562401 1.579582 -0.001914 0.001876 0.999995 0.002239 -0.002312 0.000000 0.000987 -0.000933 0.000000 1.564127 1.577692 -0.001307 0.001204 7.286614 0.000009 -0.000028 0.000000 7.294082 0.000001 -0.000021 0.000000 7.292848 0.000020 -0.000020 0.000000 7.288599 0.000009 -0.000009 0.000000 4.080000
-10.294636 -40.227949 21.879943 0.999537 0.003316 -0.004780 -0.029868 -0.166160 -0.122278 -0.091075 0.000563 -0.001426 -0.039762 0.999996 0.002023 -0.002056 0.000004 0.001035 -0.000714 0.000003 1.565043 1.577049 -0.000333 0.000961 0.999989 0.001597 -0.004474 0.000011 0.000117 -0.002128 -0.000003 1.566056 1.583924 -0.001601 0.002739 0.999992 0.002755 -0.002879 0.000000 0.001320 -0.001298 0.000000 1.562382 1.579601 -0.001903 0.001864 0.999995 0.002244 -0.002317 0.000000 0.000973 -0.000917 0.000000 1.564114 1.577704 -0.001314 0.001211 7.287785 0.000009 -0.000028 0.000000 7.295274 0.000001 -0.000021 0.000000 7.294029 0.000020 -0.000020 0.000000 7.289779 0.000009 -0.000008 0.000000 4.090000
-10.296296 -40.229170 21.879029 0.999531 0.003318 -0.004787 -0.030067 -0.166925 -0.122835 -0.092294 0.000573 -0.001453 -0.039950 0.999996 0.002028 -0.002060 0.000004 0.001031 -0.000701 0.000003 1.565040 1.577059 -0.000367 0.000956 0.999989 0.001598 -0.004484 0.000011 0.000115 -0.002082 -0.000003 1.566040 1.583952 -0.001608 0.002773 0.999992 0.002762 -0.002885 0.000000 0.001329 -0.001307 0.000000 1.562363 1.579619 -0.001892 0.001851 0.999995 0.002249 -0.002321 0.000000 0.000958 -0.000901 0.000000 1.564101 1.577716 -0.001322 0.001218 7.288957 0.000009 -0.000028 0.000000 7.296467 0.000001 -0.000021 0.000000 7.295210 0.000020 -0.000020 0.000000 7.290958 0.000009 -0.000008 0.000000 4.100000
-10.297964 -40.230398 21.878103 0.999525 0.003320 -0.004795 -0.030266 -0.167691 -0.123393 -0.093489 0.000585 -0.001481 -0.040139 0.999996 0.002033 -0.002063 0.000004 0.001027 -0.000688 0.000003 1.565036 1.577068 -0.000402 0.000951 0.999989 0.001599 -0.004494 0.000011 0.000113 -0.002037 -0.000003 1.566024 1.583980 -0.001612 0.002807 0.999992 0.002769 -0.002892 0.000000 0.001338 -0.001315 0.000000 1.562345 1.579638 -0.001881 0.001838 0.999995 0.002253 -0.002326 0.000000 0.000944 -0.000884 0.000000 1.564088 1.577729 -0.001330 0.001226 7.290128 0.000009 -0.000028 0.000000 7.297659 0.000001 -0.000020 0.000000 7.296389 0.000020 -0.000020 0.000000 7.292136 0.000009 -0.000008 0.000000 4.110000
-10.299639 -40.231631 21.877165 0.999519 0.003322 -0.004803 -0.030467 -0.168458 -0.123952 -0.094659 0.000597 -0.001509 -0.040330 0.999996 0.002038 -0.002067 0.000004 0.001023 -0.000676 0.000003 1.565032 1.577078 -0.000437 0.000946 0.999989 0.001599 -0.004504 0.000011 0.000112 -0.001992 -0.000003 1.566008 1.584008 -0.001616 0.002841 0.999992 0.002775 -0.002898 0.000000 0.001346 -0.001323 0.000000 1.562326 1.579656 -0.001870 0.001826 0.999995 0.002258 -0.002330 0.000000 0.000930 -0.000868 0.000000 1.564074 1.577741 -0.001338 0.001233 7.291299 0.000009 -0.000028 0.000000 7.298851 0.000001 -0.000020 0.000000 7.297566 0.000020 -0.000020 0.000000 7.293313 0.000009 -0.000008 0.000000 4.120000
-10.301322 -40.232869 21.876216 0.999513 0.003324 -0.004811 -0.030668 -0.169227 -0.124512 -0.095806 0.000611 -0.001537 -0.040522 0.999996 0.002043 -0.002070 0.000004 0.001019 -0.000664 0.000003 1.565027 1.577087 -0.000474 0.000940 0.999989 0.001600 -0.004514 0.000011 0.000111 -0.001948 -0.000002 1.565992 1.584036 -0.001618 0.002875 0.999992 0.002782 -0.002905 0.000000 0.001354 -0.001331 0.000000 1.562307 1.579674 -0.001860 0.001813 0.999995 0.002263 -0.002335 0.000000 0.000916 -0.000852 0.000000 1.564061 1.577753 -0.001345 0.001240 7.292469 0.000009 -0.000027 0.000000 7.300042 0.000002 -0.000019 0.000000 7.298742 0.000020 -0.000020 0.000000 7.294490 0.000009 -0.000008 0.000000 4.130000
-10.303013 -40.234113 21.875255 0.999506 0.003327 -0.004820 -0.030871 -0.169998 -0.125074 -0.096928 0.000626 -0.001565 -0.040715 0.999996 0.002048 -0.002073 0.000004 0.001015 -0.000652 0.000003 1.565022 1.577096 -0.000512 0.000935 0.999988 0.001600 -0.004524 0.000011 0.000110 -0.001904 -0.000002 1.565975 1.584065 -0.001618 0.002910 0.999992 0.002789 -0.002912 0.000000 0.001361 -0.001338 0.000000 1.562289 1.579692 -0.001849 0.001801 0.999995 0.002267 -0.002339 0.000000 0.000902 -0.000837 0.000000 1.564047 1.577766 -0.001353 0.001248 7.293638 0.000009 -0.000027 0.000000 7.301233 0.000002 -0.000019 0.000000 7.299916 0.000020 -0.000020 0.000000 7.295664 0.000009 -0.000008 0.000000 4.140000
-10.304712 -40.235363 21.874284 0.999500 0.003329 -0.004828 -0.031074 -0.170770 -0.125636 -0.098026 0.000642 -0.001593 -0.040909 0.999996 0.002053 -0.002076 0.000005 0.001010 -0.000641 0.000003 1.565017 1.577106 -0.000551 0.000930 0.999988 0.001601 -0.004533 0.000011 0.000110 -0.001861 -0.000002 1.565959 1.584094 -0.001617 0.002944 0.999992 0.002796 -0.002918 0.000000 0.001368 -0.001344 0.000000 1.562270 1.579710 -0.001838 0.001789 0.999995 0.002272 -0.002343 0.000000 0.000889 -0.000821 0.000000 1.564034 1.577778 -0.001361 0.001255 7.294807 0.000009 -0.000027 0.000000 7.302422 0.000002 -0.000019 0.000000 7.301088 0.000020 -0.000020 0.000000 7.296837 0.000009 -0.000008 0.000000 4.150000
-10.306418 -40.236618 21.873301 0.999493 0.003332 -0.004837 -0.031278 -0.171543 -0.126200 -0.099101 0.000659 -0.001621 -0.041104 0.999996 0.002058 -0.002080 0.000005 0.001006 -0.000630 0.000003 1.565011 1.577115 -0.000591 0.000925 0.999988 0.001601 -0.004542 0.000011 0.000111 -0.001819 -0.000002 1.565943 1.584124 -0.001615 0.002978 0.999992 0.002802 -0.002925 0.000000 0.001374 -0.001350 0.000000 1.562252 1.579728 -0.001828 0.001777 0.999995 0.002276 -0.002347 0.000000 0.000875 -0.000806 0.000000 1.564020 1.577791 -0.001369 0.001262 7.295974 0.000009 -0.000027 0.000000 7.303610 0.000002 -0.000018 0.000000 7.302258 0.000020 -0.000020 0.000000 7.298009 0.000009 -0.000008 0.000000 4.160000
-10.308132 -40.237879 21.872312 0.999487 0.003334 -0.004845 -0.031483 -0.172325 -0.126771 -0.099326 0.000677 -0.001655 -0.041302 0.999996 0.002064 -0.002084 0.000005 0.001084 -0.001007 0.000003 1.565005 1.577124 -0.000630 0.000918 0.999988 0.001602 -0.004552 0.000011 0.000245 -0.002154 -0.000001 1.565927 1.584154 -0.001610 0.003008 0.999992 0.002810 -0.002933 0.000000 0.001694 -0.001688 0.000000 1.562234 1.579745 -0.001815 0.001762 0.999995 0.002281 -0.002351 0.000000 0.001076 -0.001016 0.000000 1.564007 1.577803 -0.001374 0.001268 7.338093 0.000010 -0.000064 0.000000 7.346086 0.000006 -0.000046 0.000000 7.344660 0.000043 -0.000044 0.000000 7.340221 0.000019 -0.000018 0.000000 4.170000
-10.309854 -40.239145 21.871321 0.999480 0.003337 -0.004854 -0.031690 -0.173109 -0.127342 -0.099533 0.000697 -0.001688 -0.041502 0.999996 0.002069 -0.002090 0.000005 0.001080 -0.001311 0.000003 1.564999 1.577133 -0.000670 0.000912 0.999988 0.001603 -0.004563 0.000011 0.000255 -0.002290 -0.000000 1.565911 1.584184 -0.001603 0.003038 0.999992 0.002819 -0.002941 0.000000 0.001839 -0.001841 0.000000 1.562216 1.579763 -0.001804 0.001748 0.999995 0.002286 -0.002357 0.000000 0.001106 -0.001048 0.000000 1.563993 1.577816 -0.001380 0.001273 7.338929 0.000010 -0.000053 0.000000 7.346944 0.000004 -0.000031 0.000000 7.345497 0.000030 -0.000031 0.000000 7.341061 0.000012 -0.000011 0.000000 4.180000
-10.311583 -40.240418 21.870328 0.999474 0.003340 -0.004863 -0.031897 -0.173894 -0.127915 -0.099723 0.000717 -0.001722 -0.041702 0.999996 0.002074 -0.002096 0.000005 0.001075 -0.001462 0.000003 1.564992 1.577142 -0.000711 0.000906 0.999988 0.001605 -0.004575 0.000011 0.000255 -0.002294 0.000000 1.565895 1.584214 -0.001596 0.003068 0.999992 0.002828 -0.002951 0.000000 0.001874 -0.001878 0.000000 1.562198 1.579780 -0.001792 0.001736 0.999995 0.002292 -0.002362 0.000000 0.001095 -0.001034 0.000000 1.563979 1.577829 -0.001386 0.001279 7.339754 0.000010 -0.000044 0.000000 7.347788 0.000004 -0.000025 0.000000 7.346320 0.000026 -0.000026 0.000000 7.341888 0.000011 -0.000010 0.000000 4.190000
-10.313321 -40.241696 21.869333 0.999467 0.003343 -0.004873 -0.032105 -0.174681 -0.128488 -0.099896 0.000739 -0.001755 -0.041904 0.999996 0.002080 -0.002104 0.000005 0.001070 -0.001510 0.000003 1.564985 1.577151 -0.000753 0.000902 0.999988 0.001606 -0.004586 0.000011 0.000256 -0.002260 0.000001 1.565879 1.584245 -0.001587 0.003099 0.999992 0.002838 -0.002960 0.000000 0.001876 -0.001879 0.000000 1.562180 1.579797 -0.001782 0.001724 0.999995 0.002297 -0.002367 0.000000 0.001079 -0.001017 0.000000 1.563965 1.577841 -0.001393 0.001285 7.340573 0.000010 -0.000037 0.000000 7.348628 0.000004 -0.000024 0.000000 7.347136 0.000025 -0.000025 0.000000 7.342709 0.000011 -0.000010 0.000000 4.200000
-10.315066 -40.242979 21.868336 0.999460 0.003346 -0.004882 -0.032314 -0.175469 -0.129063 -0.100053 0.000761 -0.001788 -0.042107 0.999996 0.002085 -0.002111 0.000005 0.001065 -0.001494 0.000003 1.564977 1.577160 -0.000795 0.000899 0.999988 0.001607 -0.004597 0.000011 0.000257 -0.002216 0.000001 1.565864 1.584276 -0.001577 0.003130 0.999992 0.002847 -0.002969 0.000000 0.001868 -0.001870 0.000000 1.562162 1.579815 -0.001773 0.001713 0.999995 0.002302 -0.002372 0.000000 0.001063 -0.000998 0.000000 1.563951 1.577854 -0.001399 0.001291 7.341388 0.000010 -0.000033 0.000000 7.349462 0.000004 -0.000023 0.000000 7.347947 0.000024 -0.000024 0.000000 7.343525 0.000011 -0.000010 0.000000 4.210000
-10.316819 -40.244269 21.867338 0.999453 0.003349 -0.004892 -0.032525 -0.176259 -0.129639 -0.100193 0.000784 -0.001821 -0.042310 0.999996 0.002090 -0.002119 0.000005 0.001060 -0.001436 0.000003 1.564969 1.577169 -0.000839 0.000897 0.999988 0.001609 -0.004608 0.000011 0.000259 -0.002170 0.000001 1.565848 1.584307 -0.001565 0.003161 0.999991 0.002856 -0.002979 0.000000 0.001857 -0.001857 0.000000 1.562145 1.579832 -0.001765 0.001703 0.999995 0.002308 -0.002377 0.000000 0.001047 -0.000980 0.000000 1.563937 1.577867 -0.001406 0.001297 7.342198 0.000010 -0.000029 0.000000 7.350291 0.000004 -0.000022 0.000000 7.348752 0.000024 -0.000023 0.000000 7.344336 0.000011 -0.000010 0.000000 4.220000
-10.318580 -40.245564 21.866339 0.999446 0.003352 -0.004901 -0.032736 -0.177050 -0.130217 -0.100318 0.000808 -0.001854 -0.042515 0.999996 0.002096 -0.002126 0.000005 0.001055 -0.001354 0.000003 1.564960 1.577178 -0.000883 0.000897 0.999988 0.001610 -0.004619 0.000011 0.000260 -0.002123 0.000001 1.565832 1.584339 -0.001553 0.003192 0.999991 0.002865 -0.002988 0.000000 0.001843 -0.001841 0.000000 1.562127 1.579849 -0.001758 0.001694 0.999994 0.002313 -0.002382 0.000000 0.001031 -0.000962 0.000000 1.563923 1.577880 -0.001413 0.001304 7.343002 0.000009 -0.000027 0.000000 7.351115 0.000004 -0.000022 0.000000 7.349551 0.000023 -0.000023 0.000000 7.345140 0.000011 -0.000010 0.000000 4.230000
-10.320349 -40.246865 21.865338 0.999439 0.003355 -0.004911 -0.032948 -0.177842 -0.130795 -0.100426 0.000833 -0.001887 -0.042721 0.999996 0.002101 -0.002132 0.000005 0.001050 -0.001257 0.000003 1.564951 1.577187 -0.000928 0.000897 0.999988 0.001611 -0.004629 0.000011 0.000262 -0.002078 0.000001 1.565817 1.584371 -0.001539 0.003223 0.999991 0.002874 -0.002997 0.000000 0.001827 -0.001824 0.000000 1.562110 1.579865 -0.001751 0.001686 0.999994 0.002318 -0.002386 0.000000 0.001015 -0.000945 0.000000 1.563909 1.577893 -0.001420 0.001310 7.343802 0.000009 -0.000025 0.000000 7.351933 0.000004 -0.000021 0.000000 7.350344 0.000023 -0.000023 0.000000 7.345939 0.000010 -0.000009 0.000000 4.240000
-10.322126 -40.248172 21.864337 0.999432 0.003359 -0.004921 -0.033162 -0.178636 -0.131375 -0.100518 0.000859 -0.001919 -0.042929 0.999995 0.002106 -0.002138 0.000005 0.001044 -0.001152 0.000003 1.564942 1.577196 -0.000973 0.000899 0.999988 0.001612 -0.004640 0.000011 0.000265 -0.002033 0.000002 1.565802 1.584403 -0.001525 0.003254 0.999991 0.002884 -0.003006 0.000000 0.001810 -0.001805 0.000000 1.562092 1.579882 -0.001746 0.001680 0.999994 0.002323 -0.002391 0.000000 0.001000 -0.000927 0.000000 1.563895 1.577906 -0.001427 0.001317 7.344596 0.000009 -0.000024 0.000000 7.352746 0.000004 -0.000021 0.000000 7.351131 0.000023 -0.000022 0.000000 7.346732 0.000010 -0.000009 0.000000 4.250000
-10.323911 -40.249484 21.863334 0.999425 0.003362 -0.004932 -0.033376 -0.179432 -0.131955 -0.100594 0.000885 -0.001951 -0.043137 0.999995 0.002111 -0.002144 0.000005 0.001039 -0.001045 0.000003 1.564932 1.577205 -0.001019 0.000901 0.999988 0.001614 -0.004650 0.000011 0.000267 -0.001988 0.000002 1.565786 1.584436 -0.001509 0.003284 0.999991 0.002893 -0.003015 0.000000 0.001792 -0.001784 0.000000 1.562075 1.579899 -0.001741 0.001674 0.999994 0.002328 -0.002396 0.000000 0.000984 -0.000909 0.000000 1.563881 1.577919 -0.001434 0.001323 7.345385 0.000009 -0.000023 0.000000 7.353553 0.000004 -0.000021 0.000000 7.351912 0.000022 -0.000022 0.000000 7.347519 0.000010 -0.000009 0.000000 4.260000
-10.325703 -40.250803 21.862331 0.999418 0.003366 -0.004942 -0.033591 -0.180229 -0.132538 -0.100654 0.000913 -0.001982 -0.043346 0.999995 0.002116 -0.002149 0.000005 0.001034 -0.000937 0.000003 1.564921 1.577214 -0.001066 0.000904 0.999988 0.001615 -0.004659 0.000011 0.000270 -0.001945 0.000002 1.565772 1.584469 -0.001492 0.003315 0.999991 0.002901 -0.003024 0.000000 0.001772 -0.001763 0.000000 1.562058 1.579916 -0.001738 0.001669 0.999994 0.002333 -0.002400 0.000000 0.000969 -0.000892 0.000000 1.563866 1.577933 -0.001441 0.001330 7.346169 0.000009 -0.000022 0.000000 7.354354 0.000004 -0.000020 0.000000 7.352686 0.000022 -0.000021 0.000000 7.348301 0.000010 -0.000009 0.000000 4.270000
-10.327504 -40.252127 21.861327 0.999410 0.003370 -0.004952 -0.033808 -0.181027 -0.133121 -0.100699 0.000940 -0.002013 -0.043556 0.999995 0.002122 -0.002153 0.000005 0.001028 -0.000832 0.000003 1.564910 1.577223 -0.001112 0.000907 0.999988 0.001616 -0.004669 0.000011 0.000273 -0.001903 0.000002 1.565757 1.584502 -0.001474 0.003344 0.999991 0.002910 -0.003033 0.000000 0.001751 -0.001739 0.000000 1.562040 1.579932 -0.001735 0.001665 0.999994 0.002338 -0.002405 0.000000 0.000954 -0.000875 0.000000 1.563852 1.577946 -0.001448 0.001337 7.346948 0.000009 -0.000021 0.000000 7.355150 0.000004 -0.000020 0.000000 7.353455 0.000021 -0.000021 0.000000 7.349076 0.000010 -0.000009 0.000000 4.280000
-10.329312 -40.253457 21.860323 0.999403 0.003374 -0.004963 -0.034025 -0.181827 -0.133705 -0.100728 0.000969 -0.002043 -0.043767 0.999995 0.002127 -0.002157 0.000005 0.001023 -0.000732 0.000003 1.564899 1.577232 -0.001160 0.000911 0.999988 0.001618 -0.004678 0.000011 0.000277 -0.001862 0.000003 1.565742 1.584535 -0.001455 0.003373 0.999991 0.002919 -0.003041 0.000000 0.001728 -0.001715 0.000000 1.562023 1.579949 -0.001733 0.001661 0.999994 0.002342 -0.002409 0.000000 0.000939 -0.000858 0.000000 1.563838 1.577959 -0.001455 0.001343 7.347721 0.000009 -0.000021 0.000000 7.355939 0.000004 -0.000020 0.000000 7.354217 0.000021 -0.000021 0.000000 7.349845 0.000010 -0.000009 0.000000 4.290000
-10.331129 -40.254793 21.859319 0.999395 0.003378 -0.004974 -0.034244 -0.182628 -0.134291 -0.100742 0.000998 -0.002073 -0.043980 0.999995 0.002132 -0.002160 0.000005 0.001018 -0.000637 0.000003 1.564887 1.577241 -0.001207 0.000915 0.999988 0.001619 -0.004688 0.000011 0.000280 -0.001821 0.000003 1.565728 1.584569 -0.001435 0.003402 0.999991 0.002927 -0.003050 0.000000 0.001705 -0.001689 0.000000 1.562006 1.579965 -0.001732 0.001659 0.999994 0.002347 -0.002413 0.000000 0.000924 -0.000842 0.000000 1.563823 1.577973 -0.001462 0.001350 7.348488 0.000009 -0.000020 0.000000 7.356723 0.000004 -0.000020 0.000000 7.354973 0.000021 -0.000020 0.000000 7.350607 0.000010 -0.000009 0.000000 4.300000
-10.332954 -40.256134 21.858315 0.999388 0.003382 -0.004985 -0.034463 -0.183431 -0.134878 -0.100740 0.001028 -0.002103 -0.044193 0.999995 0.002137 -0.002163 0.000005 0.001012 -0.000548 0.000003 1.564875 1.577250 -0.001255 0.000918 0.999988 0.001621 -0.004697 0.000011 0.000284 -0.001783 0.000003 1.565714 1.584603 -0.001413 0.003430 0.999991 0.002936 -0.003058 0.000000 0.001681 -0.001662 0.000000 1.561989 1.579982 -0.001731 0.001658 0.999994 0.002352 -0.002417 0.000000 0.000910 -0.000825 0.000000 1.563808 1.577986 -0.001468 0.001356 7.349250 0.000009 -0.000020 0.000000 7.357500 0.000004 -0.000019 0.000000 7.355722 0.000020 -0.000020 0.000000 7.351364 0.000010 -0.000008 0.000000 4.310000
-10.334786 -40.257482 21.857311 0.999380 0.003387 -0.004996 -0.034684 -0.184236 -0.135466 -0.100723 0.001059 -0.002131 -0.044407 0.999995 0.002142 -0.002166 0.000005 0.001007 -0.000467 0.000003 1.564862 1.577259 -0.001303 0.000922 0.999988 0.001622 -0.004705 0.000011 0.000288 -0.001745 0.000003 1.565700 1.584637 -0.001391 0.003457 0.999991 0.002944 -0.003066 0.000000 0.001655 -0.001635 0.000000 1.561971 1.579998 -0.001731 0.001657 0.999994 0.002356 -0.002421 0.000000 0.000896 -0.000809 0.000000 1.563794 1.578000 -0.001475 0.001362 7.350007 0.000009 -0.000020 0.000000 7.358271 0.000005 -0.000019 0.000000 7.356466 0.000020 -0.000019 0.000000 7.352114 0.000010 -0.000008 0.000000 4.320000
-10.336627 -40.258835 21.856307 0.999372 0.003392 -0.005007 -0.034906 -0.185042 -0.136055 -0.100692 0.001090 -0.002159 -0.044622 0.999995 0.002147 -0.002168 0.000005 0.001001 -0.000393 0.000003 1.564849 1.577269 -0.001352 0.000925 0.999988 0.001624 -0.004714 0.000011 0.000292 -0.001709 0.000004 1.565686 1.584672 -0.001368 0.003483 0.999991 0.002952 -0.003074 0.000000 0.001629 -0.001606 0.000000 1.561954 1.580015 -0.001732 0.001657 0.999994 0.002360 -0.002425 0.000000 0.000882 -0.000794 0.000000 1.563779 1.578013 -0.001481 0.001368 7.350757 0.000009 -0.000020 0.000000 7.359036 0.000005 -0.000019 0.000000 7.357202 0.000020 -0.000019 0.000000 7.352858 0.000009 -0.000008 0.000000 4.330000
-10.338475 -40.260194 21.855303 0.999364 0.003396 -0.005019 -0.035129 -0.185850 -0.136646 -0.100645 0.001122 -0.002187 -0.044839 0.999995 0.002152 -0.002170 0.000005 0.000996 -0.000328 0.000003 1.564835 1.577278 -0.001400 0.000929 0.999988 0.001625 -0.004722 0.000011 0.000296 -0.001674 0.000004 1.565672 1.584707 -0.001344 0.003508 0.999991 0.002960 -0.003082 0.000000 0.001602 -0.001577 0.000000 1.561937 1.580031 -0.001734 0.001657 0.999994 0.002365 -0.002429 0.000000 0.000869 -0.000779 0.000000 1.563764 1.578027 -0.001488 0.001374 7.351502 0.000009 -0.000020 0.000000 7.359794 0.000005 -0.000019 0.000000 7.357933 0.000019 -0.000019 0.000000 7.353595 0.000009 -0.000008 0.000000 4.340000
-10.340332 -40.261560 21.854300 0.999356 0.003401 -0.005030 -0.035352 -0.186659 -0.137238 -0.100584 0.001154 -0.002214 -0.045056 0.999995 0.002157 -0.002171 0.000005 0.000990 -0.000270 0.000003 1.564821 1.577287 -0.001449 0.000931 0.999987 0.001626 -0.004731 0.000011 0.000301 -0.001641 0.000004 1.565659 1.584742 -0.001319 0.003532 0.999991 0.002968 -0.003090 0.000000 0.001575 -0.001547 0.000000 1.561919 1.580048 -0.001736 0.001659 0.999994 0.002369 -0.002433 0.000000 0.000856 -0.000764 0.000000 1.563749 1.578041 -0.001494 0.001379 7.352241 0.000009 -0.000020 0.000000 7.360546 0.000005 -0.000018 0.000000 7.358657 0.000019 -0.000018 0.000000 7.354326 0.000009 -0.000008 0.000000 4.350000
-10.342197 -40.262931 21.853298 0.999348 0.003406 -0.005042 -0.035577 -0.187470 -0.137831 -0.100508 0.001187 -0.002240 -0.045274 0.999995 0.002162 -0.002172 0.000005 0.000985 -0.000221 0.000003 1.564806 1.577296 -0.001497 0.000933 0.999987 0.001628 -0.004739 0.000011 0.000306 -0.001609 0.000004 1.565646 1.584777 -0.001293 0.003555 0.999991 0.002976 -0.003098 0.000000 0.001547 -0.001516 0.000000 1.561902 1.580064 -0.001739 0.001661 0.999994 0.002373 -0.002437 0.000000 0.000843 -0.000750 0.000000 1.563734 1.578054 -0.001500 0.001385 7.352974 0.000009 -0.000020 0.000000 7.361292 0.000005 -0.000018 0.000000 7.359375 0.000019 -0.000018 0.000000 7.355050 0.000009 -0.000008 0.000000 4.360000
-10.344070 -40.264308 21.852297 0.999340 0.003412 -0.005054 -0.035803 -0.188282 -0.138425 -0.100417 0.001220 -0.002265 -0.045493 0.999995 0.002167 -0.002173 0.000005 0.000979 -0.000179 0.000003 1.564791 1.577306 -0.001546 0.000935 0.999987 0.001630 -0.004747 0.000011 0.000311 -0.001578 0.000005 1.565633 1.584813 -0.001266 0.003577 0.999991 0.002984 -0.003105 0.000000 0.001518 -0.001485 0.000000 1.561885 1.580081 -0.001742 0.001663 0.999994 0.002378 -0.002441 0.000000 0.000831 -0.000736 0.000000 1.563719 1.578068 -0.001505 0.001390 7.353701 0.000009 -0.000021 0.000000 7.362031 0.000005 -0.000018 0.000000 7.360086 0.000018 -0.000018 0.000000 7.355768 0.000009 -0.000008 0.000000 4.370000
-10.345951 -40.265690 21.851296 0.999332 0.003417 -0.005066 -0.036031 -0.189096 -0.139021 -0.100313 0.001253 -0.002290 -0.045712 0.999995 0.002171 -0.002174 0.000005 0.000974 -0.000146 0.000003 1.564776 1.577315 -0.001594 0.000935 0.999987 0.001631 -0.004754 0.000011 0.000316 -0.001550 0.000005 1.565621 1.584849 -0.001239 0.003598 0.999991 0.002991 -0.003112 0.000000 0.001489 -0.001454 0.000000 1.561867 1.580098 -0.001746 0.001666 0.999994 0.002382 -0.002444 0.000000 0.000819 -0.000722 0.000000 1.563704 1.578082 -0.001510 0.001394 7.354422 0.000009 -0.000021 0.000000 7.362763 0.000005 -0.000018 0.000000 7.360791 0.000018 -0.000017 0.000000 7.356479 0.000009 -0.000008 0.000000 4.380000
-10.347840 -40.267079 21.850297 0.999324 0.003423 -0.005078 -0.036259 -0.189911 -0.139618 -0.100193 0.001287 -0.002314 -0.045933 0.999995 0.002176 -0.002175 0.000005 0.000969 -0.000120 0.000003 1.564760 1.577324 -0.001642 0.000935 0.999987 0.001633 -0.004762 0.000011 0.000321 -0.001523 0.000005 1.565609 1.584885 -0.001211 0.003617 0.999991 0.002999 -0.003120 0.000000 0.001460 -0.001422 0.000000 1.561850 1.580114 -0.001750 0.001669 0.999994 0.002386 -0.002448 0.000000 0.000808 -0.000709 0.000000 1.563689 1.578096 -0.001515 0.001399 7.355137 0.000009 -0.000022 0.000000 7.363488 0.000005 -0.000018 0.000000 7.361489 0.000018 -0.000017 0.000000 7.357183 0.000009 -0.000008 0.000000 4.390000
-10.349737 -40.268474 21.849298 0.999315 0.003428 -0.005090 -0.036488 -0.190728 -0.140216 -0.100060 0.001321 -0.002337 -0.046154 0.999995 0.002181 -0.002175 0.000005 0.000963 -0.000102 0.000003 1.564743 1.577334 -0.001690 0.000935 0.999987 0.001634 -0.004770 0.000011 0.000326 -0.001497 0.000005 1.565597 1.584921 -0.001182 0.003635 0.999991 0.003006 -0.003127 0.000000 0.001431 -0.001390 0.000000 1.561832 1.580131 -0.001755 0.001673 0.999994 0.002390 -0.002451 0.000000 0.000797 -0.000697 0.000000 1.563674 1.578110 -0.001520 0.001403 7.355845 0.000009 -0.000022 0.000000 7.364207 0.000005 -0.000018 0.000000 7.362181 0.000017 -0.000016 0.000000 7.357880 0.000009 -0.000008 0.000000 4.400000
-10.351643 -40.269875 21.848302 0.999307 0.003434 -0.005102 -0.036719 -0.191547 -0.140816 -0.099913 0.001356 -0.002359 -0.046376 0.999995 0.002186 -0.002176 0.000005 0.000958 -0.000090 0.000003 1.564726 1.577343 -0.001738 0.000933 0.999987 0.001636 -0.004777 0.000011 0.000331 -0.001473 0.000006 1.565585 1.584957 -0.001152 0.003651 0.999991 0.003013 -0.003133 0.000000 0.001402 -0.001358 0.000000 1.561815 1.580148 -0.001760 0.001677 0.999994 0.002394 -0.002455 0.000000 0.000786 -0.000685 0.000000 1.563659 1.578124 -0.001524 0.001406 7.356547 0.000008 -0.000023 0.000000 7.364918 0.000005 -0.000018 0.000000 7.362866 0.000017 -0.000016 0.000000 7.358570 0.000009 -0.000008 0.000000 4.410000
-10.353556 -40.271282 21.847307 0.999298 0.003440 -0.005114 -0.036950 -0.192367 -0.141417 -0.099752 0.001391 -0.002380 -0.046599 0.999995 0.002191 -0.002176 0.000005 0.000952 -0.000085 0.000003 1.564708 1.577352 -0.001785 0.000931 0.999987 0.001638 -0.004784 0.000011 0.000337 -0.001451 0.000006 1.565574 1.584994 -0.001122 0.003666 0.999991 0.003020 -0.003140 0.000000 0.001372 -0.001326 0.000000 1.561797 1.580164 -0.001765 0.001682 0.999994 0.002398 -0.002458 0.000000 0.000776 -0.000674 0.000001 1.563644 1.578138 -0.001528 0.001410 7.357243 0.000008 -0.000023 0.000000 7.365622 0.000005 -0.000018 0.000000 7.363544 0.000017 -0.000016 0.000000 7.359254 0.000009 -0.000008 0.000000 4.420000
-10.355478 -40.272694 21.846313 0.999289 0.003447 -0.005127 -0.037183 -0.193189 -0.142019 -0.099578 0.001426 -0.002400 -0.046823 0.999995 0.002195 -0.002177 0.000005 0.000947 -0.000086 0.000003 1.564690 1.577362 -0.001832 0.000928 0.999987 0.001639 -0.004792 0.000011 0.000342 -0.001431 0.000006 1.565563 1.585030 -0.001091 0.003680 0.999990 0.003027 -0.003147 0.000000 0.001343 -0.001295 0.000000 1.561780 1.580181 -0.001771 0.001687 0.999994 0.002401 -0.002461 0.000000 0.000767 -0.000663 0.000001 1.563629 1.578152 -0.001532 0.001412 7.357933 0.000008 -0.000024 0.000000 7.366320 0.000005 -0.000018 0.000000 7.364216 0.000016 -0.000015 0.000000 7.359931 0.000009 -0.000008 0.000000 4.430000
-10.357408 -40.274113 21.845321 0.999281 0.003453 -0.005139 -0.037417 -0.194012 -0.142623 -0.099390 0.001461 -0.002420 -0.047048 0.999995 0.002200 -0.002177 0.000005 0.000942 -0.000093 0.000003 1.564672 1.577371 -0.001879 0.000924 0.999987 0.001641 -0.004799 0.000011 0.000347 -0.001412 0.000006 1.565552 1.585067 -0.001059 0.003692 0.999990 0.003033 -0.003153 0.000000 0.001314 -0.001263 0.000000 1.561762 1.580198 -0.001777 0.001692 0.999994 0.002405 -0.002465 0.000000 0.000758 -0.000652 0.000001 1.563613 1.578166 -0.001535 0.001415 7.358616 0.000008 -0.000024 0.000000 7.367010 0.000005 -0.000018 0.000000 7.364881 0.000016 -0.000015 0.000000 7.360600 0.000009 -0.000008 0.000000 4.440000
-10.359346 -40.275538 21.844331 0.999272 0.003460 -0.005152 -0.037651 -0.194838 -0.143227 -0.099189 0.001497 -0.002438 -0.047273 0.999995 0.002205 -0.002178 0.000005 0.000937 -0.000105 0.000003 1.564653 1.577380 -0.001925 0.000919 0.999987 0.001643 -0.004806 0.000012 0.000353 -0.001396 0.000007 1.565542 1.585104 -0.001027 0.003702 0.999990 0.003040 -0.003159 0.000000 0.001285 -0.001232 0.000000 1.561744 1.580215 -0.001782 0.001697 0.999994 0.002409 -0.002468 0.000000 0.000749 -0.000643 0.000001 1.563598 1.578180 -0.001538 0.001417 7.359292 0.000008 -0.000025 0.000000 7.367693 0.000005 -0.000018 0.000000 7.365540 0.000016 -0.000015 0.000000 7.361263 0.000009 -0.000008 0.000000 4.450000
-10.361292 -40.276969 21.843344 0.999263 0.003466 -0.005165 -0.037887 -0.195664 -0.143834 -0.098974 0.001532 -0.002455 -0.047499 0.999995 0.002209 -0.002178 0.000005 0.000931 -0.000121 0.000003 1.564633 1.577389 -0.001971 0.000914 0.999987 0.001645 -0.004813 0.000012 0.000358 -0.001380 0.000007 1.565531 1.585141 -0.000994 0.003711 0.999990 0.003046 -0.003165 0.000000 0.001257 -0.001201 0.000000 1.561727 1.580232 -0.001788 0.001702 0.999994 0.002413 -0.002471 0.000000 0.000741 -0.000633 0.000001 1.563583 1.578194 -0.001540 0.001418 7.359962 0.000008 -0.000025 0.000000 7.368368 0.000006 -0.000018 0.000000 7.366191 0.000016 -0.000015 0.000000 7.361918 0.000009 -0.000008 0.000000 4.460000
-10.363247 -40.278406 21.842358 0.999254 0.003473 -0.005177 -0.038125 -0.196492 -0.144441 -0.098746 0.001568 -0.002472 -0.047725 0.999995 0.002214 -0.002179 0.000005 0.000926 -0.000140 0.000003 1.564613 1.577398 -0.002016 0.000907 0.999987 0.001646 -0.004819 0.000012 0.000364 -0.001367 0.000007 1.565522 1.585178 -0.000961 0.003718 0.999990 0.003052 -0.003171 0.000000 0.001229 -0.001171 0.000000 1.561709 1.580249 -0.001794 0.001707 0.999994 0.002416 -0.002474 0.000000 0.000734 -0.000624 0.000001 1.563567 1.578209 -0.001542 0.001419 7.360625 0.000008 -0.000026 0.000000 7.369037 0.000006 -0.000018 0.000000 7.366836 0.000015 -0.000014 0.000000 7.362566 0.000009 -0.000008 0.000000 4.470000
-10.365210 -40.279849 21.841375 0.999244 0.003481 -0.005190 -0.038363 -0.197322 -0.145050 -0.098506 0.001604 -0.002487 -0.047952 0.999995 0.002219 -0.002180 0.000005 0.000921 -0.000163 0.000002 1.564593 1.577407 -0.002060 0.000900 0.999987 0.001648 -0.004826 0.000012 0.000369 -0.001356 0.000007 1.565512 1.585215 -0.000927 0.003723 0.999990 0.003058 -0.003177 0.000000 0.001202 -0.001141 0.000000 1.561691 1.580266 -0.001800 0.001712 0.999994 0.002420 -0.002477 0.000000 0.000727 -0.000616 0.000001 1.563552 1.578223 -0.001543 0.001419 7.361281 0.000008 -0.000026 0.000000 7.369697 0.000006 -0.000018 0.000000 7.367475 0.000015 -0.000014 0.000000 7.363207 0.000009 -0.000008 0.000000 4.480000
-10.367181 -40.281298 21.840394 0.999235 0.003488 -0.005203 -0.038602 -0.198154 -0.145660 -0.098252 0.001640 -0.002502 -0.048180 0.999995 0.002223 -0.002181 0.000005 0.000916 -0.000189 0.000002 1.564572 1.577416 -0.002104 0.000893 0.999987 0.001650 -0.004833 0.000012 0.000375 -0.001346 0.000007 1.565503 1.585252 -0.000893 0.003727 0.999990 0.003064 -0.003183 0.000000 0.001175 -0.001112 0.000000 1.561673 1.580283 -0.001806 0.001718 0.999994 0.002424 -0.002480 0.000000 0.000721 -0.000609 0.000001 1.563537 1.578237 -0.001544 0.001419 7.361930 0.000008 -0.000027 0.000000 7.370351 0.000006 -0.000018 0.000000 7.368106 0.000015 -0.000014 0.000000 7.363841 0.000009 -0.000008 0.000000 4.490000
-10.369161 -40.282753 21.839416 0.999226 0.003495 -0.005216 -0.038843 -0.198987 -0.146271 -0.097986 0.001676 -0.002515 -0.048408 0.999995 0.002228 -0.002182 0.000005 0.000911 -0.000217 0.000002 1.564551 1.577425 -0.002147 0.000884 0.999987 0.001652 -0.004840 0.000012 0.000380 -0.001338 0.000008 1.565494 1.585289 -0.000859 0.003729 0.999990 0.003070 -0.003188 0.000000 0.001149 -0.001083 0.000000 1.561655 1.580300 -0.001812 0.001723 0.999994 0.002427 -0.002483 0.000000 0.000715 -0.000602 0.000001 1.563521 1.578251 -0.001544 0.001419 7.362573 0.000008 -0.000027 0.000000 7.370996 0.000006 -0.000018 0.000000 7.368731 0.000015 -0.000014 0.000000 7.364467 0.000009 -0.000008 0.000000 4.500000
-10.371149 -40.284214 21.838441 0.999216 0.003503 -0.005229 -0.039084 -0.199821 -0.146884 -0.097708 0.001712 -0.002527 -0.048637 0.999995 0.002232 -0.002183 0.000005 0.000906 -0.000246 0.000002 1.564530 1.577434 -0.002189 0.000876 0.999987 0.001654 -0.004846 0.000012 0.000386 -0.001331 0.000008 1.565486 1.585326 -0.000824 0.003729 0.999990 0.003076 -0.003193 0.000000 0.001124 -0.001055 0.000000 1.561637 1.580317 -0.001818 0.001728 0.999994 0.002431 -0.002486 0.000000 0.000709 -0.000595 0.000001 1.563506 1.578265 -0.001544 0.001418 7.363208 0.000008 -0.000028 0.000000 7.371634 0.000006 -0.000018 0.000000 7.369348 0.000015 -0.000014 0.000000 7.365086 0.000009 -0.000008 0.000000 4.510000
-10.373145 -40.285681 21.837468 0.999206 0.003511 -0.005242 -0.039327 -0.200658 -0.147498 -0.097417 0.001748 -0.002538 -0.048866 0.999995 0.002237 -0.002184 0.000005 0.000901 -0.000277 0.000002 1.564508 1.577442 -0.002230 0.000866 0.999987 0.001656 -0.004853 0.000012 0.000391 -0.001326 0.000008 1.565478 1.585363 -0.000790 0.003727 0.999990 0.003081 -0.003199 0.000000 0.001099 -0.001028 0.000000 1.561618 1.580335 -0.001824 0.001733 0.999994 0.002434 -0.002489 0.000000 0.000704 -0.000589 0.000001 1.563490 1.578279 -0.001544 0.001416 7.363809 0.000008 -0.000024 0.000000 7.372237 0.000006 -0.000018 0.000000 7.369932 0.000014 -0.000013 0.000000 7.365671 0.000009 -0.000007 0.000000 4.520000
-10.375149 -40.287155 21.836499 0.999197 0.003519 -0.005256 -0.039571 -0.201495 -0.148114 -0.097114 0.001784 -0.002548 -0.049096 0.999995 0.002241 -0.002185 0.000005 0.000896 -0.000297 0.000002 1.564485 1.577451 -0.002271 0.000856 0.999987 0.001658 -0.004859 0.000012 0.000396 -0.001322 0.000008 1.565470 1.585401 -0.000754 0.003724 0.999990 0.003087 -0.003204 0.000000 0.001074 -0.001002 0.000000 1.561600 1.580352 -0.001829 0.001737 0.999994 0.002438 -0.002492 0.000000 0.000700 -0.000583 0.000001 1.563475 1.578293 -0.001543 0.001414 7.364431 0.000008 -0.000024 0.000000 7.372860 0.000006 -0.000018 0.000000 7.370537 0.000014 -0.000013 0.000000 7.366276 0.000009 -0.000007 0.000000 4.530000
-10.377162 -40.288634 21.835532 0.999187 0.003527 -0.005269 -0.039816 -0.202335 -0.148731 -0.096799 0.001820 -0.002557 -0.049326 0.999995 0.002246 -0.002187 0.000005 0.000891 -0.000322 0.000002 1.564462 1.577460 -0.002310 0.000846 0.999987 0.001660 -0.004866 0.000012 0.000401 -0.001320 0.000008 1.565463 1.585438 -0.000719 0.003719 0.999990 0.003092 -0.003209 0.000000 0.001051 -0.000976 0.000000 1.561582 1.580369 -0.001834 0.001742 0.999994 0.002441 -0.002495 0.000000 0.000696 -0.000579 0.000001 1.563460 1.578308 -0.001541 0.001411 7.365046 0.000008 -0.000025 0.000000 7.373475 0.000006 -0.000018 0.000000 7.371134 0.000014 -0.000013 0.000000 7.366873 0.000009 -0.000007 0.000000 4.540000
-10.379183 -40.290120 21.834569 0.999177 0.003535 -0.005282 -0.040063 -0.203176 -0.149349 -0.096472 0.001856 -0.002565 -0.049557 0.999995 0.002250 -0.002189 0.000005 0.000887 -0.000349 0.000002 1.564439 1.577468 -0.002349 0.000836 0.999987 0.001662 -0.004873 0.000012 0.000406 -0.001320 0.000008 1.565456 1.585475 -0.000684 0.003712 0.999990 0.003097 -0.003213 0.000000 0.001029 -0.000952 0.000000 1.561564 1.580387 -0.001839 0.001746 0.999994 0.002445 -0.002498 0.000000 0.000692 -0.000574 0.000001 1.563444 1.578322 -0.001539 0.001408 7.365653 0.000008 -0.000025 0.000000 7.374082 0.000006 -0.000018 0.000000 7.371724 0.000013 -0.000012 0.000000 7.367462 0.000009 -0.000007 0.000000 4.550000
-10.381213 -40.291612 21.833609 0.999167 0.003544 -0.005295 -0.040310 -0.204018 -0.149968 -0.096133 0.001891 -0.002571 -0.049788 0.999995 0.002255 -0.002190 0.000005 0.000882 -0.000378 0.000002 1.564415 1.577476 -0.002387 0.000825 0.999987 0.001664 -0.004879 0.000012 0.000411 -0.001322 0.000009 1.565449 1.585512 -0.000648 0.003703 0.999990 0.003102 -0.003218 0.000000 0.001008 -0.000929 0.000000 1.561545 1.580404 -0.001843 0.001749 0.999994 0.002448 -0.002501 0.000000 0.000689 -0.000570 0.000001 1.563429 1.578336 -0.001536 0.001404 7.366253 0.000008 -0.000025 0.000000 7.374681 0.000006 -0.000019 0.000000 7.372307 0.000013 -0.000012 0.000000 7.368044 0.000009 -0.000007 0.000000 4.560000
-10.383251 -40.293110 21.832652 0.999157 0.003553 -0.005309 -0.040558 -0.204863 -0.150589 -0.095783 0.001927 -0.002576 -0.050020 0.999995 0.002259 -0.002192 0.000005 0.000877 -0.000407 0.000002 1.564391 1.577484 -0.002423 0.000813 0.999987 0.001666 -0.004886 0.000012 0.000416 -0.001325 0.000009 1.565443 1.585549 -0.000613 0.003693 0.999990 0.003107 -0.003223 0.000000 0.000988 -0.000907 0.000000 1.561527 1.580421 -0.001848 0.001752 0.999994 0.002452 -0.002504 0.000000 0.000687 -0.000567 0.000001 1.563414 1.578350 -0.001533 0.001399 7.366846 0.000008 -0.000026 0.000000 7.375272 0.000006 -0.000019 0.000000 7.372884 0.000013 -0.000012 0.000000 7.368619 0.000009 -0.000008 0.000000 4.570000
-10.385297 -40.294614 21.831699 0.999146 0.003562 -0.005322 -0.040808 -0.205708 -0.151211 -0.095421 0.001962 -0.002580 -0.050252 0.999995 0.002263 -0.002194 0.000005 0.000873 -0.000435 0.000002 1.564367 1.577492 -0.002459 0.000802 0.999987 0.001668 -0.004892 0.000012 0.000421 -0.001329 0.000009 1.565437 1.585585 -0.000577 0.003681 0.999990 0.003112 -0.003227 0.000000 0.000969 -0.000886 0.000000 1.561509 1.580439 -0.001851 0.001755 0.999994 0.002455 -0.002507 0.000000 0.000685 -0.000564 0.000001 1.563398 1.578363 -0.001529 0.001394 7.367432 0.000008 -0.000026 0.000000 7.375856 0.000006 -0.000019 0.000000 7.373453 0.000013 -0.000012 0.000000 7.369186 0.000009 -0.000008 0.000000 4.580000
-10.387352 -40.296125 21.830750 0.999136 0.003571 -0.005335 -0.041059 -0.206556 -0.151835 -0.095048 0.001997 -0.002583 -0.050484 0.999995 0.002268 -0.002197 0.000005 0.000868 -0.000463 0.000002 1.564342 1.577500 -0.002493 0.000790 0.999987 0.001670 -0.004899 0.000012 0.000425 -0.001336 0.000009 1.565432 1.585622 -0.000541 0.003667 0.999990 0.003117 -0.003231 0.000000 0.000951 -0.000867 0.000000 1.561490 1.580456 -0.001855 0.001758 0.999994 0.002458 -0.002509 0.000000 0.000683 -0.000562 0.000001 1.563383 1.578377 -0.001525 0.001388 7.368010 0.000008 -0.000026 0.000000 7.376431 0.000006 -0.000019 0.000000 7.374015 0.000013 -0.000012 0.000000 7.369745 0.000009 -0.000008 0.000000 4.590000
-10.389415 -40.297641 21.829804 0.999126 0.003580 -0.005349 -0.041311 -0.207404 -0.152460 -0.094664 0.002032 -0.002585 -0.050716 0.999995 0.002272 -0.002199 0.000005 0.000864 -0.000489 0.000002 1.564317 1.577508 -0.002526 0.000778 0.999987 0.001672 -0.004906 0.000012 0.000430 -0.001343 0.000009 1.565426 1.585658 -0.000506 0.003651 0.999990 0.003121 -0.003236 0.000000 0.000935 -0.000848 0.000000 1.561472 1.580474 -0.001858 0.001760 0.999994 0.002462 -0.002512 0.000000 0.000682 -0.000560 0.000001 1.563368 1.578391 -0.001520 0.001382 7.368581 0.000008 -0.000026 0.000000 7.376998 0.000006 -0.000019 0.000000 7.374570 0.000013 -0.000012 0.000000 7.370296 0.000009 -0.000008 0.000000 4.600000
-10.391487 -40.299164 21.828862 0.999115 0.003589 -0.005362 -0.041564 -0.208255 -0.153086 -0.094269 0.002067 -0.002585 -0.050949 0.999995 0.002276 -0.002202 0.000005 0.000860 -0.000513 0.000002 1.564292 1.577516 -0.002558 0.000767 0.999987 0.001674 -0.004912 0.000012 0.000434 -0.001352 0.000009 1.565422 1.585695 -0.000470 0.003634 0.999990 0.003126 -0.003240 0.000000 0.000919 -0.000831 0.000000 1.561453 1.580492 -0.001860 0.001761 0.999994 0.002465 -0.002515 0.000000 0.000681 -0.000559 0.000001 1.563353 1.578405 -0.001515 0.001376 7.369144 0.000008 -0.000026 0.000000 7.377557 0.000006 -0.000020 0.000000 7.375118 0.000013 -0.000012 0.000000 7.370840 0.000009 -0.000008 0.000000 4.610000
-10.393568 -40.300694 21.827925 0.999104 0.003599 -0.005375 -0.041818 -0.209107 -0.153714 -0.093863 0.002101 -0.002584 -0.051182 0.999995 0.002281 -0.002204 0.000005 0.000855 -0.000535 0.000002 1.564266 1.577523 -0.002588 0.000755 0.999986 0.001676 -0.004919 0.000012 0.000438 -0.001362 0.000009 1.565417 1.585731 -0.000435 0.003615 0.999990 0.003131 -0.003244 0.000000 0.000905 -0.000815 0.000000 1.561434 1.580509 -0.001862 0.001762 0.999994 0.002469 -0.002518 0.000000 0.000681 -0.000558 0.000001 1.563338 1.578419 -0.001509 0.001368 7.369700 0.000008 -0.000026 0.000000 7.378108 0.000006 -0.000020 0.000000 7.375659 0.000013 -0.000012 0.000000 7.371376 0.000009 -0.000008 0.000000 4.620000
-10.395656 -40.302229 21.826991 0.999093 0.003608 -0.005389 -0.042074 -0.209960 -0.154342 -0.093447 0.002135 -0.002581 -0.051415 0.999995 0.002285 -0.002207 0.000005 0.000851 -0.000554 0.000002 1.564241 1.577531 -0.002617 0.000743 0.999986 0.001679 -0.004926 0.000012 0.000442 -0.001373 0.000009 1.565413 1.585767 -0.000400 0.003595 0.999990 0.003135 -0.003248 0.000000 0.000892 -0.000800 0.000000 1.561416 1.580527 -0.001863 0.001762 0.999994 0.002472 -0.002521 0.000000 0.000681 -0.000558 0.000001 1.563323 1.578432 -0.001503 0.001360 7.370249 0.000008 -0.000026 0.000000 7.378650 0.000006 -0.000020 0.000000 7.376192 0.000013 -0.000012 0.000000 7.371905 0.000009 -0.000008 0.000000 4.630000
-10.397754 -40.303771 21.826062 0.999083 0.003618 -0.005402 -0.042331 -0.210815 -0.154973 -0.093020 0.002169 -0.002578 -0.051648 0.999995 0.002289 -0.002210 0.000005 0.000847 -0.000571 0.000002 1.564214 1.577538 -0.002645 0.000731 0.999986 0.001681 -0.004933 0.000012 0.000445 -0.001385 0.000009 1.565409 1.585803 -0.000365 0.003573 0.999990 0.003140 -0.003252 0.000000 0.000879 -0.000786 0.000000 1.561397 1.580544 -0.001864 0.001762 0.999994 0.002475 -0.002523 0.000000 0.000682 -0.000558 0.000001 1.563308 1.578446 -0.001496 0.001352 7.370790 0.000008 -0.000026 0.000000 7.379185 0.000006 -0.000020 0.000000 7.376719 0.000013 -0.000012 0.000000 7.372425 0.000009 -0.000008 0.000000 4.640000
-10.399859 -40.305319 21.825137 0.999071 0.003628 -0.005415 -0.042588 -0.211671 -0.155604 -0.092583 0.002202 -0.002573 -0.051882 0.999995 0.002293 -0.002213 0.000005 0.000843 -0.000601 0.000002 1.564188 1.577545 -0.002672 0.000719 0.999986 0.001683 -0.004940 0.000012 0.000449 -0.001403 0.000010 1.565406 1.585838 -0.000331 0.003549 0.999990 0.003144 -0.003256 0.000000 0.000873 -0.000778 0.000000 1.561379 1.580562 -0.001864 0.001761 0.999994 0.002479 -0.002526 0.000000 0.000685 -0.000560 0.000001 1.563293 1.578459 -0.001489 0.001343 7.371322 0.000008 -0.000026 0.000000 7.379710 0.000006 -0.000020 0.000000 7.377237 0.000013 -0.000012 0.000000 7.372938 0.000009 -0.000008 0.000000 4.650000
-10.401974 -40.306873 21.824216 0.999060 0.003639 -0.005429 -0.042847 -0.212529 -0.156237 -0.092135 0.002235 -0.002566 -0.052115 0.999995 0.002298 -0.002216 0.000005 0.000839 -0.000622 0.000001 1.564161 1.577553 -0.002697 0.000708 0.999986 0.001685 -0.004947 0.000012 0.000453 -0.001419 0.000010 1.565402 1.585873 -0.000297 0.003524 0.999990 0.003148 -0.003260 0.000000 0.000865 -0.000769 0.000000 1.561360 1.580579 -0.001864 0.001760 0.999994 0.002482 -0.002529 0.000000 0.000687 -0.000561 0.000001 1.563278 1.578472 -0.001481 0.001334 7.371848 0.000008 -0.000025 0.000000 7.380228 0.000006 -0.000020 0.000000 7.377749 0.000013 -0.000012 0.000000 7.373443 0.000009 -0.000008 0.000000 4.660000
-10.404097 -40.308434 21.823300 0.999049 0.003649 -0.005442 -0.043107 -0.213388 -0.156871 -0.091678 0.002267 -0.002559 -0.052349 0.999995 0.002302 -0.002219 0.000005 0.000835 -0.000636 0.000001 1.564134 1.577560 -0.002721 0.000697 0.999986 0.001688 -0.004954 0.000012 0.000455 -0.001435 0.000010 1.565400 1.585908 -0.000263 0.003498 0.999990 0.003152 -0.003264 0.000000 0.000856 -0.000759 0.000000 1.561342 1.580597 -0.001863 0.001757 0.999994 0.002486 -0.002532 0.000000 0.000688 -0.000562 0.000001 1.563263 1.578486 -0.001473 0.001324 7.372366 0.000008 -0.000025 0.000000 7.380738 0.000006 -0.000021 0.000000 7.378254 0.000013 -0.000012 0.000000 7.373940 0.000009 -0.000008 0.000000 4.670000
-10.406228 -40.310001 21.822388 0.999038 0.003659 -0.005455 -0.043369 -0.214249 -0.157506 -0.091211 0.002299 -0.002550 -0.052583 0.999995 0.002306 -0.002222 0.000005 0.000832 -0.000643 0.000001 1.564107 1.577566 -0.002743 0.000685 0.999986 0.001690 -0.004961 0.000013 0.000458 -0.001451 0.000010 1.565397 1.585943 -0.000229 0.003470 0.999990 0.003157 -0.003267 0.000000 0.000849 -0.000750 0.000000 1.561323 1.580614 -0.001862 0.001755 0.999994 0.002489 -0.002535 0.000000 0.000690 -0.000564 0.000001 1.563249 1.578499 -0.001465 0.001313 7.372876 0.000008 -0.000024 0.000000 7.381239 0.000006 -0.000021 0.000000 7.378751 0.000013 -0.000012 0.000000 7.374429 0.000009 -0.000008 0.000000 4.680000
-10.408368 -40.311574 21.821481 0.999026 0.003670 -0.005468 -0.043631 -0.215111 -0.158143 -0.090734 0.002330 -0.002539 -0.052817 0.999995 0.002310 -0.002225 0.000005 0.000828 -0.000646 0.000001 1.564079 1.577573 -0.002764 0.000675 0.999986 0.001692 -0.004968 0.000013 0.000460 -0.001468 0.000010 1.565395 1.585977 -0.000196 0.003441 0.999990 0.003161 -0.003271 0.000000 0.000843 -0.000743 0.000000 1.561304 1.580632 -0.001860 0.001751 0.999994 0.002492 -0.002537 0.000000 0.000693 -0.000566 0.000001 1.563234 1.578512 -0.001456 0.001302 7.373379 0.000008 -0.000024 0.000000 7.381732 0.000006 -0.000021 0.000000 7.379241 0.000013 -0.000012 0.000000 7.374911 0.000009 -0.000008 0.000000 4.690000
-10.410517 -40.313154 21.820579 0.999014 0.003681 -0.005481 -0.043895 -0.215975 -0.158781 -0.090248 0.002361 -0.002527 -0.053050 0.999995 0.002314 -0.002228 0.000005 0.000824 -0.000645 0.000001 1.564052 1.577580 -0.002783 0.000664 0.999986 0.001694 -0.004976 0.000013 0.000463 -0.001486 0.000010 1.565393 1.586012 -0.000164 0.003410 0.999990 0.003165 -0.003275 0.000000 0.000837 -0.000736 0.000000 1.561286 1.580649 -0.001857 0.001747 0.999994 0.002496 -0.002540 0.000000 0.000695 -0.000568 0.000001 1.563220 1.578525 -0.001446 0.001291 7.373874 0.000008 -0.000024 0.000000 7.382216 0.000006 -0.000021 0.000000 7.379724 0.000013 -0.000012 0.000000 7.375385 0.000009 -0.000008 0.000000 4.700000
-10.412674 -40.314740 21.819682 0.999003 0.003692 -0.005494 -0.044159 -0.216840 -0.159420 -0.089752 0.002391 -0.002514 -0.053284 0.999995 0.002318 -0.002232 0.000005 0.000821 -0.000640 0.000001 1.564024 1.577587 -0.002801 0.000654 0.999986 0.001697 -0.004983 0.000013 0.000464 -0.001504 0.000010 1.565392 1.586045 -0.000131 0.003379 0.999990 0.003169 -0.003278 0.000000 0.000833 -0.000731 0.000000 1.561267 1.580667 -0.001853 0.001742 0.999994 0.002499 -0.002543 0.000000 0.000698 -0.000570 0.000001 1.563205 1.578538 -0.001436 0.001279 7.374361 0.000008 -0.000023 0.000000 7.382692 0.000006 -0.000022 0.000000 7.380200 0.000013 -0.000012 0.000000 7.375851 0.000009 -0.000008 0.000000 4.710000
-10.414840 -40.316332 21.818790 0.998991 0.003703 -0.005507 -0.044425 -0.217707 -0.160061 -0.089247 0.002421 -0.002500 -0.053518 0.999995 0.002322 -0.002235 0.000005 0.000817 -0.000633 0.000001 1.563996 1.577593 -0.002817 0.000644 0.999986 0.001699 -0.004991 0.000013 0.000466 -0.001523 0.000010 1.565391 1.586079 -0.000100 0.003346 0.999990 0.003173 -0.003282 0.000000 0.000830 -0.000727 0.000000 1.561249 1.580684 -0.001849 0.001737 0.999994 0.002503 -0.002546 0.000000 0.000701 -0.000573 0.000001 1.563191 1.578550 -0.001426 0.001267 7.374840 0.000008 -0.000023 0.000000 7.383160 0.000006 -0.000022 0.000000 7.380668 0.000013 -0.000012 0.000000 7.376309 0.000009 -0.000008 0.000000 4.720000
-10.417015 -40.317931 21.817903 0.998979 0.003714 -0.005520 -0.044692 -0.218574 -0.160703 -0.088733 0.002450 -0.002484 -0.053752 0.999995 0.002326 -0.002238 0.000005 0.000814 -0.000623 0.000001 1.563968 1.577599 -0.002832 0.000634 0.999986 0.001701 -0.004998 0.000013 0.000467 -0.001542 0.000010 1.565390 1.586112 -0.000069 0.003312 0.999990 0.003178 -0.003286 0.000000 0.000828 -0.000724 0.000000 1.561231 1.580701 -0.001845 0.001731 0.999994 0.002506 -0.002549 0.000000 0.000704 -0.000576 0.000001 1.563177 1.578563 -0.001415 0.001254 7.375311 0.000008 -0.000023 0.000000 7.383619 0.000006 -0.000022 0.000000 7.381129 0.000013 -0.000012 0.000000 7.376759 0.000010 -0.000008 0.000000 4.730000
-10.419198 -40.319536 21.817021 0.998966 0.003725 -0.005533 -0.044961 -0.219444 -0.161346 -0.088210 0.002478 -0.002467 -0.053986 0.999995 0.002330 -0.002241 0.000005 0.000811 -0.000611 0.000001 1.563939 1.577606 -0.002845 0.000624 0.999986 0.001704 -0.005006 0.000013 0.000468 -0.001562 0.000010 1.565389 1.586145 -0.000038 0.003277 0.999990 0.003182 -0.003289 0.000000 0.000827 -0.000722 0.000000 1.561212 1.580719 -0.001840 0.001724 0.999994 0.002510 -0.002552 0.000000 0.000708 -0.000579 0.000001 1.563163 1.578575 -0.001404 0.001241 7.375775 0.000008 -0.000022 0.000000 7.384070 0.000006 -0.000022 0.000000 7.381582 0.000013 -0.000012 0.000000 7.377201 0.000010 -0.000008 0.000000 4.740000
-10.421390 -40.321148 21.816144 0.998954 0.003737 -0.005546 -0.045230 -0.220314 -0.161990 -0.087679 0.002506 -0.002448 -0.054219 0.999995 0.002334 -0.002244 0.000005 0.000808 -0.000597 0.000001 1.563911 1.577612 -0.002856 0.000615 0.999986 0.001706 -0.005014 0.000013 0.000469 -0.001582 0.000010 1.565389 1.586178 -0.000009 0.003242 0.999990 0.003186 -0.003293 0.000000 0.000826 -0.000721 0.000000 1.561194 1.580736 -0.001834 0.001717 0.999994 0.002513 -0.002554 0.000000 0.000711 -0.000582 0.000001 1.563149 1.578588 -0.001392 0.001227 7.376231 0.000008 -0.000022 0.000000 7.384512 0.000006 -0.000023 0.000000 7.382028 0.000013 -0.000012 0.000000 7.377636 0.000010 -0.000008 0.000000 4.750000
-10.423591 -40.322766 21.815273 0.998942 0.003748 -0.005558 -0.045501 -0.221186 -0.162636 -0.087139 0.002533 -0.002428 -0.054453 0.999995 0.002338 -0.002247 0.000005 0.000805 -0.000582 0.000001 1.563882 1.577618 -0.002866 0.000606 0.999986 0.001708 -0.005022 0.000013 0.000469 -0.001603 0.000010 1.565389 1.586210 0.000020 0.003205 0.999989 0.003190 -0.003296 0.000000 0.000827 -0.000721 0.000000 1.561176 1.580753 -0.001827 0.001709 0.999994 0.002517 -0.002557 0.000000 0.000715 -0.000586 0.000001 1.563135 1.578600 -0.001381 0.001214 7.376679 0.000008 -0.000022 0.000000 7.384946 0.000005 -0.000023 0.000000 7.382467 0.000013 -0.000012 0.000000 7.378062 0.000010 -0.000008 0.000000 4.760000
-10.425800 -40.324390 21.814407 0.998929 0.003760 -0.005571 -0.045772 -0.222059 -0.163283 -0.086590 0.002559 -0.002406 -0.054686 0.999995 0.002342 -0.002250 0.000005 0.000802 -0.000566 0.000001 1.563854 1.577624 -0.002874 0.000597 0.999986 0.001711 -0.005030 0.000013 0.000469 -0.001624 0.000010 1.565389 1.586241 0.000049 0.003167 0.999989 0.003194 -0.003300 0.000000 0.000829 -0.000722 0.000000 1.561157 1.580770 -0.001820 0.001700 0.999994 0.002521 -0.002560 0.000000 0.000719 -0.000589 0.000001 1.563121 1.578612 -0.001368 0.001199 7.377119 0.000008 -0.000021 0.000000 7.385372 0.000005 -0.000023 0.000000 7.382898 0.000013 -0.000012 0.000000 7.378481 0.000010 -0.000008 0.000000 4.770000
-10.428018 -40.326021 21.813546 0.998917 0.003772 -0.005583 -0.046045 -0.222933 -0.163931 -0.086033 0.002584 -0.002384 -0.054919 0.999995 0.002346 -0.002253 0.000005 0.000799 -0.000548 0.000001 1.563825 1.577630 -0.002881 0.000589 0.999986 0.001713 -0.005038 0.000013 0.000469 -0.001644 0.000010 1.565390 1.586273 0.000076 0.003129 0.999989 0.003198 -0.003304 0.000000 0.000831 -0.000724 0.000000 1.561139 1.580787 -0.001813 0.001691 0.999994 0.002524 -0.002563 0.000000 0.000723 -0.000593 0.000001 1.563108 1.578624 -0.001356 0.001185 7.377551 0.000008 -0.000021 0.000000 7.385789 0.000005 -0.000023 0.000000 7.383322 0.000014 -0.000012 0.000000 7.378892 0.000010 -0.000008 0.000000 4.780000
-10.430245 -40.327659 21.812691 0.998904 0.003784 -0.005595 -0.046319 -0.223809 -0.164580 -0.085468 0.002609 -0.002359 -0.055152 0.999995 0.002350 -0.002255 0.000005 0.000796 -0.000530 0.000001 1.563796 1.577636 -0.002885 0.000580 0.999986 0.001715 -0.005046 0.000013 0.000468 -0.001665 0.000010 1.565391 1.586304 0.000103 0.003090 0.999989 0.003202 -0.003307 0.000000 0.000835 -0.000727 0.000000 1.561121 1.580803 -0.001804 0.001681 0.999994 0.002528 -0.002566 0.000000 0.000727 -0.000597 0.000001 1.563094 1.578635 -0.001343 0.001170 7.377975 0.000008 -0.000021 0.000000 7.386198 0.000005 -0.000023 0.000000 7.383739 0.000014 -0.000012 0.000000 7.379295 0.000010 -0.000008 0.000000 4.790000
-10.432480 -40.329303 21.811842 0.998891 0.003796 -0.005607 -0.046595 -0.224686 -0.165230 -0.084896 0.002633 -0.002334 -0.055385 0.999995 0.002354 -0.002258 0.000005 0.000794 -0.000511 0.000001 1.563768 1.577641 -0.002889 0.000572 0.999986 0.001718 -0.005055 0.000013 0.000467 -0.001686 0.000009 1.565392 1.586334 0.000130 0.003050 0.999989 0.003207 -0.003311 0.000000 0.000839 -0.000730 0.000000 1.561103 1.580820 -0.001796 0.001670 0.999993 0.002531 -0.002569 0.000000 0.000731 -0.000601 0.000001 1.563081 1.578647 -0.001330 0.001155 7.378391 0.000008 -0.000021 0.000000 7.386598 0.000005 -0.000024 0.000000 7.384148 0.000014 -0.000013 0.000000 7.379690 0.000010 -0.000008 0.000000 4.800000
-10.434724 -40.330953 21.810999 0.998878 0.003808 -0.005619 -0.046871 -0.225564 -0.165882 -0.084315 0.002656 -0.002307 -0.055618 0.999995 0.002358 -0.002260 0.000005 0.000791 -0.000492 0.000001 1.563739 1.577647 -0.002890 0.000564 0.999986 0.001720 -0.005063 0.000013 0.000466 -0.001707 0.000009 1.565394 1.586365 0.000155 0.003010 0.999989 0.003211 -0.003315 0.000000 0.000843 -0.000735 0.000000 1.561086 1.580837 -0.001786 0.001659 0.999993 0.002535 -0.002572 0.000000 0.000736 -0.000605 0.000001 1.563068 1.578658 -0.001317 0.001139 7.378800 0.000007 -0.000020 0.000000 7.386990 0.000005 -0.000024 0.000000 7.384549 0.000014 -0.000013 0.000000 7.380077 0.000010 -0.000009 0.000000 4.810000
-10.436977 -40.332610 21.810161 0.998865 0.003820 -0.005631 -0.047148 -0.226443 -0.166535 -0.083727 0.002678 -0.002279 -0.055850 0.999995 0.002362 -0.002263 0.000005 0.000788 -0.000472 0.000001 1.563710 1.577653 -0.002890 0.000557 0.999986 0.001722 -0.005072 0.000013 0.000465 -0.001727 0.000009 1.565395 1.586394 0.000180 0.002969 0.999989 0.003215 -0.003318 0.000000 0.000849 -0.000740 0.000000 1.561068 1.580853 -0.001776 0.001647 0.999993 0.002539 -0.002575 0.000000 0.000740 -0.000609 0.000001 1.563055 1.578670 -0.001304 0.001124 7.379200 0.000007 -0.000020 0.000000 7.387374 0.000005 -0.000024 0.000000 7.384943 0.000014 -0.000013 0.000000 7.380456 0.000010 -0.000009 0.000000 4.820000
-10.439239 -40.334273 21.809334 0.998851 0.003833 -0.005643 -0.047427 -0.227332 -0.167195 -0.082304 0.002699 -0.002255 -0.056084 0.999995 0.002366 -0.002266 0.000005 0.000878 -0.000923 0.000001 1.563681 1.577658 -0.002886 0.000547 0.999986 0.001725 -0.005082 0.000013 0.000607 -0.002210 0.000011 1.565397 1.586424 0.000205 0.002924 0.999989 0.003220 -0.003323 0.000000 0.001218 -0.001127 0.000000 1.561050 1.580870 -0.001763 0.001632 0.999993 0.002543 -0.002579 0.000000 0.000986 -0.000865 0.000001 1.563042 1.578681 -0.001288 0.001105 7.420666 0.000009 -0.000055 0.000000 7.429214 0.000008 -0.000050 0.000001 7.426712 0.000034 -0.000034 0.000000 7.421992 0.000019 -0.000018 0.000000 4.830000
-10.441510 -40.335943 21.808520 0.998838 0.003845 -0.005655 -0.047707 -0.228222 -0.167856 -0.080880 0.002719 -0.002229 -0.056318 0.999995 0.002371 -0.002272 0.000005 0.000876 -0.001273 0.000001 1.563652 1.577664 -0.002880 0.000538 0.999986 0.001728 -0.005093 0.000013 0.000612 -0.002422 0.000011 1.565399 1.586453 0.000229 0.002878 0.999989 0.003227 -0.003329 0.000000 0.001372 -0.001287 0.000000 1.561033 1.580886 -0.001750 0.001617 0.999993 0.002548 -0.002583 0.000000 0.001032 -0.000913 0.000001 1.563029 1.578692 -0.001272 0.001088 7.420721 0.000008 -0.000044 0.000000 7.429250 0.000006 -0.000036 0.000000 7.426761 0.000023 -0.000022 0.000000 7.422026 0.000013 -0.000012 0.000000 4.840000
-10.443789 -40.337620 21.807721 0.998824 0.003858 -0.005666 -0.047988 -0.229113 -0.168518 -0.079455 0.002739 -0.002203 -0.056552 0.999995 0.002375 -0.002279 0.000005 0.000874 -0.001432 0.000001 1.563624 1.577669 -0.002873 0.000531 0.999985 0.001731 -0.005105 0.000013 0.000607 -0.002483 0.000011 1.565402 1.586481 0.000252 0.002834 0.999989 0.003233 -0.003335 0.000000 0.001407 -0.001323 0.000000 1.561015 1.580902 -0.001737 0.001602 0.999993 0.002553 -0.002588 0.000000 0.001036 -0.000916 0.000001 1.563017 1.578703 -0.001256 0.001070 7.420759 0.000008 -0.000035 0.000000 7.429268 0.000006 -0.000031 0.000000 7.426793 0.000019 -0.000018 0.000000 7.422043 0.000012 -0.000011 0.000000 4.850000
-10.446078 -40.339303 21.806936 0.998811 0.003870 -0.005677 -0.048270 -0.230006 -0.169181 -0.078031 0.002757 -0.002175 -0.056786 0.999995 0.002379 -0.002286 0.000005 0.000871 -0.001466 0.000001 1.563595 1.577674 -0.002865 0.000525 0.999985 0.001734 -0.005118 0.000013 0.000603 -0.002502 0.000011 1.565404 1.586509 0.000274 0.002790 0.999989 0.003240 -0.003342 0.000000 0.001410 -0.001325 0.000000 1.560998 1.580918 -0.001725 0.001588 0.999993 0.002558 -0.002592 0.000000 0.001036 -0.000916 0.000001 1.563004 1.578713 -0.001241 0.001052 7.420786 0.000008 -0.000028 0.000000 7.429274 0.000006 -0.000030 0.000000 7.426814 0.000018 -0.000017 0.000000 7.422048 0.000012 -0.000011 0.000000 4.860000
-10.448375 -40.340993 21.806165 0.998797 0.003883 -0.005688 -0.048553 -0.230899 -0.169846 -0.076608 0.002774 -0.002145 -0.057019 0.999995 0.002384 -0.002293 0.000005 0.000869 -0.001425 0.000001 1.563567 1.577679 -0.002855 0.000521 0.999985 0.001737 -0.005130 0.000014 0.000597 -0.002510 0.000011 1.565407 1.586537 0.000295 0.002747 0.999989 0.003248 -0.003349 0.000000 0.001404 -0.001319 0.000000 1.560981 1.580933 -0.001713 0.001574 0.999993 0.002564 -0.002597 0.000000 0.001035 -0.000914 0.000001 1.562992 1.578724 -0.001226 0.001035 7.420802 0.000008 -0.000024 0.000000 7.429269 0.000006 -0.000030 0.000000 7.426824 0.000018 -0.000017 0.000000 7.422043 0.000012 -0.000011 0.000000 4.870000
-10.450681 -40.342689 21.805409 0.998783 0.003896 -0.005700 -0.048838 -0.231793 -0.170511 -0.075185 0.002790 -0.002114 -0.057252 0.999995 0.002388 -0.002300 0.000005 0.000867 -0.001339 0.000001 1.563538 1.577685 -0.002843 0.000518 0.999985 0.001740 -0.005143 0.000014 0.000592 -0.002514 0.000011 1.565410 1.586564 0.000315 0.002705 0.999989 0.003254 -0.003355 0.000000 0.001397 -0.001310 0.000000 1.560964 1.580949 -0.001701 0.001560 0.999993 0.002569 -0.002602 0.000000 0.001034 -0.000913 0.000001 1.562980 1.578734 -0.001212 0.001018 7.420807 0.000008 -0.000021 0.000000 7.429253 0.000006 -0.000030 0.000000 7.426824 0.000018 -0.000017 0.000000 7.422027 0.000012 -0.000011 0.000000 4.880000
-10.452996 -40.344393 21.804666 0.998769 0.003908 -0.005710 -0.049124 -0.232688 -0.171178 -0.073763 0.002806 -0.002082 -0.057484 0.999994 0.002392 -0.002306 0.000005 0.000864 -0.001226 0.000001 1.563510 1.577690 -0.002830 0.000517 0.999985 0.001743 -0.005155 0.000014 0.000586 -0.002517 0.000011 1.565413 1.586591 0.000333 0.002665 0.999989 0.003261 -0.003362 0.000000 0.001388 -0.001300 0.000000 1.560947 1.580965 -0.001690 0.001547 0.999993 0.002574 -0.002606 0.000000 0.001032 -0.000910 0.000001 1.562968 1.578744 -0.001198 0.001002 7.420801 0.000008 -0.000018 0.000000 7.429225 0.000005 -0.000029 0.000000 7.426814 0.000017 -0.000016 0.000000 7.422001 0.000012 -0.000011 0.000000 4.890000
-10.455320 -40.346102 21.803938 0.998754 0.003921 -0.005721 -0.049410 -0.233584 -0.171845 -0.072342 0.002820 -0.002049 -0.057716 0.999994 0.002397 -0.002312 0.000005 0.000862 -0.001098 0.000002 1.563482 1.577695 -0.002815 0.000517 0.999985 0.001746 -0.005168 0.000014 0.000580 -0.002517 0.000011 1.565417 1.586617 0.000350 0.002625 0.999989 0.003268 -0.003368 0.000000 0.001378 -0.001289 0.000000 1.560930 1.580980 -0.001679 0.001534 0.999993 0.002579 -0.002611 0.000000 0.001030 -0.000908 0.000001 1.562956 1.578754 -0.001184 0.000986 7.420784 0.000008 -0.000016 0.000000 7.429186 0.000005 -0.000029 0.000000 7.426793 0.000017 -0.000016 0.000000 7.421963 0.000012 -0.000010 0.000000 4.900000
-10.457653 -40.347819 21.803224 0.998740 0.003934 -0.005732 -0.049698 -0.234481 -0.172513 -0.070922 0.002833 -0.002014 -0.057948 0.999994 0.002401 -0.002317 0.000005 0.000860 -0.000964 0.000002 1.563454 1.577700 -0.002799 0.000518 0.999985 0.001749 -0.005180 0.000014 0.000573 -0.002517 0.000011 1.565420 1.586643 0.000366 0.002586 0.999989 0.003275 -0.003374 0.000000 0.001368 -0.001278 0.000000 1.560913 1.580995 -0.001668 0.001522 0.999993 0.002584 -0.002615 0.000000 0.001027 -0.000905 0.000001 1.562944 1.578763 -0.001170 0.000970 7.420756 0.000008 -0.000015 0.000000 7.429137 0.000005 -0.000029 0.000000 7.426763 0.000017 -0.000016 0.000000 7.421916 0.000012 -0.000010 0.000000 4.910000
-10.459995 -40.349542 21.802524 0.998726 0.003947 -0.005742 -0.049987 -0.235379 -0.173183 -0.069504 0.002845 -0.001978 -0.058180 0.999994 0.002405 -0.002322 0.000005 0.000858 -0.000829 0.000002 1.563426 1.577705 -0.002781 0.000521 0.999985 0.001752 -0.005193 0.000014 0.000566 -0.002514 0.000010 1.565424 1.586669 0.000381 0.002549 0.999989 0.003282 -0.003381 0.000000 0.001357 -0.001266 0.000000 1.560897 1.581010 -0.001658 0.001510 0.999993 0.002589 -0.002620 0.000000 0.001024 -0.000901 0.000001 1.562932 1.578773 -0.001157 0.000955 7.420718 0.000008 -0.000013 0.000000 7.429076 0.000005 -0.000029 0.000000 7.426722 0.000017 -0.000016 0.000000 7.421858 0.000012 -0.000010 0.000000 4.920000
-10.462346 -40.351272 21.801838 0.998711 0.003960 -0.005752 -0.050278 -0.236278 -0.173853 -0.068088 0.002856 -0.001941 -0.058411 0.999994 0.002410 -0.002325 0.000005 0.000856 -0.000696 0.000002 1.563398 1.577710 -0.002762 0.000523 0.999985 0.001754 -0.005205 0.000014 0.000558 -0.002510 0.000010 1.565428 1.586694 0.000395 0.002513 0.999989 0.003289 -0.003387 0.000000 0.001345 -0.001253 0.000000 1.560880 1.581025 -0.001648 0.001498 0.999993 0.002594 -0.002624 0.000000 0.001021 -0.000897 0.000001 1.562921 1.578783 -0.001144 0.000940 7.420669 0.000008 -0.000012 0.000000 7.429005 0.000005 -0.000029 0.000000 7.426671 0.000017 -0.000016 0.000000 7.421790 0.000012 -0.000010 0.000000 4.930000
-10.464706 -40.353008 21.801167 0.998696 0.003973 -0.005762 -0.050569 -0.237178 -0.174524 -0.066674 0.002866 -0.001902 -0.058642 0.999994 0.002414 -0.002329 0.000005 0.000854 -0.000567 0.000002 1.563371 1.577716 -0.002741 0.000527 0.999985 0.001757 -0.005218 0.000014 0.000550 -0.002504 0.000010 1.565432 1.586719 0.000407 0.002478 0.999989 0.003295 -0.003393 0.000000 0.001333 -0.001239 0.000000 1.560864 1.581040 -0.001638 0.001487 0.999993 0.002599 -0.002629 0.000000 0.001017 -0.000892 0.000001 1.562910 1.578792 -0.001132 0.000925 7.420610 0.000008 -0.000011 0.000000 7.428923 0.000005 -0.000028 0.000000 7.426611 0.000017 -0.000015 0.000000 7.421711 0.000011 -0.000010 0.000000 4.940000
-10.467075 -40.354751 21.800509 0.998681 0.003986 -0.005772 -0.050862 -0.238079 -0.175196 -0.065261 0.002875 -0.001862 -0.058873 0.999994 0.002418 -0.002331 0.000005 0.000852 -0.000446 0.000002 1.563344 1.577721 -0.002719 0.000530 0.999985 0.001760 -0.005230 0.000014 0.000542 -0.002497 0.000010 1.565436 1.586743 0.000418 0.002444 0.999989 0.003302 -0.003399 0.000000 0.001320 -0.001225 0.000000 1.560848 1.581055 -0.001629 0.001476 0.999993 0.002604 -0.002633 0.000000 0.001012 -0.000887 0.000001 1.562898 1.578801 -0.001120 0.000911 7.420540 0.000008 -0.000011 0.000000 7.428831 0.000005 -0.000028 0.000000 7.426541 0.000016 -0.000015 0.000000 7.421623 0.000011 -0.000010 0.000000 4.950000
-10.469453 -40.356501 21.799866 0.998666 0.003999 -0.005782 -0.051155 -0.238980 -0.175869 -0.063852 0.002883 -0.001821 -0.059103 0.999994 0.002422 -0.002333 0.000005 0.000850 -0.000332 0.000002 1.563317 1.577726 -0.002696 0.000534 0.999985 0.001763 -0.005243 0.000014 0.000534 -0.002488 0.000010 1.565440 1.586767 0.000428 0.002412 0.999989 0.003309 -0.003406 0.000000 0.001307 -0.001210 0.000000 1.560832 1.581070 -0.001621 0.001465 0.999993 0.002610 -0.002637 0.000000 0.001008 -0.000881 0.000001 1.562887 1.578810 -0.001108 0.000897 7.420460 0.000008 -0.000010 0.000000 7.428728 0.000004 -0.000028 0.000000 7.426461 0.000016 -0.000015 0.000000 7.421525 0.000011 -0.000010 0.000000 4.960000
-10.471840 -40.358257 21.799236 0.998651 0.004013 -0.005791 -0.051450 -0.239883 -0.176543 -0.062444 0.002889 -0.001779 -0.059333 0.999994 0.002427 -0.002334 0.000005 0.000848 -0.000227 0.000002 1.563290 1.577732 -0.002671 0.000538 0.999985 0.001765 -0.005255 0.000014 0.000525 -0.002478 0.000009 1.565445 1.586791 0.000437 0.002380 0.999989 0.003315 -0.003412 0.000000 0.001293 -0.001195 0.000000 1.560815 1.581084 -0.001612 0.001455 0.999993 0.002615 -0.002642 0.000000 0.001002 -0.000875 0.000001 1.562876 1.578819 -0.001097 0.000884 7.420370 0.000008 -0.000010 0.000000 7.428616 0.000004 -0.000028 0.000000 7.426371 0.000016 -0.000015 0.000000 7.421417 0.000011 -0.000010 0.000000 4.970000
-10.474236 -40.360021 21.798621 0.998635 0.004026 -0.005800 -0.051746 -0.240786 -0.177218 -0.061040 0.002894 -0.001736 -0.059563 0.999994 0.002431 -0.002335 0.000005 0.000846 -0.000131 0.000002 1.563264 1.577737 -0.002645 0.000542 0.999985 0.001768 -0.005268 0.000014 0.000515 -0.002466 0.000009 1.565449 1.586815 0.000445 0.002351 0.999989 0.003321 -0.003417 0.000000 0.001279 -0.001179 0.000000 1.560799 1.581099 -0.001604 0.001445 0.999993 0.002620 -0.002646 0.000000 0.000996 -0.000868 0.000001 1.562865 1.578828 -0.001086 0.000871 7.420270 0.000008 -0.000010 0.000000 7.428493 0.000004 -0.000027 0.000000 7.426273 0.000016 -0.000014 0.000000 7.421299 0.000011 -0.000009 0.000000 4.980000
-10.476640 -40.361791 21.798019 0.998620 0.004039 -0.005809 -0.052043 -0.241690 -0.177894 -0.059638 0.002899 -0.001691 -0.059792 0.999994 0.002435 -0.002336 0.000005 0.000845 -0.000045 0.000002 1.563237 1.577742 -0.002617 0.000545 0.999984 0.001770 -0.005280 0.000014 0.000506 -0.002453 0.000009 1.565454 1.586838 0.000451 0.002322 0.999989 0.003328 -0.003423 0.000000 0.001264 -0.001163 0.000000 1.560783 1.581113 -0.001596 0.001435 0.999993 0.002624 -0.002650 0.000000 0.000990 -0.000861 0.000001 1.562855 1.578836 -0.001076 0.000859 7.420160 0.000008 -0.000010 0.000000 7.428360 0.000004 -0.000027 0.000000 7.426164 0.000016 -0.000014 0.000000 7.421172 0.000011 -0.000009 0.000000 4.990000
-10.479054 -40.363568 21.797432 0.998604 0.004052 -0.005818 -0.052341 -0.242595 -0.178570 -0.058239 0.002902 -0.001646 -0.060022 0.999994 0.002439 -0.002336 0.000005 0.000843 0.000031 0.000002 1.563211 1.577748 -0.002588 0.000548 0.999984 0.001773 -0.005292 0.000014 0.000496 -0.002438 0.000009 1.565458 1.586861 0.000456 0.002295 0.999989 0.003334 -0.003429 0.000000 0.001249 -0.001146 0.000000 1.560768 1.581127 -0.001589 0.001426 0.999993 0.002629 -0.002655 0.000000 0.000983 -0.000854 0.000001 1.562844 1.578845 -0.001066 0.000847 7.420040 0.000008 -0.000010 0.000000 7.428217 0.000004 -0.000027 0.000000 7.426047 0.000015 -0.000014 0.000000 7.421035 0.000011 -0.000009 0.000000 5.000000
-10.481477 -40.365351 21.796858 0.998588 0.004065 -0.005827 -0.052641 -0.243500 -0.179248 -0.056844 0.002904 -0.001600 -0.060251 0.999994 0.002443 -0.002335 0.000005 0.000841 0.000097 0.000002 1.563186 1.577753 -0.002558 0.000550 0.999984 0.001775 -0.005304 0.000014 0.000486 -0.002421 0.000008 1.565463 1.586884 0.000460 0.002269 0.999989 0.003340 -0.003435 0.000000 0.001233 -0.001129 0.000000 1.560752 1.581141 -0.001581 0.001417 0.999993 0.002634 -0.002659 0.000000 0.000976 -0.000846 0.000001 1.562833 1.578853 -0.001056 0.000835 7.419910 0.000008 -0.000010 0.000000 7.428065 0.000004 -0.000026 0.000000 7.425920 0.000015 -0.000014 0.000000 7.420889 0.000011 -0.000009 0.000000 5.010000
-10.483909 -40.367141 21.796298 0.998572 0.004078 -0.005835 -0.052941 -0.244407 -0.179926 -0.055452 0.002905 -0.001552 -0.060479 0.999994 0.002448 -0.002335 0.000005 0.000840 0.000153 0.000002 1.563160 1.577759 -0.002526 0.000551 0.999984 0.001778 -0.005316 0.000014 0.000475 -0.002404 0.000008 1.565467 1.586907 0.000463 0.002245 0.999988 0.003346 -0.003440 0.000000 0.001217 -0.001112 0.000000 1.560736 1.581155 -0.001574 0.001408 0.999993 0.002639 -0.002663 0.000000 0.000969 -0.000837 0.000001 1.562823 1.578861 -0.001047 0.000824 7.419770 0.000008 -0.000010 0.000000 7.427903 0.000004 -0.000026 0.000000 7.425785 0.000015 -0.000014 0.000000 7.420734 0.000010 -0.000009 0.000000 5.020000
-10.486350 -40.368938 21.795752 0.998556 0.004091 -0.005843 -0.053243 -0.245314 -0.180605 -0.054064 0.002904 -0.001504 -0.060708 0.999994 0.002452 -0.002334 0.000005 0.000838 0.000199 0.000002 1.563135 1.577764 -0.002493 0.000552 0.999984 0.001780 -0.005328 0.000014 0.000464 -0.002384 0.000008 1.565472 1.586929 0.000464 0.002221 0.999988 0.003352 -0.003446 0.000000 0.001201 -0.001094 0.000000 1.560720 1.581169 -0.001567 0.001399 0.999993 0.002644 -0.002667 0.000000 0.000961 -0.000828 0.000001 1.562812 1.578870 -0.001038 0.000813 7.419621 0.000008 -0.000010 0.000000 7.427731 0.000003 -0.000026 0.000000 7.425640 0.000015 -0.000013 0.000000 7.420570 0.000010 -0.000009 0.000000 5.030000
-10.488800 -40.370742 21.795220 0.998540 0.004104 -0.005851 -0.053546 -0.246222 -0.181284 -0.052680 0.002903 -0.001455 -0.060936 0.999994 0.002456 -0.002333 0.000005 0.000837 0.000235 0.000002 1.563111 1.577770 -0.002459 0.000552 0.999984 0.001782 -0.005340 0.000014 0.000453 -0.002364 0.000008 1.565476 1.586951 0.000465 0.002200 0.999988 0.003358 -0.003451 0.000000 0.001185 -0.001076 0.000000 1.560705 1.581183 -0.001561 0.001391 0.999993 0.002649 -0.002671 0.000000 0.000953 -0.000819 0.000001 1.562802 1.578878 -0.001029 0.000803 7.419462 0.000008 -0.000011 0.000000 7.427550 0.000003 -0.000025 0.000000 7.425486 0.000015 -0.000013 0.000000 7.420397 0.000010 -0.000009 0.000000 5.040000
-10.491259 -40.372553 21.794702 0.998523 0.004117 -0.005858 -0.053850 -0.247130 -0.181965 -0.051300 0.002900 -0.001405 -0.061164 0.999994 0.002460 -0.002332 0.000005 0.000835 0.000263 0.000002 1.563086 1.577775 -0.002424 0.000551 0.999984 0.001785 -0.005352 0.000015 0.000442 -0.002342 0.000007 1.565481 1.586973 0.000464 0.002179 0.999988 0.003364 -0.003456 0.000000 0.001168 -0.001058 0.000000 1.560689 1.581197 -0.001555 0.001383 0.999993 0.002653 -0.002675 0.000000 0.000944 -0.000809 0.000001 1.562792 1.578886 -0.001021 0.000793 7.419294 0.000008 -0.000011 0.000000 7.427360 0.000003 -0.000025 0.000000 7.425324 0.000014 -0.000013 0.000000 7.420214 0.000010 -0.000008 0.000000 5.050000
-10.493727 -40.374370 21.794197 0.998507 0.004130 -0.005866 -0.054155 -0.248039 -0.182646 -0.049924 0.002896 -0.001354 -0.061392 0.999994 0.002464 -0.002330 0.000005 0.000834 0.000282 0.000002 1.563062 1.577781 -0.002388 0.000549 0.999984 0.001787 -0.005363 0.000015 0.000430 -0.002318 0.000007 1.565486 1.586994 0.000462 0.002160 0.999988 0.003370 -0.003462 0.000000 0.001152 -0.001040 0.000000 1.560674 1.581211 -0.001549 0.001375 0.999993 0.002658 -0.002679 0.000000 0.000935 -0.000799 0.000001 1.562782 1.578893 -0.001014 0.000783 7.419116 0.000008 -0.000012 0.000000 7.427161 0.000003 -0.000025 0.000000 7.425153 0.000014 -0.000013 0.000000 7.420024 0.000010 -0.000008 0.000000 5.060000
-10.496204 -40.376194 21.793707 0.998490 0.004143 -0.005873 -0.054461 -0.248950 -0.183328 -0.048553 0.002892 -0.001303 -0.061620 0.999994 0.002468 -0.002329 0.000005 0.000833 0.000292 0.000002 1.563039 1.577786 -0.002350 0.000546 0.999984 0.001789 -0.005375 0.000015 0.000418 -0.002294 0.000007 1.565490 1.587016 0.000459 0.002142 0.999988 0.003376 -0.003467 0.000000 0.001135 -0.001021 0.000000 1.560658 1.581225 -0.001543 0.001368 0.999993 0.002663 -0.002683 0.000000 0.000925 -0.000788 0.000001 1.562772 1.578901 -0.001006 0.000774 7.418929 0.000008 -0.000012 0.000000 7.426953 0.000003 -0.000024 0.000000 7.424973 0.000014 -0.000012 0.000000 7.419824 0.000010 -0.000008 0.000000 5.070000
-10.498691 -40.378025 21.793229 0.998473 0.004156 -0.005880 -0.054768 -0.249860 -0.184011 -0.047186 0.002886 -0.001251 -0.061847 0.999994 0.002473 -0.002327 0.000005 0.000831 0.000296 0.000002 1.563016 1.577792 -0.002312 0.000543 0.999984 0.001791 -0.005386 0.000015 0.000406 -0.002268 0.000007 1.565495 1.587037 0.000456 0.002126 0.999988 0.003381 -0.003472 0.000000 0.001118 -0.001003 0.000001 1.560643 1.581238 -0.001537 0.001360 0.999993 0.002667 -0.002687 0.000000 0.000916 -0.000778 0.000001 1.562762 1.578909 -0.001000 0.000766 7.418732 0.000008 -0.000013 0.000000 7.426736 0.000003 -0.000024 0.000000 7.424785 0.000014 -0.000012 0.000000 7.419616 0.000010 -0.000008 0.000000 5.080000
-10.501186 -40.379863 21.792766 0.998456 0.004169 -0.005886 -0.055076 -0.250772 -0.184694 -0.045824 0.002878 -0.001198 -0.062075 0.999994 0.002477 -0.002326 0.000005 0.000830 0.000292 0.000002 1.562993 1.577797 -0.002272 0.000538 0.999984 0.001793 -0.005397 0.000015 0.000394 -0.002241 0.000006 1.565499 1.587058 0.000450 0.002110 0.999988 0.003387 -0.003477 0.000000 0.001101 -0.000984 0.000001 1.560628 1.581252 -0.001531 0.001353 0.999993 0.002672 -0.002691 0.000000 0.000906 -0.000766 0.000001 1.562752 1.578916 -0.000993 0.000757 7.418527 0.000008 -0.000013 0.000000 7.426511 0.000002 -0.000023 0.000000 7.424589 0.000014 -0.000012 0.000000 7.419400 0.000009 -0.000008 0.000000 5.090000
-10.503690 -40.381707 21.792316 0.998439 0.004182 -0.005893 -0.055386 -0.251684 -0.185378 -0.044467 0.002870 -0.001145 -0.062302 0.999994 0.002481 -0.002324 0.000005 0.000829 0.000282 0.000002 1.562970 1.577802 -0.002231 0.000532 0.999984 0.001795 -0.005408 0.000015 0.000381 -0.002213 0.000006 1.565504 1.587079 0.000444 0.002096 0.999988 0.003392 -0.003482 0.000000 0.001084 -0.000965 0.000001 1.560613 1.581265 -0.001526 0.001346 0.999993 0.002676 -0.002695 0.000000 0.000895 -0.000755 0.000001 1.562742 1.578924 -0.000987 0.000750 7.418312 0.000008 -0.000014 0.000000 7.426277 0.000002 -0.000023 0.000000 7.424384 0.000013 -0.000012 0.000000 7.419175 0.000009 -0.000008 0.000000 5.100000
-10.506204 -40.383559 21.791879 0.998422 0.004195 -0.005899 -0.055697 -0.252597 -0.186063 -0.043114 0.002861 -0.001091 -0.062529 0.999994 0.002485 -0.002323 0.000005 0.000828 0.000266 0.000002 1.562948 1.577808 -0.002190 0.000526 0.999984 0.001797 -0.005419 0.000015 0.000368 -0.002184 0.000006 1.565508 1.587100 0.000437 0.002084 0.999988 0.003398 -0.003486 0.000000 0.001067 -0.000947 0.000001 1.560597 1.581279 -0.001520 0.001338 0.999993 0.002681 -0.002699 0.000000 0.000884 -0.000743 0.000001 1.562732 1.578931 -0.000981 0.000742 7.418089 0.000008 -0.000014 0.000000 7.426034 0.000002 -0.000023 0.000000 7.424171 0.000013 -0.000012 0.000000 7.418942 0.000009 -0.000007 0.000000 5.110000
-10.508726 -40.385417 21.791456 0.998404 0.004207 -0.005904 -0.056008 -0.253510 -0.186748 -0.041768 0.002851 -0.001037 -0.062756 0.999994 0.002489 -0.002322 0.000005 0.000826 0.000246 0.000002 1.562927 1.577813 -0.002147 0.000518 0.999984 0.001799 -0.005430 0.000015 0.000355 -0.002154 0.000006 1.565513 1.587121 0.000429 0.002072 0.999988 0.003403 -0.003491 0.000000 0.001050 -0.000928 0.000001 1.560582 1.581292 -0.001515 0.001331 0.999993 0.002685 -0.002702 0.000000 0.000873 -0.000731 0.000001 1.562722 1.578939 -0.000976 0.000735 7.417856 0.000008 -0.000015 0.000000 7.425783 0.000002 -0.000022 0.000000 7.423950 0.000013 -0.000011 0.000000 7.418701 0.000009 -0.000007 0.000000 5.120000
-10.511258 -40.387282 21.791046 0.998386 0.004220 -0.005910 -0.056321 -0.254424 -0.187434 -0.040426 0.002839 -0.000982 -0.062983 0.999994 0.002493 -0.002321 0.000005 0.000825 0.000221 0.000002 1.562905 1.577818 -0.002104 0.000510 0.999984 0.001800 -0.005441 0.000015 0.000342 -0.002122 0.000005 1.565517 1.587141 0.000420 0.002061 0.999988 0.003408 -0.003496 0.000000 0.001033 -0.000910 0.000001 1.560567 1.581305 -0.001510 0.001325 0.999993 0.002689 -0.002706 0.000000 0.000862 -0.000718 0.000001 1.562713 1.578946 -0.000971 0.000728 7.417615 0.000008 -0.000015 0.000000 7.425524 0.000002 -0.000022 0.000000 7.423720 0.000013 -0.000011 0.000000 7.418453 0.000009 -0.000007 0.000000 5.130000
-10.513799 -40.389154 21.790650 0.998368 0.004232 -0.005915 -0.056635 -0.255339 -0.188121 -0.039090 0.002827 -0.000927 -0.063210 0.999994 0.002497 -0.002320 0.000005 0.000824 0.000193 0.000002 1.562885 1.577823 -0.002060 0.000500 0.999984 0.001802 -0.005451 0.000015 0.000329 -0.002090 0.000005 1.565521 1.587162 0.000410 0.002052 0.999988 0.003413 -0.003500 0.000000 0.001016 -0.000891 0.000001 1.560552 1.581318 -0.001505 0.001318 0.999993 0.002694 -0.002710 0.000000 0.000851 -0.000705 0.000001 1.562703 1.578953 -0.000966 0.000722 7.417376 0.000008 -0.000012 0.000000 7.425269 0.000002 -0.000021 0.000000 7.423494 0.000012 -0.000011 0.000000 7.418208 0.000009 -0.000007 0.000000 5.140000
-10.516349 -40.391033 21.790267 0.998350 0.004245 -0.005920 -0.056951 -0.256254 -0.188809 -0.037760 0.002813 -0.000872 -0.063437 0.999994 0.002501 -0.002319 0.000005 0.000823 0.000170 0.000002 1.562864 1.577828 -0.002015 0.000490 0.999983 0.001804 -0.005462 0.000015 0.000315 -0.002057 0.000005 1.565525 1.587182 0.000399 0.002044 0.999988 0.003418 -0.003505 0.000000 0.000999 -0.000872 0.000001 1.560537 1.581331 -0.001499 0.001311 0.999993 0.002698 -0.002713 0.000000 0.000839 -0.000692 0.000001 1.562693 1.578960 -0.000961 0.000716 7.417118 0.000008 -0.000013 0.000000 7.424995 0.000002 -0.000021 0.000000 7.423250 0.000012 -0.000011 0.000000 7.417944 0.000009 -0.000007 0.000000 5.150000
-10.518908 -40.392918 21.789897 0.998332 0.004257 -0.005925 -0.057267 -0.257170 -0.189497 -0.036436 0.002799 -0.000817 -0.063664 0.999994 0.002506 -0.002318 0.000005 0.000822 0.000142 0.000002 1.562844 1.577833 -0.001969 0.000480 0.999983 0.001805 -0.005472 0.000015 0.000302 -0.002023 0.000004 1.565529 1.587202 0.000388 0.002037 0.999988 0.003423 -0.003509 0.000000 0.000982 -0.000854 0.000001 1.560522 1.581344 -0.001494 0.001304 0.999993 0.002702 -0.002716 0.000000 0.000827 -0.000679 0.000001 1.562684 1.578968 -0.000957 0.000710 7.416852 0.000008 -0.000013 0.000000 7.424712 0.000001 -0.000020 0.000000 7.422997 0.000012 -0.000010 0.000000 7.417673 0.000008 -0.000007 0.000000 5.160000
-10.521476 -40.394811 21.789541 0.998314 0.004269 -0.005930 -0.057584 -0.258087 -0.190185 -0.035118 0.002783 -0.000761 -0.063891 0.999994 0.002510 -0.002317 0.000005 0.000820 0.000110 0.000002 1.562825 1.577837 -0.001922 0.000468 0.999983 0.001807 -0.005482 0.000015 0.000288 -0.001988 0.000004 1.565533 1.587223 0.000375 0.002030 0.999988 0.003428 -0.003513 0.000000 0.000966 -0.000836 0.000001 1.560507 1.581357 -0.001489 0.001297 0.999993 0.002706 -0.002720 0.000000 0.000815 -0.000665 0.000001 1.562674 1.578975 -0.000953 0.000705 7.416577 0.000008 -0.000014 0.000000 7.424422 0.000001 -0.000020 0.000000 7.422737 0.000012 -0.000010 0.000000 7.417394 0.000008 -0.000006 0.000000 5.170000
-10.524054 -40.396710 21.789197 0.998295 0.004282 -0.005934 -0.057903 -0.259004 -0.190874 -0.033806 0.002767 -0.000706 -0.064118 0.999994 0.002514 -0.002317 0.000005 0.000819 0.000075 0.000002 1.562806 1.577842 -0.001875 0.000456 0.999983 0.001808 -0.005492 0.000015 0.000274 -0.001953 0.000004 1.565536 1.587243 0.000362 0.002025 0.999988 0.003433 -0.003517 0.000000 0.000950 -0.000819 0.000001 1.560493 1.581370 -0.001484 0.001290 0.999993 0.002710 -0.002723 0.000000 0.000803 -0.000652 0.000001 1.562665 1.578982 -0.000950 0.000700 7.416294 0.000008 -0.000014 0.000000 7.424124 0.000001 -0.000019 0.000000 7.422470 0.000012 -0.000010 0.000000 7.417108 0.000008 -0.000006 0.000000 5.180000
-10.526640 -40.398616 21.788867 0.998277 0.004294 -0.005938 -0.058223 -0.259921 -0.191564 -0.032500 0.002749 -0.000650 -0.064345 0.999994 0.002518 -0.002317 0.000005 0.000818 0.000039 0.000002 1.562788 1.577847 -0.001827 0.000444 0.999983 0.001809 -0.005501 0.000015 0.000260 -0.001917 0.000003 1.565540 1.587263 0.000348 0.002021 0.999988 0.003437 -0.003521 0.000000 0.000934 -0.000801 0.000001 1.560478 1.581383 -0.001479 0.001283 0.999993 0.002714 -0.002726 0.000000 0.000790 -0.000638 0.000001 1.562655 1.578989 -0.000947 0.000695 7.416003 0.000008 -0.000015 0.000000 7.423819 0.000001 -0.000019 0.000000 7.422195 0.000012 -0.000010 0.000000 7.416814 0.000008 -0.000006 0.000000 5.190000
-10.529236 -40.400530 21.788549 0.998258 0.004306 -0.005941 -0.058543 -0.260840 -0.192255 -0.031201 0.002731 -0.000595 -0.064573 0.999994 0.002522 -0.002316 0.000005 0.000817 0.000002 0.000002 1.562770 1.577851 -0.001779 0.000431 0.999983 0.001811 -0.005511 0.000015 0.000246 -0.001881 0.000003 1.565543 1.587283 0.000333 0.002017 0.999988 0.003442 -0.003525 0.000000 0.000919 -0.000784 0.000001 1.560463 1.581396 -0.001473 0.001276 0.999993 0.002718 -0.002729 0.000000 0.000778 -0.000624 0.000001 1.562646 1.578995 -0.000944 0.000690 7.415704 0.000008 -0.000015 0.000000 7.423506 0.000001 -0.000019 0.000000 7.421912 0.000011 -0.000010 0.000000 7.416514 0.000008 -0.000006 0.000000 5.200000
-10.531841 -40.402450 21.788244 0.998239 0.004317 -0.005945 -0.058865 -0.261759 -0.192946 -0.029909 0.002712 -0.000539 -0.064800 0.999994 0.002526 -0.002317 0.000005 0.000816 -0.000035 0.000002 1.562752 1.577855 -0.001730 0.000418 0.999983 0.001812 -0.005520 0.000015 0.000232 -0.001844 0.000003 1.565547 1.587303 0.000317 0.002015 0.999988 0.003447 -0.003529 0.000000 0.000904 -0.000768 0.000001 1.560448 1.581409 -0.001468 0.001269 0.999993 0.002722 -0.002733 0.000000 0.000765 -0.000610 0.000001 1.562637 1.579002 -0.000941 0.000686 7.415397 0.000008 -0.000015 0.000000 7.423187 0.000001 -0.000018 0.000000 7.421622 0.000011 -0.000010 0.000000 7.416206 0.000008 -0.000006 0.000000 5.210000
-10.534455 -40.404376 21.787953 0.998220 0.004329 -0.005948 -0.059188 -0.262678 -0.193637 -0.028623 0.002692 -0.000484 -0.065027 0.999994 0.002530 -0.002317 0.000005 0.000815 -0.000071 0.000001 1.562735 1.577859 -0.001680 0.000404 0.999983 0.001813 -0.005529 0.000015 0.000217 -0.001807 0.000002 1.565550 1.587323 0.000301 0.002013 0.999988 0.003451 -0.003533 0.000000 0.000889 -0.000751 0.000001 1.560434 1.581421 -0.001462 0.001262 0.999993 0.002726 -0.002736 0.000000 0.000752 -0.000595 0.000001 1.562627 1.579009 -0.000938 0.000682 7.415083 0.000008 -0.000015 0.000000 7.422860 0.000001 -0.000018 0.000000 7.421325 0.000011 -0.000009 0.000000 7.415892 0.000007 -0.000006 0.000000 5.220000
-10.537078 -40.406310 21.787674 0.998200 0.004341 -0.005951 -0.059513 -0.263598 -0.194329 -0.027344 0.002671 -0.000429 -0.065255 0.999994 0.002534 -0.002317 0.000005 0.000814 -0.000105 0.000001 1.562719 1.577863 -0.001630 0.000390 0.999983 0.001814 -0.005538 0.000015 0.000203 -0.001769 0.000002 1.565553 1.587343 0.000284 0.002012 0.999988 0.003455 -0.003537 0.000000 0.000875 -0.000735 0.000001 1.560419 1.581434 -0.001457 0.001255 0.999993 0.002729 -0.002738 0.000000 0.000739 -0.000581 0.000001 1.562618 1.579016 -0.000936 0.000678 7.414760 0.000008 -0.000016 0.000000 7.422526 0.000000 -0.000017 0.000000 7.421021 0.000011 -0.000009 0.000000 7.415571 0.000007 -0.000005 0.000000 5.230000
-10.539710 -40.408251 21.787407 0.998181 0.004352 -0.005953 -0.059838 -0.264519 -0.195022 -0.026073 0.002649 -0.000374 -0.065483 0.999994 0.002538 -0.002318 0.000005 0.000812 -0.000138 0.000001 1.562703 1.577867 -0.001580 0.000376 0.999983 0.001815 -0.005547 0.000015 0.000189 -0.001731 0.000002 1.565555 1.587364 0.000267 0.002011 0.999988 0.003460 -0.003540 0.000000 0.000861 -0.000720 0.000001 1.560405 1.581446 -0.001451 0.001247 0.999993 0.002733 -0.002741 0.000000 0.000726 -0.000566 0.000001 1.562609 1.579023 -0.000933 0.000675 7.414430 0.000008 -0.000016 0.000000 7.422185 0.000000 -0.000017 0.000000 7.420710 0.000011 -0.000009 0.000000 7.415243 0.000007 -0.000005 0.000000 5.240000
-10.542352 -40.410198 21.787154 0.998161 0.004363 -0.005956 -0.060164 -0.265440 -0.195715 -0.024808 0.002626 -0.000319 -0.065711 0.999994 0.002542 -0.002319 0.000005 0.000811 -0.000168 0.000001 1.562687 1.577871 -0.001530 0.000361 0.999983 0.001816 -0.005555 0.000015 0.000174 -0.001692 0.000001 1.565558 1.587384 0.000249 0.002011 0.999988 0.003464 -0.003544 0.000000 0.000847 -0.000705 0.000001 1.560390 1.581459 -0.001445 0.001240 0.999992 0.002737 -0.002744 0.000000 0.000713 -0.000552 0.000001 1.562599 1.579029 -0.000931 0.000671 7.414093 0.000008 -0.000016 0.000000 7.421838 0.000000 -0.000016 0.000000 7.420392 0.000011 -0.000009 0.000000 7.414909 0.000007 -0.000005 0.000000 5.250000
-10.545002 -40.412153 21.786913 0.998141 0.004374 -0.005958 -0.060492 -0.266361 -0.196408 -0.023551 0.002603 -0.000265 -0.065939 0.999994 0.002546 -0.002320 0.000005 0.000810 -0.000197 0.000001 1.562672 1.577874 -0.001479 0.000347 0.999983 0.001817 -0.005564 0.000015 0.000160 -0.001654 0.000001 1.565560 1.587404 0.000230 0.002012 0.999988 0.003468 -0.003547 0.000000 0.000834 -0.000690 0.000001 1.560376 1.581471 -0.001439 0.001232 0.999992 0.002740 -0.002747 0.000000 0.000700 -0.000537 0.000001 1.562590 1.579036 -0.000929 0.000668 7.413748 0.000008 -0.000016 0.000000 7.421484 -0.000000 -0.000016 0.000000 7.420067 0.000011 -0.000009 0.000000 7.414568 0.000007 -0.000005 0.000000 5.260000
-10.547662 -40.414114 21.786684 0.998121 0.004385 -0.005960 -0.060820 -0.267283 -0.197102 -0.022301 0.002579 -0.000211 -0.066168 0.999994 0.002550 -0.002321 0.000005 0.000809 -0.000222 0.000001 1.562658 1.577878 -0.001428 0.000332 0.999983 0.001817 -0.005572 0.000015 0.000145 -0.001615 0.000001 1.565562 1.587424 0.000211 0.002013 0.999988 0.003472 -0.003551 0.000000 0.000821 -0.000676 0.000001 1.560362 1.581483 -0.001433 0.001224 0.999992 0.002744 -0.002749 0.000000 0.000687 -0.000523 0.000001 1.562581 1.579043 -0.000928 0.000665 7.413396 0.000008 -0.000016 0.000000 7.421123 -0.000000 -0.000016 0.000000 7.419735 0.000011 -0.000009 0.000000 7.414222 0.000007 -0.000005 0.000000 5.270000
-10.550331 -40.416083 21.786472 0.998101 0.004396 -0.005961 -0.061150 -0.268215 -0.197804 -0.020230 0.002553 -0.000163 -0.066398 0.999994 0.002555 -0.002323 0.000005 0.000907 -0.000725 0.000001 1.562644 1.577881 -0.001374 0.000316 0.999983 0.001818 -0.005581 0.000015 0.000268 -0.002045 0.000002 1.565564 1.587444 0.000193 0.002010 0.999988 0.003477 -0.003555 0.000000 0.001185 -0.001055 0.000001 1.560347 1.581495 -0.001424 0.001213 0.999992 0.002748 -0.002753 0.000000 0.000919 -0.000762 0.000001 1.562572 1.579049 -0.000924 0.000660 7.454128 0.000009 -0.000061 0.000000 7.462220 0.000002 -0.000043 0.000000 7.460804 0.000034 -0.000033 0.000000 7.455030 0.000016 -0.000014 0.000000 5.280000
-10.553010 -40.418058 21.786281 0.998081 0.004407 -0.005963 -0.061481 -0.269147 -0.198505 -0.018174 0.002527 -0.000116 -0.066630 0.999994 0.002559 -0.002328 0.000005 0.000906 -0.001136 0.000001 1.562630 1.577884 -0.001320 0.000300 0.999983 0.001820 -0.005592 0.000015 0.000259 -0.002194 0.000002 1.565566 1.587464 0.000174 0.002008 0.999988 0.003484 -0.003561 0.000000 0.001321 -0.001195 0.000001 1.560333 1.581507 -0.001415 0.001202 0.999992 0.002752 -0.002757 0.000000 0.000945 -0.000787 0.000001 1.562562 1.579056 -0.000920 0.000655 7.453428 0.000009 -0.000048 0.000000 7.461511 0.000000 -0.000027 0.000000 7.460124 0.000020 -0.000019 0.000000 7.454337 0.000010 -0.000008 0.000000 5.290000
-10.555698 -40.420040 21.786110 0.998060 0.004417 -0.005964 -0.061813 -0.270079 -0.199207 -0.016132 0.002500 -0.000070 -0.066861 0.999994 0.002564 -0.002334 0.000005 0.000904 -0.001331 0.000001 1.562617 1.577887 -0.001266 0.000286 0.999983 0.001821 -0.005602 0.000015 0.000243 -0.002190 0.000002 1.565568 1.587484 0.000155 0.002008 0.999988 0.003490 -0.003567 0.000000 0.001333 -0.001206 0.000001 1.560319 1.581519 -0.001407 0.001192 0.999992 0.002757 -0.002760 0.000000 0.000930 -0.000771 0.000001 1.562553 1.579062 -0.000917 0.000651 7.452715 0.000009 -0.000037 0.000000 7.460789 0.000000 -0.000022 0.000000 7.459431 0.000016 -0.000015 0.000000 7.453631 0.000009 -0.000007 0.000000 5.300000
-10.558395 -40.422030 21.785959 0.998039 0.004428 -0.005965 -0.062147 -0.271012 -0.199910 -0.014105 0.002472 -0.000024 -0.067093 0.999994 0.002568 -0.002341 0.000005 0.000902 -0.001390 0.000001 1.562605 1.577890 -0.001213 0.000273 0.999983 0.001822 -0.005613 0.000015 0.000227 -0.002148 0.000002 1.565569 1.587504 0.000135 0.002008 0.999988 0.003497 -0.003573 0.000000 0.001315 -0.001186 0.000001 1.560305 1.581531 -0.001399 0.001183 0.999992 0.002762 -0.002764 0.000000 0.000913 -0.000752 0.000001 1.562544 1.579069 -0.000915 0.000647 7.451991 0.000009 -0.000029 0.000000 7.460059 -0.000000 -0.000020 0.000000 7.458728 0.000015 -0.000013 0.000000 7.452916 0.000008 -0.000006 0.000000 5.310000
-10.561101 -40.424026 21.785829 0.998018 0.004438 -0.005966 -0.062481 -0.271945 -0.200612 -0.012094 0.002444 0.000021 -0.067325 0.999994 0.002573 -0.002347 0.000005 0.000900 -0.001367 0.000001 1.562593 1.577892 -0.001159 0.000263 0.999983 0.001823 -0.005624 0.000015 0.000211 -0.002098 0.000002 1.565571 1.587524 0.000115 0.002010 0.999987 0.003503 -0.003578 0.000000 0.001290 -0.001159 0.000001 1.560291 1.581543 -0.001392 0.001174 0.999992 0.002766 -0.002768 0.000000 0.000895 -0.000733 0.000001 1.562535 1.579075 -0.000913 0.000644 7.451258 0.000009 -0.000025 0.000000 7.459319 -0.000000 -0.000019 0.000000 7.458016 0.000015 -0.000013 0.000000 7.452192 0.000008 -0.000006 0.000000 5.320000
-10.563816 -40.426029 21.785718 0.997997 0.004448 -0.005966 -0.062817 -0.272879 -0.201316 -0.010098 0.002416 0.000066 -0.067558 0.999994 0.002577 -0.002354 0.000005 0.000898 -0.001296 0.000002 1.562582 1.577895 -0.001106 0.000254 0.999982 0.001824 -0.005634 0.000015 0.000195 -0.002046 0.000001 1.565572 1.587544 0.000094 0.002014 0.999987 0.003510 -0.003584 0.000000 0.001264 -0.001131 0.000001 1.560277 1.581554 -0.001386 0.001166 0.999992 0.002771 -0.002771 0.000000 0.000877 -0.000713 0.000001 1.562526 1.579082 -0.000912 0.000641 7.450515 0.000009 -0.000021 0.000000 7.458571 -0.000000 -0.000019 0.000000 7.457294 0.000014 -0.000012 0.000000 7.451460 0.000008 -0.000006 0.000000 5.330000
-10.566541 -40.428040 21.785627 0.997976 0.004458 -0.005966 -0.063153 -0.273813 -0.202019 -0.008118 0.002386 0.000110 -0.067791 0.999994 0.002582 -0.002360 0.000005 0.000896 -0.001196 0.000002 1.562571 1.577897 -0.001053 0.000246 0.999982 0.001825 -0.005644 0.000015 0.000179 -0.001993 0.000001 1.565573 1.587564 0.000073 0.002018 0.999987 0.003516 -0.003590 0.000000 0.001236 -0.001101 0.000001 1.560264 1.581566 -0.001380 0.001158 0.999992 0.002775 -0.002775 0.000000 0.000859 -0.000693 0.000001 1.562517 1.579088 -0.000910 0.000639 7.449763 0.000009 -0.000018 0.000000 7.457814 -0.000001 -0.000018 0.000000 7.456564 0.000014 -0.000012 0.000000 7.450719 0.000008 -0.000006 0.000000 5.340000
-10.569276 -40.430057 21.785556 0.997955 0.004468 -0.005966 -0.063491 -0.274747 -0.202723 -0.006154 0.002356 0.000153 -0.068025 0.999994 0.002586 -0.002366 0.000005 0.000894 -0.001080 0.000002 1.562561 1.577900 -0.001000 0.000241 0.999982 0.001826 -0.005654 0.000015 0.000164 -0.001939 0.000001 1.565573 1.587584 0.000051 0.002023 0.999987 0.003522 -0.003595 0.000000 0.001208 -0.001071 0.000001 1.560250 1.581578 -0.001374 0.001151 0.999992 0.002779 -0.002778 0.000000 0.000840 -0.000672 0.000001 1.562508 1.579094 -0.000910 0.000637 7.449002 0.000009 -0.000016 0.000000 7.457048 -0.000001 -0.000017 0.000000 7.455824 0.000014 -0.000012 0.000000 7.449970 0.000008 -0.000006 0.000000 5.350000
-10.572019 -40.432082 21.785504 0.997933 0.004477 -0.005966 -0.063830 -0.275682 -0.203427 -0.004205 0.002326 0.000195 -0.068259 0.999994 0.002590 -0.002371 0.000005 0.000892 -0.000955 0.000002 1.562551 1.577902 -0.000948 0.000236 0.999982 0.001827 -0.005664 0.000015 0.000148 -0.001885 0.000000 1.565574 1.587604 0.000030 0.002030 0.999987 0.003528 -0.003600 0.000000 0.001180 -0.001040 0.000001 1.560236 1.581589 -0.001369 0.001145 0.999992 0.002783 -0.002782 0.000000 0.000822 -0.000652 0.000001 1.562499 1.579101 -0.000910 0.000636 7.448229 0.000009 -0.000015 0.000000 7.456271 -0.000001 -0.000017 0.000000 7.455073 0.000013 -0.000011 0.000000 7.449210 0.000007 -0.000005 0.000000 5.360000
-10.574772 -40.434113 21.785472 0.997911 0.004487 -0.005966 -0.064170 -0.276617 -0.204132 -0.002273 0.002295 0.000236 -0.068494 0.999994 0.002595 -0.002375 0.000005 0.000889 -0.000827 0.000002 1.562542 1.577904 -0.000896 0.000233 0.999982 0.001828 -0.005673 0.000015 0.000132 -0.001831 -0.000000 1.565574 1.587625 0.000007 0.002037 0.999987 0.003534 -0.003605 0.000000 0.001152 -0.001009 0.000001 1.560223 1.581600 -0.001365 0.001138 0.999992 0.002787 -0.002785 0.000000 0.000803 -0.000631 0.000001 1.562490 1.579107 -0.000910 0.000635 7.447451 0.000009 -0.000013 0.000000 7.455490 -0.000001 -0.000016 0.000000 7.454317 0.000013 -0.000011 0.000000 7.448445 0.000007 -0.000005 0.000000 5.370000
-10.577534 -40.436151 21.785459 0.997889 0.004496 -0.005966 -0.064512 -0.277552 -0.204836 -0.000358 0.002264 0.000276 -0.068729 0.999994 0.002599 -0.002379 0.000005 0.000887 -0.000699 0.000002 1.562533 1.577907 -0.000845 0.000231 0.999982 0.001828 -0.005682 0.000015 0.000116 -0.001777 -0.000000 1.565574 1.587645 -0.000015 0.002045 0.999987 0.003539 -0.003610 0.000000 0.001123 -0.000978 0.000001 1.560209 1.581612 -0.001361 0.001133 0.999992 0.002791 -0.002788 0.000000 0.000784 -0.000610 0.000001 1.562480 1.579113 -0.000910 0.000634 7.446664 0.000008 -0.000012 0.000000 7.454700 -0.000001 -0.000016 0.000000 7.453552 0.000013 -0.000011 0.000000 7.447672 0.000007 -0.000005 0.000000 5.380000
-10.580306 -40.438197 21.785465 0.997867 0.004505 -0.005965 -0.064854 -0.278488 -0.205542 0.001541 0.002232 0.000315 -0.068965 0.999994 0.002604 -0.002382 0.000005 0.000885 -0.000574 0.000002 1.562525 1.577909 -0.000794 0.000230 0.999982 0.001829 -0.005691 0.000015 0.000101 -0.001722 -0.000001 1.565573 1.587665 -0.000038 0.002053 0.999987 0.003545 -0.003615 0.000000 0.001094 -0.000947 0.000001 1.560195 1.581623 -0.001357 0.001127 0.999992 0.002795 -0.002791 0.000000 0.000765 -0.000590 0.000001 1.562471 1.579120 -0.000911 0.000634 7.445869 0.000008 -0.000011 0.000000 7.453903 -0.000001 -0.000015 0.000000 7.452779 0.000012 -0.000010 0.000000 7.446892 0.000007 -0.000005 0.000000 5.390000
-10.583086 -40.440249 21.785490 0.997844 0.004514 -0.005964 -0.065198 -0.279424 -0.206247 0.003424 0.002201 0.000354 -0.069202 0.999994 0.002608 -0.002385 0.000005 0.000882 -0.000453 0.000002 1.562518 1.577911 -0.000744 0.000229 0.999982 0.001829 -0.005699 0.000015 0.000086 -0.001668 -0.000001 1.565573 1.587686 -0.000060 0.002062 0.999987 0.003550 -0.003620 0.000000 0.001065 -0.000916 0.000001 1.560182 1.581634 -0.001353 0.001122 0.999992 0.002799 -0.002794 0.000000 0.000746 -0.000569 0.000001 1.562462 1.579126 -0.000912 0.000634 7.445067 0.000008 -0.000010 0.000000 7.453099 -0.000001 -0.000014 0.000000 7.451998 0.000012 -0.000010 0.000000 7.446105 0.000007 -0.000004 0.000000 5.400000
-10.585877 -40.442309 21.785533 0.997822 0.004523 -0.005963 -0.065543 -0.280361 -0.206953 0.005290 0.002168 0.000391 -0.069439 0.999994 0.002612 -0.002387 0.000005 0.000880 -0.000337 0.000002 1.562510 1.577914 -0.000694 0.000229 0.999982 0.001830 -0.005707 0.000015 0.000070 -0.001614 -0.000001 1.565572 1.587706 -0.000083 0.002072 0.999987 0.003556 -0.003624 0.000000 0.001036 -0.000885 0.000001 1.560168 1.581645 -0.001350 0.001118 0.999992 0.002803 -0.002797 0.000000 0.000727 -0.000548 0.000001 1.562453 1.579132 -0.000913 0.000634 7.444256 0.000008 -0.000010 0.000000 7.452287 -0.000001 -0.000014 0.000000 7.451210 0.000012 -0.000010 0.000000 7.445310 0.000006 -0.000004 0.000000 5.410000
-10.588676 -40.444376 21.785595 0.997799 0.004531 -0.005962 -0.065889 -0.281298 -0.207659 0.007138 0.002136 0.000427 -0.069677 0.999994 0.002617 -0.002388 0.000005 0.000877 -0.000229 0.000002 1.562504 1.577916 -0.000645 0.000229 0.999982 0.001830 -0.005715 0.000015 0.000055 -0.001560 -0.000002 1.565571 1.587727 -0.000106 0.002082 0.999987 0.003561 -0.003629 0.000000 0.001008 -0.000853 0.000001 1.560155 1.581656 -0.001347 0.001113 0.999992 0.002806 -0.002799 0.000000 0.000709 -0.000527 0.000001 1.562444 1.579139 -0.000914 0.000634 7.443438 0.000008 -0.000009 0.000000 7.451468 -0.000002 -0.000013 0.000000 7.450413 0.000011 -0.000009 0.000000 7.444508 0.000006 -0.000004 0.000000 5.420000
-10.591485 -40.446449 21.785675 0.997776 0.004539 -0.005961 -0.066236 -0.282235 -0.208365 0.008970 0.002103 0.000462 -0.069916 0.999994 0.002621 -0.002389 0.000005 0.000875 -0.000127 0.000002 1.562498 1.577918 -0.000597 0.000230 0.999982 0.001830 -0.005723 0.000015 0.000040 -0.001506 -0.000002 1.565570 1.587748 -0.000129 0.002093 0.999987 0.003566 -0.003633 0.000000 0.000979 -0.000822 0.000001 1.560142 1.581668 -0.001345 0.001109 0.999992 0.002810 -0.002802 0.000000 0.000690 -0.000506 0.000001 1.562435 1.579145 -0.000916 0.000635 7.442613 0.000008 -0.000009 0.000000 7.450642 -0.000002 -0.000013 0.000000 7.449610 0.000011 -0.000009 0.000000 7.443700 0.000006 -0.000004 0.000000 5.430000
-10.594303 -40.448530 21.785774 0.997753 0.004548 -0.005959 -0.066584 -0.283173 -0.209071 0.010785 0.002070 0.000495 -0.070156 0.999994 0.002626 -0.002390 0.000005 0.000872 -0.000033 0.000002 1.562492 1.577920 -0.000549 0.000230 0.999982 0.001830 -0.005730 0.000015 0.000026 -0.001453 -0.000002 1.565569 1.587769 -0.000151 0.002103 0.999987 0.003570 -0.003637 0.000000 0.000950 -0.000792 0.000001 1.560128 1.581679 -0.001342 0.001105 0.999992 0.002813 -0.002804 0.000000 0.000671 -0.000486 0.000001 1.562426 1.579151 -0.000918 0.000636 7.441780 0.000008 -0.000009 0.000000 7.449810 -0.000002 -0.000012 0.000000 7.448799 0.000011 -0.000009 0.000000 7.442885 0.000006 -0.000004 0.000000 5.440000
-10.597131 -40.450617 21.785890 0.997729 0.004555 -0.005958 -0.066934 -0.284111 -0.209778 0.012582 0.002037 0.000528 -0.070396 0.999994 0.002630 -0.002390 0.000005 0.000869 0.000052 0.000002 1.562487 1.577923 -0.000503 0.000230 0.999982 0.001830 -0.005737 0.000015 0.000011 -0.001400 -0.000003 1.565567 1.587790 -0.000174 0.002114 0.999987 0.003575 -0.003641 0.000000 0.000922 -0.000761 0.000001 1.560115 1.581690 -0.001340 0.001101 0.999992 0.002816 -0.002807 0.000000 0.000652 -0.000465 0.000001 1.562417 1.579158 -0.000920 0.000637 7.440940 0.000008 -0.000008 0.000000 7.448971 -0.000002 -0.000012 0.000000 7.447981 0.000011 -0.000008 0.000000 7.442064 0.000006 -0.000003 0.000000 5.450000
-10.599968 -40.452712 21.786025 0.997706 0.004563 -0.005956 -0.067285 -0.285049 -0.210485 0.014362 0.002004 0.000559 -0.070638 0.999994 0.002634 -0.002389 0.000005 0.000867 0.000129 0.000002 1.562482 1.577925 -0.000457 0.000230 0.999982 0.001830 -0.005744 0.000015 -0.000003 -0.001348 -0.000003 1.565565 1.587811 -0.000197 0.002125 0.999987 0.003580 -0.003644 0.000000 0.000894 -0.000731 0.000001 1.560102 1.581701 -0.001338 0.001097 0.999992 0.002819 -0.002809 0.000000 0.000634 -0.000445 0.000001 1.562408 1.579164 -0.000922 0.000638 7.440094 0.000008 -0.000008 0.000000 7.448126 -0.000002 -0.000011 0.000000 7.447156 0.000010 -0.000008 0.000000 7.441236 0.000005 -0.000003 0.000000 5.460000
-10.602814 -40.454814 21.786177 0.997682 0.004571 -0.005954 -0.067637 -0.285988 -0.211192 0.016124 0.001970 0.000589 -0.070880 0.999994 0.002639 -0.002388 0.000005 0.000864 0.000197 0.000002 1.562477 1.577927 -0.000412 0.000230 0.999982 0.001830 -0.005751 0.000015 -0.000018 -0.001297 -0.000003 1.565563 1.587832 -0.000219 0.002136 0.999987 0.003584 -0.003648 0.000000 0.000867 -0.000701 0.000001 1.560088 1.581711 -0.001335 0.001093 0.999992 0.002823 -0.002811 0.000000 0.000615 -0.000425 0.000001 1.562398 1.579170 -0.000924 0.000639 7.439242 0.000008 -0.000008 0.000000 7.447274 -0.000002 -0.000011 0.000000 7.446325 0.000010 -0.000008 0.000000 7.440402 0.000005 -0.000003 0.000000 5.470000
-10.605670 -40.456923 21.786346 0.997658 0.004578 -0.005952 -0.067990 -0.286927 -0.211900 0.017868 0.001937 0.000618 -0.071123 0.999994 0.002643 -0.002387 0.000005 0.000861 0.000256 0.000002 1.562474 1.577930 -0.000368 0.000229 0.999982 0.001830 -0.005757 0.000015 -0.000031 -0.001246 -0.000003 1.565561 1.587854 -0.000241 0.002147 0.999987 0.003588 -0.003651 0.000000 0.000840 -0.000672 0.000001 1.560075 1.581722 -0.001333 0.001090 0.999992 0.002826 -0.002813 0.000000 0.000597 -0.000405 0.000001 1.562389 1.579177 -0.000926 0.000640 7.438382 0.000008 -0.000008 0.000000 7.446417 -0.000002 -0.000010 0.000000 7.445486 0.000010 -0.000008 0.000000 7.439563 0.000005 -0.000003 0.000000 5.480000
-10.608535 -40.459039 21.786533 0.997634 0.004585 -0.005950 -0.068344 -0.287866 -0.212607 0.019595 0.001903 0.000645 -0.071367 0.999994 0.002647 -0.002386 0.000005 0.000858 0.000307 0.000002 1.562470 1.577932 -0.000325 0.000227 0.999982 0.001830 -0.005763 0.000015 -0.000045 -0.001196 -0.000004 1.565558 1.587875 -0.000263 0.002157 0.999987 0.003592 -0.003655 0.000000 0.000813 -0.000643 0.000001 1.560062 1.581733 -0.001331 0.001086 0.999992 0.002829 -0.002815 0.000000 0.000579 -0.000385 0.000001 1.562380 1.579183 -0.000928 0.000641 7.437517 0.000008 -0.000009 0.000000 7.445554 -0.000002 -0.000010 0.000000 7.444642 0.000010 -0.000007 0.000000 7.438717 0.000005 -0.000003 0.000000 5.490000
-10.611409 -40.461162 21.786737 0.997609 0.004592 -0.005947 -0.068700 -0.288806 -0.213315 0.021304 0.001870 0.000671 -0.071613 0.999994 0.002651 -0.002384 0.000005 0.000855 0.000349 0.000002 1.562467 1.577934 -0.000282 0.000225 0.999982 0.001830 -0.005769 0.000015 -0.000059 -0.001146 -0.000004 1.565556 1.587897 -0.000285 0.002168 0.999987 0.003596 -0.003658 0.000000 0.000787 -0.000615 0.000001 1.560048 1.581744 -0.001329 0.001082 0.999992 0.002831 -0.002817 0.000000 0.000562 -0.000365 0.000001 1.562371 1.579190 -0.000930 0.000642 7.436646 0.000008 -0.000009 0.000000 7.444685 -0.000002 -0.000010 0.000000 7.443791 0.000009 -0.000007 0.000000 7.437867 0.000005 -0.000002 0.000000 5.500000
-10.614293 -40.463292 21.786957 0.997584 0.004599 -0.005945 -0.069056 -0.289746 -0.214023 0.022995 0.001836 0.000695 -0.071859 0.999994 0.002656 -0.002382 0.000005 0.000852 0.000392 0.000002 1.562465 1.577936 -0.000241 0.000222 0.999982 0.001829 -0.005774 0.000015 -0.000072 -0.001096 -0.000004 1.565553 1.587918 -0.000306 0.002178 0.999987 0.003600 -0.003661 0.000000 0.000759 -0.000585 0.000001 1.560035 1.581755 -0.001326 0.001078 0.999992 0.002834 -0.002819 0.000000 0.000543 -0.000345 0.000001 1.562361 1.579196 -0.000932 0.000643 7.435769 0.000008 -0.000009 0.000000 7.443811 -0.000002 -0.000009 0.000000 7.442935 0.000009 -0.000007 0.000000 7.437011 0.000005 -0.000002 0.000000 5.510000
-10.617186 -40.465429 21.787195 0.997560 0.004606 -0.005942 -0.069414 -0.290687 -0.214732 0.024667 0.001803 0.000718 -0.072106 0.999994 0.002660 -0.002380 0.000005 0.000848 0.000424 0.000002 1.562462 1.577939 -0.000201 0.000219 0.999982 0.001829 -0.005780 0.000015 -0.000085 -0.001048 -0.000005 1.565550 1.587940 -0.000327 0.002187 0.999987 0.003604 -0.003664 0.000000 0.000734 -0.000558 0.000001 1.560022 1.581765 -0.001324 0.001074 0.999992 0.002837 -0.002821 0.000000 0.000525 -0.000326 0.000001 1.562352 1.579202 -0.000934 0.000644 7.434887 0.000008 -0.000010 0.000000 7.442931 -0.000003 -0.000009 0.000000 7.442072 0.000009 -0.000007 0.000000 7.436149 0.000005 -0.000002 0.000000 5.520000
-10.620088 -40.467573 21.787449 0.997535 0.004613 -0.005940 -0.069774 -0.291628 -0.215440 0.026322 0.001770 0.000740 -0.072354 0.999994 0.002664 -0.002378 0.000005 0.000845 0.000446 0.000002 1.562460 1.577941 -0.000162 0.000214 0.999982 0.001829 -0.005785 0.000015 -0.000098 -0.001002 -0.000005 1.565546 1.587962 -0.000347 0.002196 0.999987 0.003608 -0.003666 0.000000 0.000710 -0.000532 0.000001 1.560009 1.581776 -0.001321 0.001070 0.999992 0.002839 -0.002822 0.000000 0.000509 -0.000307 0.000001 1.562343 1.579209 -0.000936 0.000645 7.433999 0.000008 -0.000010 0.000000 7.442046 -0.000003 -0.000009 0.000000 7.441204 0.000009 -0.000007 0.000000 7.435282 0.000005 -0.000002 0.000000 5.530000
-10.623000 -40.469724 21.787720 0.997509 0.004619 -0.005937 -0.070134 -0.292569 -0.216149 0.027958 0.001737 0.000760 -0.072604 0.999994 0.002668 -0.002376 0.000005 0.000842 0.000459 0.000002 1.562459 1.577943 -0.000125 0.000209 0.999982 0.001828 -0.005790 0.000015 -0.000111 -0.000957 -0.000005 1.565543 1.587984 -0.000367 0.002205 0.999987 0.003611 -0.003669 0.000000 0.000687 -0.000507 0.000001 1.559996 1.581787 -0.001318 0.001065 0.999992 0.002842 -0.002824 0.000000 0.000492 -0.000289 0.000001 1.562333 1.579215 -0.000938 0.000646 7.433106 0.000008 -0.000011 0.000000 7.441157 -0.000003 -0.000008 0.000000 7.440330 0.000009 -0.000007 0.000000 7.434411 0.000004 -0.000002 0.000000 5.540000
-10.625921 -40.471882 21.788006 0.997484 0.004625 -0.005934 -0.070496 -0.293511 -0.216858 0.029575 0.001704 0.000778 -0.072855 0.999994 0.002673 -0.002374 0.000005 0.000838 0.000463 0.000002 1.562458 1.577945 -0.000088 0.000203 0.999982 0.001827 -0.005794 0.000015 -0.000123 -0.000912 -0.000005 1.565539 1.588006 -0.000387 0.002212 0.999987 0.003614 -0.003671 0.000000 0.000664 -0.000482 0.000001 1.559982 1.581797 -0.001315 0.001060 0.999992 0.002844 -0.002825 0.000000 0.000476 -0.000271 0.000001 1.562324 1.579222 -0.000940 0.000647 7.432208 0.000008 -0.000011 0.000000 7.440262 -0.000003 -0.000008 0.000000 7.439451 0.000009 -0.000006 0.000000 7.433535 0.000004 -0.000002 0.000000 5.550000
-10.628852 -40.474048 21.788309 0.997458 0.004631 -0.005932 -0.070859 -0.294453 -0.217567 0.031174 0.001671 0.000795 -0.073106 0.999994 0.002677 -0.002371 0.000005 0.000835 0.000461 0.000002 1.562457 1.577947 -0.000053 0.000196 0.999982 0.001827 -0.005799 0.000015 -0.000134 -0.000870 -0.000006 1.565535 1.588028 -0.000406 0.002219 0.999987 0.003618 -0.003674 0.000000 0.000643 -0.000459 0.000001 1.559969 1.581808 -0.001312 0.001055 0.999992 0.002847 -0.002826 0.000000 0.000460 -0.000254 0.000001 1.562315 1.579228 -0.000941 0.000647 7.431305 0.000008 -0.000012 0.000000 7.439363 -0.000003 -0.000008 0.000000 7.438566 0.000009 -0.000006 0.000000 7.432654 0.000004 -0.000002 0.000000 5.560000
-10.631792 -40.476220 21.788628 0.997432 0.004637 -0.005929 -0.071223 -0.295395 -0.218276 0.032755 0.001639 0.000811 -0.073359 0.999994 0.002681 -0.002369 0.000005 0.000831 0.000454 0.000002 1.562457 1.577949 -0.000019 0.000189 0.999981 0.001826 -0.005803 0.000015 -0.000146 -0.000828 -0.000006 1.565531 1.588050 -0.000424 0.002226 0.999987 0.003621 -0.003676 0.000000 0.000622 -0.000437 0.000001 1.559956 1.581818 -0.001308 0.001050 0.999992 0.002849 -0.002828 0.000000 0.000445 -0.000237 0.000001 1.562305 1.579235 -0.000942 0.000647 7.430398 0.000008 -0.000012 0.000000 7.438459 -0.000003 -0.000007 0.000000 7.437677 0.000009 -0.000006 0.000000 7.431769 0.000004 -0.000002 0.000000 5.570000
-10.634741 -40.478400 21.788962 0.997406 0.004642 -0.005926 -0.071588 -0.296338 -0.218985 0.034317 0.001606 0.000825 -0.073614 0.999994 0.002685 -0.002367 0.000005 0.000827 0.000441 0.000002 1.562457 1.577951 0.000014 0.000180 0.999981 0.001825 -0.005807 0.000015 -0.000157 -0.000788 -0.000006 1.565526 1.588072 -0.000442 0.002231 0.999987 0.003624 -0.003678 0.000000 0.000603 -0.000415 0.000001 1.559943 1.581829 -0.001304 0.001044 0.999992 0.002851 -0.002829 0.000000 0.000430 -0.000220 0.000001 1.562296 1.579241 -0.000943 0.000647 7.429486 0.000008 -0.000013 0.000000 7.437551 -0.000003 -0.000007 0.000000 7.436782 0.000009 -0.000006 0.000000 7.430880 0.000004 -0.000002 0.000000 5.580000
-10.637700 -40.480586 21.789312 0.997379 0.004648 -0.005923 -0.071955 -0.297281 -0.219695 0.035860 0.001575 0.000838 -0.073869 0.999994 0.002689 -0.002365 0.000005 0.000824 0.000423 0.000002 1.562457 1.577952 0.000046 0.000171 0.999981 0.001825 -0.005811 0.000015 -0.000168 -0.000749 -0.000006 1.565522 1.588095 -0.000459 0.002235 0.999987 0.003627 -0.003680 0.000000 0.000584 -0.000394 0.000001 1.559930 1.581839 -0.001300 0.001038 0.999992 0.002853 -0.002830 0.000000 0.000415 -0.000204 0.000001 1.562286 1.579247 -0.000944 0.000647 7.428569 0.000008 -0.000013 0.000000 7.436639 -0.000003 -0.000007 0.000000 7.435883 0.000008 -0.000006 0.000000 7.429987 0.000004 -0.000001 0.000000 5.590000
-10.640668 -40.482780 21.789677 0.997353 0.004653 -0.005920 -0.072323 -0.298225 -0.220404 0.037384 0.001543 0.000849 -0.074126 0.999994 0.002693 -0.002363 0.000005 0.000820 0.000402 0.000002 1.562458 1.577954 0.000076 0.000161 0.999981 0.001824 -0.005815 0.000015 -0.000179 -0.000711 -0.000007 1.565517 1.588117 -0.000476 0.002239 0.999987 0.003630 -0.003682 0.000000 0.000566 -0.000375 0.000001 1.559917 1.581850 -0.001295 0.001032 0.999992 0.002855 -0.002831 0.000000 0.000401 -0.000188 0.000001 1.562277 1.579254 -0.000944 0.000646 7.427649 0.000007 -0.000014 -0.000000 7.435723 -0.000003 -0.000007 0.000000 7.434979 0.000008 -0.000006 0.000000 7.429089 0.000004 -0.000001 0.000000 5.600000
-10.643646 -40.484980 21.790057 0.997326 0.004658 -0.005917 -0.072692 -0.299168 -0.221114 0.038890 0.001512 0.000859 -0.074384 0.999994 0.002697 -0.002361 0.000005 0.000816 0.000378 0.000002 1.562459 1.577956 0.000105 0.000150 0.999981 0.001823 -0.005818 0.000015 -0.000189 -0.000675 -0.000007 1.565512 1.588139 -0.000491 0.002241 0.999987 0.003632 -0.003684 0.000000 0.000549 -0.000356 0.000001 1.559904 1.581860 -0.001290 0.001025 0.999992 0.002857 -0.002832 0.000000 0.000388 -0.000173 0.000001 1.562268 1.579260 -0.000945 0.000645 7.426725 0.000007 -0.000014 -0.000000 7.434803 -0.000003 -0.000006 0.000000 7.434071 0.000008 -0.000006 0.000000 7.428188 0.000004 -0.000001 0.000000 5.610000
-10.646633 -40.487188 21.790456 0.997299 0.004663 -0.005914 -0.073062 -0.300122 -0.221831 0.041205 0.001480 0.000860 -0.074645 0.999994 0.002702 -0.002360 0.000005 0.000909 -0.000124 0.000002 1.562460 1.577957 0.000135 0.000137 0.999981 0.001822 -0.005823 0.000015 -0.000062 -0.001117 -0.000005 1.565507 1.588162 -0.000505 0.002237 0.999987 0.003636 -0.003687 0.000000 0.000914 -0.000734 0.000001 1.559892 1.581870 -0.001281 0.001015 0.999992 0.002860 -0.002833 0.000000 0.000621 -0.000412 0.000001 1.562258 1.579267 -0.000942 0.000642 7.466895 0.000009 -0.000061 0.000000 7.475379 -0.000000 -0.000037 0.000000 7.474601 0.000033 -0.000031 0.000000 7.468467 0.000014 -0.000011 0.000000 5.620000
-10.649630 -40.489403 21.790879 0.997272 0.004668 -0.005911 -0.073434 -0.301075 -0.222548 0.043496 0.001449 0.000861 -0.074908 0.999994 0.002706 -0.002362 0.000005 0.000905 -0.000544 0.000002 1.562461 1.577958 0.000164 0.000124 0.999981 0.001822 -0.005828 0.000015 -0.000066 -0.001278 -0.000005 1.565502 1.588184 -0.000518 0.002233 0.999987 0.003641 -0.003691 0.000000 0.001050 -0.000875 0.000001 1.559879 1.581880 -0.001273 0.001005 0.999992 0.002863 -0.002835 0.000000 0.000648 -0.000439 0.000001 1.562249 1.579273 -0.000940 0.000638 7.465628 0.000008 -0.000045 0.000000 7.474116 -0.000002 -0.000019 0.000000 7.473349 0.000018 -0.000016 0.000000 7.467224 0.000007 -0.000004 0.000000 5.630000
-10.652636 -40.491625 21.791323 0.997244 0.004672 -0.005907 -0.073807 -0.302029 -0.223265 0.045760 0.001419 0.000859 -0.075172 0.999994 0.002711 -0.002365 0.000005 0.000900 -0.000748 0.000002 1.562463 1.577960 0.000190 0.000111 0.999981 0.001821 -0.005835 0.000015 -0.000076 -0.001281 -0.000005 1.565497 1.588206 -0.000531 0.002229 0.999987 0.003646 -0.003695 0.000000 0.001058 -0.000882 0.000001 1.559866 1.581890 -0.001265 0.000995 0.999992 0.002866 -0.002837 0.000000 0.000634 -0.000424 0.000001 1.562239 1.579279 -0.000938 0.000635 7.464352 0.000008 -0.000033 0.000000 7.472844 -0.000002 -0.000013 0.000000 7.472086 0.000013 -0.000011 0.000000 7.465972 0.000006 -0.000003 0.000000 5.640000
-10.655651 -40.493855 21.791791 0.997216 0.004677 -0.005904 -0.074182 -0.302983 -0.223982 0.047998 0.001388 0.000857 -0.075438 0.999994 0.002715 -0.002369 0.000005 0.000895 -0.000819 0.000002 1.562465 1.577961 0.000216 0.000100 0.999981 0.001821 -0.005841 0.000015 -0.000087 -0.001247 -0.000005 1.565492 1.588228 -0.000543 0.002225 0.999986 0.003651 -0.003699 0.000000 0.001038 -0.000859 0.000001 1.559854 1.581900 -0.001258 0.000986 0.999992 0.002869 -0.002839 0.000000 0.000618 -0.000406 0.000001 1.562230 1.579286 -0.000935 0.000631 7.463070 0.000008 -0.000026 0.000000 7.471566 -0.000002 -0.000012 0.000000 7.470817 0.000012 -0.000010 0.000000 7.464714 0.000006 -0.000003 0.000000 5.650000
-10.658676 -40.496091 21.792280 0.997188 0.004681 -0.005901 -0.074557 -0.303937 -0.224699 0.050209 0.001359 0.000852 -0.075704 0.999993 0.002720 -0.002373 0.000005 0.000890 -0.000813 0.000002 1.562467 1.577962 0.000239 0.000089 0.999981 0.001821 -0.005847 0.000015 -0.000097 -0.001207 -0.000005 1.565486 1.588250 -0.000554 0.002220 0.999986 0.003657 -0.003704 0.000000 0.001011 -0.000831 0.000001 1.559841 1.581910 -0.001251 0.000977 0.999992 0.002872 -0.002841 0.000000 0.000602 -0.000388 0.000001 1.562221 1.579292 -0.000933 0.000628 7.461781 0.000008 -0.000021 0.000000 7.470281 -0.000002 -0.000011 0.000000 7.469542 0.000012 -0.000009 0.000000 7.463450 0.000006 -0.000003 0.000000 5.660000
-10.661711 -40.498335 21.792792 0.997160 0.004685 -0.005899 -0.074934 -0.304892 -0.225416 0.052393 0.001330 0.000847 -0.075972 0.999993 0.002724 -0.002377 0.000005 0.000885 -0.000764 0.000002 1.562470 1.577962 0.000261 0.000080 0.999981 0.001820 -0.005853 0.000015 -0.000107 -0.001167 -0.000005 1.565481 1.588273 -0.000565 0.002215 0.999986 0.003662 -0.003708 0.000000 0.000983 -0.000801 0.000001 1.559829 1.581919 -0.001244 0.000968 0.999992 0.002875 -0.002843 0.000000 0.000586 -0.000371 0.000001 1.562212 1.579298 -0.000931 0.000625 7.460487 0.000008 -0.000018 0.000000 7.468990 -0.000002 -0.000011 0.000000 7.468259 0.000012 -0.000009 0.000000 7.462180 0.000005 -0.000003 0.000000 5.670000
-10.664755 -40.500585 21.793325 0.997132 0.004689 -0.005896 -0.075313 -0.305846 -0.226134 0.054551 0.001301 0.000840 -0.076242 0.999993 0.002728 -0.002380 0.000005 0.000879 -0.000689 0.000002 1.562473 1.577963 0.000282 0.000072 0.999981 0.001820 -0.005859 0.000015 -0.000117 -0.001126 -0.000005 1.565475 1.588295 -0.000575 0.002210 0.999986 0.003666 -0.003712 0.000000 0.000955 -0.000771 0.000001 1.559816 1.581929 -0.001237 0.000960 0.999992 0.002878 -0.002845 0.000000 0.000570 -0.000353 0.000001 1.562202 1.579305 -0.000929 0.000621 7.459188 0.000008 -0.000016 0.000000 7.467694 -0.000002 -0.000011 0.000000 7.466971 0.000011 -0.000009 0.000000 7.460904 0.000005 -0.000003 0.000000 5.680000
-10.667809 -40.502843 21.793879 0.997103 0.004693 -0.005893 -0.075692 -0.306801 -0.226851 0.056682 0.001273 0.000832 -0.076513 0.999993 0.002733 -0.002384 0.000005 0.000874 -0.000602 0.000002 1.562476 1.577964 0.000301 0.000065 0.999981 0.001819 -0.005864 0.000015 -0.000126 -0.001087 -0.000006 1.565469 1.588317 -0.000584 0.002204 0.999986 0.003671 -0.003715 0.000000 0.000927 -0.000740 0.000001 1.559804 1.581939 -0.001231 0.000952 0.999992 0.002881 -0.002847 0.000000 0.000554 -0.000336 0.000001 1.562193 1.579311 -0.000927 0.000618 7.457883 0.000008 -0.000014 0.000000 7.466392 -0.000002 -0.000010 0.000000 7.465677 0.000011 -0.000008 0.000000 7.459623 0.000005 -0.000002 0.000000 5.690000
-10.670872 -40.505108 21.794455 0.997074 0.004697 -0.005890 -0.076073 -0.307756 -0.227568 0.058787 0.001246 0.000822 -0.076785 0.999993 0.002737 -0.002386 0.000005 0.000869 -0.000508 0.000002 1.562479 1.577964 0.000318 0.000059 0.999981 0.001818 -0.005870 0.000015 -0.000135 -0.001048 -0.000006 1.565463 1.588339 -0.000592 0.002198 0.999986 0.003676 -0.003719 0.000000 0.000899 -0.000710 0.000001 1.559792 1.581948 -0.001225 0.000944 0.999992 0.002884 -0.002848 0.000000 0.000539 -0.000319 0.000001 1.562184 1.579317 -0.000925 0.000615 7.456573 0.000008 -0.000013 0.000000 7.465085 -0.000002 -0.000010 0.000000 7.464377 0.000011 -0.000008 0.000000 7.458337 0.000005 -0.000002 0.000000 5.700000
-10.673945 -40.507380 21.795051 0.997045 0.004700 -0.005887 -0.076456 -0.308711 -0.228285 0.060864 0.001219 0.000811 -0.077059 0.999993 0.002741 -0.002389 0.000005 0.000863 -0.000413 0.000002 1.562482 1.577965 0.000333 0.000053 0.999981 0.001818 -0.005875 0.000015 -0.000144 -0.001010 -0.000006 1.565458 1.588360 -0.000600 0.002192 0.999986 0.003680 -0.003722 0.000000 0.000871 -0.000680 0.000001 1.559780 1.581957 -0.001219 0.000937 0.999992 0.002886 -0.002850 0.000000 0.000524 -0.000303 0.000001 1.562175 1.579323 -0.000922 0.000611 7.455258 0.000007 -0.000012 0.000000 7.463773 -0.000002 -0.000010 0.000000 7.463071 0.000010 -0.000008 0.000000 7.457046 0.000005 -0.000002 0.000000 5.710000
-10.677027 -40.509659 21.795668 0.997015 0.004704 -0.005885 -0.076839 -0.309667 -0.229003 0.062914 0.001194 0.000799 -0.077334 0.999993 0.002746 -0.002390 0.000005 0.000857 -0.000318 0.000002 1.562485 1.577966 0.000347 0.000049 0.999981 0.001817 -0.005880 0.000015 -0.000152 -0.000973 -0.000006 1.565451 1.588382 -0.000607 0.002185 0.999986 0.003684 -0.003726 0.000000 0.000843 -0.000651 0.000001 1.559768 1.581967 -0.001214 0.000930 0.999992 0.002889 -0.002851 0.000000 0.000509 -0.000286 0.000001 1.562165 1.579329 -0.000920 0.000608 7.453939 0.000007 -0.000011 0.000000 7.462457 -0.000003 -0.000009 0.000000 7.461761 0.000010 -0.000007 0.000000 7.455750 0.000005 -0.000002 0.000000 5.720000
-10.680119 -40.511946 21.796305 0.996985 0.004707 -0.005882 -0.077224 -0.310622 -0.229720 0.064937 0.001168 0.000786 -0.077610 0.999993 0.002750 -0.002392 0.000005 0.000852 -0.000226 0.000002 1.562489 1.577966 0.000359 0.000044 0.999981 0.001816 -0.005885 0.000015 -0.000160 -0.000936 -0.000006 1.565445 1.588404 -0.000613 0.002177 0.999986 0.003688 -0.003729 0.000000 0.000816 -0.000621 0.000001 1.559755 1.581976 -0.001208 0.000922 0.999992 0.002891 -0.002853 0.000000 0.000494 -0.000270 0.000001 1.562156 1.579335 -0.000918 0.000604 7.452616 0.000007 -0.000011 0.000000 7.461135 -0.000003 -0.000009 0.000000 7.460445 0.000010 -0.000007 0.000000 7.454450 0.000005 -0.000002 0.000000 5.730000
-10.683220 -40.514240 21.796963 0.996955 0.004710 -0.005880 -0.077611 -0.311578 -0.230438 0.066933 0.001144 0.000772 -0.077888 0.999993 0.002754 -0.002393 0.000005 0.000846 -0.000138 0.000002 1.562492 1.577966 0.000369 0.000040 0.999981 0.001815 -0.005889 0.000015 -0.000168 -0.000901 -0.000006 1.565439 1.588426 -0.000619 0.002169 0.999986 0.003692 -0.003732 0.000000 0.000789 -0.000592 0.000001 1.559743 1.581985 -0.001203 0.000915 0.999992 0.002894 -0.002854 0.000000 0.000480 -0.000254 0.000001 1.562147 1.579341 -0.000915 0.000600 7.451289 0.000007 -0.000010 0.000000 7.459810 -0.000003 -0.000009 0.000000 7.459125 0.000010 -0.000007 0.000000 7.453145 0.000005 -0.000002 0.000000 5.740000
-10.686331 -40.516540 21.797640 0.996925 0.004713 -0.005877 -0.077999 -0.312534 -0.231155 0.068901 0.001120 0.000756 -0.078168 0.999993 0.002758 -0.002393 0.000005 0.000840 -0.000054 0.000002 1.562496 1.577967 0.000378 0.000037 0.999981 0.001814 -0.005894 0.000015 -0.000176 -0.000866 -0.000006 1.565433 1.588447 -0.000623 0.002160 0.999986 0.003696 -0.003735 0.000000 0.000762 -0.000563 0.000001 1.559731 1.581994 -0.001198 0.000908 0.999992 0.002896 -0.002855 0.000000 0.000466 -0.000239 0.000001 1.562138 1.579347 -0.000913 0.000596 7.449958 0.000007 -0.000010 0.000000 7.458480 -0.000003 -0.000009 0.000000 7.457800 0.000009 -0.000007 0.000000 7.451836 0.000004 -0.000002 0.000000 5.750000
-10.689451 -40.518848 21.798336 0.996894 0.004716 -0.005875 -0.078388 -0.313490 -0.231872 0.070842 0.001097 0.000739 -0.078448 0.999993 0.002763 -0.002393 0.000005 0.000834 0.000023 0.000002 1.562500 1.577967 0.000385 0.000033 0.999981 0.001814 -0.005898 0.000015 -0.000183 -0.000833 -0.000007 1.565427 1.588469 -0.000627 0.002150 0.999986 0.003700 -0.003737 0.000000 0.000736 -0.000535 0.000001 1.559720 1.582003 -0.001192 0.000901 0.999992 0.002898 -0.002857 0.000000 0.000452 -0.000224 0.000001 1.562129 1.579353 -0.000910 0.000592 7.448624 0.000007 -0.000010 0.000000 7.457147 -0.000003 -0.000008 0.000000 7.456472 0.000009 -0.000006 0.000000 7.450524 0.000004 -0.000002 0.000000 5.760000
-10.692581 -40.521163 21.799052 0.996864 0.004719 -0.005873 -0.078778 -0.314446 -0.232590 0.072756 0.001075 0.000722 -0.078731 0.999993 0.002767 -0.002393 0.000005 0.000828 0.000095 0.000002 1.562504 1.577967 0.000390 0.000029 0.999981 0.001813 -0.005902 0.000015 -0.000190 -0.000801 -0.000007 1.565421 1.588490 -0.000630 0.002140 0.999986 0.003704 -0.003740 0.000000 0.000710 -0.000507 0.000001 1.559708 1.582012 -0.001187 0.000894 0.999992 0.002901 -0.002858 0.000000 0.000438 -0.000209 0.000001 1.562120 1.579359 -0.000907 0.000588 7.447286 0.000007 -0.000009 0.000000 7.455809 -0.000003 -0.000008 0.000000 7.455139 0.000009 -0.000006 0.000000 7.449207 0.000004 -0.000002 0.000000 5.770000
-10.695720 -40.523485 21.799787 0.996833 0.004722 -0.005870 -0.079170 -0.315403 -0.233307 0.074642 0.001054 0.000703 -0.079014 0.999993 0.002771 -0.002392 0.000005 0.000821 0.000161 0.000002 1.562508 1.577968 0.000393 0.000026 0.999981 0.001812 -0.005906 0.000015 -0.000196 -0.000769 -0.000007 1.565414 1.588511 -0.000632 0.002129 0.999986 0.003707 -0.003743 0.000000 0.000684 -0.000480 0.000001 1.559696 1.582021 -0.001182 0.000887 0.999992 0.002903 -0.002859 0.000000 0.000425 -0.000194 0.000001 1.562111 1.579365 -0.000904 0.000583 7.445945 0.000007 -0.000009 0.000000 7.454469 -0.000003 -0.000008 0.000000 7.453802 0.000009 -0.000006 0.000000 7.447888 0.000004 -0.000001 0.000000 5.780000
-10.698869 -40.525815 21.800540 0.996801 0.004724 -0.005868 -0.079564 -0.316359 -0.234025 0.076500 0.001033 0.000683 -0.079300 0.999993 0.002775 -0.002391 0.000005 0.000815 0.000220 0.000002 1.562512 1.577968 0.000395 0.000022 0.999981 0.001811 -0.005910 0.000015 -0.000203 -0.000739 -0.000007 1.565408 1.588533 -0.000633 0.002117 0.999986 0.003710 -0.003745 0.000000 0.000659 -0.000453 0.000001 1.559684 1.582030 -0.001177 0.000880 0.999992 0.002905 -0.002860 0.000000 0.000412 -0.000180 0.000001 1.562102 1.579370 -0.000901 0.000579 7.444602 0.000007 -0.000009 0.000000 7.453125 -0.000003 -0.000008 0.000000 7.452462 0.000008 -0.000006 0.000000 7.446565 0.000004 -0.000001 0.000000 5.790000
-10.702028 -40.528151 21.801312 0.996770 0.004727 -0.005867 -0.079958 -0.317316 -0.234742 0.078331 0.001014 0.000662 -0.079586 0.999993 0.002779 -0.002390 0.000005 0.000809 0.000272 0.000002 1.562516 1.577968 0.000395 0.000018 0.999981 0.001810 -0.005913 0.000015 -0.000209 -0.000709 -0.000007 1.565402 1.588554 -0.000634 0.002104 0.999986 0.003714 -0.003747 0.000000 0.000635 -0.000427 0.000001 1.559672 1.582039 -0.001171 0.000873 0.999992 0.002907 -0.002860 0.000000 0.000399 -0.000166 0.000001 1.562093 1.579376 -0.000897 0.000574 7.443256 0.000007 -0.000009 0.000000 7.451778 -0.000003 -0.000008 0.000000 7.451119 0.000008 -0.000006 0.000000 7.445239 0.000004 -0.000001 0.000000 5.800000
-10.705196 -40.530495 21.802102 0.996738 0.004729 -0.005865 -0.080354 -0.318272 -0.235459 0.080134 0.000995 0.000641 -0.079874 0.999993 0.002783 -0.002389 0.000005 0.000802 0.000318 0.000002 1.562520 1.577968 0.000394 0.000013 0.999981 0.001809 -0.005917 0.000015 -0.000214 -0.000681 -0.000007 1.565395 1.588574 -0.000633 0.002090 0.999986 0.003717 -0.003749 0.000000 0.000612 -0.000402 0.000001 1.559661 1.582047 -0.001166 0.000865 0.999992 0.002909 -0.002861 0.000000 0.000387 -0.000153 0.000001 1.562084 1.579382 -0.000894 0.000569 7.441908 0.000007 -0.000009 0.000000 7.450428 -0.000003 -0.000007 0.000000 7.449772 0.000008 -0.000005 0.000000 7.443910 0.000004 -0.000001 0.000000 5.810000
-10.708373 -40.532846 21.802909 0.996706 0.004731 -0.005863 -0.080752 -0.319229 -0.236177 0.081910 0.000977 0.000618 -0.080164 0.999993 0.002787 -0.002387 0.000005 0.000796 0.000358 0.000002 1.562523 1.577968 0.000391 0.000008 0.999981 0.001807 -0.005920 0.000015 -0.000220 -0.000654 -0.000007 1.565389 1.588595 -0.000632 0.002076 0.999986 0.003720 -0.003751 0.000000 0.000589 -0.000377 0.000001 1.559649 1.582056 -0.001160 0.000858 0.999992 0.002911 -0.002862 0.000000 0.000375 -0.000140 0.000001 1.562075 1.579388 -0.000890 0.000563 7.440558 0.000007 -0.000009 0.000000 7.449076 -0.000003 -0.000007 0.000000 7.448423 0.000008 -0.000005 0.000000 7.442579 0.000004 -0.000001 0.000000 5.820000
-10.711561 -40.535204 21.803734 0.996673 0.004734 -0.005862 -0.081151 -0.320186 -0.236894 0.083658 0.000960 0.000595 -0.080455 0.999993 0.002791 -0.002385 0.000005 0.000789 0.000391 0.000001 1.562527 1.577968 0.000386 0.000003 0.999981 0.001806 -0.005923 0.000015 -0.000225 -0.000628 -0.000007 1.565383 1.588616 -0.000629 0.002060 0.999986 0.003723 -0.003753 0.000000 0.000566 -0.000353 0.000001 1.559638 1.582064 -0.001154 0.000850 0.999992 0.002913 -0.002863 0.000000 0.000364 -0.000127 0.000001 1.562066 1.579393 -0.000885 0.000558 7.439206 0.000006 -0.000010 -0.000000 7.447722 -0.000003 -0.000007 0.000000 7.447071 0.000008 -0.000005 0.000000 7.441245 0.000004 -0.000001 0.000000 5.830000
-10.714757 -40.537569 21.804577 0.996641 0.004736 -0.005860 -0.081551 -0.321143 -0.237612 0.085378 0.000944 0.000571 -0.080747 0.999993 0.002795 -0.002383 0.000005 0.000783 0.000418 0.000001 1.562531 1.577968 0.000380 -0.000003 0.999981 0.001805 -0.005926 0.000015 -0.000229 -0.000603 -0.000007 1.565376 1.588636 -0.000626 0.002043 0.999986 0.003725 -0.003755 0.000000 0.000545 -0.000330 0.000001 1.559626 1.582073 -0.001148 0.000842 0.999992 0.002914 -0.002863 0.000000 0.000353 -0.000115 0.000001 1.562057 1.579399 -0.000881 0.000552 7.437853 0.000006 -0.000010 -0.000000 7.446365 -0.000003 -0.000007 0.000000 7.445717 0.000008 -0.000005 0.000000 7.439909 0.000004 -0.000001 0.000000 5.840000
-10.717963 -40.539941 21.805437 0.996608 0.004738 -0.005859 -0.081953 -0.322100 -0.238329 0.087070 0.000929 0.000547 -0.081041 0.999993 0.002799 -0.002381 0.000005 0.000776 0.000439 0.000001 1.562535 1.577968 0.000372 -0.000010 0.999981 0.001804 -0.005929 0.000015 -0.000234 -0.000579 -0.000007 1.565370 1.588657 -0.000622 0.002026 0.999986 0.003728 -0.003756 0.000000 0.000524 -0.000308 0.000001 1.559615 1.582081 -0.001142 0.000834 0.999992 0.002916 -0.002864 0.000000 0.000342 -0.000103 0.000001 1.562049 1.579404 -0.000876 0.000545 7.436498 0.000006 -0.000010 -0.000000 7.445006 -0.000003 -0.000007 0.000000 7.444361 0.000008 -0.000005 0.000000 7.438571 0.000004 -0.000001 0.000000 5.850000
-10.721179 -40.542321 21.806313 0.996574 0.004740 -0.005858 -0.082357 -0.323057 -0.239046 0.088735 0.000915 0.000522 -0.081336 0.999993 0.002802 -0.002379 0.000005 0.000769 0.000464 0.000001 1.562539 1.577968 0.000362 -0.000017 0.999981 0.001803 -0.005932 0.000015 -0.000239 -0.000554 -0.000007 1.565364 1.588677 -0.000617 0.002007 0.999986 0.003731 -0.003758 0.000000 0.000501 -0.000284 0.000001 1.559603 1.582089 -0.001135 0.000826 0.999992 0.002918 -0.002864 0.000000 0.000330 -0.000091 0.000001 1.562040 1.579410 -0.000871 0.000539 7.435142 0.000006 -0.000011 -0.000000 7.443646 -0.000003 -0.000007 0.000000 7.443002 0.000008 -0.000005 0.000000 7.437232 0.000004 -0.000001 0.000000 5.860000
-10.724404 -40.544707 21.807206 0.996541 0.004742 -0.005857 -0.082761 -0.324014 -0.239764 0.090372 0.000902 0.000496 -0.081632 0.999993 0.002806 -0.002376 0.000005 0.000762 0.000479 0.000001 1.562542 1.577968 0.000351 -0.000025 0.999981 0.001802 -0.005935 0.000015 -0.000242 -0.000531 -0.000007 1.565358 1.588697 -0.000611 0.001988 0.999986 0.003733 -0.003759 0.000000 0.000481 -0.000262 0.000001 1.559592 1.582098 -0.001128 0.000817 0.999992 0.002919 -0.002865 0.000000 0.000320 -0.000080 0.000001 1.562031 1.579415 -0.000866 0.000532 7.433785 0.000006 -0.000011 -0.000000 7.442284 -0.000003 -0.000007 0.000000 7.441642 0.000008 -0.000005 0.000000 7.435891 0.000004 -0.000001 0.000000 5.870000
-10.727639 -40.547101 21.808114 0.996507 0.004744 -0.005856 -0.083168 -0.324971 -0.240481 0.091980 0.000889 0.000469 -0.081930 0.999993 0.002810 -0.002374 0.000005 0.000755 0.000487 0.000001 1.562546 1.577968 0.000338 -0.000033 0.999981 0.001800 -0.005937 0.000015 -0.000246 -0.000510 -0.000008 1.565352 1.588716 -0.000604 0.001967 0.999986 0.003735 -0.003760 0.000000 0.000463 -0.000243 0.000001 1.559581 1.582106 -0.001121 0.000808 0.999992 0.002921 -0.002865 0.000000 0.000310 -0.000069 0.000001 1.562023 1.579420 -0.000860 0.000524 7.432427 0.000006 -0.000012 -0.000000 7.440920 -0.000002 -0.000007 0.000000 7.440281 0.000008 -0.000005 0.000000 7.434548 0.000004 -0.000001 0.000000 5.880000
-10.730883 -40.549502 21.809039 0.996473 0.004745 -0.005855 -0.083575 -0.325929 -0.241198 0.093561 0.000878 0.000443 -0.082230 0.999993 0.002814 -0.002372 0.000005 0.000748 0.000489 0.000001 1.562549 1.577967 0.000324 -0.000042 0.999981 0.001799 -0.005940 0.000015 -0.000249 -0.000491 -0.000008 1.565346 1.588736 -0.000596 0.001946 0.999986 0.003738 -0.003761 0.000000 0.000446 -0.000224 0.000001 1.559570 1.582114 -0.001113 0.000798 0.999992 0.002922 -0.002865 0.000000 0.000301 -0.000059 0.000001 1.562014 1.579425 -0.000854 0.000517 7.431069 0.000006 -0.000012 -0.000000 7.439556 -0.000002 -0.000007 0.000000 7.438918 0.000007 -0.000005 0.000000 7.433204 0.000004 -0.000001 0.000000 5.890000
-10.734137 -40.551910 21.809984 0.996439 0.004747 -0.005855 -0.083985 -0.326895 -0.241922 0.095944 0.000867 0.000408 -0.082533 0.999993 0.002818 -0.002370 0.000005 0.000834 0.000014 0.000001 1.562552 1.577967 0.000311 -0.000053 0.999981 0.001798 -0.005943 0.000015 -0.000111 -0.000961 -0.000006 1.565340 1.588755 -0.000586 0.001918 0.999986 0.003741 -0.003763 0.000000 0.000814 -0.000604 0.000001 1.559559 1.582122 -0.001103 0.000785 0.999992 0.002925 -0.002866 0.000000 0.000542 -0.000305 0.000001 1.562006 1.579430 -0.000846 0.000507 7.470796 0.000007 -0.000062 -0.000000 7.479722 0.000001 -0.000041 0.000001 7.479019 0.000034 -0.000032 0.000000 7.473056 0.000014 -0.000011 0.000000 5.900000
-10.737401 -40.554325 21.810952 0.996404 0.004749 -0.005855 -0.084395 -0.327862 -0.242646 0.098293 0.000856 0.000373 -0.082838 0.999993 0.002822 -0.002371 0.000005 0.000827 -0.000391 0.000001 1.562555 1.577966 0.000295 -0.000064 0.999981 0.001798 -0.005949 0.000015 -0.000108 -0.001147 -0.000005 1.565334 1.588774 -0.000575 0.001890 0.999986 0.003745 -0.003767 0.000000 0.000953 -0.000747 0.000001 1.559548 1.582129 -0.001092 0.000773 0.999992 0.002927 -0.002868 0.000000 0.000574 -0.000337 0.000001 1.561997 1.579435 -0.000837 0.000496 7.469101 0.000007 -0.000044 0.000000 7.478019 -0.000001 -0.000020 0.000000 7.477317 0.000017 -0.000014 0.000000 7.471375 0.000007 -0.000004 0.000000 5.910000
-10.740674 -40.556747 21.811943 0.996369 0.004751 -0.005854 -0.084808 -0.328828 -0.243370 0.100607 0.000847 0.000338 -0.083144 0.999993 0.002826 -0.002374 0.000005 0.000820 -0.000575 0.000001 1.562558 1.577966 0.000279 -0.000075 0.999981 0.001797 -0.005954 0.000015 -0.000112 -0.001165 -0.000005 1.565329 1.588793 -0.000563 0.001863 0.999986 0.003750 -0.003771 0.000000 0.000960 -0.000753 0.000001 1.559537 1.582137 -0.001082 0.000761 0.999992 0.002930 -0.002869 0.000000 0.000564 -0.000326 0.000001 1.561989 1.579440 -0.000829 0.000486 7.467401 0.000006 -0.000031 0.000000 7.476310 -0.000001 -0.000014 0.000000 7.475609 0.000012 -0.000010 0.000000 7.469689 0.000006 -0.000003 0.000000 5.920000
-10.743957 -40.559177 21.812958 0.996334 0.004752 -0.005854 -0.085221 -0.329795 -0.244094 0.102885 0.000839 0.000303 -0.083451 0.999993 0.002830 -0.002377 0.000005 0.000812 -0.000626 0.000001 1.562561 1.577965 0.000260 -0.000085 0.999981 0.001797 -0.005960 0.000015 -0.000116 -0.001145 -0.000005 1.565323 1.588811 -0.000551 0.001835 0.999986 0.003755 -0.003774 0.000000 0.000938 -0.000729 0.000001 1.559526 1.582144 -0.001072 0.000749 0.999992 0.002933 -0.002871 0.000000 0.000552 -0.000313 0.000001 1.561981 1.579445 -0.000820 0.000476 7.465699 0.000006 -0.000023 0.000000 7.474598 -0.000001 -0.000013 0.000000 7.473898 0.000011 -0.000008 0.000000 7.467998 0.000006 -0.000003 0.000000 5.930000
-10.747249 -40.561614 21.813995 0.996298 0.004754 -0.005855 -0.085636 -0.330761 -0.244818 0.105129 0.000832 0.000268 -0.083760 0.999993 0.002834 -0.002380 0.000005 0.000804 -0.000603 0.000001 1.562563 1.577964 0.000240 -0.000093 0.999981 0.001796 -0.005966 0.000015 -0.000120 -0.001119 -0.000005 1.565318 1.588829 -0.000538 0.001807 0.999986 0.003759 -0.003778 0.000000 0.000910 -0.000700 0.000001 1.559516 1.582152 -0.001062 0.000738 0.999992 0.002936 -0.002873 0.000000 0.000540 -0.000300 0.000001 1.561973 1.579450 -0.000812 0.000466 7.463994 0.000006 -0.000018 0.000000 7.472883 -0.000001 -0.000012 0.000000 7.472184 0.000011 -0.000008 0.000000 7.466305 0.000006 -0.000003 0.000000 5.940000
-10.750551 -40.564058 21.815054 0.996262 0.004755 -0.005855 -0.086053 -0.331727 -0.245542 0.107337 0.000825 0.000233 -0.084070 0.999993 0.002838 -0.002383 0.000005 0.000795 -0.000539 0.000001 1.562565 1.577963 0.000219 -0.000101 0.999981 0.001795 -0.005971 0.000015 -0.000123 -0.001091 -0.000005 1.565312 1.588847 -0.000524 0.001779 0.999986 0.003764 -0.003781 0.000000 0.000881 -0.000669 0.000001 1.559505 1.582159 -0.001053 0.000727 0.999992 0.002938 -0.002874 0.000000 0.000527 -0.000287 0.000001 1.561965 1.579454 -0.000804 0.000456 7.462287 0.000006 -0.000015 0.000000 7.471164 -0.000001 -0.000012 0.000000 7.470466 0.000010 -0.000008 0.000000 7.464608 0.000005 -0.000003 0.000000 5.950000
-10.753863 -40.566510 21.816134 0.996226 0.004757 -0.005856 -0.086471 -0.332693 -0.246266 0.109510 0.000820 0.000197 -0.084381 0.999993 0.002842 -0.002385 0.000005 0.000787 -0.000454 0.000001 1.562567 1.577962 0.000196 -0.000107 0.999981 0.001795 -0.005977 0.000015 -0.000127 -0.001064 -0.000005 1.565307 1.588865 -0.000510 0.001752 0.999986 0.003768 -0.003785 0.000000 0.000852 -0.000638 0.000001 1.559495 1.582166 -0.001045 0.000716 0.999992 0.002941 -0.002875 0.000000 0.000515 -0.000274 0.000001 1.561957 1.579459 -0.000796 0.000446 7.460577 0.000006 -0.000013 0.000000 7.469443 -0.000001 -0.000011 0.000000 7.468746 0.000010 -0.000007 0.000000 7.462909 0.000005 -0.000002 0.000000 5.960000
-10.757184 -40.568968 21.817237 0.996189 0.004758 -0.005856 -0.086891 -0.333658 -0.246989 0.111648 0.000816 0.000162 -0.084694 0.999993 0.002846 -0.002387 0.000005 0.000779 -0.000359 0.000001 1.562569 1.577961 0.000172 -0.000113 0.999980 0.001794 -0.005982 0.000015 -0.000130 -0.001036 -0.000005 1.565302 1.588882 -0.000495 0.001724 0.999986 0.003772 -0.003788 0.000000 0.000823 -0.000607 0.000001 1.559484 1.582173 -0.001037 0.000706 0.999992 0.002943 -0.002877 0.000000 0.000503 -0.000261 0.000001 1.561949 1.579463 -0.000788 0.000436 7.458867 0.000006 -0.000011 0.000000 7.467719 -0.000001 -0.000011 0.000000 7.467024 0.000010 -0.000007 0.000000 7.461207 0.000005 -0.000002 0.000000 5.970000
-10.760515 -40.571434 21.818360 0.996152 0.004760 -0.005857 -0.087313 -0.334624 -0.247712 0.113751 0.000813 0.000127 -0.085007 0.999993 0.002850 -0.002389 0.000005 0.000771 -0.000260 0.000001 1.562571 1.577960 0.000146 -0.000118 0.999980 0.001794 -0.005987 0.000015 -0.000133 -0.001008 -0.000005 1.565297 1.588899 -0.000479 0.001696 0.999986 0.003776 -0.003791 0.000000 0.000793 -0.000575 0.000001 1.559474 1.582180 -0.001029 0.000696 0.999992 0.002946 -0.002878 0.000000 0.000491 -0.000248 0.000001 1.561941 1.579468 -0.000780 0.000427 7.457154 0.000006 -0.000010 0.000000 7.465993 -0.000001 -0.000011 0.000000 7.465299 0.000010 -0.000007 0.000000 7.459503 0.000005 -0.000002 0.000000 5.980000
-10.763856 -40.573907 21.819504 0.996115 0.004761 -0.005858 -0.087735 -0.335589 -0.248436 0.115818 0.000810 0.000093 -0.085322 0.999993 0.002854 -0.002390 0.000005 0.000763 -0.000161 0.000001 1.562572 1.577959 0.000119 -0.000123 0.999980 0.001793 -0.005992 0.000015 -0.000135 -0.000981 -0.000005 1.565293 1.588916 -0.000463 0.001669 0.999986 0.003780 -0.003793 0.000000 0.000764 -0.000544 0.000001 1.559464 1.582187 -0.001021 0.000687 0.999992 0.002948 -0.002879 0.000000 0.000479 -0.000235 0.000001 1.561933 1.579472 -0.000772 0.000417 7.455441 0.000006 -0.000009 0.000000 7.464266 -0.000001 -0.000011 0.000000 7.463573 0.000009 -0.000006 0.000000 7.457797 0.000005 -0.000002 0.000000 5.990000
-10.767206 -40.576387 21.820669 0.996078 0.004763 -0.005860 -0.088160 -0.336555 -0.249159 0.117850 0.000809 0.000058 -0.085638 0.999993 0.002857 -0.002390 0.000005 0.000754 -0.000065 0.000001 1.562573 1.577957 0.000090 -0.000126 0.999980 0.001792 -0.005997 0.000015 -0.000138 -0.000954 -0.000005 1.565288 1.588932 -0.000446 0.001641 0.999986 0.003784 -0.003796 0.000000 0.000735 -0.000513 0.000001 1.559454 1.582194 -0.001014 0.000678 0.999991 0.002951 -0.002880 0.000000 0.000467 -0.000222 0.000001 1.561925 1.579476 -0.000764 0.000407 7.453727 0.000006 -0.000009 0.000000 7.462536 -0.000001 -0.000010 0.000000 7.461845 0.000009 -0.000006 0.000000 7.456089 0.000005 -0.000002 0.000000 6.000000
-10.770566 -40.578875 21.821854 0.996040 0.004764 -0.005861 -0.088586 -0.337519 -0.249882 0.119847 0.000809 0.000024 -0.085956 0.999993 0.002861 -0.002390 0.000005 0.000746 0.000027 0.000001 1.562574 1.577956 0.000060 -0.000130 0.999980 0.001792 -0.006001 0.000015 -0.000140 -0.000927 -0.000005 1.565284 1.588949 -0.000429 0.001614 0.999986 0.003788 -0.003798 0.000000 0.000706 -0.000483 0.000001 1.559444 1.582201 -0.001007 0.000669 0.999991 0.002953 -0.002881 0.000000 0.000455 -0.000209 0.000001 1.561918 1.579480 -0.000756 0.000398 7.452012 0.000006 -0.000008 0.000000 7.460806 -0.000001 -0.000010 0.000000 7.460117 0.000009 -0.000006 0.000000 7.454380 0.000005 -0.000002 0.000000 6.010000
-10.773936 -40.581369 21.823058 0.996002 0.004766 -0.005863 -0.089013 -0.338484 -0.250605 0.121809 0.000809 -0.000009 -0.086274 0.999993 0.002865 -0.002390 0.000005 0.000737 0.000113 0.000001 1.562574 1.577955 0.000029 -0.000134 0.999980 0.001791 -0.006006 0.000015 -0.000143 -0.000900 -0.000005 1.565280 1.588965 -0.000411 0.001586 0.999986 0.003791 -0.003801 0.000000 0.000677 -0.000452 0.000001 1.559434 1.582207 -0.001000 0.000660 0.999991 0.002955 -0.002882 0.000000 0.000443 -0.000197 0.000001 1.561910 1.579484 -0.000748 0.000388 7.450297 0.000005 -0.000008 0.000000 7.459074 -0.000001 -0.000010 0.000000 7.458387 0.000008 -0.000005 0.000000 7.452669 0.000005 -0.000002 0.000000 6.020000
-10.777315 -40.583871 21.824282 0.995963 0.004767 -0.005865 -0.089442 -0.339449 -0.251328 0.123735 0.000811 -0.000042 -0.086593 0.999993 0.002868 -0.002389 0.000005 0.000729 0.000193 0.000001 1.562575 1.577953 -0.000003 -0.000137 0.999980 0.001790 -0.006010 0.000015 -0.000145 -0.000874 -0.000005 1.565276 1.588980 -0.000393 0.001559 0.999986 0.003794 -0.003803 0.000000 0.000649 -0.000422 0.000001 1.559424 1.582214 -0.000993 0.000651 0.999991 0.002957 -0.002883 0.000000 0.000432 -0.000184 0.000001 1.561903 1.579488 -0.000740 0.000378 7.448582 0.000005 -0.000008 -0.000000 7.457341 -0.000001 -0.000010 0.000000 7.456656 0.000008 -0.000005 0.000000 7.450958 0.000004 -0.000002 0.000000 6.030000
-10.780703 -40.586380 21.825525 0.995925 0.004769 -0.005867 -0.089873 -0.340413 -0.252050 0.125626 0.000814 -0.000075 -0.086914 0.999993 0.002872 -0.002388 0.000005 0.000721 0.000266 0.000001 1.562574 1.577952 -0.000036 -0.000140 0.999980 0.001789 -0.006015 0.000015 -0.000147 -0.000847 -0.000005 1.565272 1.588996 -0.000374 0.001531 0.999986 0.003797 -0.003805 0.000000 0.000621 -0.000392 0.000001 1.559414 1.582220 -0.000986 0.000643 0.999991 0.002960 -0.002884 0.000000 0.000420 -0.000172 0.000001 1.561896 1.579491 -0.000732 0.000369 7.446867 0.000005 -0.000008 -0.000000 7.455608 -0.000001 -0.000009 0.000000 7.454925 0.000008 -0.000005 0.000000 7.449246 0.000004 -0.000001 0.000000 6.040000
-10.784102 -40.588896 21.826787 0.995885 0.004770 -0.005869 -0.090305 -0.341377 -0.252773 0.127481 0.000817 -0.000107 -0.087236 0.999993 0.002876 -0.002387 0.000005 0.000712 0.000332 0.000001 1.562574 1.577951 -0.000071 -0.000144 0.999980 0.001789 -0.006019 0.000015 -0.000149 -0.000821 -0.000004 1.565268 1.589011 -0.000354 0.001503 0.999986 0.003800 -0.003807 0.000000 0.000593 -0.000363 0.000001 1.559404 1.582227 -0.000979 0.000634 0.999991 0.002962 -0.002885 0.000000 0.000409 -0.000159 0.000001 1.561888 1.579495 -0.000725 0.000359 7.445153 0.000005 -0.000008 -0.000000 7.453875 -0.000001 -0.000009 0.000000 7.453194 0.000008 -0.000004 0.000000 7.447533 0.000004 -0.000001 0.000000 6.050000
-10.787509 -40.591420 21.828067 0.995846 0.004772 -0.005871 -0.090739 -0.342340 -0.253495 0.129302 0.000822 -0.000138 -0.087558 0.999993 0.002879 -0.002385 0.000005 0.000703 0.000392 0.000001 1.562573 1.577949 -0.000106 -0.000148 0.999980 0.001788 -0.006023 0.000015 -0.000150 -0.000795 -0.000004 1.565265 1.589026 -0.000334 0.001475 0.999986 0.003803 -0.003809 0.000000 0.000566 -0.000334 0.000001 1.559394 1.582233 -0.000973 0.000626 0.999991 0.002964 -0.002886 0.000000 0.000397 -0.000147 0.000001 1.561881 1.579499 -0.000717 0.000349 7.443439 0.000005 -0.000008 -0.000000 7.452141 -0.000001 -0.000009 0.000000 7.451463 0.000007 -0.000004 0.000000 7.445821 0.000004 -0.000001 0.000000 6.060000
-10.790927 -40.593950 21.829365 0.995806 0.004774 -0.005874 -0.091175 -0.343304 -0.254217 0.131087 0.000827 -0.000168 -0.087882 0.999993 0.002883 -0.002383 0.000005 0.000695 0.000444 0.000001 1.562572 1.577948 -0.000143 -0.000152 0.999980 0.001787 -0.006027 0.000015 -0.000152 -0.000769 -0.000004 1.565261 1.589040 -0.000314 0.001448 0.999985 0.003806 -0.003810 0.000000 0.000539 -0.000305 0.000001 1.559385 1.582239 -0.000966 0.000617 0.999991 0.002966 -0.002887 0.000000 0.000386 -0.000135 0.000001 1.561874 1.579502 -0.000709 0.000340 7.441727 0.000005 -0.000008 -0.000000 7.450408 -0.000001 -0.000009 0.000000 7.449733 0.000007 -0.000004 0.000000 7.444108 0.000004 -0.000001 0.000000 6.070000
-10.794354 -40.596488 21.830680 0.995766 0.004775 -0.005876 -0.091612 -0.344267 -0.254940 0.132837 0.000834 -0.000198 -0.088207 0.999993 0.002886 -0.002380 0.000005 0.000686 0.000489 0.000001 1.562570 1.577946 -0.000181 -0.000157 0.999980 0.001786 -0.006031 0.000015 -0.000154 -0.000744 -0.000004 1.565258 1.589055 -0.000293 0.001420 0.999985 0.003809 -0.003812 0.000000 0.000513 -0.000277 0.000001 1.559375 1.582245 -0.000960 0.000609 0.999991 0.002967 -0.002887 0.000000 0.000375 -0.000123 0.000001 1.561867 1.579505 -0.000701 0.000330 7.440015 0.000005 -0.000008 -0.000000 7.448675 -0.000001 -0.000008 0.000000 7.448003 0.000007 -0.000004 0.000000 7.442396 0.000004 -0.000001 0.000000 6.080000
-10.797791 -40.599033 21.832013 0.995726 0.004777 -0.005879 -0.092050 -0.345229 -0.255662 0.134551 0.000841 -0.000226 -0.088533 0.999993 0.002890 -0.002378 0.000005 0.000678 0.000527 0.000001 1.562568 1.577944 -0.000219 -0.000162 0.999980 0.001786 -0.006034 0.000015 -0.000155 -0.000718 -0.000004 1.565256 1.589069 -0.000271 0.001392 0.999985 0.003811 -0.003813 0.000000 0.000487 -0.000250 0.000001 1.559365 1.582251 -0.000953 0.000600 0.999991 0.002969 -0.002888 0.000000 0.000364 -0.000112 0.000001 1.561860 1.579509 -0.000693 0.000320 7.438305 0.000005 -0.000008 -0.000000 7.446943 -0.000001 -0.000008 0.000000 7.446274 0.000007 -0.000004 0.000000 7.440684 0.000004 -0.000001 0.000000 6.090000
-10.801237 -40.601585 21.833362 0.995685 0.004779 -0.005882 -0.092491 -0.346192 -0.256384 0.136231 0.000850 -0.000254 -0.088859 0.999993 0.002893 -0.002375 0.000005 0.000669 0.000566 0.000001 1.562566 1.577943 -0.000258 -0.000168 0.999980 0.001785 -0.006038 0.000014 -0.000157 -0.000691 -0.000004 1.565253 1.589082 -0.000249 0.001363 0.999985 0.003814 -0.003814 0.000000 0.000460 -0.000221 0.000001 1.559356 1.582257 -0.000946 0.000592 0.999991 0.002971 -0.002888 0.000000 0.000352 -0.000099 0.000001 1.561853 1.579512 -0.000685 0.000310 7.436597 0.000005 -0.000009 -0.000000 7.445212 -0.000001 -0.000008 0.000000 7.444546 0.000007 -0.000004 0.000000 7.438973 0.000004 -0.000001 0.000000 6.100000
-10.804693 -40.604145 21.834729 0.995644 0.004780 -0.005885 -0.092932 -0.347154 -0.257105 0.137875 0.000859 -0.000281 -0.089187 0.999993 0.002896 -0.002372 0.000005 0.000660 0.000596 0.000000 1.562563 1.577941 -0.000299 -0.000174 0.999980 0.001784 -0.006041 0.000014 -0.000158 -0.000666 -0.000004 1.565251 1.589096 -0.000227 0.001335 0.999985 0.003816 -0.003815 0.000000 0.000435 -0.000195 0.000001 1.559347 1.582263 -0.000939 0.000583 0.999991 0.002973 -0.002889 0.000000 0.000341 -0.000087 0.000001 1.561846 1.579515 -0.000677 0.000300 7.434891 0.000005 -0.000009 -0.000000 7.443482 -0.000001 -0.000008 0.000000 7.442820 0.000007 -0.000003 0.000000 7.437263 0.000004 -0.000001 0.000000 6.110000
-10.808158 -40.606711 21.836111 0.995602 0.004782 -0.005888 -0.093376 -0.348115 -0.257827 0.139484 0.000869 -0.000306 -0.089515 0.999993 0.002899 -0.002369 0.000005 0.000651 0.000616 0.000000 1.562560 1.577939 -0.000340 -0.000181 0.999980 0.001783 -0.006044 0.000014 -0.000159 -0.000641 -0.000004 1.565248 1.589109 -0.000205 0.001307 0.999985 0.003818 -0.003816 0.000000 0.000411 -0.000170 0.000001 1.559337 1.582269 -0.000932 0.000574 0.999991 0.002975 -0.002889 0.000000 0.000330 -0.000076 0.000001 1.561840 1.579518 -0.000669 0.000290 7.433187 0.000005 -0.000010 -0.000000 7.441754 -0.000001 -0.000008 0.000000 7.441096 0.000007 -0.000003 0.000000 7.435555 0.000004 -0.000001 0.000000 6.120000
-10.811633 -40.609285 21.837510 0.995560 0.004784 -0.005891 -0.093821 -0.349077 -0.258549 0.141059 0.000880 -0.000331 -0.089845 0.999993 0.002903 -0.002366 0.000005 0.000643 0.000630 0.000000 1.562556 1.577937 -0.000381 -0.000189 0.999980 0.001782 -0.006048 0.000014 -0.000160 -0.000617 -0.000004 1.565247 1.589122 -0.000181 0.001278 0.999985 0.003820 -0.003817 0.000000 0.000389 -0.000145 0.000001 1.559328 1.582275 -0.000925 0.000565 0.999991 0.002976 -0.002890 0.000000 0.000320 -0.000065 0.000001 1.561833 1.579521 -0.000661 0.000280 7.431485 0.000004 -0.000010 -0.000000 7.440027 -0.000001 -0.000007 0.000000 7.439373 0.000006 -0.000003 0.000000 7.433848 0.000004 -0.000001 0.000000 6.130000
-10.815118 -40.611866 21.838928 0.995518 0.004786 -0.005895 -0.094267 -0.350047 -0.259277 0.143428 0.000891 -0.000362 -0.090178 0.999993 0.002906 -0.002364 0.000005 0.000725 0.000169 0.000000 1.562552 1.577936 -0.000421 -0.000199 0.999980 0.001782 -0.006052 0.000014 -0.000018 -0.001088 -0.000002 1.565245 1.589134 -0.000156 0.001245 0.999985 0.003823 -0.003819 0.000000 0.000754 -0.000520 0.000001 1.559319 1.582280 -0.000914 0.000552 0.999991 0.002978 -0.002891 0.000000 0.000561 -0.000310 0.000001 1.561827 1.579523 -0.000650 0.000268 7.470893 0.000005 -0.000058 -0.000000 7.479882 0.000002 -0.000041 0.000001 7.479160 0.000033 -0.000030 0.000000 7.473375 0.000014 -0.000011 0.000000 6.140000
-10.818613 -40.614454 21.840369 0.995475 0.004788 -0.005899 -0.094716 -0.351017 -0.260006 0.145756 0.000903 -0.000391 -0.090511 0.999993 0.002910 -0.002364 0.000005 0.000716 -0.000219 -0.000000 1.562548 1.577934 -0.000463 -0.000209 0.999980 0.001782 -0.006058 0.000014 -0.000013 -0.001270 -0.000001 1.565243 1.589147 -0.000131 0.001211 0.999985 0.003827 -0.003821 0.000000 0.000888 -0.000658 0.000001 1.559310 1.582286 -0.000904 0.000540 0.999991 0.002981 -0.002892 0.000000 0.000591 -0.000341 0.000001 1.561820 1.579526 -0.000640 0.000256 7.468860 0.000005 -0.000040 -0.000000 7.477822 0.000000 -0.000020 0.000000 7.477104 0.000016 -0.000013 0.000000 7.471336 0.000006 -0.000003 0.000000 6.150000
-10.822117 -40.617050 21.841833 0.995432 0.004790 -0.005902 -0.095166 -0.351986 -0.260734 0.148042 0.000916 -0.000420 -0.090846 0.999993 0.002913 -0.002366 0.000005 0.000707 -0.000392 -0.000000 1.562543 1.577931 -0.000504 -0.000218 0.999980 0.001782 -0.006064 0.000014 -0.000016 -0.001280 -0.000001 1.565242 1.589159 -0.000106 0.001179 0.999985 0.003831 -0.003825 0.000000 0.000889 -0.000658 0.000001 1.559301 1.582291 -0.000894 0.000529 0.999991 0.002984 -0.002894 0.000000 0.000580 -0.000328 0.000001 1.561814 1.579528 -0.000630 0.000244 7.466826 0.000005 -0.000027 -0.000000 7.475759 -0.000000 -0.000014 0.000000 7.475046 0.000011 -0.000008 0.000000 7.469294 0.000006 -0.000003 0.000000 6.160000
-10.825630 -40.619653 21.843320 0.995389 0.004792 -0.005906 -0.095617 -0.352955 -0.261462 0.150286 0.000930 -0.000447 -0.091181 0.999993 0.002917 -0.002368 0.000005 0.000698 -0.000436 -0.000000 1.562538 1.577929 -0.000547 -0.000227 0.999980 0.001782 -0.006070 0.000014 -0.000018 -0.001253 -0.000001 1.565241 1.589170 -0.000081 0.001148 0.999985 0.003836 -0.003828 0.000000 0.000862 -0.000629 0.000001 1.559292 1.582296 -0.000885 0.000518 0.999991 0.002987 -0.002895 0.000000 0.000566 -0.000313 0.000001 1.561808 1.579531 -0.000620 0.000232 7.464792 0.000005 -0.000020 0.000000 7.473696 -0.000000 -0.000013 0.000000 7.472988 0.000010 -0.000007 0.000000 7.467252 0.000005 -0.000002 0.000000 6.170000
-10.829154 -40.622263 21.844829 0.995345 0.004794 -0.005910 -0.096071 -0.353923 -0.262190 0.152488 0.000944 -0.000473 -0.091517 0.999993 0.002920 -0.002370 0.000005 0.000688 -0.000408 -0.000000 1.562532 1.577927 -0.000590 -0.000235 0.999980 0.001782 -0.006076 0.000014 -0.000021 -0.001218 -0.000001 1.565241 1.589181 -0.000056 0.001118 0.999985 0.003840 -0.003831 0.000000 0.000828 -0.000594 0.000001 1.559283 1.582301 -0.000876 0.000508 0.999991 0.002990 -0.002897 0.000000 0.000551 -0.000298 0.000001 1.561801 1.579533 -0.000611 0.000221 7.462759 0.000005 -0.000015 0.000000 7.471632 -0.000000 -0.000012 0.000000 7.470931 0.000009 -0.000006 0.000000 7.465209 0.000005 -0.000002 0.000000 6.180000
-10.832687 -40.624880 21.846360 0.995301 0.004796 -0.005914 -0.096525 -0.354891 -0.262917 0.154648 0.000959 -0.000497 -0.091853 0.999993 0.002924 -0.002372 0.000005 0.000679 -0.000342 -0.000000 1.562526 1.577924 -0.000633 -0.000242 0.999980 0.001782 -0.006082 0.000014 -0.000024 -0.001181 -0.000001 1.565240 1.589192 -0.000030 0.001088 0.999985 0.003844 -0.003834 0.000000 0.000794 -0.000557 0.000001 1.559274 1.582306 -0.000868 0.000498 0.999991 0.002992 -0.002898 0.000000 0.000537 -0.000283 0.000001 1.561795 1.579535 -0.000601 0.000210 7.460726 0.000005 -0.000012 0.000000 7.469568 -0.000000 -0.000011 0.000000 7.468873 0.000009 -0.000006 0.000000 7.463165 0.000005 -0.000002 0.000000 6.190000
-10.836229 -40.627505 21.847913 0.995257 0.004799 -0.005919 -0.096982 -0.355858 -0.263645 0.156767 0.000975 -0.000519 -0.092190 0.999993 0.002927 -0.002373 0.000005 0.000670 -0.000256 -0.000000 1.562519 1.577922 -0.000677 -0.000247 0.999980 0.001781 -0.006088 0.000014 -0.000026 -0.001143 -0.000001 1.565240 1.589203 -0.000005 0.001060 0.999985 0.003848 -0.003837 0.000000 0.000759 -0.000521 0.000001 1.559266 1.582311 -0.000861 0.000488 0.999991 0.002995 -0.002900 0.000000 0.000522 -0.000267 0.000001 1.561789 1.579537 -0.000593 0.000200 7.458695 0.000005 -0.000010 -0.000000 7.467505 -0.000000 -0.000011 0.000000 7.466816 0.000008 -0.000005 0.000000 7.461123 0.000005 -0.000002 0.000000 6.200000
-10.839782 -40.630137 21.849486 0.995212 0.004801 -0.005923 -0.097440 -0.356825 -0.264372 0.158843 0.000992 -0.000541 -0.092528 0.999993 0.002930 -0.002374 0.000005 0.000660 -0.000162 -0.000000 1.562512 1.577920 -0.000722 -0.000253 0.999980 0.001781 -0.006094 0.000015 -0.000029 -0.001105 -0.000001 1.565240 1.589214 0.000020 0.001032 0.999985 0.003851 -0.003839 0.000000 0.000725 -0.000484 0.000001 1.559257 1.582316 -0.000853 0.000479 0.999991 0.002998 -0.002901 0.000000 0.000507 -0.000251 0.000001 1.561784 1.579539 -0.000584 0.000190 7.456665 0.000004 -0.000009 -0.000000 7.465443 -0.000000 -0.000010 0.000000 7.464761 0.000008 -0.000005 0.000000 7.459080 0.000005 -0.000002 0.000000 6.210000
-10.843343 -40.632776 21.851079 0.995167 0.004804 -0.005927 -0.097900 -0.357791 -0.265099 0.160877 0.001010 -0.000560 -0.092866 0.999993 0.002934 -0.002375 0.000005 0.000651 -0.000065 -0.000000 1.562505 1.577917 -0.000766 -0.000257 0.999980 0.001781 -0.006099 0.000015 -0.000032 -0.001067 -0.000001 1.565240 1.589224 0.000045 0.001005 0.999985 0.003855 -0.003841 0.000000 0.000690 -0.000447 0.000001 1.559249 1.582321 -0.000847 0.000471 0.999991 0.003000 -0.002902 0.000000 0.000492 -0.000236 0.000001 1.561778 1.579541 -0.000576 0.000180 7.454636 0.000004 -0.000008 -0.000000 7.463381 -0.000000 -0.000010 0.000000 7.462706 0.000008 -0.000004 0.000000 7.457039 0.000004 -0.000001 0.000000 6.220000
-10.846915 -40.635422 21.852693 0.995121 0.004806 -0.005932 -0.098361 -0.358757 -0.265826 0.162870 0.001028 -0.000578 -0.093205 0.999993 0.002937 -0.002375 0.000005 0.000642 0.000031 -0.000000 1.562497 1.577914 -0.000811 -0.000261 0.999980 0.001781 -0.006104 0.000015 -0.000034 -0.001028 -0.000001 1.565241 1.589234 0.000070 0.000980 0.999985 0.003858 -0.003844 0.000000 0.000655 -0.000411 0.000001 1.559240 1.582325 -0.000840 0.000463 0.999991 0.003003 -0.002903 0.000000 0.000477 -0.000220 0.000001 1.561772 1.579543 -0.000568 0.000170 7.452609 0.000004 -0.000007 -0.000000 7.461321 -0.000000 -0.000009 0.000000 7.460654 0.000007 -0.000004 0.000000 7.454998 0.000004 -0.000001 0.000000 6.230000
-10.850496 -40.638076 21.854326 0.995076 0.004809 -0.005937 -0.098825 -0.359721 -0.266553 0.164821 0.001047 -0.000594 -0.093544 0.999993 0.002940 -0.002375 0.000005 0.000633 0.000123 -0.000000 1.562489 1.577912 -0.000857 -0.000265 0.999980 0.001781 -0.006109 0.000015 -0.000037 -0.000989 -0.000001 1.565242 1.589243 0.000095 0.000954 0.999985 0.003862 -0.003845 0.000000 0.000621 -0.000374 0.000001 1.559232 1.582330 -0.000834 0.000455 0.999991 0.003005 -0.002904 0.000000 0.000462 -0.000204 0.000001 1.561766 1.579544 -0.000561 0.000161 7.450585 0.000004 -0.000006 -0.000000 7.459263 -0.000000 -0.000009 0.000000 7.458603 0.000007 -0.000004 0.000000 7.452959 0.000004 -0.000001 0.000000 6.240000
-10.854087 -40.640736 21.855979 0.995029 0.004812 -0.005941 -0.099289 -0.360686 -0.267279 0.166730 0.001066 -0.000608 -0.093884 0.999993 0.002943 -0.002374 0.000005 0.000623 0.000211 -0.000000 1.562480 1.577909 -0.000902 -0.000269 0.999980 0.001781 -0.006114 0.000015 -0.000040 -0.000949 -0.000001 1.565243 1.589253 0.000120 0.000930 0.999985 0.003865 -0.003847 0.000000 0.000587 -0.000338 0.000001 1.559224 1.582335 -0.000828 0.000447 0.999991 0.003007 -0.002905 0.000000 0.000447 -0.000187 0.000001 1.561761 1.579546 -0.000553 0.000152 7.448563 0.000004 -0.000006 -0.000000 7.457206 -0.000000 -0.000009 0.000000 7.456554 0.000007 -0.000003 0.000000 7.450922 0.000004 -0.000001 0.000000 6.250000
-10.857687 -40.643405 21.857650 0.994983 0.004815 -0.005946 -0.099756 -0.361649 -0.268006 0.168598 0.001087 -0.000620 -0.094224 0.999993 0.002946 -0.002372 0.000005 0.000614 0.000292 -0.000000 1.562471 1.577906 -0.000948 -0.000273 0.999980 0.001780 -0.006119 0.000015 -0.000043 -0.000909 -0.000000 1.565244 1.589262 0.000145 0.000907 0.999985 0.003867 -0.003849 0.000000 0.000553 -0.000303 0.000001 1.559216 1.582339 -0.000822 0.000440 0.999991 0.003009 -0.002906 0.000000 0.000431 -0.000171 0.000001 1.561755 1.579547 -0.000546 0.000143 7.446544 0.000004 -0.000006 -0.000000 7.455152 -0.000000 -0.000008 0.000000 7.454509 0.000006 -0.000003 0.000000 7.448886 0.000004 -0.000001 0.000000 6.260000
-10.861297 -40.646080 21.859340 0.994935 0.004818 -0.005951 -0.100224 -0.362612 -0.268732 0.170424 0.001108 -0.000631 -0.094565 0.999993 0.002949 -0.002371 0.000005 0.000605 0.000366 -0.000000 1.562461 1.577904 -0.000993 -0.000276 0.999980 0.001780 -0.006123 0.000015 -0.000046 -0.000869 -0.000000 1.565246 1.589271 0.000170 0.000884 0.999985 0.003870 -0.003850 0.000000 0.000520 -0.000267 0.000001 1.559207 1.582343 -0.000817 0.000433 0.999991 0.003011 -0.002907 0.000000 0.000416 -0.000155 0.000001 1.561750 1.579549 -0.000540 0.000135 7.444527 0.000004 -0.000006 -0.000000 7.453100 -0.000000 -0.000008 0.000000 7.452466 0.000006 -0.000003 0.000000 7.446853 0.000004 -0.000001 0.000000 6.270000
-10.864917 -40.648762 21.861048 0.994888 0.004821 -0.005956 -0.100694 -0.363574 -0.269458 0.172208 0.001129 -0.000640 -0.094906 0.999993 0.002952 -0.002369 0.000005 0.000596 0.000434 -0.000000 1.562451 1.577901 -0.001039 -0.000280 0.999980 0.001780 -0.006128 0.000015 -0.000049 -0.000829 -0.000000 1.565248 1.589279 0.000194 0.000862 0.999985 0.003873 -0.003852 0.000000 0.000487 -0.000233 0.000001 1.559199 1.582348 -0.000811 0.000426 0.999991 0.003014 -0.002908 0.000000 0.000401 -0.000139 0.000001 1.561745 1.579550 -0.000533 0.000126 7.442515 0.000004 -0.000006 -0.000000 7.451051 -0.000001 -0.000007 0.000000 7.450426 0.000006 -0.000002 0.000000 7.444823 0.000003 -0.000000 0.000000 6.280000
-10.868546 -40.651452 21.862773 0.994840 0.004824 -0.005961 -0.101165 -0.364536 -0.270184 0.173951 0.001151 -0.000647 -0.095247 0.999993 0.002955 -0.002367 0.000005 0.000586 0.000494 -0.000000 1.562440 1.577898 -0.001085 -0.000284 0.999980 0.001780 -0.006132 0.000015 -0.000052 -0.000788 -0.000000 1.565250 1.589288 0.000218 0.000840 0.999985 0.003875 -0.003853 0.000000 0.000455 -0.000198 0.000001 1.559191 1.582352 -0.000806 0.000419 0.999991 0.003015 -0.002909 0.000000 0.000385 -0.000122 0.000001 1.561739 1.579551 -0.000526 0.000118 7.440505 0.000004 -0.000006 -0.000000 7.449005 -0.000001 -0.000007 0.000000 7.448390 0.000005 -0.000002 0.000000 7.442795 0.000003 -0.000000 0.000000 6.290000
-10.872185 -40.654149 21.864516 0.994792 0.004827 -0.005966 -0.101638 -0.365497 -0.270910 0.175653 0.001174 -0.000652 -0.095588 0.999993 0.002958 -0.002364 0.000005 0.000577 0.000547 -0.000000 1.562429 1.577895 -0.001130 -0.000289 0.999980 0.001779 -0.006135 0.000015 -0.000055 -0.000747 -0.000000 1.565252 1.589296 0.000242 0.000819 0.999985 0.003877 -0.003854 0.000000 0.000423 -0.000165 0.000001 1.559183 1.582356 -0.000800 0.000412 0.999991 0.003017 -0.002909 0.000000 0.000370 -0.000106 0.000001 1.561734 1.579552 -0.000520 0.000110 7.438500 0.000004 -0.000006 -0.000000 7.446962 -0.000001 -0.000006 0.000000 7.446357 0.000005 -0.000002 0.000000 7.440770 0.000003 -0.000000 0.000000 6.300000
-10.875833 -40.656853 21.866275 0.994743 0.004830 -0.005971 -0.102113 -0.366457 -0.271635 0.177313 0.001197 -0.000655 -0.095930 0.999993 0.002961 -0.002361 0.000005 0.000568 0.000600 -0.000000 1.562418 1.577892 -0.001176 -0.000294 0.999980 0.001779 -0.006139 0.000015 -0.000059 -0.000705 -0.000000 1.565254 1.589304 0.000266 0.000799 0.999985 0.003879 -0.003854 0.000000 0.000389 -0.000130 0.000001 1.559175 1.582360 -0.000795 0.000405 0.999991 0.003019 -0.002910 0.000000 0.000353 -0.000089 0.000001 1.561729 1.579553 -0.000514 0.000102 7.436498 0.000004 -0.000006 -0.000000 7.444923 -0.000001 -0.000006 0.000000 7.444328 0.000005 -0.000002 0.000000 7.438749 0.000003 0.000000 0.000000 6.310000
-10.879491 -40.659565 21.868051 0.994694 0.004834 -0.005975 -0.102590 -0.367417 -0.272361 0.178933 0.001221 -0.000656 -0.096272 0.999993 0.002964 -0.002358 0.000005 0.000559 0.000644 -0.000000 1.562406 1.577889 -0.001221 -0.000299 0.999980 0.001779 -0.006142 0.000015 -0.000062 -0.000664 -0.000000 1.565257 1.589312 0.000289 0.000779 0.999985 0.003881 -0.003855 0.000000 0.000358 -0.000097 0.000001 1.559167 1.582364 -0.000790 0.000398 0.999991 0.003021 -0.002910 0.000000 0.000338 -0.000073 0.000001 1.561724 1.579554 -0.000508 0.000095 7.434501 0.000004 -0.000007 -0.000000 7.442888 -0.000001 -0.000006 0.000000 7.442304 0.000005 -0.000001 0.000000 7.436732 0.000003 0.000000 0.000000 6.320000
-10.883158 -40.662284 21.869842 0.994645 0.004837 -0.005980 -0.103068 -0.368376 -0.273086 0.180511 0.001246 -0.000655 -0.096615 0.999993 0.002966 -0.002355 0.000005 0.000550 0.000677 -0.000000 1.562394 1.577886 -0.001266 -0.000305 0.999980 0.001779 -0.006146 0.000015 -0.000065 -0.000623 -0.000000 1.565260 1.589320 0.000312 0.000759 0.999985 0.003883 -0.003855 0.000000 0.000329 -0.000066 0.000001 1.559159 1.582368 -0.000784 0.000391 0.999991 0.003023 -0.002910 0.000000 0.000323 -0.000057 0.000001 1.561719 1.579555 -0.000502 0.000087 7.432509 0.000003 -0.000007 -0.000000 7.440857 -0.000001 -0.000005 0.000000 7.440284 0.000005 -0.000001 0.000000 7.434718 0.000003 0.000000 0.000000 6.330000
-10.886836 -40.665010 21.871650 0.994595 0.004841 -0.005985 -0.103548 -0.369334 -0.273811 0.182049 0.001270 -0.000653 -0.096957 0.999993 0.002969 -0.002351 0.000005 0.000541 0.000703 -0.000000 1.562381 1.577883 -0.001310 -0.000312 0.999980 0.001778 -0.006149 0.000015 -0.000069 -0.000582 -0.000000 1.565263 1.589327 0.000335 0.000740 0.999985 0.003884 -0.003855 0.000000 0.000300 -0.000036 0.000001 1.559152 1.582372 -0.000778 0.000383 0.999991 0.003024 -0.002911 0.000000 0.000308 -0.000041 0.000001 1.561714 1.579556 -0.000496 0.000080 7.430521 0.000003 -0.000008 -0.000000 7.438831 -0.000001 -0.000005 0.000000 7.438269 0.000005 -0.000001 0.000000 7.432709 0.000003 0.000000 0.000000 6.340000
-10.890522 -40.667743 21.873472 0.994544 0.004845 -0.005990 -0.104029 -0.370291 -0.274536 0.183545 0.001296 -0.000648 -0.097300 0.999993 0.002972 -0.002348 0.000005 0.000532 0.000721 -0.000001 1.562367 1.577880 -0.001354 -0.000319 0.999979 0.001778 -0.006152 0.000015 -0.000072 -0.000542 -0.000000 1.565267 1.589335 0.000358 0.000721 0.999985 0.003886 -0.003856 0.000000 0.000273 -0.000006 0.000001 1.559144 1.582376 -0.000773 0.000376 0.999991 0.003026 -0.002911 0.000000 0.000293 -0.000025 0.000001 1.561709 1.579557 -0.000490 0.000072 7.428539 0.000003 -0.000008 -0.000000 7.436809 -0.000001 -0.000004 0.000000 7.436259 0.000004 -0.000001 0.000000 7.430705 0.000003 0.000001 0.000000 6.350000
-10.894218 -40.670483 21.875313 0.994494 0.004849 -0.005995 -0.104512 -0.371258 -0.275268 0.185831 0.001321 -0.000649 -0.097646 0.999993 0.002975 -0.002345 0.000005 0.000614 0.000269 -0.000001 1.562354 1.577877 -0.001396 -0.000329 0.999979 0.001778 -0.006155 0.000015 0.000066 -0.000994 0.000001 1.565271 1.589342 0.000382 0.000698 0.999985 0.003888 -0.003857 0.000000 0.000634 -0.000376 0.000001 1.559136 1.582379 -0.000763 0.000365 0.999991 0.003028 -0.002911 0.000000 0.000529 -0.000264 0.000001 1.561704 1.579558 -0.000482 0.000063 7.467648 0.000004 -0.000061 -0.000000 7.476354 0.000002 -0.000040 0.000001 7.475749 0.000032 -0.000029 0.000000 7.469918 0.000013 -0.000010 0.000000 6.360000
-10.897924 -40.673231 21.877177 0.994443 0.004853 -0.006000 -0.104997 -0.372223 -0.276000 0.188070 0.001346 -0.000648 -0.097992 0.999993 0.002978 -0.002345 0.000005 0.000606 -0.000126 -0.000001 1.562340 1.577874 -0.001437 -0.000338 0.999979 0.001778 -0.006161 0.000015 0.000068 -0.001161 0.000002 1.565275 1.589348 0.000405 0.000676 0.999985 0.003891 -0.003859 0.000000 0.000767 -0.000511 0.000001 1.559129 1.582383 -0.000755 0.000355 0.999991 0.003030 -0.002913 0.000000 0.000555 -0.000289 0.000001 1.561699 1.579558 -0.000475 0.000054 7.465340 0.000004 -0.000041 -0.000000 7.474004 0.000000 -0.000016 0.000000 7.473411 0.000014 -0.000010 0.000000 7.467586 0.000005 -0.000002 0.000000 6.370000
-10.901639 -40.675986 21.879062 0.994391 0.004857 -0.006005 -0.105484 -0.373188 -0.276731 0.190262 0.001372 -0.000645 -0.098337 0.999993 0.002981 -0.002346 0.000005 0.000597 -0.000296 -0.000001 1.562325 1.577870 -0.001478 -0.000347 0.999979 0.001778 -0.006166 0.000015 0.000062 -0.001153 0.000003 1.565279 1.589355 0.000428 0.000654 0.999985 0.003895 -0.003861 0.000000 0.000763 -0.000505 0.000001 1.559121 1.582386 -0.000746 0.000345 0.999991 0.003033 -0.002914 0.000000 0.000538 -0.000272 0.000001 1.561695 1.579559 -0.000467 0.000045 7.463034 0.000004 -0.000027 -0.000000 7.471655 0.000000 -0.000010 0.000000 7.471075 0.000009 -0.000005 0.000000 7.465256 0.000004 -0.000001 0.000000 6.380000
-10.905364 -40.678748 21.880970 0.994339 0.004861 -0.006010 -0.105972 -0.374151 -0.277462 0.192406 0.001398 -0.000640 -0.098683 0.999993 0.002984 -0.002347 0.000005 0.000587 -0.000333 -0.000001 1.562310 1.577867 -0.001518 -0.000356 0.999979 0.001779 -0.006172 0.000015 0.000057 -0.001108 0.000003 1.565283 1.589361 0.000450 0.000635 0.999985 0.003899 -0.003864 0.000000 0.000730 -0.000471 0.000001 1.559114 1.582390 -0.000738 0.000335 0.999991 0.003036 -0.002916 0.000000 0.000519 -0.000252 0.000001 1.561690 1.579559 -0.000461 0.000037 7.460730 0.000004 -0.000018 -0.000000 7.469308 -0.000000 -0.000009 0.000000 7.468742 0.000008 -0.000004 0.000000 7.462928 0.000004 -0.000001 0.000000 6.390000
-10.909099 -40.681518 21.882898 0.994287 0.004866 -0.006015 -0.106462 -0.375114 -0.278194 0.194502 0.001424 -0.000632 -0.099029 0.999993 0.002987 -0.002349 0.000005 0.000578 -0.000298 -0.000001 1.562295 1.577863 -0.001558 -0.000363 0.999979 0.001779 -0.006178 0.000015 0.000051 -0.001056 0.000003 1.565288 1.589368 0.000472 0.000616 0.999985 0.003903 -0.003866 0.000000 0.000692 -0.000431 0.000001 1.559107 1.582393 -0.000731 0.000327 0.999991 0.003038 -0.002917 0.000000 0.000500 -0.000232 0.000001 1.561686 1.579559 -0.000454 0.000029 7.458430 0.000004 -0.000013 -0.000000 7.466964 -0.000000 -0.000008 0.000000 7.466412 0.000007 -0.000004 0.000000 7.460602 0.000004 -0.000001 0.000000 6.400000
-10.912843 -40.684295 21.884847 0.994234 0.004870 -0.006019 -0.106954 -0.376076 -0.278925 0.196551 0.001451 -0.000623 -0.099375 0.999993 0.002989 -0.002350 0.000005 0.000569 -0.000227 -0.000001 1.562279 1.577859 -0.001597 -0.000369 0.999979 0.001779 -0.006183 0.000015 0.000045 -0.001003 0.000003 1.565292 1.589374 0.000492 0.000599 0.999985 0.003906 -0.003868 0.000000 0.000654 -0.000391 0.000001 1.559099 1.582396 -0.000724 0.000318 0.999991 0.003041 -0.002918 0.000000 0.000481 -0.000211 0.000001 1.561681 1.579560 -0.000448 0.000022 7.456133 0.000004 -0.000010 -0.000000 7.464624 -0.000000 -0.000007 0.000000 7.464086 0.000007 -0.000003 0.000000 7.458280 0.000004 -0.000000 0.000000 6.410000
-10.916597 -40.687079 21.886817 0.994181 0.004875 -0.006024 -0.107447 -0.377038 -0.279655 0.198553 0.001478 -0.000612 -0.099721 0.999993 0.002992 -0.002351 0.000005 0.000560 -0.000137 -0.000001 1.562263 1.577856 -0.001636 -0.000375 0.999979 0.001779 -0.006187 0.000015 0.000038 -0.000949 0.000003 1.565297 1.589380 0.000513 0.000583 0.999985 0.003909 -0.003870 0.000000 0.000616 -0.000351 0.000001 1.559092 1.582399 -0.000718 0.000310 0.999991 0.003043 -0.002919 0.000000 0.000461 -0.000191 0.000001 1.561677 1.579560 -0.000443 0.000015 7.453840 0.000003 -0.000008 -0.000000 7.462287 -0.000000 -0.000006 0.000000 7.461764 0.000006 -0.000003 0.000000 7.455961 0.000003 -0.000000 0.000000 6.420000
-10.920360 -40.689870 21.888806 0.994127 0.004879 -0.006029 -0.107942 -0.377998 -0.280386 0.200507 0.001505 -0.000598 -0.100067 0.999993 0.002995 -0.002352 0.000005 0.000551 -0.000040 -0.000001 1.562247 1.577852 -0.001674 -0.000380 0.999979 0.001780 -0.006192 0.000015 0.000032 -0.000894 0.000002 1.565303 1.589385 0.000532 0.000568 0.999985 0.003912 -0.003871 0.000000 0.000578 -0.000310 0.000001 1.559085 1.582402 -0.000712 0.000303 0.999991 0.003045 -0.002920 0.000000 0.000442 -0.000170 0.000001 1.561672 1.579560 -0.000438 0.000008 7.451551 0.000003 -0.000007 -0.000000 7.459954 -0.000000 -0.000006 0.000000 7.459445 0.000006 -0.000002 0.000000 7.453645 0.000003 0.000000 0.000000 6.430000
-10.924133 -40.692669 21.890814 0.994073 0.004884 -0.006033 -0.108439 -0.378957 -0.281116 0.202415 0.001533 -0.000583 -0.100413 0.999993 0.002998 -0.002352 0.000005 0.000542 0.000059 -0.000001 1.562230 1.577848 -0.001711 -0.000384 0.999979 0.001780 -0.006196 0.000015 0.000025 -0.000839 0.000002 1.565308 1.589391 0.000551 0.000554 0.999985 0.003915 -0.003873 0.000000 0.000540 -0.000270 0.000001 1.559078 1.582405 -0.000706 0.000296 0.999991 0.003047 -0.002921 0.000000 0.000422 -0.000149 0.000001 1.561668 1.579560 -0.000433 0.000002 7.449267 0.000003 -0.000006 -0.000000 7.457625 -0.000001 -0.000005 0.000000 7.457132 0.000006 -0.000002 0.000000 7.451334 0.000003 0.000000 0.000000 6.440000
-10.927916 -40.695475 21.892841 0.994018 0.004889 -0.006038 -0.108937 -0.379916 -0.281846 0.204275 0.001560 -0.000565 -0.100759 0.999993 0.003000 -0.002351 0.000005 0.000533 0.000156 -0.000001 1.562212 1.577844 -0.001747 -0.000388 0.999979 0.001780 -0.006200 0.000015 0.000019 -0.000784 0.000002 1.565314 1.589396 0.000569 0.000541 0.999985 0.003917 -0.003874 0.000000 0.000502 -0.000231 0.000001 1.559071 1.582408 -0.000701 0.000289 0.999991 0.003049 -0.002921 0.000000 0.000402 -0.000129 0.000001 1.561664 1.579560 -0.000429 -0.000003 7.446987 0.000003 -0.000005 -0.000000 7.455301 -0.000001 -0.000005 0.000000 7.454823 0.000005 -0.000002 0.000000 7.449027 0.000003 0.000001 0.000000 6.450000
-10.931708 -40.698288 21.894887 0.993963 0.004894 -0.006042 -0.109437 -0.380874 -0.282576 0.206089 0.001588 -0.000545 -0.101104 0.999993 0.003003 -0.002350 0.000005 0.000524 0.000248 -0.000001 1.562195 1.577840 -0.001783 -0.000392 0.999979 0.001780 -0.006204 0.000015 0.000012 -0.000729 0.000002 1.565319 1.589402 0.000587 0.000529 0.999985 0.003920 -0.003875 0.000000 0.000465 -0.000192 0.000001 1.559064 1.582411 -0.000696 0.000282 0.999991 0.003051 -0.002922 0.000000 0.000383 -0.000108 0.000001 1.561659 1.579560 -0.000425 -0.000009 7.444712 0.000003 -0.000005 -0.000000 7.452981 -0.000001 -0.000004 0.000000 7.452519 0.000005 -0.000001 0.000000 7.446724 0.000002 0.000001 0.000000 6.460000
-10.935510 -40.701109 21.896950 0.993908 0.004899 -0.006046 -0.109939 -0.381830 -0.283306 0.207856 0.001616 -0.000524 -0.101450 0.999993 0.003006 -0.002349 0.000005 0.000515 0.000335 -0.000001 1.562177 1.577837 -0.001818 -0.000395 0.999979 0.001780 -0.006208 0.000015 0.000005 -0.000674 0.000002 1.565325 1.589407 0.000604 0.000518 0.999985 0.003922 -0.003876 0.000000 0.000429 -0.000153 0.000001 1.559057 1.582414 -0.000691 0.000276 0.999991 0.003053 -0.002922 0.000000 0.000363 -0.000087 0.000001 1.561655 1.579560 -0.000421 -0.000014 7.442443 0.000003 -0.000005 -0.000000 7.450667 -0.000001 -0.000003 0.000000 7.450221 0.000005 -0.000001 0.000000 7.444427 0.000002 0.000001 0.000000 6.470000
-10.939321 -40.703937 21.899030 0.993852 0.004905 -0.006050 -0.110443 -0.382786 -0.284036 0.209576 0.001645 -0.000500 -0.101795 0.999993 0.003008 -0.002347 0.000005 0.000507 0.000415 -0.000001 1.562159 1.577833 -0.001851 -0.000399 0.999979 0.001780 -0.006211 0.000015 -0.000003 -0.000619 0.000002 1.565331 1.589412 0.000620 0.000508 0.999985 0.003924 -0.003877 0.000000 0.000392 -0.000115 0.000001 1.559050 1.582417 -0.000686 0.000270 0.999991 0.003055 -0.002923 0.000000 0.000343 -0.000066 0.000001 1.561651 1.579560 -0.000417 -0.000018 7.440179 0.000003 -0.000005 -0.000000 7.448358 -0.000001 -0.000003 0.000000 7.447929 0.000004 -0.000001 0.000000 7.442135 0.000002 0.000001 0.000000 6.480000
-10.943141 -40.706772 21.901128 0.993796 0.004910 -0.006054 -0.110948 -0.383741 -0.284765 0.211250 0.001673 -0.000474 -0.102140 0.999993 0.003011 -0.002345 0.000005 0.000498 0.000495 -0.000001 1.562140 1.577829 -0.001884 -0.000403 0.999979 0.001780 -0.006214 0.000015 -0.000010 -0.000562 0.000002 1.565338 1.589417 0.000635 0.000498 0.999985 0.003926 -0.003877 0.000000 0.000354 -0.000076 0.000001 1.559043 1.582419 -0.000681 0.000264 0.999991 0.003057 -0.002923 0.000000 0.000322 -0.000044 0.000001 1.561647 1.579560 -0.000414 -0.000023 7.437921 0.000003 -0.000005 -0.000000 7.446055 -0.000001 -0.000003 0.000000 7.445642 0.000004 -0.000000 0.000000 7.439849 0.000002 0.000001 0.000000 6.490000
-10.946972 -40.709614 21.903242 0.993739 0.004916 -0.006058 -0.111455 -0.384695 -0.285495 0.212877 0.001701 -0.000447 -0.102485 0.999993 0.003013 -0.002342 0.000005 0.000489 0.000564 -0.000001 1.562121 1.577825 -0.001916 -0.000407 0.999979 0.001780 -0.006217 0.000015 -0.000018 -0.000507 0.000002 1.565344 1.589422 0.000650 0.000489 0.999985 0.003928 -0.003878 0.000000 0.000319 -0.000039 0.000001 1.559037 1.582422 -0.000677 0.000257 0.999991 0.003058 -0.002923 0.000000 0.000302 -0.000023 0.000001 1.561643 1.579559 -0.000411 -0.000027 7.435669 0.000003 -0.000005 -0.000000 7.443758 -0.000001 -0.000002 0.000000 7.443362 0.000004 -0.000000 0.000000 7.437568 0.000002 0.000002 0.000000 6.500000
-10.950811 -40.712464 21.905372 0.993682 0.004921 -0.006062 -0.111963 -0.385648 -0.286224 0.214458 0.001730 -0.000417 -0.102829 0.999993 0.003016 -0.002339 0.000005 0.000481 0.000625 -0.000001 1.562102 1.577820 -0.001947 -0.000411 0.999979 0.001780 -0.006219 0.000015 -0.000026 -0.000452 0.000002 1.565351 1.589427 0.000664 0.000480 0.999985 0.003929 -0.003878 0.000000 0.000285 -0.000003 0.000001 1.559030 1.582425 -0.000672 0.000251 0.999991 0.003060 -0.002923 0.000000 0.000283 -0.000003 0.000001 1.561639 1.579559 -0.000408 -0.000031 7.433423 0.000003 -0.000005 -0.000000 7.441467 -0.000001 -0.000001 0.000000 7.441089 0.000004 0.000000 0.000000 7.435294 0.000002 0.000002 0.000000 6.510000
-10.954660 -40.715321 21.907518 0.993624 0.004927 -0.006065 -0.112473 -0.386600 -0.286953 0.215993 0.001758 -0.000386 -0.103173 0.999993 0.003018 -0.002336 0.000005 0.000472 0.000676 -0.000001 1.562082 1.577816 -0.001976 -0.000416 0.999979 0.001780 -0.006221 0.000015 -0.000033 -0.000398 0.000002 1.565357 1.589432 0.000677 0.000472 0.999985 0.003930 -0.003878 0.000000 0.000252 0.000032 0.000001 1.559023 1.582427 -0.000667 0.000245 0.999991 0.003061 -0.002923 0.000000 0.000263 0.000018 0.000001 1.561635 1.579559 -0.000405 -0.000035 7.431185 0.000003 -0.000006 -0.000000 7.439183 -0.000001 -0.000001 0.000000 7.438822 0.000004 0.000000 0.000000 7.433026 0.000001 0.000002 0.000000 6.520000
-10.958519 -40.718185 21.909678 0.993566 0.004933 -0.006069 -0.112985 -0.387552 -0.287681 0.217483 0.001787 -0.000352 -0.103518 0.999993 0.003020 -0.002332 0.000005 0.000464 0.000720 -0.000001 1.562062 1.577812 -0.002005 -0.000421 0.999979 0.001779 -0.006223 0.000015 -0.000041 -0.000344 0.000001 1.565364 1.589436 0.000690 0.000465 0.999985 0.003932 -0.003877 0.000000 0.000220 0.000066 0.000001 1.559017 1.582429 -0.000662 0.000238 0.999991 0.003062 -0.002923 0.000000 0.000244 0.000038 0.000001 1.561631 1.579558 -0.000402 -0.000039 7.428953 0.000003 -0.000006 -0.000000 7.436906 -0.000002 -0.000000 0.000000 7.436563 0.000003 0.000000 0.000000 7.430765 0.000001 0.000002 0.000000 6.530000
-10.962387 -40.721056 21.911853 0.993507 0.004939 -0.006072 -0.113499 -0.388502 -0.288410 0.218926 0.001815 -0.000317 -0.103861 0.999993 0.003023 -0.002329 0.000005 0.000456 0.000755 -0.000001 1.562042 1.577808 -0.002032 -0.000426 0.999979 0.001779 -0.006224 0.000015 -0.000049 -0.000290 0.000001 1.565371 1.589441 0.000702 0.000457 0.999985 0.003933 -0.003877 0.000000 0.000189 0.000098 0.000001 1.559010 1.582432 -0.000657 0.000232 0.999991 0.003064 -0.002923 0.000000 0.000225 0.000058 0.000001 1.561627 1.579558 -0.000400 -0.000043 7.426728 0.000003 -0.000006 -0.000000 7.434636 -0.000002 0.000000 0.000000 7.434311 0.000003 0.000001 0.000000 7.428511 0.000001 0.000002 0.000000 6.540000
-10.966265 -40.723935 21.914043 0.993448 0.004945 -0.006075 -0.114014 -0.389451 -0.289138 0.220324 0.001844 -0.000280 -0.104205 0.999993 0.003025 -0.002325 0.000004 0.000448 0.000784 -0.000001 1.562022 1.577804 -0.002058 -0.000433 0.999979 0.001779 -0.006226 0.000015 -0.000058 -0.000237 0.000001 1.565378 1.589445 0.000713 0.000450 0.999985 0.003934 -0.003876 0.000000 0.000159 0.000130 0.000001 1.559003 1.582434 -0.000652 0.000225 0.999991 0.003065 -0.002922 0.000000 0.000206 0.000078 0.000001 1.561623 1.579557 -0.000397 -0.000047 7.424511 0.000003 -0.000007 -0.000000 7.432373 -0.000002 0.000001 0.000000 7.432066 0.000003 0.000001 0.000000 7.426264 0.000001 0.000002 0.000000 6.550000
-10.970152 -40.726821 21.916250 0.993389 0.004951 -0.006078 -0.114531 -0.390409 -0.289874 0.222507 0.001872 -0.000249 -0.104551 0.999993 0.003027 -0.002322 0.000004 0.000533 0.000345 -0.000001 1.562001 1.577799 -0.002081 -0.000441 0.999979 0.001779 -0.006228 0.000015 0.000074 -0.000674 0.000003 1.565385 1.589450 0.000725 0.000438 0.999985 0.003935 -0.003877 0.000000 0.000519 -0.000237 0.000001 1.558997 1.582436 -0.000643 0.000215 0.999991 0.003066 -0.002923 0.000000 0.000438 -0.000155 0.000001 1.561619 1.579557 -0.000393 -0.000053 7.463419 0.000004 -0.000057 -0.000000 7.471699 0.000001 -0.000035 0.000001 7.471352 0.000031 -0.000028 0.000000 7.465260 0.000011 -0.000008 0.000000 6.560000
-10.974049 -40.729715 21.918479 0.993329 0.004957 -0.006080 -0.115049 -0.391366 -0.290609 0.224638 0.001899 -0.000215 -0.104897 0.999993 0.003030 -0.002321 0.000004 0.000526 -0.000034 -0.000001 1.561980 1.577795 -0.002103 -0.000450 0.999979 0.001779 -0.006232 0.000015 0.000070 -0.000827 0.000004 1.565393 1.589454 0.000736 0.000427 0.999985 0.003938 -0.003878 0.000000 0.000650 -0.000369 0.000001 1.558991 1.582438 -0.000635 0.000205 0.999991 0.003068 -0.002923 0.000000 0.000460 -0.000177 0.000001 1.561615 1.579556 -0.000388 -0.000058 7.460881 0.000003 -0.000038 -0.000000 7.469113 -0.000001 -0.000011 0.000000 7.468786 0.000012 -0.000009 0.000000 7.462692 0.000004 -0.000000 0.000000 6.570000
-10.977955 -40.732615 21.920728 0.993268 0.004964 -0.006083 -0.115570 -0.392322 -0.291344 0.226717 0.001926 -0.000180 -0.105242 0.999993 0.003033 -0.002322 0.000004 0.000517 -0.000192 -0.000001 1.561959 1.577790 -0.002123 -0.000458 0.999979 0.001780 -0.006236 0.000015 0.000060 -0.000807 0.000004 1.565400 1.589458 0.000746 0.000417 0.999985 0.003941 -0.003880 0.000000 0.000644 -0.000362 0.000001 1.558984 1.582440 -0.000627 0.000196 0.999991 0.003071 -0.002924 0.000000 0.000441 -0.000156 0.000001 1.561611 1.579556 -0.000384 -0.000063 7.458347 0.000003 -0.000024 -0.000000 7.466531 -0.000001 -0.000005 0.000000 7.466223 0.000008 -0.000004 0.000000 7.460128 0.000003 0.000001 0.000000 6.580000
-10.981870 -40.735523 21.922999 0.993207 0.004970 -0.006085 -0.116092 -0.393277 -0.292079 0.228744 0.001954 -0.000143 -0.105587 0.999993 0.003035 -0.002323 0.000004 0.000509 -0.000220 -0.000001 1.561938 1.577786 -0.002142 -0.000465 0.999979 0.001780 -0.006240 0.000015 0.000049 -0.000752 0.000004 1.565407 1.589462 0.000756 0.000408 0.999985 0.003945 -0.003882 0.000000 0.000609 -0.000325 0.000001 1.558978 1.582442 -0.000619 0.000187 0.999991 0.003073 -0.002925 0.000000 0.000418 -0.000132 0.000001 1.561607 1.579555 -0.000380 -0.000068 7.455818 0.000003 -0.000016 -0.000000 7.463954 -0.000001 -0.000003 0.000000 7.463666 0.000006 -0.000002 0.000000 7.457570 0.000002 0.000001 0.000000 6.590000
-10.985796 -40.738438 21.925289 0.993146 0.004977 -0.006087 -0.116615 -0.394231 -0.292814 0.230719 0.001981 -0.000105 -0.105932 0.999993 0.003038 -0.002324 0.000004 0.000501 -0.000179 -0.000001 1.561917 1.577781 -0.002160 -0.000472 0.999979 0.001780 -0.006243 0.000015 0.000039 -0.000689 0.000003 1.565415 1.589467 0.000764 0.000400 0.999985 0.003947 -0.003883 0.000000 0.000570 -0.000284 0.000001 1.558972 1.582444 -0.000612 0.000179 0.999991 0.003075 -0.002926 0.000000 0.000396 -0.000108 0.000001 1.561603 1.579554 -0.000377 -0.000072 7.453296 0.000003 -0.000011 -0.000000 7.461383 -0.000001 -0.000003 0.000000 7.461114 0.000006 -0.000002 0.000000 7.455017 0.000002 0.000001 0.000000 6.600000
-10.989730 -40.741361 21.927598 0.993084 0.004984 -0.006089 -0.117140 -0.395184 -0.293548 0.232642 0.002008 -0.000065 -0.106277 0.999993 0.003040 -0.002324 0.000004 0.000493 -0.000103 -0.000001 1.561895 1.577776 -0.002176 -0.000477 0.999979 0.001780 -0.006247 0.000015 0.000028 -0.000626 0.000003 1.565423 1.589470 0.000771 0.000393 0.999985 0.003950 -0.003884 0.000000 0.000530 -0.000243 0.000001 1.558966 1.582446 -0.000606 0.000171 0.999991 0.003077 -0.002926 0.000000 0.000373 -0.000085 0.000001 1.561600 1.579554 -0.000374 -0.000076 7.450779 0.000003 -0.000008 -0.000000 7.458818 -0.000001 -0.000002 0.000000 7.458569 0.000005 -0.000001 0.000000 7.452469 0.000002 0.000002 0.000000 6.610000
-10.993675 -40.744291 21.929927 0.993022 0.004990 -0.006091 -0.117667 -0.396135 -0.294282 0.234514 0.002034 -0.000023 -0.106621 0.999993 0.003043 -0.002325 0.000004 0.000485 -0.000010 -0.000001 1.561873 1.577772 -0.002192 -0.000482 0.999979 0.001780 -0.006250 0.000015 0.000017 -0.000563 0.000003 1.565430 1.589474 0.000778 0.000387 0.999985 0.003953 -0.003886 0.000000 0.000491 -0.000201 0.000001 1.558960 1.582447 -0.000600 0.000163 0.999991 0.003079 -0.002926 0.000000 0.000351 -0.000061 0.000001 1.561596 1.579553 -0.000372 -0.000079 7.448268 0.000003 -0.000006 -0.000000 7.456260 -0.000002 -0.000001 0.000000 7.456031 0.000005 -0.000001 0.000000 7.449929 0.000002 0.000002 0.000000 6.620000
-10.997628 -40.747228 21.932274 0.992959 0.004997 -0.006092 -0.118196 -0.397086 -0.295016 0.236334 0.002061 0.000021 -0.106964 0.999993 0.003045 -0.002324 0.000004 0.000477 0.000090 -0.000001 1.561851 1.577767 -0.002206 -0.000486 0.999979 0.001781 -0.006252 0.000015 0.000006 -0.000500 0.000003 1.565438 1.589478 0.000784 0.000382 0.999985 0.003955 -0.003886 0.000000 0.000451 -0.000160 0.000001 1.558954 1.582449 -0.000594 0.000156 0.999991 0.003080 -0.002927 0.000000 0.000328 -0.000038 0.000001 1.561592 1.579552 -0.000369 -0.000082 7.445764 0.000003 -0.000005 -0.000000 7.453708 -0.000002 -0.000001 0.000000 7.453499 0.000005 -0.000001 0.000000 7.447395 0.000001 0.000002 0.000000 6.630000
-11.001592 -40.750173 21.934638 0.992896 0.005004 -0.006094 -0.118726 -0.398036 -0.295750 0.238102 0.002087 0.000066 -0.107307 0.999993 0.003047 -0.002324 0.000004 0.000469 0.000190 -0.000001 1.561829 1.577762 -0.002218 -0.000490 0.999979 0.001781 -0.006255 0.000015 -0.000006 -0.000437 0.000002 1.565446 1.589482 0.000788 0.000377 0.999985 0.003957 -0.003887 0.000000 0.000412 -0.000119 0.000001 1.558948 1.582451 -0.000589 0.000149 0.999991 0.003082 -0.002927 0.000000 0.000306 -0.000014 0.000001 1.561588 1.579551 -0.000367 -0.000085 7.443266 0.000003 -0.000004 -0.000000 7.451163 -0.000002 -0.000000 0.000000 7.450975 0.000004 -0.000000 0.000000 7.444868 0.000001 0.000002 0.000000 6.640000
-11.005564 -40.753125 21.937021 0.992832 0.005011 -0.006095 -0.119258 -0.398984 -0.296483 0.239820 0.002113 0.000112 -0.107650 0.999993 0.003050 -0.002323 0.000004 0.000461 0.000287 -0.000001 1.561807 1.577757 -0.002229 -0.000494 0.999979 0.001780 -0.006257 0.000015 -0.000017 -0.000375 0.000002 1.565454 1.589486 0.000792 0.000373 0.999985 0.003959 -0.003888 0.000000 0.000374 -0.000079 0.000001 1.558942 1.582452 -0.000583 0.000143 0.999991 0.003083 -0.002927 0.000000 0.000284 0.000009 0.000001 1.561585 1.579550 -0.000366 -0.000088 7.440776 0.000003 -0.000003 -0.000000 7.448626 -0.000002 0.000001 0.000000 7.448458 0.000004 0.000000 0.000000 7.442348 0.000001 0.000002 0.000000 6.650000
-11.009546 -40.756084 21.939420 0.992768 0.005018 -0.006095 -0.119792 -0.399932 -0.297217 0.241486 0.002138 0.000160 -0.107992 0.999993 0.003052 -0.002321 0.000004 0.000453 0.000385 -0.000001 1.561785 1.577752 -0.002239 -0.000497 0.999979 0.001780 -0.006258 0.000015 -0.000029 -0.000311 0.000002 1.565462 1.589489 0.000795 0.000369 0.999985 0.003961 -0.003888 0.000000 0.000333 -0.000037 0.000001 1.558936 1.582453 -0.000578 0.000136 0.999991 0.003085 -0.002927 0.000000 0.000260 0.000034 0.000001 1.561581 1.579549 -0.000364 -0.000090 7.438293 0.000003 -0.000003 -0.000000 7.446096 -0.000002 0.000001 0.000000 7.445949 0.000004 0.000000 0.000000 7.439836 0.000001 0.000003 0.000000 6.660000
-11.013538 -40.759051 21.941835 0.992703 0.005026 -0.006096 -0.120327 -0.400878 -0.297950 0.243102 0.002164 0.000209 -0.108334 0.999993 0.003054 -0.002319 0.000004 0.000446 0.000475 -0.000001 1.561762 1.577747 -0.002248 -0.000500 0.999979 0.001780 -0.006260 0.000015 -0.000041 -0.000249 0.000002 1.565470 1.589493 0.000798 0.000366 0.999985 0.003963 -0.003888 0.000000 0.000295 0.000002 0.000001 1.558931 1.582455 -0.000573 0.000130 0.999991 0.003086 -0.002926 0.000000 0.000238 0.000057 0.000001 1.561578 1.579549 -0.000363 -0.000093 7.435819 0.000003 -0.000003 -0.000000 7.443575 -0.000002 0.000002 0.000000 7.443448 0.000004 0.000001 0.000000 7.437332 0.000001 0.000003 0.000000 6.670000
-11.017539 -40.762024 21.944266 0.992638 0.005033 -0.006096 -0.120864 -0.401824 -0.298683 0.244667 0.002189 0.000259 -0.108676 0.999993 0.003056 -0.002316 0.000004 0.000438 0.000555 -0.000001 1.561740 1.577742 -0.002255 -0.000503 0.999979 0.001780 -0.006261 0.000015 -0.000053 -0.000188 0.000001 1.565478 1.589497 0.000799 0.000363 0.999985 0.003964 -0.003888 0.000000 0.000259 0.000040 0.000001 1.558925 1.582456 -0.000568 0.000123 0.999991 0.003087 -0.002926 0.000001 0.000217 0.000080 0.000001 1.561574 1.579548 -0.000361 -0.000095 7.433352 0.000003 -0.000003 -0.000000 7.441061 -0.000002 0.000002 0.000000 7.440955 0.000003 0.000001 0.000000 7.434836 0.000001 0.000003 0.000000 6.680000
-11.021549 -40.765006 21.946713 0.992572 0.005040 -0.006096 -0.121403 -0.402768 -0.299415 0.246182 0.002213 0.000311 -0.109017 0.999993 0.003058 -0.002313 0.000004 0.000431 0.000627 -0.000001 1.561717 1.577737 -0.002260 -0.000507 0.999979 0.001780 -0.006262 0.000015 -0.000065 -0.000127 0.000001 1.565486 1.589500 0.000800 0.000361 0.999985 0.003965 -0.003888 0.000000 0.000223 0.000078 0.000001 1.558919 1.582457 -0.000563 0.000117 0.999991 0.003088 -0.002926 0.000001 0.000195 0.000102 0.000001 1.561570 1.579547 -0.000360 -0.000097 7.430893 0.000003 -0.000003 -0.000000 7.438556 -0.000003 0.000003 0.000000 7.438472 0.000003 0.000001 0.000000 7.432349 0.000000 0.000003 0.000000 6.690000
-11.025569 -40.767994 21.949174 0.992506 0.005048 -0.006096 -0.121943 -0.403711 -0.300148 0.247646 0.002238 0.000364 -0.109358 0.999993 0.003061 -0.002310 0.000004 0.000423 0.000691 -0.000001 1.561695 1.577732 -0.002265 -0.000511 0.999979 0.001779 -0.006262 0.000015 -0.000077 -0.000068 0.000001 1.565494 1.589504 0.000799 0.000358 0.999985 0.003966 -0.003887 0.000000 0.000188 0.000114 0.000001 1.558914 1.582458 -0.000558 0.000111 0.999991 0.003089 -0.002925 0.000001 0.000174 0.000125 0.000001 1.561567 1.579546 -0.000359 -0.000099 7.428444 0.000003 -0.000003 -0.000000 7.436060 -0.000003 0.000003 0.000000 7.435997 0.000003 0.000001 0.000000 7.429871 0.000000 0.000003 0.000000 6.700000
-11.029598 -40.770990 21.951650 0.992439 0.005056 -0.006095 -0.122485 -0.404653 -0.300880 0.249060 0.002262 0.000418 -0.109698 0.999993 0.003063 -0.002306 0.000004 0.000416 0.000746 -0.000001 1.561672 1.577727 -0.002267 -0.000515 0.999979 0.001779 -0.006262 0.000015 -0.000089 -0.000009 0.000001 1.565502 1.589507 0.000798 0.000356 0.999985 0.003967 -0.003887 0.000000 0.000154 0.000150 0.000001 1.558908 1.582459 -0.000553 0.000104 0.999991 0.003090 -0.002924 0.000001 0.000153 0.000147 0.000001 1.561563 1.579545 -0.000358 -0.000100 7.426003 0.000003 -0.000004 -0.000000 7.433573 -0.000003 0.000004 0.000000 7.433531 0.000003 0.000002 0.000000 7.427402 0.000000 0.000004 0.000000 6.710000
-11.033637 -40.773993 21.954140 0.992372 0.005063 -0.006094 -0.123028 -0.405594 -0.301612 0.250425 0.002285 0.000473 -0.110038 0.999993 0.003065 -0.002303 0.000004 0.000409 0.000794 -0.000001 1.561650 1.577722 -0.002268 -0.000520 0.999979 0.001778 -0.006262 0.000015 -0.000102 0.000049 0.000000 1.565510 1.589511 0.000797 0.000353 0.999985 0.003968 -0.003886 0.000000 0.000121 0.000184 0.000001 1.558903 1.582460 -0.000548 0.000098 0.999991 0.003091 -0.002924 0.000001 0.000132 0.000169 0.000001 1.561560 1.579544 -0.000357 -0.000102 7.423571 0.000002 -0.000004 -0.000000 7.431096 -0.000003 0.000004 0.000000 7.431075 0.000002 0.000002 0.000000 7.424942 -0.000000 0.000004 0.000000 6.720000
-11.037685 -40.777003 21.956643 0.992304 0.005071 -0.006093 -0.123574 -0.406534 -0.302344 0.251740 0.002308 0.000530 -0.110377 0.999993 0.003067 -0.002298 0.000004 0.000402 0.000833 -0.000001 1.561627 1.577716 -0.002268 -0.000525 0.999979 0.001778 -0.006262 0.000015 -0.000114 0.000106 -0.000000 1.565518 1.589515 0.000794 0.000350 0.999985 0.003968 -0.003885 0.000000 0.000089 0.000218 0.000001 1.558897 1.582461 -0.000543 0.000091 0.999991 0.003091 -0.002923 0.000001 0.000112 0.000190 0.000001 1.561556 1.579543 -0.000356 -0.000104 7.421149 0.000002 -0.000004 -0.000000 7.428629 -0.000003 0.000005 0.000000 7.428629 0.000002 0.000002 0.000000 7.422493 -0.000000 0.000004 0.000000 6.730000
-11.041742 -40.780021 21.959163 0.992235 0.005079 -0.006092 -0.124120 -0.407483 -0.303083 0.253835 0.002330 0.000580 -0.110719 0.999993 0.003069 -0.002295 0.000004 0.000492 0.000408 -0.000002 1.561605 1.577711 -0.002264 -0.000532 0.999979 0.001778 -0.006262 0.000015 0.000010 -0.000326 0.000001 1.565525 1.589518 0.000793 0.000343 0.999985 0.003970 -0.003885 0.000000 0.000449 -0.000147 0.000001 1.558892 1.582462 -0.000534 0.000081 0.999991 0.003092 -0.002922 0.000001 0.000342 -0.000040 0.000001 1.561552 1.579542 -0.000353 -0.000108 7.459873 0.000004 -0.000055 -0.000000 7.467751 -0.000000 -0.000031 0.000001 7.467725 0.000030 -0.000026 0.000000 7.461294 0.000010 -0.000007 0.000000 6.740000
-11.045809 -40.783046 21.961703 0.992167 0.005086 -0.006090 -0.124669 -0.408430 -0.303822 0.255876 0.002351 0.000631 -0.111061 0.999993 0.003071 -0.002294 0.000004 0.000485 0.000042 -0.000002 1.561582 1.577706 -0.002258 -0.000540 0.999979 0.001778 -0.006264 0.000015 0.000003 -0.000476 0.000002 1.565533 1.589521 0.000790 0.000335 0.999985 0.003972 -0.003886 0.000000 0.000578 -0.000278 0.000001 1.558887 1.582463 -0.000526 0.000071 0.999991 0.003094 -0.002923 0.000001 0.000363 -0.000060 0.000001 1.561549 1.579541 -0.000350 -0.000112 7.457134 0.000003 -0.000035 -0.000000 7.464964 -0.000002 -0.000007 0.000000 7.464961 0.000011 -0.000007 0.000000 7.458528 0.000002 0.000001 0.000000 6.750000
-11.049885 -40.786078 21.964264 0.992097 0.005094 -0.006088 -0.125219 -0.409376 -0.304560 0.257860 0.002371 0.000683 -0.111402 0.999993 0.003074 -0.002294 0.000004 0.000478 -0.000106 -0.000002 1.561560 1.577700 -0.002251 -0.000547 0.999979 0.001778 -0.006267 0.000015 -0.000012 -0.000454 0.000002 1.565541 1.589525 0.000786 0.000328 0.999985 0.003975 -0.003887 0.000000 0.000570 -0.000268 0.000001 1.558881 1.582464 -0.000518 0.000062 0.999991 0.003096 -0.002923 0.000001 0.000342 -0.000038 0.000001 1.561546 1.579539 -0.000347 -0.000116 7.454402 0.000003 -0.000021 0.000000 7.462184 -0.000003 -0.000001 0.000000 7.462202 0.000007 -0.000002 0.000000 7.455768 0.000001 0.000002 0.000000 6.760000
-11.053971 -40.789118 21.966844 0.992028 0.005102 -0.006086 -0.125771 -0.410321 -0.305298 0.259788 0.002392 0.000737 -0.111742 0.999993 0.003076 -0.002295 0.000004 0.000471 -0.000127 -0.000002 1.561537 1.577695 -0.002243 -0.000553 0.999979 0.001778 -0.006269 0.000015 -0.000026 -0.000396 0.000002 1.565549 1.589528 0.000782 0.000322 0.999985 0.003978 -0.003888 0.000000 0.000534 -0.000231 0.000001 1.558876 1.582464 -0.000510 0.000053 0.999991 0.003097 -0.002923 0.000001 0.000318 -0.000013 0.000001 1.561542 1.579538 -0.000344 -0.000119 7.451677 0.000003 -0.000013 0.000000 7.459412 -0.000003 0.000000 0.000000 7.459452 0.000005 -0.000001 0.000000 7.453016 0.000001 0.000002 0.000000 6.770000
-11.058066 -40.792165 21.969443 0.991957 0.005110 -0.006084 -0.126324 -0.411265 -0.306036 0.261660 0.002411 0.000790 -0.112083 0.999993 0.003079 -0.002296 0.000004 0.000464 -0.000080 -0.000001 1.561515 1.577689 -0.002233 -0.000559 0.999979 0.001777 -0.006271 0.000015 -0.000040 -0.000333 0.000001 1.565557 1.589531 0.000777 0.000317 0.999985 0.003980 -0.003889 0.000000 0.000493 -0.000188 0.000001 1.558871 1.582465 -0.000504 0.000045 0.999991 0.003099 -0.002923 0.000001 0.000295 0.000011 0.000001 1.561539 1.579537 -0.000342 -0.000122 7.448959 0.000003 -0.000009 0.000000 7.456647 -0.000003 0.000001 0.000000 7.456709 0.000005 -0.000001 0.000000 7.450272 0.000001 0.000003 0.000000 6.780000
-11.062170 -40.795220 21.972060 0.991886 0.005118 -0.006081 -0.126879 -0.412207 -0.306774 0.263477 0.002430 0.000845 -0.112423 0.999993 0.003081 -0.002296 0.000004 0.000457 0.000002 -0.000001 1.561493 1.577684 -0.002222 -0.000563 0.999979 0.001777 -0.006272 0.000015 -0.000055 -0.000269 0.000001 1.565564 1.589534 0.000771 0.000312 0.999985 0.003983 -0.003890 0.000000 0.000452 -0.000145 0.000001 1.558866 1.582465 -0.000497 0.000037 0.999991 0.003100 -0.002923 0.000001 0.000272 0.000035 0.000001 1.561535 1.579536 -0.000340 -0.000124 7.446250 0.000003 -0.000006 0.000000 7.453891 -0.000003 0.000002 0.000000 7.453975 0.000004 -0.000000 0.000000 7.447537 0.000001 0.000003 0.000000 6.790000
-11.066284 -40.798281 21.974696 0.991815 0.005126 -0.006078 -0.127436 -0.413149 -0.307511 0.265238 0.002449 0.000900 -0.112762 0.999993 0.003083 -0.002295 0.000004 0.000450 0.000099 -0.000001 1.561470 1.577678 -0.002209 -0.000567 0.999979 0.001777 -0.006273 0.000015 -0.000069 -0.000205 0.000001 1.565572 1.589537 0.000764 0.000307 0.999984 0.003985 -0.003891 0.000000 0.000411 -0.000102 0.000001 1.558861 1.582465 -0.000491 0.000030 0.999991 0.003102 -0.002923 0.000001 0.000249 0.000059 0.000001 1.561532 1.579535 -0.000339 -0.000127 7.443549 0.000003 -0.000004 0.000000 7.451143 -0.000003 0.000002 0.000000 7.451249 0.000004 0.000000 0.000000 7.444810 0.000001 0.000003 0.000000 6.800000
-11.070408 -40.801351 21.977348 0.991743 0.005135 -0.006075 -0.127994 -0.414089 -0.308248 0.266944 0.002467 0.000956 -0.113101 0.999993 0.003085 -0.002295 0.000004 0.000443 0.000202 -0.000001 1.561449 1.577673 -0.002196 -0.000571 0.999979 0.001776 -0.006274 0.000015 -0.000084 -0.000142 0.000000 1.565580 1.589540 0.000757 0.000303 0.999984 0.003987 -0.003891 0.000000 0.000370 -0.000060 0.000001 1.558856 1.582466 -0.000485 0.000022 0.999991 0.003103 -0.002922 0.000001 0.000226 0.000083 0.000001 1.561528 1.579533 -0.000337 -0.000129 7.440857 0.000003 -0.000003 -0.000000 7.448405 -0.000003 0.000003 0.000000 7.448533 0.000004 0.000001 0.000000 7.442093 0.000000 0.000003 0.000000 6.810000
-11.074540 -40.804427 21.980018 0.991671 0.005143 -0.006071 -0.128554 -0.415028 -0.308985 0.268596 0.002484 0.001013 -0.113440 0.999993 0.003087 -0.002293 0.000004 0.000436 0.000309 -0.000001 1.561427 1.577667 -0.002180 -0.000574 0.999979 0.001776 -0.006275 0.000015 -0.000099 -0.000078 -0.000000 1.565587 1.589543 0.000749 0.000299 0.999984 0.003988 -0.003891 0.000000 0.000327 -0.000016 0.000001 1.558852 1.582466 -0.000480 0.000016 0.999991 0.003104 -0.002922 0.000001 0.000202 0.000108 0.000001 1.561525 1.579532 -0.000336 -0.000131 7.438173 0.000003 -0.000002 -0.000000 7.445675 -0.000004 0.000003 0.000000 7.445826 0.000003 0.000001 0.000000 7.439385 0.000000 0.000003 0.000000 6.820000
-11.078682 -40.807511 21.982703 0.991598 0.005151 -0.006067 -0.129116 -0.415966 -0.309721 0.270192 0.002501 0.001070 -0.113778 0.999993 0.003090 -0.002292 0.000004 0.000429 0.000411 -0.000001 1.561405 1.577661 -0.002164 -0.000576 0.999979 0.001775 -0.006275 0.000015 -0.000114 -0.000016 -0.000001 1.565595 1.589546 0.000740 0.000295 0.999984 0.003990 -0.003891 0.000000 0.000286 0.000026 0.000001 1.558847 1.582466 -0.000475 0.000009 0.999991 0.003105 -0.002921 0.000001 0.000179 0.000132 0.000001 1.561522 1.579531 -0.000334 -0.000133 7.435499 0.000003 -0.000002 -0.000000 7.442956 -0.000004 0.000004 0.000000 7.443128 0.000003 0.000001 0.000000 7.436687 0.000000 0.000004 0.000000 6.830000
-11.082833 -40.810602 21.985404 0.991524 0.005159 -0.006063 -0.129679 -0.416903 -0.310458 0.271734 0.002517 0.001127 -0.114116 0.999993 0.003092 -0.002289 0.000004 0.000423 0.000506 -0.000001 1.561384 1.577655 -0.002146 -0.000579 0.999979 0.001775 -0.006275 0.000015 -0.000129 0.000045 -0.000001 1.565602 1.589549 0.000730 0.000292 0.999984 0.003991 -0.003891 0.000000 0.000247 0.000067 0.000001 1.558842 1.582466 -0.000470 0.000003 0.999991 0.003106 -0.002921 0.000001 0.000157 0.000155 0.000001 1.561518 1.579529 -0.000333 -0.000135 7.432835 0.000003 -0.000002 -0.000000 7.440246 -0.000004 0.000004 0.000000 7.440441 0.000003 0.000002 0.000000 7.434000 -0.000000 0.000004 0.000000 6.840000
-11.086994 -40.813701 21.988121 0.991450 0.005168 -0.006059 -0.130244 -0.417838 -0.311194 0.273221 0.002533 0.001185 -0.114454 0.999993 0.003094 -0.002287 0.000004 0.000416 0.000592 -0.000001 1.561362 1.577650 -0.002127 -0.000582 0.999979 0.001774 -0.006274 0.000015 -0.000144 0.000105 -0.000001 1.565609 1.589552 0.000720 0.000288 0.999984 0.003992 -0.003891 0.000000 0.000209 0.000107 0.000001 1.558838 1.582466 -0.000465 -0.000004 0.999991 0.003106 -0.002920 0.000001 0.000135 0.000178 0.000002 1.561515 1.579528 -0.000332 -0.000137 7.430181 0.000003 -0.000001 -0.000000 7.437547 -0.000004 0.000005 0.000000 7.437764 0.000002 0.000002 0.000000 7.431323 -0.000000 0.000004 0.000000 6.850000
-11.091164 -40.816807 21.990851 0.991375 0.005176 -0.006054 -0.130811 -0.418773 -0.311929 0.274655 0.002548 0.001243 -0.114791 0.999993 0.003096 -0.002283 0.000004 0.000410 0.000670 -0.000001 1.561341 1.577644 -0.002106 -0.000585 0.999979 0.001773 -0.006274 0.000015 -0.000158 0.000164 -0.000002 1.565616 1.589555 0.000709 0.000284 0.999984 0.003993 -0.003890 0.000000 0.000171 0.000146 0.000001 1.558833 1.582466 -0.000460 -0.000010 0.999991 0.003107 -0.002919 0.000001 0.000113 0.000201 0.000002 1.561512 1.579527 -0.000331 -0.000139 7.427537 0.000003 -0.000002 -0.000000 7.434859 -0.000004 0.000005 0.000000 7.435098 0.000002 0.000002 0.000000 7.428656 -0.000000 0.000004 0.000000 6.860000
-11.095343 -40.819920 21.993596 0.991300 0.005184 -0.006049 -0.131379 -0.419706 -0.312664 0.276034 0.002562 0.001302 -0.115128 0.999993 0.003098 -0.002280 0.000004 0.000404 0.000740 -0.000001 1.561320 1.577638 -0.002084 -0.000588 0.999979 0.001773 -0.006273 0.000015 -0.000173 0.000222 -0.000002 1.565623 1.589558 0.000698 0.000280 0.999984 0.003994 -0.003889 0.000000 0.000134 0.000184 0.000001 1.558828 1.582466 -0.000455 -0.000016 0.999991 0.003108 -0.002918 0.000001 0.000092 0.000223 0.000002 1.561509 1.579525 -0.000330 -0.000140 7.424903 0.000003 -0.000002 -0.000000 7.432181 -0.000004 0.000006 0.000000 7.432442 0.000002 0.000002 0.000000 7.426001 -0.000001 0.000004 0.000000 6.870000
-11.099532 -40.823040 21.996355 0.991225 0.005192 -0.006044 -0.131949 -0.420638 -0.313399 0.277360 0.002576 0.001361 -0.115464 0.999993 0.003100 -0.002276 0.000004 0.000397 0.000801 -0.000001 1.561300 1.577632 -0.002061 -0.000592 0.999979 0.001772 -0.006272 0.000015 -0.000188 0.000279 -0.000002 1.565630 1.589561 0.000686 0.000276 0.999984 0.003995 -0.003888 0.000000 0.000098 0.000222 0.000001 1.558824 1.582466 -0.000450 -0.000022 0.999991 0.003108 -0.002917 0.000001 0.000071 0.000245 0.000002 1.561505 1.579524 -0.000329 -0.000142 7.422281 0.000003 -0.000002 -0.000000 7.429515 -0.000004 0.000006 0.000000 7.429798 0.000002 0.000003 0.000000 7.423357 -0.000001 0.000005 0.000000 6.880000
-11.103730 -40.826168 21.999126 0.991148 0.005201 -0.006038 -0.132520 -0.421568 -0.314134 0.278633 0.002589 0.001419 -0.115801 0.999993 0.003102 -0.002272 0.000004 0.000391 0.000854 -0.000001 1.561279 1.577626 -0.002037 -0.000596 0.999979 0.001771 -0.006270 0.000015 -0.000203 0.000335 -0.000003 1.565637 1.589563 0.000674 0.000271 0.999984 0.003995 -0.003887 0.000000 0.000063 0.000258 0.000001 1.558819 1.582465 -0.000445 -0.000029 0.999991 0.003108 -0.002915 0.000001 0.000050 0.000266 0.000002 1.561502 1.579522 -0.000328 -0.000144 7.419669 0.000003 -0.000002 -0.000000 7.426860 -0.000005 0.000007 0.000000 7.427165 0.000001 0.000003 0.000000 7.420725 -0.000001 0.000005 0.000000 6.890000
-11.107937 -40.829303 22.001910 0.991071 0.005209 -0.006033 -0.133093 -0.422498 -0.314868 0.279852 0.002601 0.001478 -0.116137 0.999993 0.003104 -0.002268 0.000004 0.000385 0.000899 -0.000001 1.561259 1.577620 -0.002011 -0.000600 0.999979 0.001770 -0.006268 0.000015 -0.000217 0.000389 -0.000003 1.565644 1.589566 0.000661 0.000266 0.999984 0.003995 -0.003886 0.000000 0.000029 0.000294 0.000001 1.558815 1.582465 -0.000440 -0.000035 0.999991 0.003108 -0.002914 0.000001 0.000030 0.000287 0.000002 1.561499 1.579521 -0.000327 -0.000146 7.417069 0.000003 -0.000003 -0.000000 7.424217 -0.000005 0.000007 0.000000 7.424544 0.000001 0.000003 0.000000 7.418106 -0.000001 0.000005 0.000000 6.900000
-11.112153 -40.832446 22.004705 0.990994 0.005218 -0.006026 -0.133668 -0.423426 -0.315602 0.281019 0.002613 0.001537 -0.116473 0.999993 0.003106 -0.002263 0.000004 0.000379 0.000936 -0.000001 1.561239 1.577614 -0.001984 -0.000606 0.999979 0.001769 -0.006266 0.000015 -0.000232 0.000442 -0.000004 1.565650 1.589569 0.000648 0.000260 0.999984 0.003995 -0.003884 0.000000 -0.000004 0.000328 0.000001 1.558811 1.582465 -0.000435 -0.000042 0.999991 0.003109 -0.002912 0.000001 0.000010 0.000308 0.000002 1.561495 1.579519 -0.000326 -0.000148 7.414481 0.000002 -0.000003 -0.000000 7.421586 -0.000005 0.000007 0.000000 7.421935 0.000001 0.000003 0.000000 7.415498 -0.000001 0.000005 0.000000 6.910000
-11.116379 -40.835596 22.007516 0.990916 0.005226 -0.006020 -0.134244 -0.424363 -0.316344 0.282963 0.002623 0.001590 -0.116811 0.999993 0.003108 -0.002259 0.000004 0.000473 0.000511 -0.000002 1.561219 1.577608 -0.001954 -0.000613 0.999979 0.001768 -0.006265 0.000015 -0.000113 0.000005 -0.000002 1.565657 1.589571 0.000635 0.000249 0.999984 0.003996 -0.003883 0.000000 0.000356 -0.000036 0.000001 1.558806 1.582464 -0.000426 -0.000052 0.999991 0.003109 -0.002911 0.000001 0.000242 0.000077 0.000002 1.561492 1.579518 -0.000322 -0.000153 7.453054 0.000004 -0.000053 -0.000000 7.460542 -0.000002 -0.000028 0.000000 7.460874 0.000029 -0.000025 0.000000 7.454144 0.000009 -0.000006 0.000000 6.920000
-11.120614 -40.838753 22.010346 0.990838 0.005234 -0.006013 -0.134822 -0.425299 -0.317084 0.284849 0.002632 0.001642 -0.117150 0.999993 0.003110 -0.002258 0.000004 0.000468 0.000144 -0.000002 1.561200 1.577602 -0.001922 -0.000621 0.999979 0.001767 -0.006265 0.000015 -0.000122 -0.000150 -0.000002 1.565663 1.589574 0.000622 0.000238 0.999984 0.003998 -0.003884 0.000000 0.000484 -0.000165 0.000001 1.558802 1.582464 -0.000417 -0.000062 0.999991 0.003110 -0.002911 0.000001 0.000263 0.000057 0.000001 1.561489 1.579516 -0.000318 -0.000157 7.450153 0.000003 -0.000034 0.000000 7.457596 -0.000004 -0.000005 0.000000 7.457951 0.000010 -0.000006 0.000000 7.451225 0.000001 0.000002 0.000000 6.930000
-11.124858 -40.841918 22.013195 0.990759 0.005243 -0.006006 -0.135401 -0.426233 -0.317825 0.286676 0.002640 0.001694 -0.117488 0.999993 0.003113 -0.002257 0.000004 0.000462 -0.000007 -0.000001 1.561181 1.577596 -0.001889 -0.000628 0.999979 0.001766 -0.006266 0.000015 -0.000138 -0.000133 -0.000002 1.565669 1.589576 0.000609 0.000227 0.999984 0.004001 -0.003885 0.000000 0.000475 -0.000155 0.000001 1.558798 1.582463 -0.000409 -0.000072 0.999991 0.003112 -0.002911 0.000001 0.000243 0.000078 0.000002 1.561486 1.579515 -0.000314 -0.000161 7.447261 0.000003 -0.000020 0.000000 7.454660 -0.000004 0.000001 0.000000 7.455036 0.000005 -0.000001 0.000000 7.448315 0.000001 0.000003 0.000000 6.940000
-11.129112 -40.845090 22.016062 0.990679 0.005251 -0.005999 -0.135982 -0.427166 -0.318565 0.288444 0.002648 0.001746 -0.117825 0.999993 0.003115 -0.002258 0.000004 0.000455 -0.000031 -0.000001 1.561163 1.577589 -0.001855 -0.000635 0.999979 0.001766 -0.006267 0.000015 -0.000154 -0.000080 -0.000002 1.565675 1.589578 0.000595 0.000216 0.999984 0.004003 -0.003885 0.000000 0.000439 -0.000117 0.000001 1.558794 1.582462 -0.000402 -0.000080 0.999991 0.003113 -0.002910 0.000001 0.000221 0.000101 0.000002 1.561483 1.579513 -0.000311 -0.000165 7.444379 0.000003 -0.000012 0.000000 7.451733 -0.000004 0.000003 0.000000 7.452132 0.000004 0.000000 0.000000 7.445415 0.000000 0.000003 0.000000 6.950000
-11.133375 -40.848269 22.018946 0.990599 0.005259 -0.005992 -0.136565 -0.428097 -0.319304 0.290152 0.002655 0.001798 -0.118163 0.999993 0.003117 -0.002258 0.000004 0.000449 0.000012 -0.000001 1.561144 1.577583 -0.001820 -0.000640 0.999979 0.001765 -0.006267 0.000015 -0.000170 -0.000022 -0.000003 1.565681 1.589580 0.000581 0.000206 0.999984 0.004005 -0.003886 0.000000 0.000397 -0.000075 0.000001 1.558790 1.582461 -0.000395 -0.000089 0.999991 0.003114 -0.002910 0.000001 0.000199 0.000124 0.000002 1.561480 1.579512 -0.000308 -0.000169 7.441506 0.000003 -0.000007 0.000000 7.448817 -0.000005 0.000004 0.000000 7.449237 0.000004 0.000001 0.000000 7.442526 0.000000 0.000004 0.000000 6.960000
-11.137647 -40.851456 22.021846 0.990518 0.005268 -0.005984 -0.137150 -0.429027 -0.320044 0.291803 0.002661 0.001849 -0.118500 0.999993 0.003119 -0.002257 0.000004 0.000443 0.000094 -0.000001 1.561126 1.577577 -0.001784 -0.000645 0.999979 0.001764 -0.006267 0.000015 -0.000187 0.000037 -0.000003 1.565687 1.589582 0.000566 0.000195 0.999984 0.004007 -0.003886 0.000000 0.000353 -0.000029 0.000001 1.558786 1.582460 -0.000388 -0.000097 0.999991 0.003115 -0.002909 0.000001 0.000176 0.000147 0.000002 1.561477 1.579510 -0.000305 -0.000173 7.438644 0.000003 -0.000005 0.000000 7.445911 -0.000005 0.000004 0.000000 7.446354 0.000003 0.000001 0.000000 7.439648 0.000000 0.000004 0.000000 6.970000
-11.141929 -40.854650 22.024763 0.990437 0.005276 -0.005976 -0.137736 -0.429956 -0.320782 0.293395 0.002667 0.001901 -0.118838 0.999993 0.003122 -0.002257 0.000004 0.000437 0.000190 -0.000001 1.561109 1.577570 -0.001747 -0.000650 0.999979 0.001763 -0.006267 0.000015 -0.000202 0.000095 -0.000004 1.565692 1.589584 0.000551 0.000185 0.999984 0.004009 -0.003886 0.000000 0.000311 0.000014 0.000001 1.558782 1.582459 -0.000382 -0.000104 0.999991 0.003116 -0.002908 0.000001 0.000154 0.000170 0.000002 1.561474 1.579508 -0.000302 -0.000176 7.435793 0.000003 -0.000003 0.000000 7.443016 -0.000005 0.000004 0.000000 7.443481 0.000003 0.000001 0.000000 7.436781 -0.000000 0.000004 0.000000 6.980000
-11.146220 -40.857851 22.027696 0.990355 0.005284 -0.005968 -0.138323 -0.430884 -0.321521 0.294929 0.002671 0.001952 -0.119175 0.999993 0.003124 -0.002255 0.000004 0.000431 0.000289 -0.000001 1.561091 1.577564 -0.001709 -0.000654 0.999979 0.001762 -0.006266 0.000015 -0.000218 0.000152 -0.000004 1.565698 1.589586 0.000536 0.000175 0.999984 0.004010 -0.003886 0.000000 0.000270 0.000056 0.000001 1.558778 1.582458 -0.000376 -0.000112 0.999991 0.003116 -0.002907 0.000001 0.000132 0.000192 0.000002 1.561471 1.579506 -0.000299 -0.000180 7.432953 0.000003 -0.000002 0.000000 7.440133 -0.000005 0.000005 0.000000 7.440620 0.000003 0.000002 0.000000 7.433926 -0.000000 0.000004 0.000000 6.990000
-11.150520 -40.861060 22.030643 0.990273 0.005293 -0.005959 -0.138912 -0.431810 -0.322259 0.296405 0.002676 0.002002 -0.119512 0.999993 0.003126 -0.002254 0.000004 0.000425 0.000386 -0.000001 1.561075 1.577557 -0.001671 -0.000657 0.999979 0.001761 -0.006265 0.000015 -0.000234 0.000208 -0.000005 1.565703 1.589588 0.000520 0.000165 0.999984 0.004011 -0.003885 0.000000 0.000229 0.000098 0.000001 1.558775 1.582457 -0.000371 -0.000119 0.999991 0.003117 -0.002906 0.000001 0.000111 0.000214 0.000002 1.561468 1.579505 -0.000297 -0.000183 7.430124 0.000003 -0.000001 0.000000 7.437262 -0.000005 0.000005 0.000000 7.437770 0.000002 0.000002 0.000000 7.431083 -0.000000 0.000004 0.000000 7.000000
-11.154829 -40.864276 22.033605 0.990190 0.005301 -0.005951 -0.139503 -0.432736 -0.322996 0.297824 0.002679 0.002052 -0.119849 0.999993 0.003128 -0.002252 0.000004 0.000420 0.000480 -0.000001 1.561058 1.577551 -0.001631 -0.000660 0.999979 0.001760 -0.006264 0.000015 -0.000249 0.000263 -0.000005 1.565708 1.589589 0.000504 0.000155 0.999984 0.004012 -0.003885 0.000000 0.000189 0.000140 0.000001 1.558771 1.582456 -0.000365 -0.000126 0.999991 0.003117 -0.002905 0.000001 0.000090 0.000236 0.000002 1.561465 1.579503 -0.000294 -0.000187 7.427306 0.000003 -0.000001 0.000000 7.434402 -0.000005 0.000006 0.000000 7.434932 0.000002 0.000002 0.000000 7.428252 -0.000001 0.000004 0.000000 7.010000
-11.159147 -40.867500 22.036581 0.990106 0.005309 -0.005942 -0.140096 -0.433659 -0.323733 0.299186 0.002682 0.002102 -0.120186 0.999993 0.003130 -0.002249 0.000004 0.000414 0.000568 -0.000001 1.561042 1.577544 -0.001591 -0.000664 0.999979 0.001758 -0.006262 0.000015 -0.000265 0.000317 -0.000005 1.565713 1.589591 0.000488 0.000145 0.999984 0.004013 -0.003884 0.000000 0.000150 0.000180 0.000001 1.558767 1.582455 -0.000360 -0.000132 0.999991 0.003118 -0.002904 0.000001 0.000070 0.000257 0.000002 1.561462 1.579501 -0.000291 -0.000190 7.424501 0.000003 -0.000001 -0.000000 7.431555 -0.000005 0.000006 0.000000 7.432107 0.000002 0.000003 0.000000 7.425434 -0.000001 0.000005 0.000000 7.020000
-11.163475 -40.870731 22.039570 0.990022 0.005317 -0.005932 -0.140690 -0.434582 -0.324470 0.300490 0.002684 0.002151 -0.120523 0.999993 0.003132 -0.002246 0.000004 0.000408 0.000650 -0.000001 1.561026 1.577537 -0.001550 -0.000667 0.999979 0.001757 -0.006261 0.000015 -0.000280 0.000370 -0.000006 1.565718 1.589592 0.000471 0.000134 0.999984 0.004014 -0.003883 0.000000 0.000112 0.000220 0.000001 1.558764 1.582453 -0.000355 -0.000139 0.999991 0.003118 -0.002903 0.000001 0.000049 0.000278 0.000002 1.561459 1.579499 -0.000289 -0.000193 7.421708 0.000003 -0.000001 -0.000000 7.428720 -0.000005 0.000007 0.000000 7.429294 0.000001 0.000003 0.000000 7.422629 -0.000001 0.000005 0.000000 7.030000
-11.167812 -40.873969 22.042571 0.989937 0.005326 -0.005923 -0.141285 -0.435503 -0.325206 0.301738 0.002685 0.002200 -0.120860 0.999993 0.003134 -0.002243 0.000004 0.000403 0.000724 -0.000001 1.561011 1.577531 -0.001509 -0.000670 0.999979 0.001756 -0.006259 0.000015 -0.000295 0.000422 -0.000006 1.565722 1.589593 0.000455 0.000123 0.999984 0.004014 -0.003882 0.000000 0.000074 0.000259 0.000001 1.558760 1.582452 -0.000350 -0.000146 0.999991 0.003118 -0.002901 0.000001 0.000029 0.000298 0.000002 1.561456 1.579497 -0.000286 -0.000197 7.418928 0.000003 -0.000001 -0.000000 7.425899 -0.000006 0.000007 0.000000 7.426494 0.000001 0.000003 0.000000 7.419837 -0.000001 0.000005 0.000000 7.040000
-11.172158 -40.877215 22.045585 0.989851 0.005334 -0.005913 -0.141883 -0.436423 -0.325942 0.302930 0.002686 0.002248 -0.121196 0.999993 0.003136 -0.002239 0.000004 0.000397 0.000790 -0.000001 1.560996 1.577524 -0.001466 -0.000674 0.999979 0.001754 -0.006256 0.000015 -0.000310 0.000473 -0.000007 1.565727 1.589594 0.000438 0.000112 0.999984 0.004015 -0.003880 0.000000 0.000037 0.000297 0.000001 1.558757 1.582450 -0.000344 -0.000152 0.999991 0.003118 -0.002900 0.000001 0.000010 0.000319 0.000002 1.561453 1.579495 -0.000284 -0.000200 7.416160 0.000003 -0.000001 -0.000000 7.423090 -0.000006 0.000007 0.000000 7.423707 0.000001 0.000004 0.000000 7.417059 -0.000001 0.000005 0.000000 7.050000
-11.176513 -40.880468 22.048611 0.989765 0.005342 -0.005904 -0.142482 -0.437341 -0.326677 0.304065 0.002686 0.002295 -0.121533 0.999993 0.003138 -0.002235 0.000004 0.000392 0.000849 -0.000001 1.560982 1.577517 -0.001423 -0.000678 0.999979 0.001753 -0.006254 0.000015 -0.000325 0.000523 -0.000007 1.565731 1.589596 0.000422 0.000100 0.999984 0.004015 -0.003879 0.000000 0.000001 0.000334 0.000001 1.558754 1.582449 -0.000339 -0.000159 0.999991 0.003118 -0.002898 0.000001 -0.000009 0.000338 0.000002 1.561450 1.579493 -0.000281 -0.000204 7.413406 0.000003 -0.000001 -0.000000 7.420296 -0.000006 0.000008 0.000000 7.420934 0.000001 0.000004 0.000000 7.414295 -0.000001 0.000005 0.000000 7.060000
-11.180877 -40.883728 22.051647 0.989679 0.005350 -0.005893 -0.143082 -0.438258 -0.327412 0.305145 0.002685 0.002342 -0.121870 0.999993 0.003140 -0.002230 0.000004 0.000386 0.000899 -0.000001 1.560968 1.577510 -0.001380 -0.000683 0.999979 0.001751 -0.006251 0.000015 -0.000340 0.000571 -0.000007 1.565735 1.589596 0.000405 0.000088 0.999984 0.004015 -0.003877 0.000000 -0.000034 0.000370 0.000001 1.558750 1.582447 -0.000334 -0.000166 0.999991 0.003118 -0.002896 0.000001 -0.000028 0.000358 0.000002 1.561448 1.579491 -0.000278 -0.000208 7.410665 0.000003 -0.000001 -0.000000 7.417515 -0.000006 0.000008 0.000000 7.418174 0.000000 0.000004 0.000000 7.411545 -0.000001 0.000005 0.000000 7.070000
-11.185251 -40.886995 22.054698 0.989592 0.005358 -0.005883 -0.143684 -0.439184 -0.328154 0.306999 0.002682 0.002381 -0.122210 0.999993 0.003142 -0.002227 0.000004 0.000483 0.000491 -0.000001 1.560954 1.577504 -0.001332 -0.000689 0.999979 0.001749 -0.006250 0.000015 -0.000222 0.000127 -0.000006 1.565739 1.589597 0.000389 0.000070 0.999984 0.004015 -0.003876 0.000000 0.000324 0.000009 0.000001 1.558747 1.582446 -0.000325 -0.000176 0.999991 0.003119 -0.002895 0.000001 0.000205 0.000126 0.000002 1.561445 1.579489 -0.000272 -0.000214 7.449095 0.000004 -0.000051 -0.000000 7.456319 -0.000003 -0.000028 0.000000 7.456966 0.000028 -0.000024 0.000000 7.450051 0.000009 -0.000005 0.000000 7.080000
-11.189633 -40.890270 22.057768 0.989504 0.005366 -0.005873 -0.144288 -0.440107 -0.328895 0.308792 0.002678 0.002419 -0.122550 0.999993 0.003145 -0.002225 0.000004 0.000478 0.000141 -0.000001 1.560941 1.577497 -0.001285 -0.000696 0.999979 0.001748 -0.006249 0.000015 -0.000231 -0.000033 -0.000006 1.565743 1.589598 0.000374 0.000052 0.999984 0.004017 -0.003876 0.000000 0.000451 -0.000117 0.000001 1.558744 1.582444 -0.000317 -0.000186 0.999991 0.003120 -0.002895 0.000001 0.000227 0.000104 0.000002 1.561442 1.579487 -0.000267 -0.000220 7.446045 0.000003 -0.000031 0.000000 7.453227 -0.000005 -0.000004 0.000000 7.453896 0.000010 -0.000005 0.000000 7.446993 0.000001 0.000003 0.000000 7.090000
-11.194025 -40.893553 22.060855 0.989415 0.005373 -0.005862 -0.144893 -0.441030 -0.329636 0.310523 0.002673 0.002457 -0.122890 0.999993 0.003147 -0.002225 0.000004 0.000472 0.000004 -0.000001 1.560929 1.577490 -0.001237 -0.000702 0.999979 0.001747 -0.006249 0.000015 -0.000247 -0.000020 -0.000006 1.565747 1.589598 0.000358 0.000034 0.999984 0.004020 -0.003877 0.000000 0.000440 -0.000105 0.000001 1.558741 1.582442 -0.000309 -0.000195 0.999991 0.003121 -0.002894 0.000001 0.000208 0.000124 0.000002 1.561440 1.579484 -0.000262 -0.000226 7.443006 0.000003 -0.000018 0.000000 7.450146 -0.000005 0.000002 0.000000 7.450836 0.000005 -0.000000 0.000000 7.443946 0.000000 0.000003 0.000000 7.100000
-11.198426 -40.896842 22.063959 0.989326 0.005381 -0.005851 -0.145500 -0.441951 -0.330376 0.312193 0.002668 0.002494 -0.123230 0.999993 0.003149 -0.002225 0.000004 0.000466 0.000000 -0.000001 1.560917 1.577483 -0.001188 -0.000708 0.999979 0.001746 -0.006249 0.000015 -0.000263 0.000029 -0.000006 1.565750 1.589599 0.000342 0.000017 0.999984 0.004022 -0.003877 0.000000 0.000398 -0.000063 0.000001 1.558738 1.582440 -0.000301 -0.000203 0.999991 0.003122 -0.002893 0.000001 0.000186 0.000147 0.000002 1.561437 1.579482 -0.000257 -0.000232 7.439978 0.000003 -0.000010 0.000000 7.447077 -0.000005 0.000003 0.000000 7.447788 0.000004 0.000001 0.000000 7.440911 0.000000 0.000003 0.000000 7.110000
-11.202837 -40.900140 22.067079 0.989237 0.005389 -0.005840 -0.146109 -0.442871 -0.331116 0.313800 0.002662 0.002530 -0.123570 0.999993 0.003152 -0.002225 0.000004 0.000460 0.000057 -0.000001 1.560905 1.577476 -0.001140 -0.000712 0.999979 0.001745 -0.006249 0.000015 -0.000278 0.000083 -0.000007 1.565753 1.589599 0.000327 0.000000 0.999984 0.004023 -0.003878 0.000000 0.000354 -0.000018 0.000001 1.558735 1.582438 -0.000295 -0.000212 0.999991 0.003123 -0.002893 0.000001 0.000164 0.000168 0.000002 1.561434 1.579480 -0.000252 -0.000237 7.436962 0.000003 -0.000006 0.000000 7.444019 -0.000005 0.000004 0.000000 7.444752 0.000003 0.000001 0.000000 7.437889 0.000000 0.000004 0.000000 7.120000
-11.207256 -40.903444 22.070215 0.989146 0.005397 -0.005829 -0.146719 -0.443789 -0.331855 0.315347 0.002656 0.002566 -0.123911 0.999993 0.003154 -0.002224 0.000003 0.000455 0.000144 -0.000001 1.560894 1.577468 -0.001091 -0.000716 0.999979 0.001743 -0.006249 0.000015 -0.000293 0.000137 -0.000007 1.565757 1.589599 0.000311 -0.000017 0.999984 0.004025 -0.003878 0.000000 0.000310 0.000027 0.000001 1.558732 1.582436 -0.000288 -0.000219 0.999991 0.003124 -0.002892 0.000001 0.000144 0.000190 0.000002 1.561432 1.579477 -0.000248 -0.000243 7.433958 0.000003 -0.000003 0.000000 7.440974 -0.000006 0.000004 0.000000 7.441728 0.000003 0.000002 0.000000 7.434879 0.000000 0.000004 0.000000 7.130000
-11.211685 -40.906756 22.073366 0.989055 0.005404 -0.005818 -0.147331 -0.444706 -0.332594 0.316832 0.002648 0.002600 -0.124252 0.999993 0.003156 -0.002223 0.000003 0.000449 0.000245 -0.000001 1.560883 1.577461 -0.001042 -0.000719 0.999979 0.001742 -0.006248 0.000015 -0.000308 0.000190 -0.000007 1.565760 1.589598 0.000295 -0.000033 0.999984 0.004027 -0.003877 0.000000 0.000267 0.000072 0.000001 1.558729 1.582433 -0.000283 -0.000226 0.999991 0.003124 -0.002891 0.000001 0.000123 0.000211 0.000002 1.561429 1.579475 -0.000243 -0.000248 7.430967 0.000003 -0.000001 0.000000 7.437942 -0.000006 0.000005 0.000000 7.438717 0.000002 0.000002 0.000000 7.431883 -0.000000 0.000004 0.000000 7.140000
-11.216122 -40.910075 22.076531 0.988964 0.005412 -0.005806 -0.147945 -0.445621 -0.333331 0.318257 0.002641 0.002634 -0.124592 0.999993 0.003158 -0.002222 0.000003 0.000443 0.000350 -0.000001 1.560873 1.577454 -0.000993 -0.000722 0.999979 0.001740 -0.006247 0.000015 -0.000323 0.000243 -0.000008 1.565762 1.589598 0.000279 -0.000049 0.999984 0.004028 -0.003877 0.000000 0.000224 0.000116 0.000001 1.558726 1.582431 -0.000277 -0.000233 0.999991 0.003125 -0.002890 0.000001 0.000102 0.000232 0.000002 1.561427 1.579472 -0.000239 -0.000253 7.427989 0.000003 -0.000000 0.000000 7.434923 -0.000006 0.000005 0.000000 7.435719 0.000002 0.000003 0.000000 7.428900 -0.000000 0.000004 0.000000 7.150000
-11.220569 -40.913402 22.079711 0.988872 0.005419 -0.005794 -0.148560 -0.446535 -0.334069 0.319621 0.002632 0.002667 -0.124933 0.999993 0.003160 -0.002220 0.000003 0.000438 0.000454 -0.000001 1.560864 1.577447 -0.000944 -0.000724 0.999979 0.001738 -0.006245 0.000015 -0.000337 0.000295 -0.000008 1.565765 1.589597 0.000264 -0.000066 0.999984 0.004029 -0.003876 0.000000 0.000181 0.000160 0.000001 1.558723 1.582429 -0.000272 -0.000240 0.999991 0.003125 -0.002888 0.000001 0.000082 0.000253 0.000002 1.561425 1.579470 -0.000235 -0.000258 7.425024 0.000003 0.000001 0.000000 7.431918 -0.000006 0.000006 0.000000 7.432734 0.000002 0.000003 0.000000 7.425931 -0.000001 0.000004 0.000000 7.160000
-11.225025 -40.916736 22.082903 0.988779 0.005427 -0.005783 -0.149176 -0.447447 -0.334805 0.320926 0.002623 0.002698 -0.125275 0.999993 0.003163 -0.002217 0.000003 0.000432 0.000554 -0.000001 1.560854 1.577440 -0.000895 -0.000727 0.999979 0.001737 -0.006244 0.000015 -0.000352 0.000346 -0.000008 1.565768 1.589597 0.000248 -0.000082 0.999984 0.004030 -0.003875 0.000000 0.000139 0.000204 0.000001 1.558721 1.582426 -0.000267 -0.000246 0.999991 0.003126 -0.002887 0.000001 0.000062 0.000273 0.000002 1.561422 1.579467 -0.000231 -0.000263 7.422073 0.000003 0.000001 0.000000 7.428926 -0.000006 0.000006 0.000000 7.429764 0.000001 0.000004 0.000000 7.422977 -0.000001 0.000005 0.000000 7.170000
-11.229490 -40.920077 22.086109 0.988685 0.005434 -0.005771 -0.149795 -0.448358 -0.335541 0.322170 0.002613 0.002729 -0.125616 0.999993 0.003165 -0.002214 0.000003 0.000427 0.000648 -0.000001 1.560846 1.577432 -0.000845 -0.000729 0.999979 0.001735 -0.006242 0.000015 -0.000366 0.000396 -0.000009 1.565770 1.589596 0.000233 -0.000098 0.999984 0.004030 -0.003874 0.000000 0.000097 0.000246 0.000001 1.558718 1.582424 -0.000262 -0.000252 0.999991 0.003126 -0.002886 0.000001 0.000042 0.000294 0.000002 1.561420 1.579465 -0.000227 -0.000268 7.419135 0.000003 0.000001 0.000000 7.425949 -0.000006 0.000006 0.000000 7.426807 0.000001 0.000004 0.000000 7.420036 -0.000001 0.000005 0.000000 7.180000
-11.233964 -40.923425 22.089326 0.988591 0.005441 -0.005759 -0.150415 -0.449268 -0.336277 0.323355 0.002603 0.002759 -0.125958 0.999993 0.003167 -0.002211 0.000003 0.000421 0.000734 -0.000001 1.560838 1.577425 -0.000796 -0.000731 0.999979 0.001733 -0.006240 0.000015 -0.000380 0.000446 -0.000009 1.565772 1.589595 0.000218 -0.000115 0.999984 0.004031 -0.003873 0.000000 0.000056 0.000288 0.000001 1.558715 1.582421 -0.000258 -0.000258 0.999991 0.003126 -0.002884 0.000001 0.000022 0.000314 0.000002 1.561418 1.579462 -0.000223 -0.000273 7.416212 0.000003 0.000001 0.000000 7.422986 -0.000006 0.000007 0.000000 7.423865 0.000000 0.000004 0.000000 7.417111 -0.000001 0.000005 0.000000 7.190000
-11.238447 -40.926781 22.092555 0.988496 0.005448 -0.005746 -0.151036 -0.450176 -0.337012 0.324481 0.002592 0.002788 -0.126301 0.999993 0.003169 -0.002207 0.000003 0.000416 0.000812 -0.000001 1.560830 1.577418 -0.000747 -0.000734 0.999979 0.001731 -0.006237 0.000015 -0.000393 0.000494 -0.000009 1.565774 1.589593 0.000203 -0.000131 0.999984 0.004031 -0.003871 0.000000 0.000017 0.000329 0.000001 1.558713 1.582419 -0.000253 -0.000264 0.999991 0.003126 -0.002882 0.000001 0.000003 0.000333 0.000002 1.561416 1.579459 -0.000219 -0.000278 7.413303 0.000003 0.000001 -0.000000 7.420038 -0.000006 0.000007 0.000000 7.420938 0.000000 0.000005 0.000000 7.414201 -0.000001 0.000005 0.000000 7.200000
-11.242940 -40.930145 22.095795 0.988401 0.005455 -0.005734 -0.151660 -0.451082 -0.337746 0.325548 0.002580 0.002816 -0.126643 0.999993 0.003171 -0.002203 0.000003 0.000410 0.000882 -0.000001 1.560823 1.577411 -0.000697 -0.000737 0.999979 0.001729 -0.006235 0.000015 -0.000407 0.000542 -0.000010 1.565776 1.589592 0.000189 -0.000148 0.999984 0.004031 -0.003870 0.000000 -0.000022 0.000369 0.000001 1.558710 1.582416 -0.000248 -0.000270 0.999991 0.003126 -0.002881 0.000001 -0.000016 0.000352 0.000002 1.561414 1.579456 -0.000215 -0.000283 7.410410 0.000003 0.000001 -0.000000 7.417105 -0.000006 0.000007 0.000000 7.418025 -0.000000 0.000005 0.000000 7.411307 -0.000001 0.000005 0.000000 7.210000
-11.247441 -40.933515 22.099046 0.988305 0.005462 -0.005722 -0.152285 -0.451987 -0.338479 0.326557 0.002568 0.002842 -0.126986 0.999993 0.003173 -0.002198 0.000003 0.000405 0.000943 -0.000001 1.560816 1.577403 -0.000648 -0.000740 0.999979 0.001727 -0.006232 0.000015 -0.000420 0.000589 -0.000010 1.565778 1.589590 0.000174 -0.000165 0.999984 0.004031 -0.003868 0.000000 -0.000060 0.000408 0.000001 1.558708 1.582413 -0.000244 -0.000277 0.999991 0.003126 -0.002879 0.000001 -0.000034 0.000371 0.000002 1.561411 1.579454 -0.000211 -0.000288 7.407531 0.000003 0.000001 -0.000000 7.414187 -0.000006 0.000008 0.000000 7.415128 -0.000000 0.000005 0.000000 7.408428 -0.000001 0.000005 0.000000 7.220000
-11.251951 -40.936893 22.102306 0.988208 0.005469 -0.005709 -0.152911 -0.452891 -0.339212 0.327507 0.002555 0.002868 -0.127330 0.999993 0.003175 -0.002193 0.000003 0.000399 0.000995 -0.000001 1.560810 1.577396 -0.000599 -0.000744 0.999979 0.001725 -0.006229 0.000014 -0.000433 0.000635 -0.000010 1.565780 1.589589 0.000160 -0.000182 0.999984 0.004030 -0.003866 0.000000 -0.000097 0.000446 0.000001 1.558705 1.582411 -0.000239 -0.000283 0.999991 0.003126 -0.002877 0.000001 -0.000053 0.000390 0.000002 1.561409 1.579451 -0.000206 -0.000293 7.404668 0.000003 0.000000 -0.000000 7.411285 -0.000007 0.000008 0.000000 7.412247 -0.000001 0.000005 0.000000 7.405565 -0.000002 0.000005 0.000000 7.230000
-11.256470 -40.940278 22.105579 0.988111 0.005476 -0.005697 -0.153539 -0.453803 -0.339952 0.329230 0.002540 0.002886 -0.127676 0.999993 0.003177 -0.002189 0.000003 0.000497 0.000592 -0.000001 1.560804 1.577388 -0.000548 -0.000750 0.999979 0.001723 -0.006227 0.000014 -0.000313 0.000187 -0.000009 1.565781 1.589587 0.000148 -0.000205 0.999984 0.004031 -0.003864 0.000000 0.000259 0.000089 0.000001 1.558703 1.582408 -0.000231 -0.000292 0.999991 0.003126 -0.002876 0.000001 0.000181 0.000158 0.000002 1.561407 1.579448 -0.000200 -0.000301 7.442954 0.000004 -0.000054 -0.000000 7.449943 -0.000004 -0.000029 0.000000 7.450895 0.000029 -0.000024 0.000000 7.443936 0.000009 -0.000005 0.000000 7.240000
-11.260999 -40.943671 22.108869 0.988013 0.005482 -0.005684 -0.154169 -0.454713 -0.340691 0.330890 0.002524 0.002903 -0.128023 0.999993 0.003180 -0.002187 0.000003 0.000491 0.000248 -0.000001 1.560799 1.577381 -0.000496 -0.000756 0.999979 0.001721 -0.006226 0.000014 -0.000321 0.000028 -0.000009 1.565783 1.589585 0.000136 -0.000228 0.999984 0.004032 -0.003864 0.000000 0.000381 -0.000033 0.000001 1.558701 1.582405 -0.000223 -0.000301 0.999991 0.003127 -0.002875 0.000001 0.000203 0.000137 0.000002 1.561405 1.579445 -0.000193 -0.000308 7.439786 0.000004 -0.000032 0.000000 7.446734 -0.000006 -0.000004 0.000000 7.447706 0.000009 -0.000004 0.000000 7.440769 0.000001 0.000003 0.000000 7.250000
-11.265536 -40.947071 22.112176 0.987914 0.005489 -0.005671 -0.154800 -0.455621 -0.341429 0.332484 0.002508 0.002919 -0.128371 0.999993 0.003182 -0.002186 0.000003 0.000485 0.000114 -0.000001 1.560794 1.577373 -0.000446 -0.000762 0.999979 0.001720 -0.006226 0.000014 -0.000334 0.000039 -0.000009 1.565784 1.589582 0.000125 -0.000250 0.999984 0.004034 -0.003864 0.000000 0.000367 -0.000019 0.000001 1.558699 1.582402 -0.000216 -0.000310 0.999991 0.003128 -0.002874 0.000001 0.000184 0.000156 0.000002 1.561403 1.579442 -0.000187 -0.000316 7.436630 0.000004 -0.000018 0.000000 7.443537 -0.000006 0.000002 0.000000 7.444530 0.000004 0.000001 0.000000 7.437615 0.000000 0.000004 0.000000 7.260000
-11.270083 -40.950478 22.115498 0.987815 0.005495 -0.005658 -0.155434 -0.456528 -0.342166 0.334015 0.002491 0.002934 -0.128719 0.999993 0.003185 -0.002186 0.000003 0.000480 0.000103 -0.000001 1.560790 1.577366 -0.000395 -0.000767 0.999979 0.001718 -0.006226 0.000014 -0.000348 0.000085 -0.000009 1.565785 1.589580 0.000113 -0.000272 0.999984 0.004036 -0.003864 0.000000 0.000326 0.000023 0.000001 1.558697 1.582399 -0.000209 -0.000318 0.999991 0.003129 -0.002873 0.000001 0.000163 0.000177 0.000002 1.561402 1.579438 -0.000181 -0.000323 7.433511 0.000003 -0.000009 0.000000 7.440379 -0.000006 0.000003 0.000000 7.441391 0.000003 0.000002 0.000000 7.434498 0.000000 0.000004 0.000000 7.270000
-11.274638 -40.953893 22.118835 0.987715 0.005501 -0.005645 -0.156068 -0.457434 -0.342903 0.335483 0.002473 0.002948 -0.129068 0.999993 0.003187 -0.002185 0.000003 0.000474 0.000157 -0.000001 1.560786 1.577358 -0.000345 -0.000771 0.999979 0.001716 -0.006225 0.000014 -0.000361 0.000136 -0.000009 1.565786 1.589577 0.000102 -0.000293 0.999984 0.004037 -0.003864 0.000000 0.000281 0.000069 0.000001 1.558694 1.582395 -0.000203 -0.000325 0.999991 0.003130 -0.002872 0.000001 0.000143 0.000198 0.000002 1.561400 1.579435 -0.000175 -0.000329 7.430382 0.000003 -0.000004 0.000000 7.437210 -0.000006 0.000004 0.000000 7.438242 0.000002 0.000003 0.000000 7.431372 0.000000 0.000004 0.000000 7.280000
-11.279203 -40.957315 22.122186 0.987614 0.005508 -0.005632 -0.156705 -0.458337 -0.343639 0.336887 0.002456 0.002961 -0.129417 0.999993 0.003189 -0.002184 0.000003 0.000468 0.000242 -0.000001 1.560783 1.577350 -0.000296 -0.000774 0.999979 0.001715 -0.006225 0.000014 -0.000374 0.000188 -0.000010 1.565787 1.589574 0.000091 -0.000314 0.999984 0.004039 -0.003863 0.000000 0.000236 0.000115 0.000001 1.558693 1.582392 -0.000197 -0.000332 0.999991 0.003130 -0.002871 0.000001 0.000122 0.000219 0.000002 1.561398 1.579432 -0.000169 -0.000336 7.427268 0.000003 -0.000002 0.000000 7.434055 -0.000006 0.000005 0.000000 7.435108 0.000002 0.000003 0.000000 7.428261 -0.000000 0.000004 0.000000 7.290000
-11.283776 -40.960744 22.125551 0.987513 0.005514 -0.005619 -0.157343 -0.459239 -0.344374 0.338228 0.002437 0.002973 -0.129767 0.999993 0.003192 -0.002183 0.000003 0.000462 0.000339 -0.000001 1.560780 1.577343 -0.000248 -0.000778 0.999979 0.001713 -0.006224 0.000014 -0.000386 0.000240 -0.000010 1.565788 1.589571 0.000081 -0.000334 0.999984 0.004040 -0.003863 0.000000 0.000191 0.000162 0.000001 1.558691 1.582389 -0.000192 -0.000339 0.999991 0.003131 -0.002870 0.000001 0.000101 0.000239 0.000002 1.561396 1.579428 -0.000164 -0.000342 7.424168 0.000003 -0.000000 0.000000 7.430915 -0.000006 0.000005 0.000000 7.431988 0.000001 0.000004 0.000000 7.425165 -0.000000 0.000004 0.000000 7.300000
-11.288359 -40.964181 22.128930 0.987411 0.005520 -0.005606 -0.157982 -0.460140 -0.345108 0.339506 0.002419 0.002984 -0.130117 0.999993 0.003194 -0.002181 0.000003 0.000456 0.000441 -0.000001 1.560778 1.577335 -0.000200 -0.000780 0.999979 0.001711 -0.006222 0.000014 -0.000398 0.000292 -0.000010 1.565789 1.589567 0.000071 -0.000353 0.999984 0.004040 -0.003862 0.000000 0.000146 0.000208 0.000001 1.558689 1.582385 -0.000187 -0.000345 0.999991 0.003131 -0.002869 0.000001 0.000081 0.000260 0.000002 1.561395 1.579425 -0.000159 -0.000348 7.421082 0.000003 0.000001 0.000000 7.427790 -0.000006 0.000005 0.000000 7.428883 0.000001 0.000004 0.000000 7.422084 -0.000001 0.000004 0.000000 7.310000
-11.292950 -40.967625 22.132320 0.987308 0.005526 -0.005593 -0.158624 -0.461039 -0.345842 0.340721 0.002399 0.002993 -0.130468 0.999993 0.003196 -0.002178 0.000003 0.000450 0.000541 -0.000001 1.560776 1.577327 -0.000153 -0.000783 0.999979 0.001709 -0.006221 0.000014 -0.000410 0.000343 -0.000010 1.565790 1.589564 0.000061 -0.000373 0.999984 0.004041 -0.003861 0.000000 0.000102 0.000253 0.000001 1.558687 1.582382 -0.000183 -0.000351 0.999991 0.003132 -0.002868 0.000001 0.000061 0.000280 0.000002 1.561393 1.579421 -0.000154 -0.000354 7.418013 0.000003 0.000002 0.000000 7.424681 -0.000006 0.000006 0.000000 7.425794 0.000000 0.000004 0.000000 7.419019 -0.000001 0.000005 0.000000 7.320000
-11.297551 -40.971076 22.135722 0.987204 0.005531 -0.005580 -0.159267 -0.461936 -0.346575 0.341875 0.002380 0.003002 -0.130819 0.999993 0.003198 -0.002176 0.000003 0.000444 0.000637 -0.000001 1.560775 1.577319 -0.000106 -0.000785 0.999979 0.001707 -0.006219 0.000014 -0.000422 0.000393 -0.000011 1.565790 1.589560 0.000052 -0.000392 0.999984 0.004041 -0.003859 0.000000 0.000058 0.000297 0.000001 1.558685 1.582378 -0.000178 -0.000357 0.999991 0.003132 -0.002866 0.000001 0.000041 0.000300 0.000002 1.561392 1.579418 -0.000149 -0.000360 7.414958 0.000003 0.000002 0.000000 7.421587 -0.000006 0.000006 0.000000 7.422720 0.000000 0.000005 0.000000 7.415970 -0.000001 0.000005 0.000000 7.330000
-11.302160 -40.974534 22.139136 0.987100 0.005537 -0.005567 -0.159912 -0.462832 -0.347306 0.342967 0.002360 0.003010 -0.131171 0.999993 0.003201 -0.002172 0.000003 0.000438 0.000726 -0.000001 1.560774 1.577311 -0.000060 -0.000787 0.999979 0.001704 -0.006217 0.000014 -0.000434 0.000443 -0.000011 1.565791 1.589556 0.000043 -0.000411 0.999984 0.004042 -0.003858 0.000000 0.000016 0.000341 0.000001 1.558683 1.582375 -0.000174 -0.000362 0.999991 0.003132 -0.002865 0.000001 0.000021 0.000320 0.000002 1.561390 1.579414 -0.000144 -0.000366 7.411920 0.000003 0.000002 0.000000 7.418509 -0.000006 0.000007 0.000000 7.419662 -0.000000 0.000005 0.000000 7.412937 -0.000001 0.000005 0.000000 7.340000
-11.306779 -40.978000 22.142560 0.986995 0.005542 -0.005554 -0.160558 -0.463726 -0.348037 0.343998 0.002340 0.003017 -0.131524 0.999993 0.003203 -0.002168 0.000003 0.000432 0.000808 -0.000001 1.560774 1.577303 -0.000015 -0.000790 0.999979 0.001702 -0.006214 0.000014 -0.000445 0.000492 -0.000011 1.565791 1.589552 0.000035 -0.000430 0.999984 0.004042 -0.003856 0.000000 -0.000026 0.000384 0.000001 1.558682 1.582371 -0.000170 -0.000368 0.999991 0.003132 -0.002863 0.000001 0.000001 0.000340 0.000002 1.561389 1.579411 -0.000140 -0.000371 7.408898 0.000003 0.000002 0.000000 7.415448 -0.000006 0.000007 0.000000 7.416621 -0.000001 0.000005 0.000000 7.409921 -0.000001 0.000005 0.000000 7.350000
-11.311406 -40.981473 22.145994 0.986890 0.005548 -0.005541 -0.161206 -0.464619 -0.348768 0.344967 0.002319 0.003023 -0.131877 0.999993 0.003205 -0.002164 0.000003 0.000426 0.000881 -0.000001 1.560774 1.577296 0.000029 -0.000792 0.999979 0.001700 -0.006212 0.000014 -0.000456 0.000541 -0.000011 1.565791 1.589547 0.000027 -0.000449 0.999984 0.004041 -0.003854 0.000000 -0.000067 0.000426 0.000001 1.558680 1.582367 -0.000166 -0.000373 0.999991 0.003132 -0.002861 0.000001 -0.000018 0.000360 0.000002 1.561388 1.579407 -0.000135 -0.000377 7.405893 0.000003 0.000002 -0.000000 7.412403 -0.000006 0.000008 0.000000 7.413596 -0.000001 0.000006 0.000000 7.406922 -0.000001 0.000005 0.000000 7.360000
-11.316042 -40.984954 22.149437 0.986783 0.005553 -0.005528 -0.161856 -0.465510 -0.349497 0.345876 0.002298 0.003028 -0.132231 0.999993 0.003207 -0.002160 0.000003 0.000421 0.000946 -0.000001 1.560774 1.577288 0.000072 -0.000796 0.999979 0.001698 -0.006209 0.000014 -0.000466 0.000589 -0.000012 1.565792 1.589543 0.000020 -0.000467 0.999984 0.004041 -0.003852 0.000000 -0.000107 0.000467 0.000002 1.558678 1.582364 -0.000162 -0.000379 0.999991 0.003132 -0.002859 0.000001 -0.000037 0.000379 0.000002 1.561386 1.579403 -0.000131 -0.000383 7.402904 0.000003 0.000002 -0.000000 7.409375 -0.000006 0.000008 0.000000 7.410588 -0.000001 0.000006 0.000000 7.403940 -0.000002 0.000005 0.000000 7.370000
-11.320687 -40.988441 22.152890 0.986676 0.005558 -0.005515 -0.162507 -0.466399 -0.350225 0.346725 0.002276 0.003032 -0.132585 0.999993 0.003209 -0.002155 0.000003 0.000415 0.001003 -0.000001 1.560775 1.577280 0.000114 -0.000799 0.999979 0.001695 -0.006206 0.000014 -0.000477 0.000636 -0.000012 1.565792 1.589538 0.000014 -0.000486 0.999984 0.004040 -0.003849 0.000000 -0.000146 0.000507 0.000002 1.558677 1.582360 -0.000157 -0.000385 0.999991 0.003132 -0.002858 0.000001 -0.000056 0.000397 0.000002 1.561385 1.579399 -0.000126 -0.000388 7.399933 0.000003 0.000002 -0.000000 7.406365 -0.000006 0.000008 0.000000 7.407597 -0.000001 0.000006 0.000000 7.400976 -0.000002 0.000006 0.000000 7.380000
-11.325341 -40.991936 22.156354 0.986569 0.005563 -0.005502 -0.163160 -0.467296 -0.350961 0.348345 0.002253 0.003028 -0.132944 0.999993 0.003211 -0.002151 0.000003 0.000511 0.000607 -0.000001 1.560777 1.577272 0.000158 -0.000805 0.999979 0.001693 -0.006204 0.000014 -0.000354 0.000192 -0.000010 1.565792 1.589533 0.000009 -0.000510 0.999984 0.004040 -0.003848 0.000000 0.000208 0.000152 0.000001 1.558675 1.582356 -0.000150 -0.000393 0.999991 0.003132 -0.002856 0.000001 0.000178 0.000167 0.000002 1.561384 1.579395 -0.000119 -0.000396 7.438109 0.000004 -0.000052 -0.000000 7.444913 -0.000004 -0.000029 0.000000 7.446137 0.000028 -0.000023 0.000000 7.439247 0.000009 -0.000005 0.000000 7.390000
-11.330004 -40.995439 22.159834 0.986460 0.005568 -0.005489 -0.163815 -0.468191 -0.351695 0.349898 0.002229 0.003024 -0.133303 0.999993 0.003214 -0.002149 0.000003 0.000505 0.000256 -0.000001 1.560778 1.577264 0.000202 -0.000811 0.999979 0.001692 -0.006203 0.000014 -0.000359 0.000030 -0.000010 1.565792 1.589528 0.000005 -0.000534 0.999984 0.004042 -0.003847 0.000000 0.000332 0.000029 0.000001 1.558674 1.582352 -0.000142 -0.000402 0.999991 0.003133 -0.002855 0.000001 0.000200 0.000145 0.000002 1.561383 1.579391 -0.000112 -0.000404 7.434835 0.000004 -0.000030 0.000000 7.441599 -0.000005 -0.000003 0.000000 7.442843 0.000008 -0.000003 0.000000 7.435981 0.000001 0.000003 0.000000 7.400000
-11.334675 -40.998948 22.163330 0.986351 0.005573 -0.005476 -0.164471 -0.469085 -0.352428 0.351385 0.002205 0.003018 -0.133663 0.999993 0.003216 -0.002148 0.000003 0.000498 0.000126 -0.000001 1.560781 1.577256 0.000244 -0.000816 0.999979 0.001690 -0.006203 0.000014 -0.000369 0.000045 -0.000010 1.565792 1.589522 0.000001 -0.000556 0.999984 0.004043 -0.003847 0.000000 0.000316 0.000046 0.000001 1.558672 1.582348 -0.000136 -0.000410 0.999991 0.003134 -0.002855 0.000001 0.000180 0.000165 0.000002 1.561381 1.579387 -0.000106 -0.000411 7.431576 0.000003 -0.000016 0.000000 7.438299 -0.000006 0.000003 0.000000 7.439562 0.000003 0.000002 0.000000 7.432730 -0.000000 0.000004 0.000000 7.410000
-11.339356 -41.002465 22.166840 0.986241 0.005578 -0.005463 -0.165129 -0.469977 -0.353160 0.352806 0.002180 0.003012 -0.134024 0.999993 0.003219 -0.002147 0.000003 0.000492 0.000121 -0.000001 1.560783 1.577247 0.000284 -0.000821 0.999979 0.001688 -0.006203 0.000014 -0.000380 0.000094 -0.000010 1.565792 1.589517 -0.000002 -0.000578 0.999984 0.004045 -0.003847 0.000000 0.000273 0.000090 0.000001 1.558671 1.582344 -0.000130 -0.000417 0.999991 0.003135 -0.002854 0.000001 0.000159 0.000187 0.000002 1.561380 1.579383 -0.000099 -0.000418 7.428332 0.000003 -0.000008 0.000000 7.435014 -0.000006 0.000004 0.000000 7.436297 0.000002 0.000003 0.000000 7.429494 -0.000000 0.000004 0.000000 7.420000
-11.344045 -41.005989 22.170364 0.986130 0.005582 -0.005450 -0.165789 -0.470867 -0.353892 0.354162 0.002156 0.003004 -0.134385 0.999993 0.003221 -0.002146 0.000003 0.000485 0.000180 -0.000001 1.560786 1.577239 0.000324 -0.000825 0.999979 0.001686 -0.006202 0.000014 -0.000390 0.000149 -0.000010 1.565792 1.589511 -0.000005 -0.000599 0.999984 0.004046 -0.003846 0.000000 0.000226 0.000138 0.000001 1.558670 1.582340 -0.000124 -0.000424 0.999991 0.003135 -0.002853 0.000001 0.000137 0.000209 0.000002 1.561379 1.579379 -0.000094 -0.000425 7.425104 0.000003 -0.000003 0.000000 7.431744 -0.000006 0.000005 0.000000 7.433047 0.000001 0.000004 0.000000 7.426274 -0.000001 0.000004 0.000000 7.430000
-11.348744 -41.009521 22.173901 0.986019 0.005587 -0.005437 -0.166451 -0.471755 -0.354622 0.355452 0.002131 0.002997 -0.134747 0.999993 0.003224 -0.002145 0.000003 0.000478 0.000270 -0.000001 1.560790 1.577231 0.000362 -0.000828 0.999979 0.001684 -0.006201 0.000014 -0.000400 0.000204 -0.000010 1.565792 1.589505 -0.000008 -0.000619 0.999984 0.004047 -0.003845 0.000000 0.000179 0.000186 0.000001 1.558668 1.582335 -0.000119 -0.000430 0.999991 0.003136 -0.002852 0.000001 0.000116 0.000230 0.000002 1.561379 1.579375 -0.000088 -0.000432 7.421891 0.000003 -0.000000 0.000000 7.428491 -0.000006 0.000006 0.000000 7.429813 0.000001 0.000004 0.000000 7.423071 -0.000001 0.000005 0.000000 7.440000
-11.353451 -41.013060 22.177450 0.985907 0.005591 -0.005425 -0.167114 -0.472642 -0.355351 0.356678 0.002106 0.002988 -0.135110 0.999992 0.003226 -0.002143 0.000003 0.000472 0.000372 -0.000001 1.560794 1.577223 0.000399 -0.000831 0.999979 0.001682 -0.006200 0.000014 -0.000410 0.000259 -0.000010 1.565792 1.589498 -0.000009 -0.000638 0.999984 0.004048 -0.003844 0.000000 0.000132 0.000234 0.000001 1.558667 1.582331 -0.000114 -0.000436 0.999991 0.003137 -0.002850 0.000001 0.000094 0.000252 0.000002 1.561378 1.579370 -0.000083 -0.000438 7.418719 0.000003 0.000002 0.000000 7.425278 -0.000006 0.000006 0.000000 7.426620 0.000000 0.000005 0.000000 7.419907 -0.000001 0.000005 0.000000 7.450000
-11.358167 -41.016606 22.181012 0.985794 0.005595 -0.005412 -0.167779 -0.473527 -0.356080 0.357838 0.002081 0.002978 -0.135474 0.999992 0.003228 -0.002141 0.000003 0.000465 0.000479 -0.000000 1.560798 1.577214 0.000435 -0.000833 0.999979 0.001680 -0.006199 0.000014 -0.000420 0.000314 -0.000010 1.565792 1.589492 -0.000011 -0.000657 0.999984 0.004048 -0.003843 0.000000 0.000086 0.000281 0.000002 1.558666 1.582327 -0.000110 -0.000442 0.999991 0.003137 -0.002849 0.000001 0.000073 0.000273 0.000002 1.561377 1.579366 -0.000078 -0.000444 7.415539 0.000003 0.000003 0.000000 7.422058 -0.000006 0.000006 0.000000 7.423419 -0.000000 0.000005 0.000000 7.416737 -0.000001 0.000005 0.000000 7.460000
-11.362892 -41.020159 22.184584 0.985680 0.005599 -0.005400 -0.168445 -0.474410 -0.356807 0.358935 0.002055 0.002968 -0.135838 0.999992 0.003231 -0.002139 0.000003 0.000458 0.000584 -0.000000 1.560802 1.577206 0.000469 -0.000835 0.999979 0.001678 -0.006197 0.000014 -0.000429 0.000368 -0.000011 1.565792 1.589485 -0.000012 -0.000675 0.999984 0.004049 -0.003841 0.000000 0.000040 0.000328 0.000002 1.558665 1.582322 -0.000106 -0.000447 0.999991 0.003137 -0.002848 0.000001 0.000052 0.000294 0.000002 1.561376 1.579362 -0.000073 -0.000449 7.412377 0.000003 0.000003 0.000000 7.418855 -0.000006 0.000007 0.000000 7.420235 -0.000001 0.000006 0.000000 7.413584 -0.000001 0.000005 0.000000 7.470000
-11.367626 -41.023720 22.188167 0.985566 0.005603 -0.005387 -0.169114 -0.475292 -0.357534 0.359968 0.002030 0.002957 -0.136203 0.999992 0.003233 -0.002136 0.000003 0.000452 0.000683 -0.000000 1.560807 1.577198 0.000502 -0.000837 0.999979 0.001676 -0.006195 0.000013 -0.000438 0.000422 -0.000011 1.565791 1.589478 -0.000012 -0.000692 0.999984 0.004049 -0.003840 0.000000 -0.000005 0.000373 0.000002 1.558664 1.582318 -0.000102 -0.000452 0.999991 0.003138 -0.002846 0.000001 0.000030 0.000316 0.000002 1.561375 1.579357 -0.000069 -0.000455 7.409231 0.000003 0.000004 0.000000 7.415669 -0.000006 0.000007 0.000000 7.417069 -0.000001 0.000006 0.000000 7.410448 -0.000001 0.000005 0.000000 7.480000
-11.372368 -41.027287 22.191761 0.985451 0.005607 -0.005375 -0.169784 -0.476171 -0.358259 0.360937 0.002005 0.002946 -0.136570 0.999992 0.003235 -0.002132 0.000003 0.000445 0.000774 -0.000000 1.560812 1.577189 0.000534 -0.000838 0.999979 0.001673 -0.006193 0.000013 -0.000447 0.000476 -0.000011 1.565791 1.589471 -0.000012 -0.000710 0.999984 0.004049 -0.003838 0.000000 -0.000049 0.000418 0.000002 1.558663 1.582313 -0.000099 -0.000457 0.999991 0.003138 -0.002845 0.000001 0.000010 0.000336 0.000002 1.561375 1.579352 -0.000065 -0.000460 7.406104 0.000003 0.000004 0.000000 7.412501 -0.000006 0.000008 0.000000 7.413920 -0.000001 0.000006 0.000000 7.407330 -0.000002 0.000006 0.000000 7.490000
-11.377119 -41.030862 22.195363 0.985335 0.005610 -0.005362 -0.170456 -0.477049 -0.358983 0.361843 0.001979 0.002934 -0.136937 0.999992 0.003237 -0.002128 0.000003 0.000438 0.000858 -0.000000 1.560818 1.577181 0.000564 -0.000840 0.999979 0.001671 -0.006190 0.000013 -0.000456 0.000530 -0.000011 1.565791 1.589464 -0.000011 -0.000726 0.999984 0.004048 -0.003836 0.000000 -0.000092 0.000463 0.000002 1.558662 1.582309 -0.000095 -0.000462 0.999991 0.003138 -0.002843 0.000001 -0.000011 0.000357 0.000002 1.561374 1.579348 -0.000061 -0.000465 7.402994 0.000003 0.000004 0.000000 7.409350 -0.000006 0.000008 0.000000 7.410789 -0.000002 0.000007 0.000000 7.404231 -0.000002 0.000006 0.000000 7.500000
-11.381879 -41.034445 22.198975 0.985218 0.005614 -0.005350 -0.171129 -0.477925 -0.359707 0.362687 0.001954 0.002921 -0.137304 0.999992 0.003240 -0.002123 0.000003 0.000431 0.000933 -0.000000 1.560824 1.577173 0.000593 -0.000843 0.999979 0.001669 -0.006188 0.000013 -0.000464 0.000582 -0.000011 1.565791 1.589457 -0.000010 -0.000743 0.999984 0.004048 -0.003833 0.000000 -0.000134 0.000506 0.000002 1.558661 1.582304 -0.000091 -0.000467 0.999991 0.003138 -0.002841 0.000001 -0.000032 0.000378 0.000002 1.561374 1.579343 -0.000056 -0.000470 7.399903 0.000003 0.000004 -0.000000 7.406219 -0.000006 0.000009 0.000000 7.407676 -0.000002 0.000007 0.000000 7.401149 -0.000002 0.000006 0.000000 7.510000
-11.386648 -41.038034 22.202594 0.985101 0.005617 -0.005338 -0.171805 -0.478800 -0.360429 0.363468 0.001928 0.002908 -0.137673 0.999993 0.003242 -0.002119 0.000003 0.000425 0.000999 -0.000000 1.560830 1.577164 0.000620 -0.000846 0.999979 0.001667 -0.006184 0.000013 -0.000472 0.000635 -0.000011 1.565791 1.589450 -0.000008 -0.000759 0.999984 0.004047 -0.003830 0.000000 -0.000175 0.000548 0.000002 1.558660 1.582299 -0.000088 -0.000472 0.999991 0.003137 -0.002839 0.000001 -0.000052 0.000398 0.000002 1.561373 1.579338 -0.000053 -0.000475 7.396831 0.000003 0.000004 -0.000000 7.403105 -0.000006 0.000009 0.000000 7.404582 -0.000002 0.000007 0.000000 7.398087 -0.000002 0.000006 0.000000 7.520000
-11.391425 -41.041631 22.206221 0.984982 0.005620 -0.005326 -0.172482 -0.479672 -0.361150 0.364188 0.001903 0.002894 -0.138043 0.999993 0.003244 -0.002113 0.000003 0.000418 0.001057 -0.000000 1.560836 1.577156 0.000646 -0.000849 0.999980 0.001664 -0.006181 0.000013 -0.000480 0.000686 -0.000011 1.565791 1.589442 -0.000005 -0.000775 0.999984 0.004046 -0.003828 0.000000 -0.000215 0.000588 0.000002 1.558659 1.582295 -0.000084 -0.000477 0.999991 0.003137 -0.002837 0.000001 -0.000072 0.000418 0.000002 1.561373 1.579334 -0.000049 -0.000480 7.393778 0.000003 0.000003 -0.000000 7.400011 -0.000006 0.000010 0.000000 7.401507 -0.000003 0.000008 0.000000 7.395044 -0.000002 0.000006 0.000000 7.530000
-11.396211 -41.045235 22.209859 0.984863 0.005623 -0.005314 -0.173160 -0.480553 -0.361878 0.365676 0.001875 0.002873 -0.138416 0.999993 0.003246 -0.002109 0.000003 0.000511 0.000670 -0.000001 1.560842 1.577147 0.000673 -0.000854 0.999980 0.001662 -0.006179 0.000013 -0.000354 0.000251 -0.000010 1.565791 1.589434 -0.000001 -0.000796 0.999984 0.004046 -0.003826 0.000000 0.000135 0.000238 0.000001 1.558659 1.582290 -0.000077 -0.000486 0.999991 0.003137 -0.002836 0.000001 0.000159 0.000191 0.000002 1.561372 1.579329 -0.000042 -0.000488 7.431863 0.000004 -0.000050 -0.000000 7.438471 -0.000003 -0.000027 0.000001 7.439961 0.000027 -0.000022 0.000000 7.433233 0.000008 -0.000004 0.000000 7.540000
-11.401006 -41.048846 22.213511 0.984743 0.005626 -0.005302 -0.173841 -0.481431 -0.362605 0.367097 0.001848 0.002851 -0.138791 0.999993 0.003249 -0.002107 0.000003 0.000504 0.000324 -0.000001 1.560849 1.577139 0.000699 -0.000860 0.999980 0.001660 -0.006178 0.000013 -0.000356 0.000096 -0.000009 1.565791 1.589426 0.000004 -0.000816 0.999984 0.004047 -0.003825 0.000000 0.000258 0.000117 0.000001 1.558658 1.582285 -0.000070 -0.000494 0.999991 0.003138 -0.002835 0.000001 0.000179 0.000171 0.000002 1.561372 1.579324 -0.000036 -0.000494 7.428510 0.000003 -0.000029 0.000000 7.435076 -0.000005 -0.000002 0.000000 7.436586 0.000007 -0.000002 0.000000 7.429891 0.000000 0.000004 0.000000 7.550000
-11.405810 -41.052464 22.217178 0.984623 0.005629 -0.005291 -0.174523 -0.482308 -0.363330 0.368450 0.001821 0.002829 -0.139166 0.999992 0.003251 -0.002105 0.000003 0.000496 0.000197 -0.000001 1.560856 1.577130 0.000723 -0.000865 0.999980 0.001659 -0.006177 0.000013 -0.000364 0.000116 -0.000009 1.565791 1.589418 0.000009 -0.000835 0.999984 0.004048 -0.003824 0.000000 0.000240 0.000135 0.000001 1.558657 1.582280 -0.000064 -0.000501 0.999991 0.003139 -0.002834 0.000001 0.000158 0.000192 0.000002 1.561371 1.579319 -0.000031 -0.000501 7.425174 0.000003 -0.000014 0.000000 7.431697 -0.000005 0.000004 0.000000 7.433226 0.000002 0.000003 0.000000 7.426566 -0.000001 0.000004 0.000000 7.560000
-11.410622 -41.056089 22.220857 0.984501 0.005632 -0.005279 -0.175207 -0.483182 -0.364055 0.369736 0.001794 0.002807 -0.139543 0.999992 0.003254 -0.002104 0.000003 0.000489 0.000192 -0.000001 1.560864 1.577122 0.000745 -0.000870 0.999980 0.001657 -0.006177 0.000013 -0.000372 0.000170 -0.000009 1.565791 1.589409 0.000015 -0.000853 0.999984 0.004049 -0.003823 0.000000 0.000197 0.000180 0.000002 1.558657 1.582275 -0.000058 -0.000508 0.999991 0.003140 -0.002833 0.000001 0.000135 0.000215 0.000002 1.561371 1.579314 -0.000025 -0.000507 7.421855 0.000003 -0.000006 0.000000 7.428335 -0.000005 0.000006 0.000000 7.429883 0.000001 0.000004 0.000000 7.423257 -0.000001 0.000005 0.000000 7.570000
-11.415443 -41.059722 22.224549 0.984379 0.005635 -0.005268 -0.175893 -0.484055 -0.364778 0.370955 0.001767 0.002784 -0.139920 0.999992 0.003256 -0.002103 0.000003 0.000481 0.000249 -0.000000 1.560871 1.577113 0.000766 -0.000873 0.999980 0.001655 -0.006176 0.000013 -0.000380 0.000229 -0.000009 1.565791 1.589401 0.000021 -0.000870 0.999984 0.004050 -0.003822 0.000000 0.000149 0.000228 0.000002 1.558656 1.582270 -0.000053 -0.000514 0.999991 0.003140 -0.002832 0.000001 0.000112 0.000238 0.000002 1.561371 1.579309 -0.000021 -0.000513 7.418553 0.000003 -0.000002 0.000000 7.424990 -0.000005 0.000007 0.000000 7.426557 0.000000 0.000005 0.000000 7.419965 -0.000001 0.000005 0.000000 7.580000
-11.420273 -41.063362 22.228253 0.984256 0.005637 -0.005257 -0.176580 -0.484926 -0.365500 0.372107 0.001740 0.002761 -0.140298 0.999992 0.003258 -0.002102 0.000003 0.000473 0.000337 -0.000000 1.560879 1.577104 0.000785 -0.000876 0.999980 0.001653 -0.006174 0.000013 -0.000388 0.000289 -0.000009 1.565792 1.589392 0.000028 -0.000886 0.999984 0.004051 -0.003821 0.000000 0.000102 0.000276 0.000002 1.558656 1.582265 -0.000048 -0.000520 0.999991 0.003141 -0.002830 0.000001 0.000089 0.000261 0.000002 1.561371 1.579304 -0.000016 -0.000518 7.415269 0.000003 0.000001 0.000000 7.421663 -0.000005 0.000007 0.000000 7.423249 -0.000000 0.000006 0.000000 7.416691 -0.000001 0.000005 0.000000 7.590000
-11.425112 -41.067009 22.231967 0.984132 0.005640 -0.005246 -0.177270 -0.485795 -0.366221 0.373192 0.001713 0.002738 -0.140677 0.999992 0.003261 -0.002100 0.000003 0.000466 0.000437 -0.000000 1.560887 1.577095 0.000802 -0.000879 0.999980 0.001651 -0.006173 0.000013 -0.000395 0.000349 -0.000009 1.565792 1.589383 0.000035 -0.000901 0.999984 0.004051 -0.003820 0.000000 0.000054 0.000324 0.000002 1.558655 1.582259 -0.000044 -0.000526 0.999991 0.003141 -0.002829 0.000001 0.000067 0.000284 0.000002 1.561371 1.579299 -0.000012 -0.000523 7.412003 0.000003 0.000002 0.000000 7.418354 -0.000005 0.000008 0.000000 7.419959 -0.000001 0.000006 0.000000 7.413435 -0.000002 0.000005 0.000000 7.600000
-11.429959 -41.070664 22.235693 0.984008 0.005642 -0.005235 -0.177961 -0.486663 -0.366941 0.374212 0.001687 0.002715 -0.141057 0.999992 0.003263 -0.002097 0.000003 0.000458 0.000540 -0.000000 1.560895 1.577087 0.000818 -0.000881 0.999980 0.001649 -0.006171 0.000013 -0.000402 0.000409 -0.000009 1.565792 1.589374 0.000043 -0.000915 0.999985 0.004051 -0.003818 0.000000 0.000008 0.000371 0.000002 1.558655 1.582254 -0.000040 -0.000531 0.999991 0.003141 -0.002827 0.000001 0.000044 0.000307 0.000002 1.561370 1.579293 -0.000008 -0.000528 7.408755 0.000003 0.000003 0.000000 7.415064 -0.000005 0.000008 0.000000 7.416687 -0.000001 0.000006 0.000000 7.410198 -0.000002 0.000006 0.000000 7.610000
-11.434814 -41.074325 22.239428 0.983882 0.005644 -0.005224 -0.178653 -0.487528 -0.367660 0.375166 0.001661 0.002691 -0.141438 0.999992 0.003265 -0.002095 0.000003 0.000450 0.000641 -0.000000 1.560903 1.577078 0.000832 -0.000883 0.999980 0.001647 -0.006169 0.000013 -0.000409 0.000469 -0.000009 1.565793 1.589365 0.000050 -0.000929 0.999985 0.004051 -0.003816 0.000000 -0.000038 0.000418 0.000002 1.558654 1.582249 -0.000036 -0.000537 0.999991 0.003142 -0.002826 0.000001 0.000021 0.000329 0.000002 1.561370 1.579288 -0.000004 -0.000532 7.405550 0.000003 0.000004 0.000000 7.411816 -0.000005 0.000009 0.000000 7.413458 -0.000002 0.000007 0.000000 7.407003 -0.000002 0.000006 0.000000 7.620000
-11.439679 -41.077994 22.243172 0.983756 0.005646 -0.005213 -0.179348 -0.488392 -0.368377 0.376055 0.001635 0.002668 -0.141819 0.999992 0.003268 -0.002091 0.000003 0.000442 0.000737 -0.000000 1.560912 1.577069 0.000844 -0.000885 0.999980 0.001645 -0.006166 0.000013 -0.000416 0.000527 -0.000009 1.565793 1.589356 0.000059 -0.000942 0.999985 0.004051 -0.003814 0.000000 -0.000083 0.000464 0.000002 1.558654 1.582244 -0.000032 -0.000542 0.999991 0.003142 -0.002824 0.000001 -0.000001 0.000352 0.000002 1.561370 1.579283 -0.000001 -0.000537 7.402341 0.000003 0.000005 0.000000 7.408563 -0.000005 0.000009 0.000000 7.410224 -0.000002 0.000007 0.000000 7.403803 -0.000002 0.000006 0.000000 7.630000
-11.444552 -41.081670 22.246925 0.983628 0.005648 -0.005203 -0.180044 -0.489253 -0.369094 0.376880 0.001609 0.002644 -0.142202 0.999992 0.003270 -0.002087 0.000003 0.000434 0.000826 -0.000000 1.560920 1.577060 0.000854 -0.000887 0.999980 0.001643 -0.006164 0.000013 -0.000423 0.000586 -0.000009 1.565794 1.589346 0.000068 -0.000955 0.999985 0.004050 -0.003811 0.000000 -0.000127 0.000508 0.000002 1.558654 1.582238 -0.000029 -0.000546 0.999991 0.003142 -0.002822 0.000001 -0.000024 0.000374 0.000002 1.561370 1.579277 0.000002 -0.000541 7.399150 0.000003 0.000005 0.000000 7.405329 -0.000005 0.000010 0.000000 7.407009 -0.000002 0.000007 0.000000 7.400622 -0.000002 0.000006 0.000000 7.640000
-11.449433 -41.085353 22.250686 0.983500 0.005650 -0.005192 -0.180743 -0.490113 -0.369809 0.377640 0.001584 0.002621 -0.142586 0.999992 0.003272 -0.002083 0.000003 0.000426 0.000907 -0.000000 1.560929 1.577051 0.000863 -0.000889 0.999980 0.001641 -0.006160 0.000013 -0.000429 0.000644 -0.000009 1.565795 1.589337 0.000077 -0.000967 0.999985 0.004050 -0.003809 0.000000 -0.000170 0.000552 0.000002 1.558653 1.582233 -0.000025 -0.000551 0.999991 0.003141 -0.002820 0.000001 -0.000046 0.000396 0.000002 1.561370 1.579272 0.000005 -0.000545 7.395980 0.000002 0.000005 -0.000000 7.402115 -0.000005 0.000010 0.000000 7.403814 -0.000003 0.000008 0.000000 7.397461 -0.000002 0.000006 0.000000 7.650000
-11.454323 -41.089043 22.254454 0.983372 0.005651 -0.005182 -0.181443 -0.490971 -0.370523 0.378336 0.001560 0.002597 -0.142970 0.999992 0.003274 -0.002078 0.000003 0.000418 0.000979 -0.000000 1.560937 1.577042 0.000870 -0.000892 0.999980 0.001639 -0.006157 0.000013 -0.000436 0.000702 -0.000009 1.565795 1.589327 0.000087 -0.000978 0.999985 0.004049 -0.003806 0.000000 -0.000212 0.000595 0.000002 1.558653 1.582227 -0.000022 -0.000556 0.999991 0.003141 -0.002818 0.000001 -0.000068 0.000418 0.000002 1.561370 1.579267 0.000008 -0.000548 7.392829 0.000002 0.000004 -0.000000 7.398922 -0.000005 0.000011 0.000000 7.400638 -0.000003 0.000008 0.000000 7.394320 -0.000003 0.000007 0.000000 7.660000
-11.459222 -41.092740 22.258229 0.983242 0.005653 -0.005172 -0.182144 -0.491827 -0.371236 0.378969 0.001535 0.002574 -0.143355 0.999992 0.003276 -0.002073 0.000003 0.000410 0.001042 -0.000000 1.560946 1.577034 0.000875 -0.000895 0.999980 0.001636 -0.006153 0.000013 -0.000442 0.000759 -0.000009 1.565796 1.589317 0.000097 -0.000990 0.999985 0.004047 -0.003803 0.000000 -0.000253 0.000636 0.000002 1.558653 1.582222 -0.000018 -0.000561 0.999991 0.003141 -0.002816 0.000001 -0.000089 0.000439 0.000002 1.561371 1.579261 0.000011 -0.000552 7.389699 0.000002 0.000004 -0.000000 7.395748 -0.000005 0.000011 0.000000 7.397483 -0.000003 0.000008 0.000000 7.391198 -0.000003 0.000007 0.000000 7.670000
-11.464129 -41.096444 22.262014 0.983111 0.005654 -0.005162 -0.182848 -0.492691 -0.371955 0.380369 0.001509 0.002543 -0.143745 0.999992 0.003278 -0.002069 0.000003 0.000500 0.000664 -0.000001 1.560955 1.577025 0.000882 -0.000900 0.999980 0.001634 -0.006151 0.000013 -0.000313 0.000333 -0.000008 1.565797 1.589307 0.000109 -0.001006 0.999985 0.004047 -0.003800 0.000000 0.000096 0.000289 0.000002 1.558653 1.582216 -0.000011 -0.000569 0.999991 0.003141 -0.002815 0.000001 0.000139 0.000215 0.000002 1.561371 1.579255 0.000016 -0.000558 7.427697 0.000003 -0.000048 -0.000000 7.434124 -0.000002 -0.000025 0.000001 7.435855 0.000026 -0.000021 0.000000 7.429308 0.000008 -0.000004 0.000000 7.680000
-11.469045 -41.100156 22.265812 0.982980 0.005656 -0.005153 -0.183553 -0.493552 -0.372673 0.381701 0.001483 0.002513 -0.144136 0.999992 0.003281 -0.002066 0.000003 0.000492 0.000328 -0.000001 1.560963 1.577016 0.000886 -0.000905 0.999980 0.001633 -0.006149 0.000013 -0.000314 0.000186 -0.000007 1.565798 1.589297 0.000121 -0.001021 0.999985 0.004048 -0.003799 0.000000 0.000217 0.000169 0.000002 1.558653 1.582210 -0.000004 -0.000577 0.999991 0.003142 -0.002814 0.000001 0.000158 0.000197 0.000002 1.561371 1.579250 0.000021 -0.000563 7.424271 0.000003 -0.000027 0.000000 7.430652 -0.000004 -0.000000 0.000000 7.432402 0.000006 -0.000001 0.000000 7.425891 -0.000000 0.000004 0.000000 7.690000
-11.473969 -41.103875 22.269623 0.982848 0.005657 -0.005143 -0.184261 -0.494412 -0.373390 0.382963 0.001458 0.002483 -0.144527 0.999992 0.003283 -0.002065 0.000003 0.000483 0.000208 -0.000001 1.560972 1.577007 0.000889 -0.000910 0.999980 0.001631 -0.006148 0.000013 -0.000321 0.000211 -0.000007 1.565800 1.589287 0.000133 -0.001035 0.999985 0.004049 -0.003798 0.000000 0.000199 0.000188 0.000002 1.558653 1.582204 0.000002 -0.000584 0.999991 0.003142 -0.002813 0.000001 0.000136 0.000220 0.000002 1.561371 1.579244 0.000025 -0.000569 7.420863 0.000003 -0.000013 0.000000 7.427197 -0.000004 0.000006 0.000000 7.428966 0.000001 0.000004 0.000000 7.422491 -0.000001 0.000005 0.000000 7.700000
-11.478902 -41.107600 22.273447 0.982715 0.005658 -0.005134 -0.184970 -0.495269 -0.374106 0.384156 0.001433 0.002453 -0.144919 0.999992 0.003286 -0.002064 0.000003 0.000474 0.000209 -0.000001 1.560981 1.576997 0.000890 -0.000914 0.999980 0.001630 -0.006147 0.000013 -0.000327 0.000271 -0.000007 1.565801 1.589276 0.000146 -0.001048 0.999985 0.004050 -0.003797 0.000000 0.000155 0.000233 0.000002 1.558653 1.582199 0.000007 -0.000591 0.999991 0.003143 -0.002811 0.000001 0.000111 0.000245 0.000002 1.561371 1.579239 0.000029 -0.000573 7.417473 0.000003 -0.000005 0.000000 7.423761 -0.000004 0.000008 0.000000 7.425549 0.000000 0.000005 0.000000 7.419109 -0.000001 0.000005 0.000000 7.710000
-11.483844 -41.111333 22.277282 0.982581 0.005659 -0.005125 -0.185681 -0.496125 -0.374820 0.385280 0.001409 0.002424 -0.145312 0.999992 0.003288 -0.002063 0.000002 0.000466 0.000271 -0.000001 1.560990 1.576988 0.000889 -0.000917 0.999980 0.001628 -0.006146 0.000013 -0.000334 0.000335 -0.000007 1.565803 1.589266 0.000159 -0.001060 0.999985 0.004050 -0.003796 0.000000 0.000106 0.000282 0.000002 1.558653 1.582193 0.000012 -0.000597 0.999991 0.003143 -0.002810 0.000001 0.000086 0.000269 0.000002 1.561372 1.579233 0.000033 -0.000577 7.414101 0.000003 -0.000001 0.000000 7.420344 -0.000004 0.000008 0.000000 7.422150 -0.000001 0.000006 0.000000 7.415746 -0.000002 0.000006 0.000000 7.720000
-11.488794 -41.115073 22.281128 0.982446 0.005660 -0.005116 -0.186393 -0.496979 -0.375533 0.386337 0.001385 0.002395 -0.145706 0.999992 0.003290 -0.002061 0.000002 0.000457 0.000363 -0.000000 1.560999 1.576979 0.000887 -0.000919 0.999980 0.001626 -0.006144 0.000013 -0.000340 0.000400 -0.000007 1.565804 1.589255 0.000172 -0.001071 0.999985 0.004051 -0.003794 0.000000 0.000058 0.000331 0.000002 1.558653 1.582187 0.000017 -0.000603 0.999991 0.003144 -0.002809 0.000001 0.000062 0.000294 0.000002 1.561372 1.579227 0.000036 -0.000581 7.410749 0.000002 0.000002 0.000000 7.416946 -0.000004 0.000009 0.000000 7.418770 -0.000001 0.000006 0.000000 7.412401 -0.000002 0.000006 0.000000 7.730000
-11.493752 -41.118820 22.284984 0.982310 0.005661 -0.005107 -0.187108 -0.497831 -0.376245 0.387326 0.001362 0.002366 -0.146101 0.999992 0.003293 -0.002059 0.000002 0.000448 0.000467 -0.000000 1.561008 1.576970 0.000882 -0.000921 0.999980 0.001625 -0.006142 0.000013 -0.000347 0.000465 -0.000007 1.565806 1.589245 0.000186 -0.001081 0.999985 0.004051 -0.003793 0.000000 0.000010 0.000380 0.000002 1.558653 1.582181 0.000021 -0.000609 0.999991 0.003144 -0.002807 0.000001 0.000038 0.000318 0.000002 1.561372 1.579221 0.000039 -0.000585 7.407416 0.000002 0.000004 0.000000 7.413567 -0.000004 0.000010 0.000000 7.415409 -0.000001 0.000007 0.000000 7.409076 -0.000002 0.000006 0.000000 7.740000
-11.498719 -41.122575 22.288850 0.982173 0.005661 -0.005098 -0.187824 -0.498680 -0.376956 0.388248 0.001339 0.002338 -0.146497 0.999992 0.003295 -0.002057 0.000002 0.000439 0.000574 -0.000000 1.561016 1.576961 0.000876 -0.000923 0.999980 0.001623 -0.006139 0.000012 -0.000353 0.000530 -0.000007 1.565808 1.589234 0.000199 -0.001090 0.999985 0.004051 -0.003791 0.000000 -0.000037 0.000427 0.000002 1.558653 1.582175 0.000025 -0.000614 0.999991 0.003144 -0.002806 0.000001 0.000013 0.000342 0.000002 1.561373 1.579215 0.000041 -0.000588 7.404104 0.000002 0.000005 0.000000 7.410208 -0.000004 0.000010 0.000000 7.412069 -0.000002 0.000007 0.000000 7.405770 -0.000002 0.000006 0.000000 7.750000
-11.503695 -41.126336 22.292725 0.982036 0.005662 -0.005090 -0.188542 -0.499528 -0.377665 0.389102 0.001317 0.002310 -0.146893 0.999992 0.003297 -0.002053 0.000002 0.000430 0.000677 -0.000000 1.561025 1.576952 0.000868 -0.000924 0.999980 0.001621 -0.006136 0.000012 -0.000359 0.000595 -0.000007 1.565810 1.589223 0.000213 -0.001099 0.999985 0.004051 -0.003788 0.000000 -0.000084 0.000475 0.000002 1.558654 1.582168 0.000029 -0.000619 0.999991 0.003144 -0.002804 0.000001 -0.000011 0.000366 0.000002 1.561373 1.579210 0.000044 -0.000591 7.400811 0.000002 0.000005 0.000000 7.406869 -0.000004 0.000011 0.000000 7.408748 -0.000002 0.000007 0.000000 7.402483 -0.000003 0.000007 0.000000 7.760000
-11.508679 -41.130104 22.296608 0.981897 0.005662 -0.005081 -0.189262 -0.500374 -0.378373 0.389891 0.001296 0.002283 -0.147291 0.999992 0.003299 -0.002050 0.000002 0.000421 0.000775 -0.000000 1.561034 1.576942 0.000859 -0.000926 0.999980 0.001619 -0.006133 0.000012 -0.000365 0.000658 -0.000007 1.565812 1.589212 0.000227 -0.001107 0.999985 0.004050 -0.003786 0.000000 -0.000130 0.000521 0.000002 1.558654 1.582162 0.000032 -0.000623 0.999991 0.003144 -0.002802 0.000001 -0.000035 0.000390 0.000002 1.561374 1.579204 0.000046 -0.000594 7.397539 0.000002 0.000005 0.000000 7.403550 -0.000004 0.000012 0.000000 7.405447 -0.000003 0.000008 0.000000 7.399217 -0.000003 0.000007 0.000000 7.770000
-11.513671 -41.133880 22.300498 0.981758 0.005663 -0.005073 -0.189984 -0.501218 -0.379080 0.390613 0.001275 0.002257 -0.147689 0.999992 0.003301 -0.002046 0.000002 0.000412 0.000866 -0.000000 1.561042 1.576933 0.000848 -0.000927 0.999980 0.001617 -0.006130 0.000012 -0.000371 0.000722 -0.000007 1.565815 1.589201 0.000241 -0.001114 0.999985 0.004049 -0.003783 0.000000 -0.000175 0.000566 0.000002 1.558654 1.582156 0.000036 -0.000628 0.999991 0.003144 -0.002800 0.000001 -0.000059 0.000414 0.000002 1.561374 1.579198 0.000047 -0.000597 7.394312 0.000002 0.000006 -0.000000 7.400277 -0.000004 0.000012 0.000000 7.402192 -0.000003 0.000008 0.000000 7.395996 -0.000003 0.000007 0.000000 7.780000
-11.518672 -41.137662 22.304395 0.981617 0.005663 -0.005065 -0.190708 -0.502060 -0.379786 0.391271 0.001255 0.002231 -0.148088 0.999992 0.003303 -0.002041 0.000002 0.000402 0.000949 -0.000000 1.561051 1.576924 0.000835 -0.000929 0.999980 0.001616 -0.006126 0.000012 -0.000376 0.000784 -0.000007 1.565817 1.589190 0.000256 -0.001121 0.999985 0.004048 -0.003780 0.000000 -0.000218 0.000610 0.000002 1.558655 1.582150 0.000039 -0.000633 0.999991 0.003144 -0.002798 0.000001 -0.000082 0.000437 0.000002 1.561375 1.579192 0.000049 -0.000599 7.391082 0.000002 0.000006 -0.000000 7.397000 -0.000004 0.000012 0.000000 7.398933 -0.000003 0.000008 0.000000 7.392771 -0.000003 0.000007 0.000000 7.790000
-11.523681 -41.141452 22.308298 0.981476 0.005663 -0.005057 -0.191434 -0.502900 -0.380490 0.391863 0.001236 0.002206 -0.148488 0.999992 0.003305 -0.002036 0.000002 0.000393 0.001024 -0.000000 1.561059 1.576915 0.000821 -0.000931 0.999980 0.001614 -0.006122 0.000012 -0.000382 0.000846 -0.000007 1.565820 1.589178 0.000270 -0.001128 0.999985 0.004047 -0.003777 0.000000 -0.000261 0.000653 0.000002 1.558655 1.582143 0.000043 -0.000637 0.999991 0.003143 -0.002796 0.000001 -0.000105 0.000461 0.000002 1.561375 1.579186 0.000051 -0.000601 7.387873 0.000002 0.000006 -0.000000 7.393744 -0.000005 0.000013 0.000000 7.395695 -0.000003 0.000009 0.000000 7.389567 -0.000003 0.000007 0.000000 7.800000
-11.528698 -41.145248 22.312212 0.981334 0.005663 -0.005050 -0.192161 -0.503747 -0.381201 0.393220 0.001215 0.002174 -0.148892 0.999992 0.003307 -0.002032 0.000002 0.000480 0.000660 -0.000001 1.561067 1.576905 0.000807 -0.000935 0.999980 0.001612 -0.006119 0.000012 -0.000253 0.000429 -0.000005 1.565822 1.589167 0.000286 -0.001139 0.999985 0.004047 -0.003775 0.000000 0.000086 0.000309 0.000002 1.558656 1.582137 0.000049 -0.000645 0.999991 0.003143 -0.002794 0.000001 0.000121 0.000240 0.000002 1.561376 1.579180 0.000055 -0.000606 7.425779 0.000003 -0.000047 -0.000000 7.432028 -0.000002 -0.000023 0.000001 7.433979 0.000026 -0.000020 0.000000 7.427588 0.000007 -0.000003 0.000000 7.810000
-11.533724 -41.149052 22.316138 0.981191 0.005664 -0.005042 -0.192890 -0.504593 -0.381911 0.394507 0.001195 0.002143 -0.149297 0.999992 0.003310 -0.002030 0.000002 0.000471 0.000337 -0.000001 1.561075 1.576896 0.000792 -0.000939 0.999980 0.001611 -0.006117 0.000012 -0.000253 0.000289 -0.000004 1.565825 1.589156 0.000302 -0.001150 0.999985 0.004047 -0.003773 0.000000 0.000205 0.000192 0.000002 1.558656 1.582130 0.000056 -0.000653 0.999991 0.003144 -0.002793 0.000001 0.000138 0.000224 0.000002 1.561376 1.579174 0.000058 -0.000610 7.422277 0.000002 -0.000026 0.000000 7.428476 -0.000003 0.000002 0.000000 7.430445 0.000006 -0.000000 0.000000 7.424090 -0.000001 0.000005 0.000000 7.820000
-11.538758 -41.152863 22.320077 0.981047 0.005664 -0.005035 -0.193621 -0.505436 -0.382619 0.395724 0.001176 0.002113 -0.149703 0.999992 0.003312 -0.002028 0.000002 0.000461 0.000227 -0.000001 1.561083 1.576887 0.000775 -0.000943 0.999980 0.001610 -0.006116 0.000012 -0.000260 0.000320 -0.000004 1.565828 1.589144 0.000319 -0.001159 0.999985 0.004048 -0.003772 0.000000 0.000185 0.000213 0.000002 1.558657 1.582124 0.000061 -0.000659 0.999991 0.003144 -0.002792 0.000001 0.000114 0.000248 0.000002 1.561377 1.579168 0.000061 -0.000613 7.418793 0.000002 -0.000011 0.000000 7.424943 -0.000004 0.000008 0.000000 7.426930 0.000001 0.000005 0.000000 7.420609 -0.000002 0.000006 0.000000 7.830000
-11.543801 -41.156680 22.324027 0.980902 0.005663 -0.005028 -0.194355 -0.506277 -0.383326 0.396869 0.001157 0.002084 -0.150109 0.999992 0.003314 -0.002027 0.000002 0.000451 0.000237 -0.000001 1.561090 1.576877 0.000756 -0.000946 0.999980 0.001608 -0.006114 0.000012 -0.000266 0.000384 -0.000004 1.565832 1.589133 0.000335 -0.001168 0.999985 0.004049 -0.003771 0.000000 0.000139 0.000260 0.000002 1.558657 1.582117 0.000066 -0.000666 0.999991 0.003145 -0.002790 0.000001 0.000088 0.000274 0.000002 1.561377 1.579161 0.000064 -0.000617 7.415332 0.000002 -0.000003 0.000000 7.421432 -0.000004 0.000010 0.000000 7.423437 -0.000000 0.000006 0.000000 7.417151 -0.000002 0.000006 0.000000 7.840000
-11.548852 -41.160505 22.327989 0.980756 0.005663 -0.005021 -0.195089 -0.507116 -0.384032 0.397945 0.001139 0.002056 -0.150516 0.999992 0.003316 -0.002026 0.000002 0.000441 0.000307 -0.000001 1.561098 1.576868 0.000736 -0.000948 0.999980 0.001607 -0.006112 0.000012 -0.000273 0.000453 -0.000004 1.565835 1.589121 0.000351 -0.001175 0.999985 0.004050 -0.003770 0.000000 0.000089 0.000310 0.000002 1.558658 1.582111 0.000071 -0.000671 0.999991 0.003145 -0.002789 0.000001 0.000062 0.000300 0.000002 1.561378 1.579155 0.000066 -0.000619 7.411888 0.000002 0.000001 0.000000 7.417938 -0.000004 0.000010 0.000000 7.419961 -0.000001 0.000006 0.000000 7.413709 -0.000002 0.000006 0.000000 7.850000
-11.553912 -41.164337 22.331961 0.980609 0.005663 -0.005014 -0.195826 -0.507954 -0.384736 0.398952 0.001122 0.002029 -0.150924 0.999992 0.003319 -0.002024 0.000002 0.000431 0.000405 -0.000001 1.561105 1.576858 0.000715 -0.000949 0.999980 0.001606 -0.006109 0.000012 -0.000279 0.000522 -0.000004 1.565839 1.589109 0.000367 -0.001181 0.999985 0.004050 -0.003768 0.000000 0.000038 0.000361 0.000002 1.558659 1.582104 0.000075 -0.000676 0.999991 0.003145 -0.002787 0.000001 0.000036 0.000326 0.000002 1.561379 1.579149 0.000068 -0.000622 7.408464 0.000002 0.000004 0.000000 7.414464 -0.000004 0.000011 0.000000 7.416505 -0.000001 0.000007 0.000000 7.410287 -0.000002 0.000006 0.000000 7.860000
-11.558980 -41.168176 22.335943 0.980462 0.005663 -0.005007 -0.196565 -0.508789 -0.385439 0.399889 0.001106 0.002002 -0.151333 0.999992 0.003321 -0.002022 0.000002 0.000421 0.000515 -0.000001 1.561112 1.576849 0.000691 -0.000950 0.999980 0.001604 -0.006107 0.000012 -0.000286 0.000591 -0.000004 1.565842 1.589097 0.000383 -0.001187 0.999985 0.004050 -0.003766 0.000000 -0.000012 0.000411 0.000002 1.558660 1.582097 0.000079 -0.000681 0.999991 0.003146 -0.002786 0.000001 0.000010 0.000352 0.000002 1.561379 1.579143 0.000070 -0.000624 7.405060 0.000002 0.000005 0.000000 7.411011 -0.000004 0.000012 0.000000 7.413069 -0.000002 0.000007 0.000000 7.406885 -0.000003 0.000007 0.000000 7.870000
-11.564056 -41.172022 22.339933 0.980313 0.005662 -0.005001 -0.197306 -0.509622 -0.386141 0.400757 0.001091 0.001977 -0.151742 0.999992 0.003323 -0.002019 0.000002 0.000411 0.000626 -0.000000 1.561119 1.576839 0.000667 -0.000951 0.999980 0.001603 -0.006103 0.000012 -0.000292 0.000660 -0.000004 1.565846 1.589085 0.000398 -0.001192 0.999985 0.004050 -0.003764 0.000000 -0.000061 0.000461 0.000002 1.558660 1.582090 0.000082 -0.000686 0.999991 0.003146 -0.002784 0.000001 -0.000016 0.000377 0.000002 1.561380 1.579137 0.000071 -0.000626 7.401678 0.000002 0.000006 0.000000 7.407578 -0.000004 0.000012 0.000000 7.409654 -0.000002 0.000008 0.000000 7.403503 -0.000003 0.000007 0.000000 7.880000
-11.569140 -41.175875 22.343932 0.980163 0.005662 -0.004994 -0.198048 -0.510453 -0.386842 0.401557 0.001077 0.001953 -0.152152 0.999992 0.003325 -0.002015 0.000002 0.000400 0.000734 -0.000000 1.561125 1.576830 0.000640 -0.000951 0.999980 0.001601 -0.006100 0.000012 -0.000299 0.000728 -0.000004 1.565850 1.589074 0.000414 -0.001196 0.999985 0.004050 -0.003762 0.000000 -0.000110 0.000510 0.000002 1.558661 1.582084 0.000085 -0.000690 0.999991 0.003145 -0.002782 0.000001 -0.000042 0.000403 0.000002 1.561381 1.579130 0.000072 -0.000627 7.398316 0.000002 0.000006 0.000000 7.404167 -0.000004 0.000013 0.000000 7.406260 -0.000003 0.000008 0.000000 7.400142 -0.000003 0.000007 0.000000 7.890000
-11.574233 -41.179734 22.347939 0.980013 0.005662 -0.004988 -0.198792 -0.511282 -0.387541 0.402290 0.001063 0.001930 -0.152563 0.999992 0.003327 -0.002012 0.000002 0.000390 0.000835 -0.000000 1.561132 1.576820 0.000613 -0.000952 0.999980 0.001600 -0.006096 0.000012 -0.000305 0.000796 -0.000004 1.565855 1.589062 0.000430 -0.001200 0.999985 0.004049 -0.003759 0.000000 -0.000157 0.000558 0.000002 1.558662 1.582077 0.000088 -0.000694 0.999991 0.003145 -0.002780 0.000001 -0.000067 0.000428 0.000002 1.561382 1.579124 0.000073 -0.000629 7.394977 0.000001 0.000007 -0.000000 7.400777 -0.000004 0.000014 0.000000 7.402888 -0.000003 0.000009 0.000000 7.396802 -0.000003 0.000007 0.000000 7.900000
-11.579334 -41.183601 22.351953 0.979861 0.005661 -0.004982 -0.199539 -0.512109 -0.388239 0.402955 0.001051 0.001908 -0.152974 0.999992 0.003329 -0.002007 0.000002 0.000380 0.000928 -0.000000 1.561138 1.576811 0.000584 -0.000953 0.999980 0.001598 -0.006092 0.000012 -0.000311 0.000863 -0.000004 1.565859 1.589050 0.000445 -0.001203 0.999985 0.004048 -0.003756 0.000000 -0.000204 0.000605 0.000002 1.558663 1.582070 0.000091 -0.000698 0.999991 0.003145 -0.002778 0.000001 -0.000092 0.000453 0.000002 1.561382 1.579118 0.000074 -0.000630 7.391659 0.000001 0.000007 -0.000000 7.397409 -0.000004 0.000014 0.000000 7.399537 -0.000004 0.000009 0.000000 7.393484 -0.000004 0.000008 0.000000 7.910000
-11.584443 -41.187475 22.355973 0.979708 0.005660 -0.004976 -0.200287 -0.512934 -0.388936 0.403553 0.001039 0.001888 -0.153386 0.999992 0.003331 -0.002002 0.000002 0.000370 0.001012 -0.000000 1.561143 1.576801 0.000553 -0.000954 0.999980 0.001597 -0.006088 0.000012 -0.000317 0.000929 -0.000004 1.565864 1.589038 0.000461 -0.001206 0.999985 0.004047 -0.003753 0.000000 -0.000250 0.000651 0.000002 1.558664 1.582063 0.000094 -0.000702 0.999991 0.003144 -0.002775 0.000001 -0.000117 0.000478 0.000002 1.561383 1.579112 0.000074 -0.000631 7.388364 0.000001 0.000007 -0.000000 7.394064 -0.000004 0.000015 0.000000 7.396209 -0.000004 0.000009 0.000000 7.390187 -0.000004 0.000008 0.000000 7.920000
-11.589561 -41.191356 22.359998 0.979555 0.005660 -0.004970 -0.201037 -0.513758 -0.389631 0.404085 0.001028 0.001869 -0.153799 0.999992 0.003332 -0.001997 0.000002 0.000360 0.001087 -0.000000 1.561149 1.576792 0.000522 -0.000955 0.999980 0.001595 -0.006083 0.000012 -0.000323 0.000995 -0.000004 1.565868 1.589026 0.000476 -0.001209 0.999985 0.004046 -0.003750 0.000000 -0.000294 0.000696 0.000002 1.558665 1.582056 0.000096 -0.000706 0.999991 0.003144 -0.002773 0.000001 -0.000142 0.000502 0.000002 1.561384 1.579105 0.000074 -0.000632 7.385115 0.000001 0.000007 -0.000000 7.390765 -0.000004 0.000015 0.000000 7.392927 -0.000004 0.000009 0.000000 7.386936 -0.000004 0.000008 0.000000 7.930000
-11.594686 -41.195243 22.364029 0.979400 0.005659 -0.004964 -0.201789 -0.514579 -0.390326 0.404551 0.001019 0.001850 -0.154212 0.999992 0.003334 -0.001991 0.000002 0.000350 0.001153 -0.000001 1.561154 1.576782 0.000489 -0.000957 0.999980 0.001593 -0.006078 0.000012 -0.000329 0.001059 -0.000004 1.565873 1.589014 0.000491 -0.001211 0.999985 0.004044 -0.003746 0.000000 -0.000338 0.000739 0.000002 1.558666 1.582049 0.000099 -0.000710 0.999991 0.003143 -0.002770 0.000001 -0.000166 0.000526 0.000002 1.561384 1.579099 0.000075 -0.000633 7.381865 0.000001 0.000006 -0.000000 7.387464 -0.000004 0.000016 0.000000 7.389644 -0.000004 0.000010 0.000000 7.383683 -0.000004 0.000008 0.000000 7.940000
-11.599820 -41.199138 22.368068 0.979245 0.005658 -0.004959 -0.202543 -0.515407 -0.391026 0.405782 0.001008 0.001826 -0.154629 0.999992 0.003336 -0.001987 0.000002 0.000433 0.000784 -0.000001 1.561158 1.576773 0.000457 -0.000961 0.999980 0.001592 -0.006073 0.000012 -0.000202 0.000647 -0.000002 1.565878 1.589001 0.000508 -0.001219 0.999985 0.004043 -0.003743 0.000000 0.000009 0.000397 0.000002 1.558667 1.582042 0.000105 -0.000717 0.999991 0.003143 -0.002768 0.000001 0.000059 0.000307 0.000002 1.561385 1.579093 0.000077 -0.000636 7.419722 0.000002 -0.000046 -0.000000 7.425695 -0.000001 -0.000020 0.000001 7.427879 0.000025 -0.000019 0.000000 7.421653 0.000006 -0.000002 0.000000 7.950000
-11.604962 -41.203039 22.372119 0.979088 0.005658 -0.004953 -0.203298 -0.516233 -0.391726 0.406941 0.000998 0.001803 -0.155047 0.999992 0.003338 -0.001984 0.000002 0.000423 0.000454 -0.000001 1.561163 1.576763 0.000424 -0.000965 0.999980 0.001591 -0.006071 0.000012 -0.000203 0.000511 -0.000002 1.565883 1.588989 0.000524 -0.001226 0.999985 0.004043 -0.003742 0.000000 0.000127 0.000281 0.000002 1.558668 1.582034 0.000111 -0.000724 0.999991 0.003143 -0.002767 0.000001 0.000075 0.000292 0.000002 1.561386 1.579086 0.000080 -0.000639 7.416181 0.000002 -0.000025 0.000000 7.422100 -0.000003 0.000004 0.000000 7.424302 0.000005 0.000001 0.000000 7.418108 -0.000002 0.000006 0.000000 7.960000
-11.610112 -41.206948 22.376181 0.978930 0.005657 -0.004948 -0.204056 -0.517057 -0.392424 0.408029 0.000989 0.001782 -0.155465 0.999992 0.003340 -0.001982 0.000002 0.000412 0.000336 -0.000001 1.561167 1.576754 0.000390 -0.000969 0.999980 0.001590 -0.006068 0.000012 -0.000210 0.000543 -0.000001 1.565888 1.588977 0.000540 -0.001232 0.999985 0.004044 -0.003740 0.000000 0.000106 0.000302 0.000002 1.558669 1.582027 0.000116 -0.000730 0.999991 0.003143 -0.002765 0.000001 0.000050 0.000317 0.000002 1.561387 1.579080 0.000082 -0.000641 7.412660 0.000002 -0.000011 0.000000 7.418526 -0.000003 0.000010 0.000000 7.420745 -0.000000 0.000006 0.000000 7.414583 -0.000002 0.000006 0.000000 7.970000
-11.615271 -41.210863 22.380253 0.978772 0.005656 -0.004942 -0.204816 -0.517879 -0.393121 0.409045 0.000981 0.001762 -0.155884 0.999992 0.003342 -0.001980 0.000002 0.000401 0.000336 -0.000001 1.561171 1.576744 0.000355 -0.000973 0.999980 0.001589 -0.006065 0.000012 -0.000218 0.000609 -0.000001 1.565894 1.588965 0.000555 -0.001237 0.999985 0.004044 -0.003738 0.000000 0.000060 0.000349 0.000002 1.558670 1.582020 0.000121 -0.000736 0.999991 0.003143 -0.002763 0.000001 0.000024 0.000344 0.000002 1.561388 1.579074 0.000084 -0.000643 7.409160 0.000001 -0.000003 0.000000 7.414973 -0.000003 0.000012 0.000000 7.417209 -0.000001 0.000007 0.000000 7.411078 -0.000003 0.000007 0.000000 7.980000
-11.620438 -41.214786 22.384336 0.978612 0.005655 -0.004937 -0.205577 -0.518699 -0.393816 0.409991 0.000974 0.001743 -0.156304 0.999992 0.003344 -0.001978 0.000002 0.000390 0.000396 -0.000001 1.561174 1.576734 0.000318 -0.000975 0.999980 0.001588 -0.006062 0.000012 -0.000225 0.000678 -0.000001 1.565899 1.588952 0.000571 -0.001242 0.999985 0.004045 -0.003737 0.000000 0.000010 0.000399 0.000002 1.558671 1.582012 0.000125 -0.000741 0.999991 0.003143 -0.002762 0.000001 -0.000003 0.000370 0.000002 1.561389 1.579067 0.000085 -0.000645 7.405685 0.000001 0.000001 0.000000 7.411444 -0.000003 0.000013 0.000000 7.413696 -0.000002 0.000007 0.000000 7.407596 -0.000003 0.000007 0.000000 7.990000
-11.625612 -41.218715 22.388427 0.978451 0.005654 -0.004932 -0.206341 -0.519517 -0.394511 0.410866 0.000968 0.001726 -0.156723 0.999992 0.003346 -0.001976 0.000002 0.000380 0.000483 -0.000001 1.561177 1.576724 0.000280 -0.000977 0.999980 0.001587 -0.006058 0.000012 -0.000233 0.000748 -0.000002 1.565905 1.588940 0.000585 -0.001245 0.999985 0.004045 -0.003734 0.000000 -0.000041 0.000450 0.000002 1.558673 1.582005 0.000129 -0.000746 0.999991 0.003143 -0.002760 0.000001 -0.000029 0.000396 0.000002 1.561389 1.579061 0.000086 -0.000646 7.402227 0.000001 0.000004 0.000000 7.407933 -0.000004 0.000013 0.000000 7.410203 -0.000002 0.000008 0.000000 7.404132 -0.000003 0.000007 0.000000 8.000000
-11.630795 -41.222651 22.392527 0.978290 0.005653 -0.004927 -0.207106 -0.520333 -0.395204 0.411672 0.000963 0.001711 -0.157144 0.999992 0.003348 -0.001973 0.000002 0.000369 0.000582 -0.000001 1.561180 1.576715 0.000242 -0.000979 0.999980 0.001586 -0.006054 0.000012 -0.000240 0.000817 -0.000002 1.565911 1.588928 0.000600 -0.001249 0.999985 0.004044 -0.003732 0.000000 -0.000090 0.000500 0.000002 1.558674 1.581998 0.000133 -0.000751 0.999991 0.003143 -0.002758 0.000001 -0.000056 0.000422 0.000002 1.561390 1.579054 0.000087 -0.000647 7.398792 0.000001 0.000005 -0.000000 7.404444 -0.000004 0.000014 0.000000 7.406730 -0.000003 0.000008 0.000000 7.400690 -0.000003 0.000007 0.000000 8.010000
-11.635987 -41.226594 22.396635 0.978127 0.005652 -0.004922 -0.207873 -0.521147 -0.395896 0.412408 0.000959 0.001696 -0.157564 0.999992 0.003350 -0.001970 0.000002 0.000358 0.000683 -0.000001 1.561182 1.576705 0.000202 -0.000981 0.999980 0.001584 -0.006050 0.000012 -0.000248 0.000886 -0.000002 1.565917 1.588915 0.000614 -0.001251 0.999985 0.004044 -0.003730 0.000000 -0.000139 0.000549 0.000002 1.558675 1.581990 0.000136 -0.000755 0.999991 0.003143 -0.002756 0.000001 -0.000082 0.000448 0.000002 1.561391 1.579048 0.000087 -0.000648 7.395379 0.000001 0.000006 -0.000000 7.400978 -0.000004 0.000015 0.000000 7.403280 -0.000003 0.000009 0.000000 7.397269 -0.000004 0.000008 0.000000 8.020000
-11.641186 -41.230544 22.400749 0.977963 0.005651 -0.004918 -0.208643 -0.521959 -0.396586 0.413076 0.000956 0.001684 -0.157986 0.999992 0.003352 -0.001966 0.000002 0.000347 0.000781 -0.000001 1.561184 1.576695 0.000162 -0.000982 0.999980 0.001583 -0.006046 0.000012 -0.000255 0.000954 -0.000002 1.565923 1.588903 0.000628 -0.001254 0.999985 0.004043 -0.003727 0.000000 -0.000187 0.000597 0.000002 1.558677 1.581982 0.000139 -0.000759 0.999991 0.003142 -0.002753 0.000001 -0.000107 0.000473 0.000002 1.561392 1.579041 0.000088 -0.000649 7.391989 0.000001 0.000006 -0.000000 7.397533 -0.000004 0.000015 0.000000 7.399853 -0.000004 0.000009 0.000000 7.393870 -0.000004 0.000008 0.000000 8.030000
-11.646393 -41.234501 22.404870 0.977798 0.005650 -0.004913 -0.209414 -0.522769 -0.397276 0.413675 0.000954 0.001673 -0.158407 0.999992 0.003353 -0.001962 0.000002 0.000336 0.000872 -0.000001 1.561185 1.576685 0.000120 -0.000984 0.999981 0.001582 -0.006041 0.000012 -0.000263 0.001021 -0.000002 1.565930 1.588890 0.000641 -0.001256 0.999985 0.004042 -0.003724 0.000000 -0.000234 0.000644 0.000002 1.558678 1.581975 0.000142 -0.000763 0.999991 0.003142 -0.002751 0.000001 -0.000133 0.000499 0.000002 1.561393 1.579035 0.000088 -0.000650 7.388621 0.000001 0.000007 -0.000000 7.394112 -0.000004 0.000016 0.000000 7.396448 -0.000004 0.000009 0.000000 7.390493 -0.000004 0.000008 0.000000 8.040000
-11.651608 -41.238465 22.408996 0.977633 0.005649 -0.004908 -0.210187 -0.523576 -0.397964 0.414206 0.000954 0.001663 -0.158829 0.999992 0.003355 -0.001958 0.000002 0.000325 0.000956 -0.000001 1.561186 1.576675 0.000078 -0.000985 0.999981 0.001580 -0.006035 0.000012 -0.000270 0.001087 -0.000002 1.565936 1.588878 0.000654 -0.001258 0.999985 0.004041 -0.003720 0.000000 -0.000280 0.000690 0.000002 1.558680 1.581967 0.000144 -0.000767 0.999991 0.003141 -0.002748 0.000001 -0.000158 0.000524 0.000002 1.561394 1.579028 0.000088 -0.000650 7.385277 0.000001 0.000006 -0.000000 7.390714 -0.000004 0.000016 0.000000 7.393066 -0.000004 0.000010 0.000000 7.387139 -0.000004 0.000008 0.000000 8.050000
-11.656832 -41.242436 22.413128 0.977466 0.005648 -0.004904 -0.210962 -0.524382 -0.398651 0.414670 0.000954 0.001656 -0.159251 0.999992 0.003357 -0.001953 0.000002 0.000314 0.001032 -0.000001 1.561187 1.576666 0.000035 -0.000987 0.999981 0.001579 -0.006030 0.000012 -0.000278 0.001152 -0.000002 1.565943 1.588865 0.000667 -0.001260 0.999985 0.004039 -0.003717 0.000000 -0.000325 0.000735 0.000002 1.558681 1.581960 0.000147 -0.000771 0.999991 0.003140 -0.002746 0.000001 -0.000183 0.000548 0.000002 1.561395 1.579022 0.000088 -0.000651 7.381956 0.000001 0.000006 -0.000000 7.387339 -0.000004 0.000017 0.000000 7.389708 -0.000005 0.000010 0.000000 7.383808 -0.000004 0.000008 0.000000 8.060000
-11.662063 -41.246413 22.417264 0.977298 0.005647 -0.004899 -0.211739 -0.525186 -0.399337 0.415066 0.000955 0.001649 -0.159674 0.999992 0.003358 -0.001948 0.000002 0.000303 0.001099 -0.000001 1.561187 1.576656 -0.000009 -0.000990 0.999981 0.001578 -0.006024 0.000012 -0.000286 0.001216 -0.000002 1.565949 1.588852 0.000679 -0.001263 0.999985 0.004037 -0.003713 0.000000 -0.000369 0.000779 0.000002 1.558682 1.581952 0.000150 -0.000775 0.999991 0.003139 -0.002743 0.000001 -0.000207 0.000572 0.000002 1.561395 1.579015 0.000088 -0.000652 7.378683 0.000000 0.000007 -0.000000 7.384013 -0.000004 0.000017 0.000000 7.386398 -0.000005 0.000010 0.000000 7.380524 -0.000004 0.000009 0.000000 8.070000
-11.667303 -41.250397 22.421407 0.977129 0.005646 -0.004895 -0.212518 -0.525996 -0.400029 0.416227 0.000956 0.001637 -0.160100 0.999992 0.003360 -0.001943 0.000002 0.000385 0.000736 -0.000001 1.561186 1.576646 -0.000051 -0.000994 0.999981 0.001577 -0.006019 0.000012 -0.000161 0.000807 -0.000001 1.565956 1.588840 0.000693 -0.001270 0.999985 0.004036 -0.003710 0.000000 -0.000023 0.000438 0.000002 1.558684 1.581944 0.000156 -0.000782 0.999991 0.003139 -0.002741 0.000001 0.000017 0.000355 0.000002 1.561396 1.579009 0.000091 -0.000654 7.416486 0.000001 -0.000045 -0.000000 7.422182 -0.000001 -0.000018 0.000001 7.424577 0.000025 -0.000018 0.000000 7.418435 0.000006 -0.000002 0.000000 8.080000
-11.672550 -41.254389 22.425562 0.976959 0.005645 -0.004890 -0.213298 -0.526805 -0.400720 0.417315 0.000957 0.001627 -0.160527 0.999992 0.003362 -0.001940 0.000002 0.000374 0.000413 -0.000001 1.561186 1.576636 -0.000093 -0.000998 0.999981 0.001576 -0.006015 0.000012 -0.000163 0.000671 0.000000 1.565963 1.588827 0.000706 -0.001276 0.999985 0.004037 -0.003708 0.000000 0.000094 0.000324 0.000002 1.558686 1.581936 0.000162 -0.000789 0.999991 0.003139 -0.002739 0.000001 0.000033 0.000340 0.000002 1.561397 1.579002 0.000093 -0.000657 7.412900 0.000001 -0.000024 -0.000000 7.418539 -0.000003 0.000006 0.000000 7.420951 0.000004 0.000001 0.000000 7.414836 -0.000002 0.000006 0.000000 8.090000
-11.677806 -41.258387 22.429727 0.976787 0.005644 -0.004886 -0.214081 -0.527611 -0.401410 0.418330 0.000960 0.001619 -0.160954 0.999992 0.003364 -0.001938 0.000002 0.000363 0.000299 -0.000001 1.561184 1.576626 -0.000137 -0.001002 0.999981 0.001575 -0.006012 0.000012 -0.000172 0.000702 0.000000 1.565970 1.588814 0.000718 -0.001282 0.999985 0.004037 -0.003706 0.000000 0.000073 0.000345 0.000002 1.558687 1.581928 0.000167 -0.000795 0.999991 0.003139 -0.002737 0.000001 0.000008 0.000364 0.000002 1.561398 1.578996 0.000095 -0.000659 7.409335 0.000001 -0.000010 0.000000 7.414917 -0.000003 0.000012 0.000000 7.417345 -0.000000 0.000006 0.000000 7.411258 -0.000003 0.000007 0.000000 8.100000
-11.683070 -41.262392 22.433902 0.976615 0.005644 -0.004881 -0.214866 -0.528416 -0.402098 0.419274 0.000963 0.001612 -0.161381 0.999992 0.003365 -0.001937 0.000002 0.000351 0.000304 -0.000001 1.561183 1.576616 -0.000180 -0.001006 0.999981 0.001574 -0.006008 0.000012 -0.000182 0.000766 0.000000 1.565978 1.588802 0.000729 -0.001288 0.999985 0.004037 -0.003704 0.000000 0.000026 0.000392 0.000002 1.558689 1.581920 0.000172 -0.000801 0.999991 0.003139 -0.002735 0.000001 -0.000018 0.000391 0.000002 1.561399 1.578989 0.000097 -0.000661 7.405792 0.000001 -0.000003 0.000000 7.411318 -0.000003 0.000013 0.000000 7.413761 -0.000002 0.000007 0.000000 7.407701 -0.000003 0.000007 0.000000 8.110000
-11.688341 -41.266403 22.438086 0.976442 0.005643 -0.004877 -0.215652 -0.529218 -0.402786 0.420145 0.000968 0.001607 -0.161808 0.999992 0.003367 -0.001935 0.000002 0.000340 0.000368 -0.000001 1.561181 1.576606 -0.000225 -0.001008 0.999981 0.001573 -0.006004 0.000012 -0.000191 0.000834 0.000000 1.565985 1.588789 0.000741 -0.001293 0.999985 0.004037 -0.003702 0.000000 -0.000024 0.000443 0.000002 1.558691 1.581912 0.000176 -0.000806 0.999991 0.003139 -0.002733 0.000001 -0.000045 0.000417 0.000002 1.561400 1.578983 0.000098 -0.000662 7.402271 0.000001 0.000002 0.000000 7.407740 -0.000003 0.000014 0.000000 7.410200 -0.000002 0.000008 0.000000 7.404165 -0.000003 0.000007 0.000000 8.120000
-11.693621 -41.270422 22.442278 0.976267 0.005642 -0.004873 -0.216441 -0.530018 -0.403472 0.420946 0.000974 0.001603 -0.162236 0.999992 0.003369 -0.001933 0.000002 0.000328 0.000460 -0.000001 1.561178 1.576596 -0.000270 -0.001010 0.999981 0.001572 -0.006000 0.000012 -0.000200 0.000902 -0.000000 1.565992 1.588776 0.000751 -0.001297 0.999985 0.004037 -0.003700 0.000000 -0.000075 0.000493 0.000002 1.558692 1.581904 0.000180 -0.000811 0.999991 0.003138 -0.002731 0.000001 -0.000071 0.000443 0.000002 1.561401 1.578976 0.000099 -0.000664 7.398773 0.000001 0.000004 -0.000000 7.404185 -0.000004 0.000015 0.000000 7.406660 -0.000003 0.000008 0.000000 7.400651 -0.000004 0.000008 0.000000 8.130000
-11.698908 -41.274448 22.446478 0.976092 0.005641 -0.004868 -0.217231 -0.530816 -0.404157 0.421676 0.000981 0.001602 -0.162663 0.999992 0.003370 -0.001931 0.000002 0.000317 0.000563 -0.000001 1.561176 1.576586 -0.000315 -0.001012 0.999981 0.001571 -0.005995 0.000012 -0.000210 0.000970 -0.000000 1.566000 1.588763 0.000761 -0.001301 0.999985 0.004036 -0.003697 0.000000 -0.000125 0.000543 0.000002 1.558694 1.581896 0.000184 -0.000816 0.999991 0.003138 -0.002729 0.000001 -0.000097 0.000469 0.000002 1.561402 1.578969 0.000100 -0.000665 7.395300 0.000000 0.000006 -0.000000 7.400655 -0.000004 0.000015 0.000000 7.403147 -0.000003 0.000009 0.000000 7.397163 -0.000004 0.000008 0.000000 8.140000
-11.704204 -41.278480 22.450685 0.975915 0.005640 -0.004864 -0.218024 -0.531612 -0.404841 0.422336 0.000989 0.001602 -0.163091 0.999992 0.003372 -0.001927 0.000002 0.000306 0.000668 -0.000001 1.561172 1.576576 -0.000361 -0.001013 0.999981 0.001570 -0.005990 0.000012 -0.000219 0.001037 -0.000000 1.566008 1.588750 0.000770 -0.001305 0.999985 0.004036 -0.003695 0.000000 -0.000174 0.000592 0.000002 1.558696 1.581888 0.000187 -0.000820 0.999991 0.003138 -0.002726 0.000001 -0.000123 0.000494 0.000002 1.561403 1.578963 0.000101 -0.000666 7.391848 0.000000 0.000007 -0.000000 7.397146 -0.000004 0.000016 0.000000 7.399653 -0.000004 0.000009 0.000000 7.393694 -0.000004 0.000008 0.000000 8.150000
-11.709507 -41.282519 22.454898 0.975737 0.005639 -0.004860 -0.218818 -0.532406 -0.405524 0.422926 0.000998 0.001604 -0.163519 0.999992 0.003373 -0.001924 0.000002 0.000294 0.000770 -0.000001 1.561168 1.576566 -0.000407 -0.001014 0.999981 0.001569 -0.005985 0.000012 -0.000229 0.001103 -0.000001 1.566015 1.588737 0.000779 -0.001308 0.999985 0.004035 -0.003692 0.000000 -0.000222 0.000640 0.000002 1.558698 1.581880 0.000190 -0.000824 0.999991 0.003137 -0.002724 0.000001 -0.000148 0.000519 0.000002 1.561404 1.578956 0.000102 -0.000667 7.388419 0.000000 0.000007 -0.000000 7.393660 -0.000004 0.000016 0.000000 7.396183 -0.000004 0.000010 0.000000 7.390248 -0.000004 0.000008 0.000000 8.160000
-11.714819 -41.286565 22.459117 0.975558 0.005638 -0.004856 -0.219614 -0.533198 -0.406206 0.423446 0.001008 0.001607 -0.163947 0.999992 0.003375 -0.001920 0.000002 0.000283 0.000866 -0.000001 1.561164 1.576556 -0.000453 -0.001015 0.999981 0.001568 -0.005979 0.000012 -0.000238 0.001167 -0.000001 1.566023 1.588724 0.000788 -0.001312 0.999985 0.004033 -0.003688 0.000000 -0.000269 0.000687 0.000002 1.558700 1.581872 0.000193 -0.000828 0.999991 0.003136 -0.002721 0.000001 -0.000173 0.000544 0.000002 1.561405 1.578949 0.000102 -0.000668 7.385014 0.000000 0.000007 -0.000000 7.390198 -0.000004 0.000017 0.000000 7.392737 -0.000004 0.000010 0.000000 7.386825 -0.000004 0.000008 0.000000 8.170000
-11.720138 -41.290618 22.463340 0.975378 0.005637 -0.004851 -0.220413 -0.533987 -0.406886 0.423899 0.001019 0.001612 -0.164375 0.999992 0.003376 -0.001915 0.000002 0.000272 0.000954 -0.000001 1.561159 1.576545 -0.000499 -0.001017 0.999981 0.001567 -0.005973 0.000012 -0.000248 0.001231 -0.000001 1.566031 1.588711 0.000795 -0.001315 0.999985 0.004032 -0.003685 0.000000 -0.000316 0.000734 0.000002 1.558702 1.581863 0.000196 -0.000832 0.999991 0.003135 -0.002718 0.000001 -0.000198 0.000568 0.000002 1.561406 1.578943 0.000102 -0.000668 7.381633 0.000000 0.000007 -0.000000 7.386760 -0.000004 0.000017 0.000000 7.389314 -0.000005 0.000010 0.000000 7.383425 -0.000005 0.000009 0.000000 8.180000
-11.725465 -41.294677 22.467568 0.975197 0.005637 -0.004847 -0.221213 -0.534775 -0.407566 0.424282 0.001031 0.001620 -0.164803 0.999992 0.003378 -0.001910 0.000002 0.000260 0.001034 -0.000001 1.561154 1.576535 -0.000546 -0.001018 0.999981 0.001565 -0.005967 0.000012 -0.000257 0.001294 -0.000001 1.566039 1.588697 0.000803 -0.001319 0.999985 0.004030 -0.003681 0.000000 -0.000361 0.000779 0.000002 1.558704 1.581855 0.000199 -0.000836 0.999991 0.003134 -0.002715 0.000001 -0.000223 0.000592 0.000002 1.561407 1.578936 0.000103 -0.000669 7.378276 -0.000000 0.000007 -0.000000 7.383347 -0.000004 0.000018 0.000000 7.385916 -0.000005 0.000011 0.000000 7.380049 -0.000005 0.000009 0.000000 8.190000
-11.730800 -41.298744 22.471799 0.975015 0.005636 -0.004843 -0.222015 -0.535561 -0.408244 0.424599 0.001045 0.001628 -0.165231 0.999992 0.003379 -0.001905 0.000002 0.000249 0.001105 -0.000001 1.561148 1.576525 -0.000592 -0.001020 0.999981 0.001564 -0.005960 0.000012 -0.000267 0.001355 -0.000001 1.566047 1.588684 0.000809 -0.001323 0.999985 0.004028 -0.003677 0.000000 -0.000405 0.000822 0.000002 1.558706 1.581847 0.000201 -0.000840 0.999991 0.003133 -0.002712 0.000001 -0.000247 0.000616 0.000002 1.561408 1.578929 0.000103 -0.000670 7.374944 -0.000000 0.000007 -0.000000 7.379958 -0.000004 0.000018 0.000000 7.382543 -0.000005 0.000011 0.000000 7.376698 -0.000005 0.000009 0.000000 8.200000
-11.736143 -41.302817 22.476037 0.974832 0.005635 -0.004838 -0.222819 -0.536353 -0.408929 0.425678 0.001057 0.001632 -0.165663 0.999992 0.003380 -0.001900 0.000002 0.000331 0.000747 -0.000001 1.561142 1.576515 -0.000636 -0.001024 0.999981 0.001563 -0.005954 0.000012 -0.000146 0.000946 0.000000 1.566055 1.588671 0.000817 -0.001331 0.999985 0.004027 -0.003674 0.000000 -0.000060 0.000484 0.000002 1.558708 1.581838 0.000208 -0.000847 0.999991 0.003132 -0.002710 0.000001 -0.000022 0.000399 0.000002 1.561409 1.578923 0.000106 -0.000673 7.412733 0.000001 -0.000043 -0.000000 7.418102 -0.000002 -0.000017 0.000001 7.420703 0.000024 -0.000018 0.000000 7.414586 0.000006 -0.000001 0.000000 8.210000
-11.741494 -41.306897 22.480286 0.974647 0.005634 -0.004834 -0.223625 -0.537144 -0.409612 0.426684 0.001070 0.001637 -0.166094 0.999992 0.003382 -0.001897 0.000002 0.000320 0.000432 -0.000001 1.561136 1.576505 -0.000681 -0.001028 0.999981 0.001562 -0.005950 0.000012 -0.000150 0.000807 0.000001 1.566063 1.588658 0.000824 -0.001340 0.999985 0.004027 -0.003672 0.000000 0.000057 0.000371 0.000002 1.558710 1.581830 0.000214 -0.000853 0.999991 0.003132 -0.002708 0.000001 -0.000006 0.000383 0.000002 1.561410 1.578916 0.000109 -0.000676 7.409114 0.000000 -0.000023 -0.000000 7.414423 -0.000003 0.000007 0.000000 7.417040 0.000004 0.000002 0.000000 7.410945 -0.000002 0.000007 0.000000 8.220000
-11.746852 -41.310983 22.484544 0.974461 0.005634 -0.004829 -0.224433 -0.537932 -0.410295 0.427616 0.001084 0.001644 -0.166526 0.999992 0.003383 -0.001896 0.000002 0.000308 0.000323 -0.000001 1.561129 1.576494 -0.000725 -0.001031 0.999981 0.001561 -0.005946 0.000012 -0.000162 0.000836 0.000001 1.566071 1.588644 0.000830 -0.001348 0.999985 0.004027 -0.003670 0.000000 0.000035 0.000392 0.000002 1.558712 1.581821 0.000219 -0.000860 0.999991 0.003132 -0.002706 0.000001 -0.000030 0.000407 0.000002 1.561411 1.578909 0.000111 -0.000678 7.405517 0.000000 -0.000009 0.000000 7.410766 -0.000004 0.000013 0.000000 7.413399 -0.000001 0.000007 0.000000 7.407326 -0.000003 0.000007 0.000000 8.230000
-11.752219 -41.315077 22.488811 0.974274 0.005633 -0.004825 -0.225243 -0.538718 -0.410976 0.428476 0.001100 0.001653 -0.166957 0.999992 0.003385 -0.001894 0.000002 0.000296 0.000332 -0.000001 1.561121 1.576484 -0.000769 -0.001034 0.999981 0.001561 -0.005942 0.000012 -0.000173 0.000897 0.000001 1.566080 1.588631 0.000835 -0.001356 0.999985 0.004028 -0.003668 0.000000 -0.000012 0.000439 0.000002 1.558714 1.581813 0.000224 -0.000865 0.999991 0.003132 -0.002704 0.000001 -0.000056 0.000433 0.000002 1.561413 1.578902 0.000114 -0.000681 7.401942 0.000000 -0.000001 0.000000 7.407132 -0.000004 0.000014 0.000000 7.409780 -0.000002 0.000008 0.000000 7.403729 -0.000003 0.000008 0.000000 8.240000
-11.757593 -41.319177 22.493086 0.974086 0.005633 -0.004820 -0.226055 -0.539502 -0.411657 0.429264 0.001116 0.001663 -0.167388 0.999992 0.003386 -0.001892 0.000002 0.000285 0.000398 -0.000001 1.561113 1.576474 -0.000813 -0.001036 0.999981 0.001560 -0.005937 0.000012 -0.000184 0.000962 0.000000 1.566088 1.588617 0.000840 -0.001363 0.999985 0.004027 -0.003665 0.000000 -0.000062 0.000489 0.000002 1.558717 1.581804 0.000228 -0.000871 0.999991 0.003132 -0.002702 0.000001 -0.000082 0.000458 0.000002 1.561414 1.578896 0.000115 -0.000683 7.398391 0.000000 0.000003 0.000000 7.403521 -0.000004 0.000015 0.000000 7.406184 -0.000003 0.000008 0.000000 7.400155 -0.000004 0.000008 0.000000 8.250000
-11.762975 -41.323284 22.497369 0.973897 0.005632 -0.004815 -0.226868 -0.540284 -0.412336 0.429979 0.001133 0.001676 -0.167819 0.999992 0.003388 -0.001890 0.000002 0.000273 0.000492 -0.000001 1.561105 1.576463 -0.000857 -0.001038 0.999981 0.001559 -0.005932 0.000012 -0.000196 0.001027 0.000000 1.566097 1.588604 0.000844 -0.001370 0.999985 0.004027 -0.003663 0.000000 -0.000113 0.000540 0.000002 1.558719 1.581795 0.000232 -0.000875 0.999991 0.003131 -0.002699 0.000001 -0.000108 0.000483 0.000002 1.561415 1.578889 0.000117 -0.000684 7.394862 -0.000000 0.000005 -0.000000 7.399934 -0.000004 0.000016 0.000000 7.402611 -0.000003 0.000009 0.000000 7.396603 -0.000004 0.000008 0.000000 8.260000
-11.768365 -41.327398 22.501658 0.973707 0.005632 -0.004811 -0.227684 -0.541063 -0.413014 0.430624 0.001152 0.001690 -0.168250 0.999992 0.003389 -0.001887 0.000001 0.000262 0.000597 -0.000001 1.561096 1.576453 -0.000900 -0.001039 0.999981 0.001558 -0.005927 0.000012 -0.000207 0.001091 -0.000000 1.566105 1.588590 0.000848 -0.001376 0.999985 0.004026 -0.003660 0.000000 -0.000163 0.000589 0.000002 1.558721 1.581787 0.000235 -0.000880 0.999991 0.003130 -0.002697 0.000001 -0.000133 0.000508 0.000002 1.561416 1.578882 0.000119 -0.000686 7.391358 -0.000000 0.000007 -0.000000 7.396370 -0.000004 0.000016 0.000000 7.399062 -0.000004 0.000009 0.000000 7.393074 -0.000004 0.000008 0.000000 8.270000
-11.773762 -41.331519 22.505954 0.973515 0.005632 -0.004806 -0.228502 -0.541841 -0.413691 0.431197 0.001171 0.001706 -0.168681 0.999992 0.003390 -0.001884 0.000001 0.000250 0.000703 -0.000001 1.561087 1.576443 -0.000944 -0.001040 0.999981 0.001557 -0.005921 0.000012 -0.000219 0.001154 -0.000000 1.566113 1.588576 0.000850 -0.001383 0.999985 0.004025 -0.003657 0.000000 -0.000212 0.000638 0.000002 1.558723 1.581778 0.000239 -0.000884 0.999991 0.003130 -0.002694 0.000001 -0.000158 0.000533 0.000002 1.561417 1.578875 0.000120 -0.000688 7.387880 -0.000000 0.000008 -0.000000 7.392833 -0.000004 0.000017 0.000000 7.395541 -0.000004 0.000010 0.000000 7.389572 -0.000004 0.000008 0.000000 8.280000
-11.779168 -41.335646 22.510255 0.973323 0.005631 -0.004801 -0.229321 -0.542616 -0.414368 0.431701 0.001191 0.001723 -0.169112 0.999992 0.003392 -0.001880 0.000001 0.000239 0.000806 -0.000001 1.561077 1.576432 -0.000987 -0.001040 0.999981 0.001556 -0.005915 0.000012 -0.000230 0.001217 -0.000001 1.566122 1.588562 0.000853 -0.001389 0.999985 0.004024 -0.003654 0.000000 -0.000260 0.000686 0.000002 1.558726 1.581769 0.000242 -0.000888 0.999991 0.003129 -0.002692 0.000001 -0.000183 0.000557 0.000002 1.561418 1.578868 0.000121 -0.000689 7.384424 -0.000000 0.000008 -0.000000 7.389318 -0.000004 0.000017 0.000000 7.392040 -0.000004 0.000010 0.000000 7.386091 -0.000004 0.000009 0.000000 8.290000
-11.784581 -41.339780 22.514561 0.973129 0.005631 -0.004796 -0.230143 -0.543390 -0.415043 0.432134 0.001212 0.001742 -0.169542 0.999992 0.003393 -0.001876 0.000001 0.000228 0.000902 -0.000001 1.561067 1.576422 -0.001029 -0.001041 0.999981 0.001554 -0.005909 0.000012 -0.000242 0.001278 -0.000001 1.566130 1.588549 0.000854 -0.001395 0.999985 0.004023 -0.003650 0.000000 -0.000308 0.000733 0.000002 1.558728 1.581760 0.000245 -0.000892 0.999991 0.003128 -0.002689 0.000001 -0.000208 0.000581 0.000002 1.561420 1.578861 0.000122 -0.000691 7.380992 -0.000000 0.000008 -0.000000 7.385827 -0.000005 0.000018 0.000000 7.388564 -0.000005 0.000010 0.000000 7.382633 -0.000005 0.000009 0.000000 8.300000
-11.790002 -41.343921 22.518870 0.972934 0.005631 -0.004791 -0.230966 -0.544161 -0.415717 0.432499 0.001235 0.001763 -0.169972 0.999992 0.003394 -0.001871 0.000001 0.000216 0.000990 -0.000001 1.561057 1.576412 -0.001071 -0.001042 0.999981 0.001553 -0.005903 0.000012 -0.000254 0.001338 -0.000001 1.566139 1.588535 0.000855 -0.001402 0.999985 0.004021 -0.003646 0.000000 -0.000354 0.000779 0.000002 1.558731 1.581751 0.000247 -0.000896 0.999992 0.003127 -0.002686 0.000001 -0.000232 0.000604 0.000002 1.561421 1.578855 0.000124 -0.000692 7.377585 -0.000001 0.000008 -0.000000 7.382361 -0.000005 0.000018 0.000000 7.385113 -0.000005 0.000011 0.000000 7.379200 -0.000005 0.000009 0.000000 8.310000
-11.795430 -41.348069 22.523183 0.972737 0.005631 -0.004785 -0.231791 -0.544930 -0.416390 0.432795 0.001258 0.001786 -0.170401 0.999992 0.003395 -0.001866 0.000001 0.000205 0.001070 -0.000001 1.561046 1.576401 -0.001113 -0.001043 0.999981 0.001552 -0.005896 0.000012 -0.000265 0.001397 -0.000001 1.566147 1.588521 0.000856 -0.001408 0.999985 0.004019 -0.003642 0.000000 -0.000399 0.000824 0.000002 1.558733 1.581742 0.000250 -0.000900 0.999992 0.003126 -0.002683 0.000001 -0.000255 0.000627 0.000002 1.561422 1.578848 0.000125 -0.000694 7.374204 -0.000001 0.000008 -0.000000 7.378921 -0.000005 0.000018 0.000000 7.381687 -0.000005 0.000011 0.000000 7.375792 -0.000005 0.000009 0.000000 8.320000
-11.800866 -41.352223 22.527503 0.972540 0.005631 -0.004780 -0.232619 -0.545706 -0.417070 0.433852 0.001280 0.001803 -0.170834 0.999993 0.003396 -0.001862 0.000001 0.000288 0.000725 -0.000002 1.561035 1.576391 -0.001151 -0.001046 0.999981 0.001551 -0.005890 0.000012 -0.000148 0.000987 -0.000000 1.566156 1.588507 0.000857 -0.001420 0.999985 0.004018 -0.003639 0.000000 -0.000056 0.000489 0.000002 1.558736 1.581733 0.000256 -0.000907 0.999992 0.003125 -0.002680 0.000001 -0.000031 0.000411 0.000002 1.561423 1.578841 0.000128 -0.000697 7.411943 0.000000 -0.000042 -0.000000 7.417000 -0.000002 -0.000017 0.000001 7.419789 0.000024 -0.000017 0.000000 7.413620 0.000006 -0.000001 0.000000 8.330000
-11.806310 -41.356384 22.531833 0.972341 0.005631 -0.004775 -0.233448 -0.546480 -0.417748 0.434835 0.001302 0.001822 -0.171267 0.999993 0.003398 -0.001859 0.000001 0.000277 0.000421 -0.000002 1.561023 1.576380 -0.001189 -0.001049 0.999981 0.001550 -0.005885 0.000012 -0.000155 0.000848 0.000000 1.566165 1.588492 0.000857 -0.001431 0.999985 0.004018 -0.003637 0.000000 0.000059 0.000377 0.000002 1.558738 1.581724 0.000262 -0.000913 0.999992 0.003125 -0.002678 0.000001 -0.000014 0.000395 0.000002 1.561425 1.578834 0.000132 -0.000701 7.408275 0.000000 -0.000022 0.000000 7.413271 -0.000004 0.000007 0.000000 7.416075 0.000004 0.000002 0.000000 7.409924 -0.000002 0.000007 0.000000 8.340000
-11.811762 -41.360552 22.536172 0.972141 0.005631 -0.004769 -0.234279 -0.547251 -0.418426 0.435744 0.001326 0.001843 -0.171700 0.999992 0.003399 -0.001857 0.000001 0.000266 0.000322 -0.000001 1.561011 1.576370 -0.001227 -0.001052 0.999982 0.001549 -0.005881 0.000012 -0.000168 0.000875 0.000000 1.566173 1.588478 0.000857 -0.001442 0.999985 0.004018 -0.003635 0.000000 0.000036 0.000401 0.000002 1.558741 1.581715 0.000267 -0.000919 0.999992 0.003125 -0.002676 0.000001 -0.000038 0.000419 0.000002 1.561426 1.578827 0.000135 -0.000704 7.404630 -0.000000 -0.000008 0.000000 7.409564 -0.000004 0.000013 0.000000 7.412382 -0.000001 0.000007 0.000000 7.406250 -0.000003 0.000007 0.000000 8.350000
-11.817221 -41.364726 22.540520 0.971940 0.005631 -0.004763 -0.235112 -0.548021 -0.419102 0.436579 0.001350 0.001865 -0.172131 0.999992 0.003400 -0.001855 0.000001 0.000254 0.000338 -0.000001 1.560999 1.576359 -0.001264 -0.001054 0.999982 0.001548 -0.005876 0.000012 -0.000181 0.000933 0.000000 1.566182 1.588464 0.000856 -0.001452 0.999985 0.004018 -0.003633 0.000000 -0.000012 0.000449 0.000002 1.558744 1.581706 0.000272 -0.000925 0.999992 0.003124 -0.002674 0.000001 -0.000064 0.000444 0.000002 1.561427 1.578820 0.000138 -0.000707 7.401008 -0.000000 -0.000000 0.000000 7.405880 -0.000004 0.000014 0.000000 7.408713 -0.000002 0.000008 0.000000 7.402599 -0.000003 0.000008 0.000000 8.360000
-11.822688 -41.368908 22.544876 0.971738 0.005632 -0.004757 -0.235947 -0.548788 -0.419778 0.437340 0.001376 0.001889 -0.172563 0.999992 0.003402 -0.001853 0.000001 0.000243 0.000412 -0.000001 1.560986 1.576349 -0.001300 -0.001055 0.999982 0.001548 -0.005872 0.000012 -0.000194 0.000996 -0.000000 1.566190 1.588449 0.000854 -0.001462 0.999985 0.004018 -0.003630 0.000000 -0.000064 0.000500 0.000002 1.558746 1.581697 0.000276 -0.000929 0.999992 0.003124 -0.002672 0.000001 -0.000090 0.000469 0.000002 1.561429 1.578813 0.000140 -0.000709 7.397410 -0.000000 0.000004 0.000000 7.402221 -0.000004 0.000015 0.000000 7.405068 -0.000003 0.000009 0.000000 7.398971 -0.000004 0.000008 0.000000 8.370000
-11.828162 -41.373096 22.549239 0.971534 0.005632 -0.004751 -0.236784 -0.549553 -0.420453 0.438029 0.001402 0.001914 -0.172994 0.999992 0.003403 -0.001851 0.000001 0.000232 0.000513 -0.000001 1.560973 1.576338 -0.001336 -0.001056 0.999982 0.001547 -0.005867 0.000012 -0.000208 0.001059 -0.000000 1.566199 1.588434 0.000852 -0.001471 0.999985 0.004018 -0.003628 0.000000 -0.000117 0.000552 0.000002 1.558749 1.581687 0.000279 -0.000934 0.999992 0.003123 -0.002669 0.000001 -0.000115 0.000493 0.000002 1.561430 1.578806 0.000143 -0.000712 7.393835 -0.000000 0.000007 0.000000 7.398585 -0.000005 0.000016 0.000000 7.401446 -0.000003 0.000009 0.000000 7.395367 -0.000004 0.000008 0.000000 8.380000
-11.833644 -41.377290 22.553609 0.971330 0.005633 -0.004745 -0.237622 -0.550316 -0.421126 0.438646 0.001429 0.001942 -0.173425 0.999992 0.003404 -0.001848 0.000001 0.000220 0.000623 -0.000001 1.560959 1.576328 -0.001370 -0.001056 0.999982 0.001545 -0.005861 0.000012 -0.000221 0.001121 -0.000001 1.566207 1.588420 0.000848 -0.001480 0.999985 0.004017 -0.003625 0.000000 -0.000168 0.000603 0.000002 1.558752 1.581678 0.000282 -0.000938 0.999992 0.003123 -0.002667 0.000001 -0.000140 0.000518 0.000002 1.561432 1.578798 0.000145 -0.000714 7.390284 -0.000000 0.000008 0.000000 7.394973 -0.000005 0.000016 0.000000 7.397849 -0.000004 0.000010 0.000000 7.391786 -0.000004 0.000008 0.000000 8.390000
-11.839134 -41.381492 22.557984 0.971124 0.005633 -0.004739 -0.238463 -0.551076 -0.421799 0.439191 0.001456 0.001970 -0.173855 0.999993 0.003405 -0.001845 0.000001 0.000209 0.000734 -0.000001 1.560945 1.576317 -0.001404 -0.001056 0.999982 0.001544 -0.005855 0.000012 -0.000235 0.001182 -0.000001 1.566216 1.588405 0.000845 -0.001489 0.999985 0.004016 -0.003622 0.000000 -0.000219 0.000653 0.000002 1.558755 1.581669 0.000285 -0.000942 0.999992 0.003122 -0.002664 0.000001 -0.000165 0.000542 0.000002 1.561433 1.578791 0.000147 -0.000716 7.386758 -0.000001 0.000009 -0.000000 7.391386 -0.000005 0.000017 0.000000 7.394276 -0.000004 0.000010 0.000000 7.388230 -0.000004 0.000008 0.000000 8.400000
-11.844631 -41.385700 22.562365 0.970916 0.005634 -0.004732 -0.239306 -0.551835 -0.422471 0.439665 0.001484 0.002000 -0.174285 0.999993 0.003406 -0.001841 0.000001 0.000198 0.000841 -0.000001 1.560931 1.576307 -0.001437 -0.001056 0.999982 0.001543 -0.005849 0.000012 -0.000248 0.001243 -0.000001 1.566224 1.588390 0.000841 -0.001497 0.999985 0.004015 -0.003618 0.000000 -0.000269 0.000703 0.000002 1.558758 1.581659 0.000288 -0.000945 0.999992 0.003121 -0.002661 0.000001 -0.000190 0.000566 0.000002 1.561435 1.578784 0.000149 -0.000718 7.383257 -0.000001 0.000009 -0.000000 7.387824 -0.000005 0.000017 0.000000 7.390728 -0.000005 0.000011 0.000000 7.384698 -0.000004 0.000009 0.000000 8.410000
-11.850136 -41.389915 22.566750 0.970708 0.005634 -0.004726 -0.240150 -0.552591 -0.423142 0.440068 0.001514 0.002032 -0.174714 0.999993 0.003407 -0.001836 0.000001 0.000187 0.000941 -0.000001 1.560917 1.576296 -0.001469 -0.001056 0.999982 0.001542 -0.005843 0.000012 -0.000262 0.001302 -0.000002 1.566232 1.588375 0.000836 -0.001506 0.999985 0.004013 -0.003615 0.000000 -0.000318 0.000751 0.000002 1.558761 1.581650 0.000290 -0.000948 0.999992 0.003120 -0.002659 0.000001 -0.000214 0.000589 0.000002 1.561436 1.578777 0.000150 -0.000720 7.379783 -0.000001 0.000009 -0.000000 7.384291 -0.000005 0.000018 0.000000 7.387209 -0.000005 0.000011 0.000000 7.381194 -0.000005 0.000009 0.000000 8.420000
-11.855649 -41.394136 22.571138 0.970498 0.005635 -0.004719 -0.240996 -0.553345 -0.423812 0.440401 0.001543 0.002065 -0.175143 0.999993 0.003408 -0.001832 0.000001 0.000176 0.001033 -0.000001 1.560902 1.576286 -0.001501 -0.001056 0.999982 0.001541 -0.005836 0.000012 -0.000275 0.001361 -0.000002 1.566241 1.588360 0.000830 -0.001514 0.999985 0.004012 -0.003611 0.000000 -0.000366 0.000799 0.000002 1.558763 1.581640 0.000292 -0.000952 0.999992 0.003119 -0.002656 0.000001 -0.000238 0.000612 0.000002 1.561438 1.578770 0.000152 -0.000722 7.376332 -0.000001 0.000009 -0.000000 7.380780 -0.000005 0.000018 0.000000 7.383712 -0.000005 0.000011 0.000000 7.377711 -0.000005 0.000009 0.000000 8.430000
-11.861169 -41.398365 22.575530 0.970287 0.005636 -0.004712 -0.241845 -0.554097 -0.424481 0.440664 0.001574 0.002099 -0.175571 0.999993 0.003409 -0.001826 0.000001 0.000165 0.001115 -0.000001 1.560887 1.576275 -0.001531 -0.001056 0.999982 0.001539 -0.005829 0.000012 -0.000288 0.001418 -0.000002 1.566249 1.588345 0.000824 -0.001523 0.999985 0.004010 -0.003607 0.000000 -0.000413 0.000845 0.000002 1.558766 1.581631 0.000295 -0.000955 0.999992 0.003118 -0.002652 0.000001 -0.000262 0.000635 0.000002 1.561439 1.578763 0.000154 -0.000724 7.372907 -0.000001 0.000009 -0.000000 7.377294 -0.000005 0.000018 0.000000 7.380240 -0.000006 0.000012 0.000000 7.374255 -0.000005 0.000009 0.000000 8.440000
-11.866696 -41.402599 22.579924 0.970075 0.005637 -0.004705 -0.242695 -0.554847 -0.425149 0.440878 0.001605 0.002135 -0.175999 0.999993 0.003409 -0.001820 0.000001 0.000155 0.001185 -0.000001 1.560871 1.576265 -0.001560 -0.001057 0.999982 0.001538 -0.005822 0.000012 -0.000301 0.001470 -0.000003 1.566257 1.588330 0.000818 -0.001532 0.999985 0.004008 -0.003602 0.000000 -0.000456 0.000888 0.000002 1.558769 1.581621 0.000297 -0.000958 0.999992 0.003116 -0.002649 0.000001 -0.000283 0.000656 0.000002 1.561441 1.578755 0.000156 -0.000726 7.370475 -0.000001 0.000008 -0.000000 7.374812 -0.000006 0.000019 0.000000 7.377773 -0.000006 0.000012 0.000000 7.371794 -0.000005 0.000009 0.000000 8.450000
-11.872231 -41.406841 22.584320 0.969861 0.005638 -0.004697 -0.243547 -0.555595 -0.425816 0.441023 0.001636 0.002172 -0.176426 0.999993 0.003410 -0.001814 0.000001 0.000145 0.001245 -0.000001 1.560856 1.576254 -0.001588 -0.001059 0.999982 0.001536 -0.005815 0.000012 -0.000314 0.001524 -0.000003 1.566265 1.588314 0.000811 -0.001541 0.999986 0.004005 -0.003598 0.000000 -0.000499 0.000930 0.000002 1.558772 1.581612 0.000300 -0.000962 0.999992 0.003115 -0.002646 0.000001 -0.000306 0.000677 0.000002 1.561442 1.578748 0.000157 -0.000728 7.367094 -0.000001 0.000008 -0.000000 7.371372 -0.000006 0.000019 0.000000 7.374346 -0.000006 0.000012 0.000000 7.368381 -0.000005 0.000009 0.000000 8.460000
-11.877773 -41.411089 22.588716 0.969647 0.005640 -0.004690 -0.244401 -0.556341 -0.426483 0.441100 0.001668 0.002210 -0.176852 0.999993 0.003411 -0.001808 0.000001 0.000134 0.001297 -0.000001 1.560840 1.576244 -0.001615 -0.001061 0.999982 0.001535 -0.005807 0.000012 -0.000328 0.001578 -0.000003 1.566273 1.588299 0.000804 -0.001551 0.999986 0.004003 -0.003593 0.000000 -0.000542 0.000973 0.000002 1.558775 1.581602 0.000302 -0.000966 0.999992 0.003113 -0.002642 0.000001 -0.000328 0.000699 0.000002 1.561444 1.578741 0.000159 -0.000731 7.363739 -0.000001 0.000008 -0.000000 7.367958 -0.000006 0.000020 0.000000 7.370946 -0.000007 0.000012 0.000000 7.364995 -0.000005 0.000009 0.000000 8.470000
-11.883323 -41.415344 22.593114 0.969430 0.005641 -0.004682 -0.245257 -0.557085 -0.427149 0.441109 0.001701 0.002249 -0.177278 0.999993 0.003412 -0.001801 0.000001 0.000124 0.001340 -0.000001 1.560824 1.576233 -0.001641 -0.001064 0.999982 0.001533 -0.005799 0.000012 -0.000341 0.001630 -0.000004 1.566281 1.588283 0.000797 -0.001561 0.999986 0.004000 -0.003588 0.000000 -0.000584 0.001014 0.000002 1.558778 1.581592 0.000305 -0.000970 0.999992 0.003112 -0.002639 0.000001 -0.000350 0.000719 0.000002 1.561445 1.578734 0.000161 -0.000733 7.360435 -0.000001 0.000008 -0.000000 7.364595 -0.000006 0.000020 0.000000 7.367596 -0.000007 0.000012 0.000000 7.361659 -0.000006 0.000009 0.000000 8.480000
-11.888880 -41.419605 22.597511 0.969213 0.005642 -0.004674 -0.246114 -0.557827 -0.427813 0.441051 0.001734 0.002290 -0.177704 0.999993 0.003412 -0.001795 0.000001 0.000113 0.001375 -0.000001 1.560807 1.576222 -0.001665 -0.001068 0.999982 0.001531 -0.005791 0.000012 -0.000354 0.001681 -0.000004 1.566289 1.588268 0.000789 -0.001571 0.999986 0.003997 -0.003583 0.000000 -0.000624 0.001053 0.000002 1.558781 1.581583 0.000308 -0.000974 0.999992 0.003110 -0.002635 0.000001 -0.000371 0.000740 0.000002 1.561447 1.578726 0.000163 -0.000736 7.357133 -0.000001 0.000007 -0.000000 7.361235 -0.000006 0.000020 0.000000 7.364250 -0.000007 0.000013 0.000000 7.358325 -0.000006 0.000010 0.000000 8.490000
-11.894445 -41.423873 22.601907 0.968995 0.005644 -0.004665 -0.246974 -0.558566 -0.428477 0.440927 0.001768 0.002332 -0.178129 0.999993 0.003413 -0.001788 0.000001 0.000103 0.001401 -0.000001 1.560790 1.576212 -0.001689 -0.001073 0.999982 0.001529 -0.005782 0.000012 -0.000368 0.001731 -0.000004 1.566297 1.588252 0.000780 -0.001582 0.999986 0.003994 -0.003578 0.000000 -0.000662 0.001091 0.000002 1.558784 1.581573 0.000312 -0.000978 0.999992 0.003108 -0.002632 0.000001 -0.000392 0.000760 0.000002 1.561449 1.578719 0.000166 -0.000738 7.353859 -0.000001 0.000007 -0.000000 7.357902 -0.000006 0.000020 0.000000 7.360931 -0.000007 0.000013 0.000000 7.355019 -0.000006 0.000010 0.000000 8.500000
-11.900016 -41.428148 22.606301 0.968775 0.005645 -0.004657 -0.247835 -0.559303 -0.429141 0.440737 0.001802 0.002375 -0.178553 0.999993 0.003413 -0.001781 0.000001 0.000093 0.001419 -0.000001 1.560773 1.576201 -0.001711 -0.001078 0.999982 0.001527 -0.005774 0.000012 -0.000381 0.001779 -0.000005 1.566305 1.588236 0.000771 -0.001594 0.999986 0.003990 -0.003572 0.000000 -0.000699 0.001127 0.000002 1.558788 1.581563 0.000316 -0.000983 0.999992 0.003106 -0.002628 0.000001 -0.000412 0.000779 0.000002 1.561450 1.578712 0.000168 -0.000741 7.350612 -0.000001 0.000006 -0.000000 7.354598 -0.000006 0.000021 0.000000 7.357639 -0.000007 0.000013 0.000000 7.351740 -0.000006 0.000010 0.000000 8.510000
-11.905596 -41.432429 22.610694 0.968553 0.005647 -0.004648 -0.248698 -0.560039 -0.429803 0.440482 0.001837 0.002419 -0.178977 0.999993 0.003414 -0.001774 0.000001 0.000083 0.001428 -0.000001 1.560756 1.576190 -0.001731 -0.001085 0.999982 0.001526 -0.005765 0.000012 -0.000394 0.001826 -0.000005 1.566312 1.588220 0.000763 -0.001606 0.999986 0.003987 -0.003567 0.000000 -0.000734 0.001162 0.000002 1.558791 1.581553 0.000320 -0.000989 0.999992 0.003104 -0.002624 0.000001 -0.000431 0.000798 0.000002 1.561452 1.578704 0.000171 -0.000744 7.347393 -0.000001 0.000005 -0.000000 7.351321 -0.000006 0.000021 0.000000 7.354376 -0.000007 0.000013 0.000000 7.348488 -0.000006 0.000010 0.000000 8.520000
-11.911182 -41.436717 22.615083 0.968331 0.005649 -0.004639 -0.249563 -0.560772 -0.430465 0.440162 0.001872 0.002463 -0.179400 0.999993 0.003414 -0.001767 0.000001 0.000073 0.001429 -0.000001 1.560739 1.576179 -0.001750 -0.001092 0.999982 0.001524 -0.005755 0.000012 -0.000407 0.001872 -0.000005 1.566320 1.588204 0.000753 -0.001619 0.999986 0.003983 -0.003561 0.000000 -0.000767 0.001195 0.000002 1.558794 1.581544 0.000325 -0.000995 0.999992 0.003102 -0.002620 0.000001 -0.000450 0.000816 0.000002 1.561454 1.578697 0.000174 -0.000748 7.344202 -0.000002 0.000005 -0.000000 7.348072 -0.000007 0.000021 0.000000 7.351140 -0.000008 0.000013 0.000000 7.345265 -0.000006 0.000010 0.000000 8.530000
-11.916776 -41.441012 22.619469 0.968107 0.005651 -0.004630 -0.250430 -0.561503 -0.431126 0.439778 0.001907 0.002509 -0.179822 0.999993 0.003414 -0.001759 0.000001 0.000063 0.001424 -0.000002 1.560721 1.576168 -0.001768 -0.001100 0.999982 0.001521 -0.005746 0.000012 -0.000420 0.001916 -0.000006 1.566327 1.588188 0.000744 -0.001632 0.999986 0.003979 -0.003555 0.000000 -0.000799 0.001226 0.000002 1.558797 1.581534 0.000330 -0.001001 0.999992 0.003099 -0.002616 0.000001 -0.000469 0.000833 0.000002 1.561455 1.578689 0.000178 -0.000751 7.341038 -0.000002 0.000004 -0.000000 7.344851 -0.000007 0.000021 0.000000 7.347933 -0.000008 0.000013 0.000000 7.342070 -0.000006 0.000010 0.000000 8.540000
-11.922377 -41.445313 22.623851 0.967882 0.005653 -0.004620 -0.251299 -0.562232 -0.431786 0.439331 0.001943 0.002556 -0.180244 0.999993 0.003415 -0.001752 0.000001 0.000053 0.001412 -0.000002 1.560704 1.576157 -0.001785 -0.001109 0.999982 0.001519 -0.005736 0.000012 -0.000433 0.001958 -0.000006 1.566335 1.588172 0.000734 -0.001647 0.999986 0.003975 -0.003548 0.000000 -0.000828 0.001255 0.000002 1.558801 1.581524 0.000336 -0.001008 0.999992 0.003097 -0.002611 0.000001 -0.000487 0.000850 0.000002 1.561457 1.578682 0.000181 -0.000756 7.337904 -0.000002 0.000003 -0.000000 7.341660 -0.000007 0.000022 0.000000 7.344754 -0.000008 0.000013 0.000000 7.338903 -0.000006 0.000010 0.000000 8.550000
-11.927985 -41.449621 22.628228 0.967656 0.005655 -0.004610 -0.252170 -0.562958 -0.432445 0.438821 0.001979 0.002604 -0.180665 0.999993 0.003415 -0.001745 0.000001 0.000044 0.001395 -0.000002 1.560686 1.576146 -0.001800 -0.001119 0.999982 0.001517 -0.005726 0.000012 -0.000445 0.001998 -0.000006 1.566342 1.588155 0.000724 -0.001662 0.999986 0.003971 -0.003542 0.000000 -0.000856 0.001282 0.000002 1.558804 1.581514 0.000343 -0.001016 0.999992 0.003095 -0.002607 0.000001 -0.000504 0.000867 0.000002 1.561459 1.578674 0.000185 -0.000760 7.334797 -0.000002 0.000003 -0.000000 7.338497 -0.000007 0.000022 0.000000 7.341604 -0.000008 0.000013 0.000000 7.335764 -0.000006 0.000010 0.000000 8.560000
-11.933601 -41.453935 22.632600 0.967428 0.005657 -0.004600 -0.253042 -0.563683 -0.433103 0.438248 0.002015 0.002653 -0.181085 0.999993 0.003415 -0.001738 0.000001 0.000034 0.001372 -0.000002 1.560668 1.576135 -0.001813 -0.001130 0.999983 0.001515 -0.005716 0.000012 -0.000458 0.002037 -0.000007 1.566349 1.588139 0.000714 -0.001679 0.999986 0.003966 -0.003536 0.000000 -0.000882 0.001308 0.000002 1.558807 1.581503 0.000350 -0.001024 0.999992 0.003092 -0.002603 0.000001 -0.000520 0.000882 0.000002 1.561461 1.578667 0.000189 -0.000765 7.331720 -0.000002 0.000002 -0.000000 7.335363 -0.000007 0.000022 0.000000 7.338483 -0.000008 0.000013 0.000000 7.332655 -0.000006 0.000010 0.000000 8.570000
-11.939224 -41.458256 22.636965 0.967199 0.005659 -0.004590 -0.253916 -0.564406 -0.433761 0.437627 0.002052 0.002702 -0.181505 0.999993 0.003415 -0.001732 0.000001 0.000025 0.001345 -0.000002 1.560650 1.576124 -0.001825 -0.001142 0.999983 0.001513 -0.005706 0.000011 -0.000470 0.002073 -0.000007 1.566356 1.588122 0.000704 -0.001696 0.999986 0.003962 -0.003529 0.000000 -0.000904 0.001330 0.000002 1.558811 1.581493 0.000358 -0.001033 0.999992 0.003089 -0.002598 0.000001 -0.000535 0.000896 0.000002 1.561463 1.578659 0.000194 -0.000770 7.329345 -0.000002 0.000001 -0.000000 7.332938 -0.000007 0.000022 0.000000 7.336072 -0.000008 0.000013 0.000000 7.330250 -0.000006 0.000010 0.000000 8.580000
-11.944854 -41.462583 22.641324 0.966968 0.005661 -0.004579 -0.254792 -0.565126 -0.434419 0.436945 0.002088 0.002752 -0.181924 0.999993 0.003415 -0.001725 0.000001 0.000016 0.001313 -0.000002 1.560631 1.576112 -0.001836 -0.001154 0.999983 0.001510 -0.005696 0.000011 -0.000483 0.002108 -0.000007 1.566363 1.588105 0.000694 -0.001714 0.999986 0.003957 -0.003522 0.000000 -0.000925 0.001351 0.000002 1.558815 1.581483 0.000367 -0.001043 0.999992 0.003087 -0.002594 0.000001 -0.000550 0.000911 0.000002 1.561465 1.578651 0.000199 -0.000775 7.326320 -0.000002 0.000001 -0.000000 7.329858 -0.000007 0.000022 0.000000 7.333004 -0.000008 0.000013 0.000000 7.327194 -0.000006 0.000010 0.000000 8.590000
-11.950491 -41.466917 22.645677 0.966737 0.005664 -0.004568 -0.255670 -0.565845 -0.435075 0.436203 0.002125 0.002803 -0.182342 0.999993 0.003415 -0.001719 0.000001 0.000007 0.001280 -0.000002 1.560613 1.576101 -0.001845 -0.001167 0.999983 0.001508 -0.005685 0.000011 -0.000495 0.002141 -0.000008 1.566370 1.588088 0.000684 -0.001734 0.999986 0.003953 -0.003516 0.000000 -0.000945 0.001371 0.000002 1.558818 1.581472 0.000376 -0.001053 0.999992 0.003084 -0.002589 0.000001 -0.000565 0.000924 0.000002 1.561467 1.578643 0.000205 -0.000781 7.323324 -0.000002 0.000000 -0.000000 7.326807 -0.000007 0.000022 0.000000 7.329966 -0.000008 0.000013 0.000000 7.324167 -0.000006 0.000010 0.000000 8.600000
-11.956135 -41.471257 22.650021 0.966504 0.005666 -0.004557 -0.256550 -0.566561 -0.435731 0.435400 0.002162 0.002854 -0.182760 0.999993 0.003415 -0.001712 0.000001 -0.000002 0.001244 -0.000002 1.560595 1.576089 -0.001852 -0.001181 0.999983 0.001505 -0.005674 0.000011 -0.000507 0.002174 -0.000008 1.566377 1.588070 0.000674 -0.001754 0.999986 0.003948 -0.003509 0.000000 -0.000963 0.001389 0.000002 1.558822 1.581462 0.000387 -0.001065 0.999992 0.003081 -0.002585 0.000001 -0.000578 0.000937 0.000002 1.561469 1.578636 0.000211 -0.000788 7.320358 -0.000002 -0.000000 -0.000000 7.323785 -0.000007 0.000022 0.000000 7.326957 -0.000007 0.000013 0.000000 7.321169 -0.000006 0.000010 0.000000 8.610000
-11.961787 -41.475604 22.654357 0.966269 0.005669 -0.004546 -0.257431 -0.567275 -0.436386 0.434538 0.002199 0.002906 -0.183177 0.999993 0.003415 -0.001706 0.000001 -0.000011 0.001207 -0.000002 1.560576 1.576077 -0.001858 -0.001195 0.999983 0.001503 -0.005663 0.000011 -0.000519 0.002204 -0.000008 1.566383 1.588053 0.000663 -0.001776 0.999986 0.003943 -0.003502 0.000000 -0.000980 0.001405 0.000002 1.558826 1.581451 0.000398 -0.001077 0.999992 0.003078 -0.002580 0.000001 -0.000592 0.000950 0.000002 1.561471 1.578628 0.000217 -0.000795 7.317421 -0.000002 -0.000000 -0.000000 7.320794 -0.000007 0.000022 0.000000 7.323979 -0.000007 0.000013 0.000000 7.318202 -0.000007 0.000010 0.000000 8.620000
-11.967445 -41.479958 22.658684 0.966034 0.005672 -0.004534 -0.258315 -0.567987 -0.437040 0.433618 0.002236 0.002959 -0.183593 0.999993 0.003415 -0.001700 0.000001 -0.000020 0.001169 -0.000002 1.560558 1.576065 -0.001862 -0.001210 0.999983 0.001500 -0.005652 0.000011 -0.000531 0.002233 -0.000009 1.566390 1.588035 0.000653 -0.001798 0.999986 0.003938 -0.003495 0.000000 -0.000994 0.001420 0.000002 1.558830 1.581440 0.000410 -0.001090 0.999992 0.003075 -0.002575 0.000001 -0.000604 0.000962 0.000002 1.561473 1.578620 0.000224 -0.000802 7.314515 -0.000002 -0.000001 -0.000000 7.317833 -0.000008 0.000022 0.000000 7.321030 -0.000007 0.000013 0.000000 7.315264 -0.000007 0.000010 0.000000 8.630000
-11.973111 -41.484318 22.663002 0.965797 0.005675 -0.004522 -0.259200 -0.568697 -0.437694 0.432639 0.002273 0.003012 -0.184008 0.999993 0.003415 -0.001695 0.000001 -0.000029 0.001131 -0.000002 1.560539 1.576053 -0.001865 -0.001225 0.999983 0.001497 -0.005641 0.000011 -0.000543 0.002260 -0.000009 1.566397 1.588017 0.000643 -0.001822 0.999986 0.003933 -0.003488 0.000000 -0.001006 0.001432 0.000002 1.558834 1.581429 0.000422 -0.001103 0.999992 0.003072 -0.002570 0.000001 -0.000616 0.000973 0.000002 1.561475 1.578612 0.000232 -0.000810 7.311638 -0.000002 -0.000001 -0.000000 7.314902 -0.000008 0.000022 0.000000 7.318111 -0.000007 0.000013 0.000000 7.312357 -0.000007 0.000010 0.000000 8.640000
-11.978784 -41.488684 22.667310 0.965558 0.005678 -0.004509 -0.260086 -0.569405 -0.438346 0.431603 0.002310 0.003066 -0.184423 0.999993 0.003415 -0.001689 0.000000 -0.000037 0.001093 -0.000002 1.560520 1.576041 -0.001865 -0.001240 0.999983 0.001495 -0.005630 0.000011 -0.000554 0.002285 -0.000009 1.566403 1.587998 0.000633 -0.001847 0.999986 0.003928 -0.003480 0.000000 -0.001017 0.001443 0.000002 1.558838 1.581418 0.000436 -0.001118 0.999992 0.003069 -0.002565 0.000001 -0.000627 0.000983 0.000002 1.561478 1.578604 0.000239 -0.000818 7.308791 -0.000002 -0.000001 -0.000000 7.312002 -0.000008 0.000022 0.000000 7.315223 -0.000007 0.000013 0.000000 7.309481 -0.000007 0.000010 0.000000 8.650000
-11.984464 -41.493057 22.671607 0.965318 0.005681 -0.004497 -0.260975 -0.570111 -0.438998 0.430510 0.002347 0.003120 -0.184837 0.999993 0.003415 -0.001684 0.000000 -0.000046 0.001055 -0.000002 1.560502 1.576028 -0.001865 -0.001256 0.999983 0.001492 -0.005618 0.000011 -0.000566 0.002308 -0.000009 1.566409 1.587980 0.000623 -0.001874 0.999986 0.003923 -0.003473 0.000000 -0.001025 0.001452 0.000002 1.558843 1.581407 0.000450 -0.001133 0.999992 0.003066 -0.002561 0.000001 -0.000637 0.000993 0.000002 1.561480 1.578595 0.000248 -0.000827 7.305975 -0.000002 -0.000001 -0.000000 7.309132 -0.000008 0.000022 0.000000 7.312366 -0.000007 0.000013 0.000000 7.306634 -0.000007 0.000010 0.000000 8.660000
-11.990150 -41.497437 22.675893 0.965077 0.005684 -0.004484 -0.261865 -0.570814 -0.439650 0.429361 0.002384 0.003174 -0.185250 0.999993 0.003414 -0.001679 0.000000 -0.000054 0.001018 -0.000002 1.560483 1.576016 -0.001862 -0.001272 0.999983 0.001489 -0.005607 0.000011 -0.000577 0.002330 -0.000010 1.566415 1.587961 0.000613 -0.001901 0.999986 0.003918 -0.003466 0.000000 -0.001032 0.001459 0.000002 1.558847 1.581396 0.000465 -0.001149 0.999992 0.003063 -0.002556 0.000001 -0.000647 0.001002 0.000002 1.561483 1.578587 0.000257 -0.000836 7.303189 -0.000002 -0.000001 -0.000000 7.306293 -0.000008 0.000022 0.000000 7.309539 -0.000007 0.000012 0.000000 7.303819 -0.000006 0.000010 0.000000 8.670000
-11.995844 -41.501823 22.680167 0.964835 0.005687 -0.004470 -0.262758 -0.571515 -0.440301 0.428157 0.002421 0.003229 -0.185663 0.999993 0.003414 -0.001674 0.000000 -0.000062 0.000983 -0.000002 1.560465 1.576003 -0.001858 -0.001288 0.999983 0.001486 -0.005595 0.000011 -0.000588 0.002350 -0.000010 1.566421 1.587942 0.000604 -0.001930 0.999986 0.003913 -0.003459 0.000000 -0.001037 0.001464 0.000002 1.558852 1.581384 0.000481 -0.001166 0.999992 0.003059 -0.002551 0.000001 -0.000655 0.001010 0.000002 1.561485 1.578579 0.000266 -0.000845 7.300434 -0.000002 -0.000001 -0.000000 7.303485 -0.000008 0.000022 0.000000 7.306743 -0.000007 0.000012 0.000000 7.301035 -0.000006 0.000010 0.000000 8.680000
-12.001545 -41.506215 22.684429 0.964591 0.005690 -0.004457 -0.263651 -0.572214 -0.440951 0.426897 0.002457 0.003284 -0.186074 0.999993 0.003414 -0.001669 0.000000 -0.000070 0.000950 -0.000002 1.560446 1.575990 -0.001852 -0.001305 0.999983 0.001483 -0.005583 0.000011 -0.000599 0.002368 -0.000010 1.566427 1.587923 0.000594 -0.001960 0.999986 0.003908 -0.003451 0.000000 -0.001041 0.001468 0.000002 1.558857 1.581372 0.000498 -0.001183 0.999992 0.003056 -0.002546 0.000001 -0.000664 0.001018 0.000002 1.561488 1.578570 0.000276 -0.000856 7.297710 -0.000002 -0.000001 -0.000000 7.300708 -0.000008 0.000022 0.000000 7.303978 -0.000006 0.000012 0.000000 7.298282 -0.000006 0.000010 0.000000 8.690000
-12.007253 -41.510614 22.688678 0.964346 0.005694 -0.004443 -0.264547 -0.572911 -0.441600 0.425592 0.002494 0.003340 -0.186485 0.999993 0.003413 -0.001664 0.000000 -0.000078 0.000918 -0.000002 1.560428 1.575977 -0.001845 -0.001321 0.999983 0.001480 -0.005572 0.000011 -0.000609 0.002384 -0.000011 1.566433 1.587903 0.000585 -0.001991 0.999986 0.003902 -0.003444 0.000000 -0.001042 0.001469 0.000002 1.558862 1.581361 0.000515 -0.001202 0.999992 0.003053 -0.002540 0.000001 -0.000671 0.001025 0.000002 1.561491 1.578562 0.000286 -0.000866 7.295449 -0.000003 -0.000001 -0.000000 7.298398 -0.000008 0.000022 0.000000 7.301681 -0.000006 0.000012 0.000000 7.295993 -0.000006 0.000010 0.000000 8.700000
-12.012967 -41.515020 22.692914 0.964099 0.005697 -0.004429 -0.265444 -0.573606 -0.442249 0.424233 0.002530 0.003396 -0.186895 0.999993 0.003413 -0.001660 0.000000 -0.000085 0.000889 -0.000003 1.560409 1.575964 -0.001835 -0.001337 0.999983 0.001477 -0.005560 0.000011 -0.000620 0.002398 -0.000011 1.566439 1.587883 0.000576 -0.002023 0.999987 0.003897 -0.003437 0.000000 -0.001042 0.001470 0.000002 1.558867 1.581349 0.000534 -0.001221 0.999992 0.003049 -0.002535 0.000001 -0.000678 0.001031 0.000002 1.561494 1.578553 0.000297 -0.000878 7.292783 -0.000003 -0.000001 -0.000000 7.295680 -0.000008 0.000022 0.000000 7.298974 -0.000006 0.000012 0.000000 7.293299 -0.000006 0.000010 0.000000 8.710000
-12.018689 -41.519431 22.697136 0.963851 0.005701 -0.004414 -0.266344 -0.574299 -0.442897 0.422821 0.002565 0.003452 -0.187304 0.999993 0.003413 -0.001655 0.000000 -0.000093 0.000863 -0.000003 1.560391 1.575950 -0.001824 -0.001353 0.999984 0.001474 -0.005548 0.000011 -0.000630 0.002411 -0.000011 1.566445 1.587863 0.000567 -0.002057 0.999987 0.003892 -0.003429 0.000000 -0.001040 0.001469 0.000002 1.558873 1.581336 0.000553 -0.001241 0.999992 0.003046 -0.002530 0.000001 -0.000684 0.001037 0.000002 1.561497 1.578544 0.000309 -0.000889 7.290148 -0.000003 -0.000001 -0.000000 7.292993 -0.000008 0.000022 0.000000 7.296300 -0.000006 0.000011 0.000000 7.290637 -0.000006 0.000010 0.000000 8.720000
-12.024417 -41.523850 22.701344 0.963602 0.005705 -0.004399 -0.267244 -0.574989 -0.443544 0.421357 0.002601 0.003508 -0.187713 0.999993 0.003412 -0.001651 0.000000 -0.000100 0.000839 -0.000003 1.560373 1.575937 -0.001812 -0.001369 0.999984 0.001471 -0.005536 0.000011 -0.000640 0.002423 -0.000011 1.566450 1.587842 0.000559 -0.002092 0.999987 0.003887 -0.003422 0.000000 -0.001037 0.001466 0.000002 1.558878 1.581324 0.000573 -0.001262 0.999992 0.003043 -0.002525 0.000001 -0.000689 0.001042 0.000002 1.561500 1.578535 0.000321 -0.000902 7.287544 -0.000003 -0.000001 -0.000000 7.290338 -0.000008 0.000022 0.000000 7.293656 -0.000005 0.000011 0.000000 7.288006 -0.000006 0.000010 0.000000 8.730000
-12.030153 -41.528275 22.705536 0.963351 0.005708 -0.004384 -0.268147 -0.575677 -0.444191 0.419841 0.002635 0.003564 -0.188120 0.999993 0.003412 -0.001647 0.000000 -0.000108 0.000819 -0.000003 1.560355 1.575923 -0.001797 -0.001385 0.999984 0.001468 -0.005523 0.000011 -0.000650 0.002432 -0.000012 1.566456 1.587821 0.000551 -0.002128 0.999987 0.003882 -0.003415 0.000000 -0.001033 0.001463 0.000002 1.558884 1.581311 0.000593 -0.001283 0.999992 0.003039 -0.002520 0.000001 -0.000694 0.001046 0.000002 1.561503 1.578526 0.000333 -0.000914 7.284972 -0.000003 -0.000000 -0.000000 7.287714 -0.000008 0.000022 0.000000 7.291044 -0.000005 0.000011 0.000000 7.285407 -0.000006 0.000010 0.000000 8.740000
-12.035895 -41.532706 22.709714 0.963099 0.005712 -0.004369 -0.269051 -0.576363 -0.444837 0.418274 0.002670 0.003620 -0.188527 0.999993 0.003411 -0.001643 0.000000 -0.000115 0.000802 -0.000003 1.560337 1.575909 -0.001781 -0.001401 0.999984 0.001464 -0.005511 0.000011 -0.000659 0.002441 -0.000012 1.566461 1.587799 0.000543 -0.002165 0.999987 0.003877 -0.003408 0.000000 -0.001027 0.001458 0.000002 1.558890 1.581298 0.000614 -0.001305 0.999992 0.003036 -0.002515 0.000001 -0.000698 0.001050 0.000002 1.561507 1.578517 0.000347 -0.000928 7.282431 -0.000003 -0.000000 -0.000000 7.285122 -0.000008 0.000022 -0.000000 7.288464 -0.000005 0.000011 0.000000 7.282840 -0.000006 0.000010 0.000000 8.750000
-12.041644 -41.537143 22.713875 0.962845 0.005716 -0.004353 -0.269957 -0.577047 -0.445482 0.416657 0.002704 0.003677 -0.188933 0.999993 0.003410 -0.001639 0.000000 -0.000122 0.000787 -0.000003 1.560320 1.575895 -0.001763 -0.001416 0.999984 0.001461 -0.005499 0.000011 -0.000669 0.002447 -0.000012 1.566467 1.587778 0.000536 -0.002203 0.999987 0.003871 -0.003400 0.000000 -0.001020 0.001451 0.000002 1.558896 1.581285 0.000636 -0.001328 0.999992 0.003032 -0.002509 0.000001 -0.000702 0.001054 0.000002 1.561510 1.578508 0.000360 -0.000941 7.279922 -0.000003 0.000000 -0.000000 7.282562 -0.000008 0.000022 -0.000000 7.285916 -0.000005 0.000011 0.000000 7.280305 -0.000006 0.000010 0.000000 8.760000
-12.047400 -41.541588 22.718021 0.962591 0.005720 -0.004337 -0.270865 -0.577728 -0.446126 0.414989 0.002737 0.003733 -0.189338 0.999993 0.003410 -0.001635 0.000000 -0.000129 0.000776 -0.000003 1.560302 1.575881 -0.001744 -0.001431 0.999984 0.001458 -0.005487 0.000011 -0.000678 0.002453 -0.000013 1.566472 1.587756 0.000529 -0.002242 0.999987 0.003866 -0.003393 0.000000 -0.001012 0.001444 0.000002 1.558903 1.581272 0.000659 -0.001351 0.999992 0.003029 -0.002504 0.000001 -0.000705 0.001056 0.000002 1.561514 1.578498 0.000374 -0.000956 7.277445 -0.000003 0.000001 -0.000000 7.280034 -0.000008 0.000021 -0.000000 7.283399 -0.000005 0.000010 0.000000 7.277802 -0.000006 0.000010 0.000000 8.770000
-12.053162 -41.546038 22.722149 0.962334 0.005724 -0.004321 -0.271775 -0.578407 -0.446770 0.413273 0.002770 0.003790 -0.189743 0.999993 0.003409 -0.001631 0.000000 -0.000135 0.000768 -0.000003 1.560285 1.575867 -0.001723 -0.001445 0.999984 0.001454 -0.005475 0.000010 -0.000687 0.002456 -0.000013 1.566477 1.587733 0.000522 -0.002283 0.999987 0.003861 -0.003386 0.000000 -0.001003 0.001435 0.000002 1.558909 1.581258 0.000682 -0.001375 0.999992 0.003025 -0.002499 0.000001 -0.000707 0.001059 0.000002 1.561518 1.578489 0.000389 -0.000970 7.274999 -0.000003 0.000001 -0.000000 7.277538 -0.000008 0.000021 -0.000000 7.280915 -0.000004 0.000010 0.000000 7.275332 -0.000006 0.000010 0.000000 8.780000
-12.058932 -41.550495 22.726260 0.962076 0.005728 -0.004304 -0.272686 -0.579084 -0.447413 0.411508 0.002802 0.003846 -0.190146 0.999993 0.003409 -0.001627 0.000000 -0.000142 0.000764 -0.000003 1.560268 1.575852 -0.001700 -0.001460 0.999984 0.001451 -0.005462 0.000010 -0.000696 0.002459 -0.000013 1.566482 1.587710 0.000516 -0.002324 0.999987 0.003856 -0.003379 0.000000 -0.000993 0.001426 0.000002 1.558916 1.581244 0.000706 -0.001400 0.999992 0.003022 -0.002493 0.000001 -0.000709 0.001060 0.000002 1.561522 1.578479 0.000404 -0.000985 7.272586 -0.000003 0.000001 -0.000000 7.275074 -0.000009 0.000021 -0.000000 7.278462 -0.000004 0.000010 0.000000 7.272894 -0.000006 0.000010 0.000000 8.790000
-12.064708 -41.554958 22.730353 0.961817 0.005732 -0.004287 -0.273599 -0.579759 -0.448055 0.409696 0.002834 0.003902 -0.190548 0.999993 0.003408 -0.001623 0.000000 -0.000148 0.000762 -0.000003 1.560251 1.575837 -0.001676 -0.001474 0.999984 0.001447 -0.005450 0.000010 -0.000704 0.002460 -0.000013 1.566487 1.587687 0.000510 -0.002367 0.999987 0.003851 -0.003372 0.000000 -0.000981 0.001416 0.000002 1.558924 1.581230 0.000731 -0.001425 0.999992 0.003018 -0.002488 0.000001 -0.000711 0.001061 0.000002 1.561526 1.578469 0.000419 -0.001001 7.270231 -0.000003 0.000002 -0.000000 7.272670 -0.000008 0.000021 -0.000000 7.276071 -0.000004 0.000010 0.000000 7.270516 -0.000006 0.000010 0.000000 8.800000
-12.070491 -41.559428 22.734428 0.961557 0.005736 -0.004270 -0.274513 -0.580431 -0.448697 0.407836 0.002865 0.003959 -0.190950 0.999993 0.003407 -0.001620 0.000000 -0.000154 0.000764 -0.000003 1.560234 1.575823 -0.001650 -0.001487 0.999984 0.001444 -0.005438 0.000010 -0.000712 0.002459 -0.000014 1.566493 1.587663 0.000505 -0.002411 0.999987 0.003847 -0.003365 0.000000 -0.000970 0.001405 0.000002 1.558931 1.581216 0.000756 -0.001451 0.999992 0.003015 -0.002483 0.000001 -0.000711 0.001062 0.000002 1.561530 1.578459 0.000435 -0.001017 7.267881 -0.000003 0.000003 -0.000000 7.270270 -0.000009 0.000021 -0.000000 7.273682 -0.000004 0.000010 0.000000 7.268143 -0.000006 0.000010 0.000000 8.810000
-12.076280 -41.563904 22.738484 0.961295 0.005741 -0.004252 -0.275429 -0.581101 -0.449337 0.405935 0.002895 0.004015 -0.191351 0.999993 0.003406 -0.001616 0.000000 -0.000160 0.000768 -0.000003 1.560218 1.575808 -0.001622 -0.001500 0.999984 0.001440 -0.005426 0.000010 -0.000720 0.002457 -0.000014 1.566498 1.587639 0.000500 -0.002455 0.999987 0.003842 -0.003358 0.000000 -0.000957 0.001393 0.000002 1.558939 1.581201 0.000781 -0.001477 0.999992 0.003011 -0.002478 0.000001 -0.000711 0.001062 0.000002 1.561534 1.578449 0.000452 -0.001034 7.265807 -0.000003 0.000003 -0.000000 7.268148 -0.000009 0.000021 -0.000000 7.271572 -0.000004 0.000010 0.000000 7.266046 -0.000006 0.000010 0.000000 8.820000
-12.082076 -41.568387 22.742521 0.961031 0.005745 -0.004234 -0.276347 -0.581768 -0.449977 0.403988 0.002924 0.004071 -0.191751 0.999993 0.003405 -0.001612 0.000000 -0.000166 0.000774 -0.000003 1.560202 1.575793 -0.001592 -0.001513 0.999984 0.001437 -0.005413 0.000010 -0.000728 0.002454 -0.000014 1.566503 1.587614 0.000496 -0.002501 0.999987 0.003837 -0.003351 0.000000 -0.000943 0.001380 0.000002 1.558947 1.581186 0.000807 -0.001504 0.999992 0.003007 -0.002472 0.000001 -0.000711 0.001062 0.000002 1.561539 1.578438 0.000469 -0.001051 7.263519 -0.000003 0.000004 -0.000000 7.265810 -0.000009 0.000021 -0.000000 7.269246 -0.000004 0.000010 0.000000 7.263736 -0.000006 0.000009 0.000000 8.830000
-12.087879 -41.572876 22.746539 0.960767 0.005749 -0.004216 -0.277267 -0.582433 -0.450617 0.401996 0.002952 0.004126 -0.192150 0.999993 0.003405 -0.001608 -0.000000 -0.000172 0.000782 -0.000003 1.560186 1.575778 -0.001562 -0.001525 0.999984 0.001433 -0.005401 0.000010 -0.000736 0.002450 -0.000014 1.566507 1.587589 0.000492 -0.002547 0.999987 0.003832 -0.003344 0.000000 -0.000929 0.001367 0.000002 1.558955 1.581171 0.000833 -0.001530 0.999992 0.003004 -0.002467 0.000001 -0.000710 0.001061 0.000002 1.561544 1.578428 0.000486 -0.001068 7.261264 -0.000003 0.000004 -0.000000 7.263505 -0.000009 0.000020 -0.000000 7.266953 -0.000004 0.000009 0.000000 7.261459 -0.000006 0.000009 0.000000 8.840000
-12.093689 -41.577371 22.750536 0.960500 0.005754 -0.004198 -0.278188 -0.583096 -0.451255 0.399959 0.002980 0.004182 -0.192548 0.999993 0.003404 -0.001604 -0.000000 -0.000178 0.000793 -0.000003 1.560171 1.575762 -0.001529 -0.001537 0.999984 0.001429 -0.005389 0.000010 -0.000743 0.002445 -0.000014 1.566512 1.587563 0.000488 -0.002594 0.999987 0.003828 -0.003337 0.000000 -0.000914 0.001354 0.000002 1.558963 1.581156 0.000860 -0.001558 0.999992 0.003000 -0.002462 0.000001 -0.000709 0.001060 0.000002 1.561549 1.578417 0.000504 -0.001086 7.259041 -0.000003 0.000004 -0.000000 7.261232 -0.000009 0.000020 -0.000000 7.264692 -0.000003 0.000009 0.000000 7.259215 -0.000005 0.000009 0.000000 8.850000
-12.099505 -41.581873 22.754513 0.960233 0.005758 -0.004179 -0.279111 -0.583757 -0.451893 0.397879 0.003006 0.004237 -0.192945 0.999993 0.003403 -0.001600 -0.000000 -0.000183 0.000805 -0.000003 1.560156 1.575747 -0.001495 -0.001549 0.999985 0.001426 -0.005377 0.000010 -0.000750 0.002438 -0.000015 1.566517 1.587537 0.000486 -0.002642 0.999987 0.003823 -0.003330 0.000000 -0.000899 0.001340 0.000002 1.558972 1.581140 0.000887 -0.001585 0.999992 0.002997 -0.002456 0.000001 -0.000708 0.001059 0.000002 1.561554 1.578406 0.000522 -0.001104 7.256850 -0.000003 0.000005 -0.000000 7.258992 -0.000009 0.000020 -0.000000 7.262464 -0.000003 0.000009 0.000000 7.257003 -0.000005 0.000009 0.000000 8.860000
-12.105327 -41.586381 22.758468 0.959963 0.005763 -0.004160 -0.280035 -0.584415 -0.452530 0.395756 0.003032 0.004292 -0.193342 0.999993 0.003402 -0.001596 -0.000000 -0.000189 0.000819 -0.000003 1.560141 1.575731 -0.001459 -0.001560 0.999985 0.001422 -0.005365 0.000010 -0.000757 0.002431 -0.000015 1.566522 1.587510 0.000484 -0.002691 0.999987 0.003819 -0.003324 0.000000 -0.000883 0.001325 0.000002 1.558981 1.581124 0.000914 -0.001613 0.999993 0.002993 -0.002451 0.000001 -0.000705 0.001057 0.000002 1.561559 1.578395 0.000541 -0.001122 7.254692 -0.000003 0.000005 -0.000000 7.256785 -0.000009 0.000020 -0.000000 7.260269 -0.000003 0.000009 0.000000 7.254825 -0.000005 0.000009 0.000000 8.870000
-12.111156 -41.590895 22.762403 0.959693 0.005767 -0.004140 -0.280961 -0.585070 -0.453166 0.393589 0.003057 0.004347 -0.193737 0.999993 0.003401 -0.001592 -0.000000 -0.000194 0.000837 -0.000003 1.560127 1.575716 -0.001422 -0.001570 0.999985 0.001418 -0.005353 0.000010 -0.000763 0.002425 -0.000015 1.566527 1.587483 0.000482 -0.002740 0.999987 0.003814 -0.003317 0.000000 -0.000870 0.001312 0.000002 1.558990 1.581108 0.000942 -0.001641 0.999993 0.002990 -0.002446 0.000001 -0.000704 0.001055 0.000002 1.561564 1.578384 0.000560 -0.001141 7.252566 -0.000003 0.000006 -0.000000 7.254609 -0.000009 0.000020 -0.000000 7.258105 -0.000003 0.000009 0.000000 7.252679 -0.000005 0.000009 0.000000 8.880000
-12.116992 -41.595416 22.766315 0.959421 0.005772 -0.004121 -0.281889 -0.585723 -0.453801 0.391382 0.003080 0.004401 -0.194132 0.999993 0.003400 -0.001588 -0.000000 -0.000199 0.000855 -0.000003 1.560113 1.575700 -0.001384 -0.001581 0.999985 0.001414 -0.005341 0.000010 -0.000769 0.002416 -0.000015 1.566532 1.587456 0.000481 -0.002790 0.999987 0.003810 -0.003311 0.000000 -0.000855 0.001298 0.000002 1.559000 1.581092 0.000969 -0.001669 0.999993 0.002986 -0.002441 0.000001 -0.000701 0.001053 0.000002 1.561570 1.578372 0.000579 -0.001160 7.250473 -0.000003 0.000006 -0.000000 7.252467 -0.000009 0.000019 -0.000000 7.255975 -0.000002 0.000008 0.000000 7.250567 -0.000005 0.000009 0.000000 8.890000
-12.122834 -41.599943 22.770206 0.959147 0.005776 -0.004101 -0.282818 -0.586374 -0.454435 0.389133 0.003103 0.004455 -0.194525 0.999993 0.003399 -0.001583 -0.000000 -0.000204 0.000874 -0.000003 1.560099 1.575684 -0.001344 -0.001591 0.999985 0.001410 -0.005329 0.000010 -0.000775 0.002406 -0.000015 1.566536 1.587428 0.000480 -0.002841 0.999987 0.003806 -0.003304 0.000000 -0.000839 0.001283 0.000002 1.559009 1.581075 0.000997 -0.001698 0.999993 0.002983 -0.002435 0.000001 -0.000698 0.001050 0.000002 1.561576 1.578361 0.000598 -0.001180 7.248412 -0.000003 0.000006 -0.000000 7.250357 -0.000009 0.000019 -0.000000 7.253878 -0.000002 0.000008 0.000000 7.248489 -0.000005 0.000009 0.000000 8.900000
-12.128683 -41.604476 22.774073 0.958872 0.005781 -0.004081 -0.283749 -0.587022 -0.455069 0.386843 0.003124 0.004509 -0.194918 0.999993 0.003398 -0.001579 -0.000000 -0.000208 0.000893 -0.000003 1.560086 1.575668 -0.001302 -0.001600 0.999985 0.001407 -0.005317 0.000010 -0.000781 0.002395 -0.000015 1.566541 1.587399 0.000481 -0.002892 0.999987 0.003802 -0.003298 0.000000 -0.000823 0.001269 0.000002 1.559019 1.581058 0.001025 -0.001726 0.999993 0.002979 -0.002430 0.000001 -0.000695 0.001046 0.000002 1.561582 1.578349 0.000618 -0.001199 7.246384 -0.000003 0.000007 -0.000000 7.248280 -0.000009 0.000019 -0.000000 7.251813 -0.000002 0.000008 0.000000 7.246443 -0.000005 0.000009 0.000000 8.910000
-12.134538 -41.609015 22.777918 0.958596 0.005786 -0.004060 -0.284682 -0.587668 -0.455701 0.384514 0.003144 0.004562 -0.195310 0.999993 0.003397 -0.001575 -0.000000 -0.000213 0.000913 -0.000003 1.560073 1.575652 -0.001260 -0.001610 0.999985 0.001403 -0.005305 0.000010 -0.000787 0.002383 -0.000016 1.566546 1.587370 0.000481 -0.002943 0.999987 0.003798 -0.003292 0.000000 -0.000806 0.001254 0.000002 1.559030 1.581040 0.001053 -0.001755 0.999993 0.002976 -0.002425 0.000001 -0.000691 0.001043 0.000002 1.561588 1.578337 0.000639 -0.001219 7.244389 -0.000003 0.000007 -0.000000 7.246235 -0.000009 0.000019 -0.000000 7.249781 -0.000002 0.000008 0.000000 7.244431 -0.000005 0.000009 0.000000 8.920000
-12.140400 -41.613561 22.781739 0.958318 0.005790 -0.004039 -0.285616 -0.588311 -0.456333 0.382146 0.003164 0.004615 -0.195701 0.999993 0.003396 -0.001570 -0.000000 -0.000217 0.000933 -0.000003 1.560061 1.575636 -0.001215 -0.001619 0.999985 0.001399 -0.005293 0.000009 -0.000792 0.002371 -0.000016 1.566551 1.587340 0.000483 -0.002995 0.999987 0.003794 -0.003285 0.000000 -0.000791 0.001239 0.000002 1.559040 1.581023 0.001080 -0.001783 0.999993 0.002972 -0.002420 0.000001 -0.000687 0.001039 0.000002 1.561595 1.578325 0.000659 -0.001239 7.242426 -0.000003 0.000007 -0.000000 7.244224 -0.000009 0.000019 -0.000000 7.247782 -0.000002 0.000008 0.000000 7.242451 -0.000005 0.000009 0.000000 8.930000
-12.146267 -41.618114 22.785537 0.958039 0.005795 -0.004018 -0.286552 -0.588952 -0.456964 0.379741 0.003181 0.004668 -0.196091 0.999993 0.003395 -0.001565 -0.000000 -0.000222 0.000953 -0.000003 1.560049 1.575620 -0.001170 -0.001627 0.999985 0.001395 -0.005281 0.000009 -0.000797 0.002358 -0.000016 1.566556 1.587310 0.000485 -0.003047 0.999987 0.003790 -0.003279 0.000000 -0.000775 0.001225 0.000002 1.559051 1.581005 0.001108 -0.001811 0.999993 0.002969 -0.002415 0.000001 -0.000682 0.001035 0.000002 1.561601 1.578312 0.000680 -0.001260 7.240604 -0.000003 0.000008 -0.000000 7.242354 -0.000009 0.000018 -0.000000 7.245926 -0.000002 0.000008 0.000000 7.240615 -0.000005 0.000009 0.000000 8.940000
-12.152142 -41.622672 22.789310 0.957758 0.005799 -0.003997 -0.287489 -0.589590 -0.457594 0.377299 0.003198 0.004720 -0.196480 0.999993 0.003394 -0.001560 -0.000000 -0.000226 0.000974 -0.000003 1.560037 1.575604 -0.001123 -0.001636 0.999985 0.001391 -0.005269 0.000009 -0.000801 0.002345 -0.000016 1.566560 1.587280 0.000487 -0.003100 0.999987 0.003786 -0.003273 0.000000 -0.000760 0.001211 0.000002 1.559063 1.580987 0.001136 -0.001840 0.999993 0.002966 -0.002409 0.000001 -0.000678 0.001031 0.000002 1.561608 1.578299 0.000700 -0.001280 7.238706 -0.000003 0.000008 -0.000000 7.240407 -0.000009 0.000018 -0.000000 7.243992 -0.000002 0.000008 0.000000 7.238701 -0.000005 0.000008 0.000000 8.950000
-12.158022 -41.627237 22.793059 0.957476 0.005804 -0.003975 -0.288428 -0.590226 -0.458223 0.374819 0.003213 0.004771 -0.196868 0.999993 0.003392 -0.001556 -0.000000 -0.000230 0.000994 -0.000003 1.560027 1.575588 -0.001075 -0.001644 0.999985 0.001387 -0.005258 0.000009 -0.000806 0.002331 -0.000016 1.566565 1.587249 0.000491 -0.003152 0.999988 0.003782 -0.003267 0.000000 -0.000745 0.001198 0.000002 1.559074 1.580968 0.001163 -0.001868 0.999993 0.002962 -0.002404 0.000001 -0.000673 0.001027 0.000002 1.561615 1.578287 0.000721 -0.001301 7.236840 -0.000003 0.000008 -0.000000 7.238492 -0.000009 0.000018 -0.000000 7.242091 -0.000002 0.000008 0.000000 7.236821 -0.000004 0.000008 0.000000 8.960000
-12.163909 -41.631808 22.796783 0.957192 0.005809 -0.003954 -0.289369 -0.590859 -0.458851 0.372304 0.003227 0.004822 -0.197255 0.999993 0.003391 -0.001551 -0.000000 -0.000234 0.001015 -0.000003 1.560016 1.575571 -0.001026 -0.001652 0.999985 0.001383 -0.005246 0.000009 -0.000810 0.002317 -0.000016 1.566570 1.587217 0.000494 -0.003205 0.999988 0.003779 -0.003261 0.000000 -0.000730 0.001185 0.000002 1.559086 1.580949 0.001191 -0.001896 0.999993 0.002959 -0.002399 0.000001 -0.000668 0.001023 0.000002 1.561623 1.578273 0.000743 -0.001322 7.235008 -0.000003 0.000009 -0.000000 7.236611 -0.000009 0.000018 -0.000000 7.240222 -0.000002 0.000008 0.000000 7.234975 -0.000004 0.000008 0.000000 8.970000
-12.169803 -41.636385 22.800482 0.956907 0.005813 -0.003932 -0.290311 -0.591489 -0.459478 0.369752 0.003240 0.004872 -0.197641 0.999993 0.003390 -0.001545 -0.000000 -0.000237 0.001035 -0.000003 1.560006 1.575555 -0.000976 -0.001660 0.999985 0.001379 -0.005235 0.000009 -0.000814 0.002302 -0.000016 1.566575 1.587185 0.000499 -0.003258 0.999988 0.003775 -0.003255 0.000000 -0.000716 0.001173 0.000002 1.559098 1.580930 0.001218 -0.001923 0.999993 0.002956 -0.002394 0.000001 -0.000664 0.001019 0.000002 1.561630 1.578260 0.000764 -0.001343 7.233207 -0.000003 0.000009 -0.000000 7.234761 -0.000009 0.000018 -0.000000 7.238387 -0.000002 0.000008 0.000000 7.233161 -0.000004 0.000008 0.000000 8.980000
-12.175702 -41.640969 22.804155 0.956620 0.005818 -0.003909 -0.291254 -0.592117 -0.460104 0.367166 0.003251 0.004922 -0.198027 0.999993 0.003389 -0.001540 -0.000000 -0.000241 0.001054 -0.000003 1.559997 1.575538 -0.000924 -0.001668 0.999985 0.001375 -0.005223 0.000009 -0.000818 0.002288 -0.000016 1.566580 1.587152 0.000504 -0.003311 0.999988 0.003771 -0.003250 0.000000 -0.000703 0.001161 0.000002 1.559110 1.580911 0.001245 -0.001951 0.999993 0.002952 -0.002389 0.000001 -0.000658 0.001014 0.000002 1.561638 1.578247 0.000785 -0.001364 7.231440 -0.000003 0.000009 -0.000000 7.232945 -0.000009 0.000018 -0.000000 7.236584 -0.000002 0.000008 0.000000 7.231382 -0.000004 0.000008 0.000000 8.990000
-12.181608 -41.645558 22.807802 0.956332 0.005822 -0.003887 -0.292200 -0.592742 -0.460729 0.364545 0.003260 0.004971 -0.198411 0.999993 0.003388 -0.001535 -0.000000 -0.000244 0.001073 -0.000003 1.559988 1.575521 -0.000872 -0.001676 0.999985 0.001370 -0.005212 0.000009 -0.000821 0.002273 -0.000017 1.566585 1.587119 0.000510 -0.003364 0.999988 0.003768 -0.003244 0.000000 -0.000690 0.001150 0.000002 1.559123 1.580891 0.001271 -0.001978 0.999993 0.002949 -0.002384 0.000001 -0.000653 0.001010 0.000002 1.561646 1.578233 0.000807 -0.001385 7.229705 -0.000003 0.000009 -0.000000 7.231161 -0.000009 0.000018 -0.000000 7.234815 -0.000002 0.000008 0.000000 7.229635 -0.000004 0.000008 0.000000 9.000000
-12.187520 -41.650154 22.811423 0.956042 0.005827 -0.003864 -0.293146 -0.593364 -0.461352 0.361890 0.003269 0.005020 -0.198795 0.999993 0.003387 -0.001530 -0.000000 -0.000248 0.001091 -0.000003 1.559979 1.575505 -0.000818 -0.001683 0.999986 0.001366 -0.005200 0.000009 -0.000824 0.002258 -0.000017 1.566590 1.587085 0.000516 -0.003416 0.999988 0.003765 -0.003238 0.000000 -0.000678 0.001139 0.000002 1.559135 1.580872 0.001297 -0.002005 0.999993 0.002946 -0.002379 0.000001 -0.000648 0.001005 0.000002 1.561654 1.578219 0.000829 -0.001406 7.228003 -0.000003 0.000010 -0.000000 7.229410 -0.000009 0.000017 -0.000000 7.233078 -0.000002 0.000008 0.000000 7.227922 -0.000004 0.000008 0.000000 9.010000
-12.193438 -41.654757 22.815017 0.955751 0.005831 -0.003841 -0.294095 -0.593984 -0.461975 0.359203 0.003276 0.005068 -0.199177 0.999993 0.003385 -0.001524 -0.000001 -0.000251 0.001109 -0.000003 1.559971 1.575488 -0.000763 -0.001691 0.999986 0.001362 -0.005189 0.000009 -0.000827 0.002243 -0.000017 1.566596 1.587051 0.000524 -0.003469 0.999988 0.003761 -0.003232 0.000000 -0.000667 0.001130 0.000002 1.559148 1.580851 0.001323 -0.002031 0.999993 0.002943 -0.002374 0.000001 -0.000643 0.001000 0.000002 1.561662 1.578205 0.000850 -0.001427 7.226333 -0.000003 0.000010 -0.000000 7.227692 -0.000009 0.000017 -0.000000 7.231374 -0.000002 0.000008 0.000000 7.226242 -0.000004 0.000008 0.000000 9.020000
-12.199362 -41.659365 22.818584 0.955458 0.005835 -0.003818 -0.295044 -0.594602 -0.462597 0.356482 0.003281 0.005115 -0.199559 0.999993 0.003384 -0.001519 -0.000001 -0.000254 0.001125 -0.000003 1.559964 1.575471 -0.000708 -0.001698 0.999986 0.001358 -0.005178 0.000009 -0.000830 0.002228 -0.000017 1.566601 1.587016 0.000531 -0.003521 0.999988 0.003758 -0.003227 0.000000 -0.000657 0.001121 0.000002 1.559162 1.580831 0.001348 -0.002057 0.999993 0.002939 -0.002369 0.000001 -0.000638 0.000996 0.000002 1.561671 1.578191 0.000872 -0.001449 7.224696 -0.000003 0.000010 -0.000000 7.226006 -0.000008 0.000017 -0.000000 7.229703 -0.000002 0.000008 0.000000 7.224596 -0.000004 0.000008 0.000000 9.030000
-12.205293 -41.663980 22.822124 0.955164 0.005840 -0.003794 -0.295996 -0.595216 -0.463218 0.353731 0.003285 0.005162 -0.199940 0.999993 0.003383 -0.001513 -0.000001 -0.000257 0.001141 -0.000002 1.559957 1.575454 -0.000651 -0.001706 0.999986 0.001354 -0.005167 0.000009 -0.000832 0.002214 -0.000017 1.566606 1.586980 0.000540 -0.003573 0.999988 0.003755 -0.003221 0.000000 -0.000647 0.001113 0.000002 1.559175 1.580810 0.001373 -0.002083 0.999993 0.002936 -0.002364 0.000001 -0.000633 0.000991 0.000002 1.561680 1.578176 0.000893 -0.001470 7.223092 -0.000003 0.000010 -0.000000 7.224353 -0.000008 0.000017 -0.000000 7.228065 -0.000002 0.000008 0.000000 7.222983 -0.000004 0.000008 0.000000 9.040000
-12.211230 -41.668600 22.825637 0.954868 0.005844 -0.003770 -0.296949 -0.595828 -0.463838 0.350948 0.003287 0.005208 -0.200320 0.999993 0.003381 -0.001507 -0.000001 -0.000259 0.001155 -0.000002 1.559951 1.575437 -0.000594 -0.001713 0.999986 0.001350 -0.005156 0.000009 -0.000834 0.002199 -0.000017 1.566612 1.586944 0.000549 -0.003624 0.999988 0.003751 -0.003216 0.000000 -0.000639 0.001106 0.000002 1.559189 1.580790 0.001398 -0.002108 0.999993 0.002933 -0.002359 0.000001 -0.000628 0.000987 0.000002 1.561689 1.578161 0.000915 -0.001491 7.221520 -0.000003 0.000010 -0.000000 7.222733 -0.000008 0.000017 -0.000000 7.226460 -0.000002 0.000008 0.000000 7.221403 -0.000004 0.000008 0.000000 9.050000
-12.217172 -41.673227 22.829121 0.954571 0.005848 -0.003746 -0.297903 -0.596437 -0.464456 0.348136 0.003287 0.005253 -0.200699 0.999993 0.003380 -0.001501 -0.000001 -0.000262 0.001169 -0.000002 1.559945 1.575420 -0.000536 -0.001720 0.999986 0.001346 -0.005145 0.000008 -0.000836 0.002185 -0.000017 1.566617 1.586908 0.000558 -0.003675 0.999988 0.003748 -0.003210 0.000000 -0.000631 0.001100 0.000002 1.559203 1.580768 0.001421 -0.002132 0.999993 0.002930 -0.002354 0.000001 -0.000622 0.000983 0.000002 1.561698 1.578146 0.000937 -0.001512 7.220035 -0.000003 0.000011 -0.000000 7.221201 -0.000008 0.000017 -0.000000 7.224943 -0.000002 0.000009 0.000000 7.219911 -0.000004 0.000008 0.000000 9.060000
-12.223121 -41.677861 22.832577 0.954272 0.005852 -0.003722 -0.298859 -0.597043 -0.465073 0.345293 0.003286 0.005298 -0.201077 0.999993 0.003379 -0.001496 -0.000001 -0.000264 0.001181 -0.000002 1.559940 1.575403 -0.000477 -0.001728 0.999986 0.001342 -0.005134 0.000008 -0.000838 0.002172 -0.000017 1.566623 1.586871 0.000569 -0.003725 0.999988 0.003745 -0.003205 0.000000 -0.000625 0.001096 0.000002 1.559217 1.580747 0.001445 -0.002156 0.999993 0.002927 -0.002349 0.000001 -0.000618 0.000979 0.000002 1.561708 1.578131 0.000958 -0.001533 7.218527 -0.000003 0.000011 -0.000000 7.219645 -0.000008 0.000017 -0.000000 7.223402 -0.000002 0.000009 0.000000 7.218397 -0.000004 0.000008 0.000000 9.070000
-12.229076 -41.682500 22.836005 0.953972 0.005856 -0.003698 -0.299816 -0.597647 -0.465690 0.342422 0.003284 0.005342 -0.201454 0.999993 0.003378 -0.001490 -0.000001 -0.000267 0.001193 -0.000002 1.559936 1.575385 -0.000417 -0.001735 0.999986 0.001337 -0.005123 0.000008 -0.000839 0.002158 -0.000017 1.566628 1.586834 0.000580 -0.003775 0.999988 0.003742 -0.003199 0.000000 -0.000620 0.001092 0.000002 1.559232 1.580725 0.001467 -0.002179 0.999993 0.002924 -0.002345 0.000001 -0.000613 0.000975 0.000002 1.561717 1.578116 0.000979 -0.001554 7.217052 -0.000003 0.000011 -0.000000 7.218121 -0.000008 0.000017 -0.000000 7.221895 -0.000003 0.000009 0.000000 7.216916 -0.000004 0.000008 0.000000 9.080000
-12.235037 -41.687145 22.839404 0.953670 0.005860 -0.003673 -0.300775 -0.598247 -0.466305 0.339522 0.003280 0.005385 -0.201830 0.999993 0.003376 -0.001484 -0.000001 -0.000269 0.001203 -0.000002 1.559932 1.575368 -0.000357 -0.001742 0.999986 0.001333 -0.005113 0.000008 -0.000841 0.002145 -0.000017 1.566634 1.586796 0.000591 -0.003824 0.999988 0.003739 -0.003194 0.000000 -0.000615 0.001089 0.000002 1.559247 1.580704 0.001489 -0.002202 0.999993 0.002921 -0.002340 0.000001 -0.000608 0.000971 0.000002 1.561727 1.578100 0.001000 -0.001574 7.215609 -0.000003 0.000011 -0.000000 7.216629 -0.000008 0.000017 -0.000000 7.220419 -0.000003 0.000009 0.000000 7.215468 -0.000004 0.000008 0.000000 9.090000
-12.241003 -41.691797 22.842774 0.953367 0.005864 -0.003649 -0.301735 -0.598845 -0.466918 0.336595 0.003274 0.005428 -0.202206 0.999993 0.003375 -0.001478 -0.000001 -0.000271 0.001212 -0.000002 1.559929 1.575351 -0.000296 -0.001750 0.999986 0.001329 -0.005102 0.000008 -0.000842 0.002133 -0.000017 1.566640 1.586758 0.000603 -0.003873 0.999988 0.003736 -0.003188 0.000000 -0.000612 0.001087 0.000002 1.559262 1.580682 0.001510 -0.002224 0.999993 0.002918 -0.002335 0.000001 -0.000604 0.000967 0.000002 1.561737 1.578084 0.001021 -0.001595 7.214199 -0.000003 0.000011 -0.000000 7.215170 -0.000008 0.000017 -0.000000 7.218977 -0.000003 0.000009 0.000000 7.214053 -0.000004 0.000008 0.000000 9.100000
-12.246976 -41.696454 22.846115 0.953062 0.005867 -0.003624 -0.302697 -0.599441 -0.467531 0.333641 0.003266 0.005469 -0.202581 0.999993 0.003373 -0.001472 -0.000001 -0.000273 0.001220 -0.000002 1.559926 1.575333 -0.000235 -0.001757 0.999986 0.001325 -0.005092 0.000008 -0.000842 0.002121 -0.000017 1.566646 1.586719 0.000616 -0.003921 0.999988 0.003733 -0.003183 0.000000 -0.000610 0.001087 0.000002 1.559277 1.580659 0.001531 -0.002245 0.999993 0.002915 -0.002330 0.000001 -0.000599 0.000964 0.000002 1.561747 1.578068 0.001042 -0.001615 7.212821 -0.000003 0.000011 -0.000000 7.213744 -0.000008 0.000017 -0.000000 7.217567 -0.000003 0.000009 0.000000 7.212672 -0.000004 0.000008 0.000000 9.110000
-12.252955 -41.701118 22.849426 0.952755 0.005871 -0.003599 -0.303661 -0.600033 -0.468142 0.330660 0.003257 0.005510 -0.202954 0.999993 0.003372 -0.001465 -0.000001 -0.000275 0.001227 -0.000002 1.559924 1.575316 -0.000173 -0.001765 0.999986 0.001321 -0.005081 0.000008 -0.000843 0.002109 -0.000017 1.566652 1.586679 0.000629 -0.003967 0.999988 0.003730 -0.003178 0.000000 -0.000609 0.001087 0.000002 1.559292 1.580637 0.001551 -0.002266 0.999993 0.002912 -0.002325 0.000001 -0.000595 0.000961 0.000002 1.561758 1.578052 0.001063 -0.001635 7.211475 -0.000003 0.000011 -0.000000 7.212349 -0.000008 0.000017 -0.000000 7.216189 -0.000003 0.000009 0.000000 7.211323 -0.000004 0.000008 0.000000 9.120000
-12.258939 -41.705788 22.852707 0.952447 0.005874 -0.003574 -0.304625 -0.600622 -0.468752 0.327654 0.003246 0.005550 -0.203327 0.999993 0.003371 -0.001459 -0.000001 -0.000277 0.001233 -0.000002 1.559923 1.575298 -0.000111 -0.001772 0.999986 0.001316 -0.005070 0.000008 -0.000843 0.002097 -0.000017 1.566659 1.586640 0.000643 -0.004013 0.999988 0.003727 -0.003172 0.000000 -0.000607 0.001088 0.000002 1.559308 1.580614 0.001570 -0.002286 0.999993 0.002909 -0.002320 0.000001 -0.000591 0.000957 0.000002 1.561769 1.578036 0.001083 -0.001655 7.210162 -0.000003 0.000011 -0.000000 7.210987 -0.000008 0.000017 -0.000000 7.214844 -0.000003 0.000010 0.000000 7.210008 -0.000004 0.000008 0.000000 9.130000
-12.264930 -41.710464 22.855959 0.952138 0.005877 -0.003548 -0.305592 -0.601209 -0.469361 0.324623 0.003234 0.005589 -0.203700 0.999993 0.003369 -0.001453 -0.000001 -0.000278 0.001238 -0.000002 1.559922 1.575280 -0.000048 -0.001780 0.999986 0.001312 -0.005060 0.000008 -0.000843 0.002087 -0.000017 1.566665 1.586599 0.000657 -0.004058 0.999988 0.003724 -0.003167 0.000000 -0.000608 0.001090 0.000002 1.559323 1.580591 0.001589 -0.002306 0.999993 0.002906 -0.002316 0.000001 -0.000587 0.000954 0.000002 1.561779 1.578019 0.001103 -0.001675 7.208880 -0.000003 0.000011 -0.000000 7.209657 -0.000008 0.000017 -0.000000 7.213532 -0.000004 0.000010 0.000000 7.208724 -0.000004 0.000008 0.000000 9.140000
-12.270926 -41.715146 22.859179 0.951827 0.005881 -0.003523 -0.306559 -0.601793 -0.469969 0.321567 0.003219 0.005628 -0.204071 0.999993 0.003368 -0.001447 -0.000001 -0.000280 0.001242 -0.000002 1.559922 1.575262 0.000015 -0.001787 0.999986 0.001308 -0.005050 0.000008 -0.000843 0.002077 -0.000017 1.566672 1.586559 0.000672 -0.004102 0.999988 0.003721 -0.003161 0.000000 -0.000610 0.001094 0.000002 1.559339 1.580568 0.001607 -0.002324 0.999993 0.002903 -0.002311 0.000001 -0.000584 0.000952 0.000002 1.561791 1.578002 0.001123 -0.001694 7.207631 -0.000003 0.000011 -0.000000 7.208359 -0.000008 0.000017 -0.000000 7.212251 -0.000004 0.000010 0.000000 7.207474 -0.000004 0.000008 0.000000 9.150000
-12.276928 -41.719834 22.862370 0.951514 0.005884 -0.003497 -0.307528 -0.602374 -0.470575 0.318488 0.003204 0.005665 -0.204441 0.999993 0.003367 -0.001441 -0.000001 -0.000281 0.001246 -0.000002 1.559922 1.575245 0.000079 -0.001795 0.999986 0.001304 -0.005039 0.000008 -0.000843 0.002069 -0.000017 1.566679 1.586518 0.000688 -0.004145 0.999988 0.003718 -0.003156 0.000000 -0.000614 0.001099 0.000002 1.559356 1.580545 0.001624 -0.002342 0.999993 0.002900 -0.002306 0.000001 -0.000581 0.000950 0.000002 1.561802 1.577985 0.001142 -0.001713 7.206413 -0.000003 0.000011 -0.000000 7.207092 -0.000008 0.000018 -0.000000 7.211003 -0.000004 0.000010 0.000000 7.206256 -0.000004 0.000008 0.000000 9.160000
-12.282936 -41.724528 22.865529 0.951200 0.005887 -0.003471 -0.308499 -0.602952 -0.471179 0.315385 0.003186 0.005702 -0.204811 0.999993 0.003365 -0.001435 -0.000001 -0.000283 0.001249 -0.000002 1.559923 1.575227 0.000142 -0.001803 0.999987 0.001300 -0.005029 0.000008 -0.000843 0.002062 -0.000017 1.566686 1.586476 0.000704 -0.004187 0.999988 0.003715 -0.003150 0.000000 -0.000619 0.001105 0.000002 1.559372 1.580521 0.001640 -0.002360 0.999993 0.002897 -0.002301 0.000001 -0.000578 0.000948 0.000002 1.561813 1.577968 0.001162 -0.001731 7.205227 -0.000003 0.000012 -0.000000 7.205858 -0.000008 0.000018 -0.000000 7.209787 -0.000004 0.000011 0.000000 7.205071 -0.000004 0.000008 0.000000 9.170000
-12.288949 -41.729228 22.868658 0.950884 0.005889 -0.003445 -0.309471 -0.603527 -0.471783 0.312261 0.003167 0.005737 -0.205180 0.999993 0.003364 -0.001428 -0.000001 -0.000284 0.001252 -0.000002 1.559925 1.575209 0.000206 -0.001810 0.999987 0.001295 -0.005019 0.000008 -0.000842 0.002055 -0.000016 1.566693 1.586434 0.000720 -0.004228 0.999988 0.003712 -0.003145 0.000000 -0.000625 0.001113 0.000002 1.559388 1.580498 0.001656 -0.002376 0.999993 0.002894 -0.002297 0.000001 -0.000576 0.000947 0.000002 1.561825 1.577951 0.001180 -0.001750 7.204073 -0.000003 0.000012 -0.000000 7.204655 -0.000008 0.000018 -0.000000 7.208602 -0.000005 0.000011 0.000000 7.203919 -0.000004 0.000009 0.000000 9.180000
-12.294968 -41.733934 22.871755 0.950567 0.005892 -0.003419 -0.310444 -0.604099 -0.472385 0.309114 0.003146 0.005772 -0.205548 0.999993 0.003362 -0.001422 -0.000001 -0.000285 0.001253 -0.000002 1.559927 1.575191 0.000270 -0.001818 0.999987 0.001291 -0.005009 0.000007 -0.000842 0.002050 -0.000016 1.566700 1.586392 0.000737 -0.004267 0.999988 0.003708 -0.003139 0.000000 -0.000632 0.001121 0.000002 1.559405 1.580474 0.001671 -0.002392 0.999993 0.002891 -0.002292 0.000001 -0.000574 0.000946 0.000002 1.561837 1.577933 0.001199 -0.001768 7.202951 -0.000003 0.000012 -0.000000 7.203485 -0.000008 0.000018 -0.000000 7.207450 -0.000005 0.000011 0.000000 7.202799 -0.000004 0.000009 0.000000 9.190000
-12.300993 -41.738646 22.874820 0.950248 0.005894 -0.003393 -0.311419 -0.604669 -0.472985 0.305946 0.003123 0.005806 -0.205916 0.999993 0.003361 -0.001416 -0.000001 -0.000286 0.001255 -0.000002 1.559930 1.575172 0.000334 -0.001826 0.999987 0.001287 -0.004998 0.000007 -0.000841 0.002045 -0.000016 1.566707 1.586349 0.000755 -0.004306 0.999988 0.003705 -0.003134 0.000000 -0.000640 0.001131 0.000002 1.559422 1.580450 0.001685 -0.002407 0.999993 0.002889 -0.002287 0.000001 -0.000572 0.000945 0.000002 1.561849 1.577916 0.001217 -0.001785 7.201861 -0.000003 0.000012 -0.000000 7.202345 -0.000008 0.000018 -0.000000 7.206330 -0.000005 0.000011 0.000000 7.201711 -0.000004 0.000009 0.000000 9.200000
-12.307024 -41.743364 22.877854 0.949928 0.005896 -0.003366 -0.312395 -0.605235 -0.473584 0.302758 0.003098 0.005839 -0.206282 0.999993 0.003359 -0.001410 -0.000001 -0.000288 0.001256 -0.000002 1.559934 1.575154 0.000398 -0.001834 0.999987 0.001283 -0.004988 0.000007 -0.000840 0.002042 -0.000016 1.566715 1.586306 0.000773 -0.004343 0.999988 0.003702 -0.003128 0.000000 -0.000649 0.001141 0.000002 1.559438 1.580426 0.001698 -0.002421 0.999993 0.002886 -0.002283 0.000001 -0.000571 0.000945 0.000002 1.561861 1.577898 0.001235 -0.001803 7.200802 -0.000003 0.000012 -0.000000 7.201238 -0.000008 0.000018 -0.000000 7.205241 -0.000005 0.000012 0.000000 7.200656 -0.000005 0.000009 0.000000 9.210000
-12.313060 -41.748088 22.880857 0.949606 0.005898 -0.003340 -0.313373 -0.605799 -0.474182 0.299550 0.003072 0.005871 -0.206648 0.999993 0.003358 -0.001403 -0.000001 -0.000289 0.001256 -0.000002 1.559938 1.575136 0.000462 -0.001842 0.999987 0.001279 -0.004978 0.000007 -0.000839 0.002040 -0.000016 1.566723 1.586262 0.000791 -0.004378 0.999988 0.003699 -0.003122 0.000000 -0.000659 0.001153 0.000002 1.559455 1.580402 0.001710 -0.002435 0.999993 0.002883 -0.002278 0.000001 -0.000570 0.000945 0.000002 1.561874 1.577880 0.001252 -0.001819 7.199774 -0.000003 0.000012 -0.000000 7.200162 -0.000008 0.000018 -0.000000 7.204185 -0.000006 0.000012 0.000000 7.199632 -0.000005 0.000009 0.000000 9.220000
-12.319102 -41.752818 22.883827 0.949282 0.005900 -0.003313 -0.314352 -0.606359 -0.474778 0.296323 0.003044 0.005903 -0.207014 0.999993 0.003357 -0.001397 -0.000001 -0.000289 0.001256 -0.000002 1.559943 1.575117 0.000526 -0.001850 0.999987 0.001274 -0.004968 0.000007 -0.000837 0.002039 -0.000016 1.566731 1.586219 0.000810 -0.004413 0.999988 0.003695 -0.003117 0.000000 -0.000671 0.001166 0.000002 1.559472 1.580378 0.001722 -0.002448 0.999993 0.002880 -0.002273 0.000001 -0.000570 0.000945 0.000002 1.561886 1.577862 0.001269 -0.001836 7.198778 -0.000003 0.000012 -0.000000 7.199117 -0.000008 0.000018 -0.000000 7.203159 -0.000006 0.000012 0.000000 7.198641 -0.000005 0.000009 0.000000 9.230000
-12.325149 -41.757554 22.886764 0.948957 0.005902 -0.003287 -0.315332 -0.606917 -0.475373 0.293077 0.003015 0.005933 -0.207378 0.999993 0.003355 -0.001391 -0.000001 -0.000290 0.001256 -0.000002 1.559949 1.575099 0.000589 -0.001858 0.999987 0.001270 -0.004958 0.000007 -0.000836 0.002039 -0.000016 1.566739 1.586175 0.000829 -0.004446 0.999988 0.003692 -0.003111 0.000000 -0.000683 0.001179 0.000002 1.559490 1.580353 0.001733 -0.002460 0.999993 0.002877 -0.002268 0.000001 -0.000570 0.000946 0.000002 1.561899 1.577843 0.001285 -0.001852 7.197813 -0.000003 0.000012 -0.000000 7.198103 -0.000008 0.000019 -0.000000 7.202166 -0.000006 0.000012 0.000000 7.197681 -0.000005 0.000009 0.000000 9.240000
-12.331202 -41.762296 22.889670 0.948631 0.005903 -0.003260 -0.316314 -0.607472 -0.475966 0.289813 0.002984 0.005962 -0.207742 0.999993 0.003354 -0.001385 -0.000001 -0.000291 0.001256 -0.000002 1.559955 1.575080 0.000653 -0.001866 0.999987 0.001266 -0.004948 0.000007 -0.000834 0.002040 -0.000016 1.566747 1.586130 0.000849 -0.004478 0.999988 0.003689 -0.003105 0.000000 -0.000696 0.001194 0.000002 1.559507 1.580329 0.001743 -0.002471 0.999993 0.002874 -0.002264 0.000001 -0.000570 0.000947 0.000002 1.561912 1.577825 0.001301 -0.001867 7.196907 -0.000003 0.000012 -0.000000 7.197150 -0.000008 0.000019 -0.000000 7.201232 -0.000006 0.000013 0.000000 7.196781 -0.000005 0.000009 0.000000 9.250000
-12.337261 -41.767044 22.892542 0.948302 0.005905 -0.003233 -0.317297 -0.608023 -0.476558 0.286532 0.002951 0.005990 -0.208105 0.999993 0.003352 -0.001378 -0.000001 -0.000292 0.001256 -0.000002 1.559962 1.575062 0.000716 -0.001874 0.999987 0.001262 -0.004937 0.000007 -0.000833 0.002042 -0.000016 1.566756 1.586085 0.000869 -0.004508 0.999988 0.003685 -0.003099 0.000000 -0.000711 0.001209 0.000002 1.559524 1.580304 0.001753 -0.002482 0.999993 0.002872 -0.002259 0.000001 -0.000571 0.000949 0.000002 1.561925 1.577806 0.001316 -0.001882 7.196003 -0.000003 0.000012 -0.000000 7.196197 -0.000008 0.000019 -0.000000 7.200300 -0.000007 0.000013 0.000000 7.195884 -0.000005 0.000009 0.000000 9.260000
-12.343325 -41.771797 22.895382 0.947972 0.005906 -0.003206 -0.318282 -0.608572 -0.477148 0.283234 0.002917 0.006017 -0.208468 0.999993 0.003351 -0.001372 -0.000001 -0.000293 0.001255 -0.000002 1.559969 1.575043 0.000779 -0.001882 0.999987 0.001258 -0.004927 0.000007 -0.000831 0.002046 -0.000016 1.566765 1.586040 0.000889 -0.004537 0.999988 0.003682 -0.003093 0.000000 -0.000726 0.001225 0.000002 1.559542 1.580279 0.001762 -0.002492 0.999993 0.002869 -0.002254 0.000001 -0.000572 0.000951 0.000002 1.561938 1.577787 0.001331 -0.001897 7.195131 -0.000003 0.000012 -0.000000 7.195276 -0.000008 0.000019 -0.000000 7.199399 -0.000007 0.000013 0.000000 7.195019 -0.000005 0.000009 0.000000 9.270000
-12.349394 -41.776557 22.898189 0.947641 0.005906 -0.003179 -0.319268 -0.609118 -0.477736 0.279921 0.002881 0.006044 -0.208830 0.999993 0.003349 -0.001366 -0.000001 -0.000293 0.001255 -0.000002 1.559977 1.575024 0.000841 -0.001890 0.999987 0.001254 -0.004917 0.000007 -0.000829 0.002050 -0.000015 1.566774 1.585995 0.000909 -0.004564 0.999988 0.003678 -0.003087 0.000000 -0.000742 0.001242 0.000002 1.559560 1.580254 0.001770 -0.002502 0.999993 0.002866 -0.002250 0.000001 -0.000574 0.000954 0.000002 1.561951 1.577768 0.001346 -0.001911 7.194289 -0.000003 0.000012 -0.000000 7.194386 -0.000008 0.000020 -0.000000 7.198529 -0.000007 0.000014 0.000000 7.194185 -0.000005 0.000009 0.000000 9.280000
-12.355469 -41.781322 22.900963 0.947308 0.005907 -0.003152 -0.320255 -0.609661 -0.478323 0.276592 0.002843 0.006069 -0.209191 0.999993 0.003348 -0.001359 -0.000001 -0.000294 0.001255 -0.000002 1.559986 1.575005 0.000903 -0.001898 0.999987 0.001249 -0.004907 0.000007 -0.000827 0.002056 -0.000015 1.566783 1.585949 0.000930 -0.004590 0.999989 0.003674 -0.003080 0.000000 -0.000759 0.001260 0.000002 1.559577 1.580229 0.001777 -0.002510 0.999993 0.002863 -0.002245 0.000001 -0.000576 0.000956 0.000002 1.561965 1.577749 0.001360 -0.001925 7.193478 -0.000003 0.000013 -0.000000 7.193526 -0.000008 0.000020 -0.000000 7.197690 -0.000008 0.000014 0.000000 7.193383 -0.000005 0.000009 0.000000 9.290000
-12.361549 -41.786093 22.903704 0.946973 0.005907 -0.003125 -0.321244 -0.610200 -0.478909 0.273248 0.002804 0.006093 -0.209552 0.999993 0.003346 -0.001353 -0.000001 -0.000294 0.001254 -0.000002 1.559995 1.574986 0.000964 -0.001906 0.999987 0.001245 -0.004896 0.000007 -0.000825 0.002063 -0.000015 1.566792 1.585903 0.000952 -0.004614 0.999989 0.003670 -0.003074 0.000000 -0.000776 0.001279 0.000002 1.559595 1.580204 0.001784 -0.002519 0.999993 0.002860 -0.002240 0.000001 -0.000579 0.000960 0.000002 1.561978 1.577730 0.001373 -0.001938 7.192698 -0.000003 0.000013 -0.000000 7.192697 -0.000008 0.000020 -0.000000 7.196881 -0.000008 0.000014 0.000000 7.192611 -0.000005 0.000010 0.000000 9.300000
